{
  "type": "FeatureCollection",
  "features": [
    {
      "type": "Feature",
      "properties": {
        "id": "0000000",
        "time_start": "1979-01-01",
        "time_end": "2024-12-31",
        "trend_wl": 4.077549258226162,
        "quantile_99_wl": 1.021599044793695,
        "quantile_1_wl": -0.9392603615749471,
        "trend_ss": -0.07543763933916985,
        "quantile_99_ss": 0.33584791318157053,
        "quantile_1_ss": -0.3043773004819193
      },
      "geometry": {
        "type": "Point",
        "coordinates": [
          -79.39375,
          32.88791980234895
        ]
      }
    },
    {
      "type": "Feature",
      "properties": {
        "id": "0000001",
        "time_start": "1979-01-01",
        "time_end": "2024-12-31",
        "trend_wl": 4.077549230351489,
        "quantile_99_wl": 1.021599044793695,
        "quantile_1_wl": -0.9392603615749471,
        "trend_ss": -0.07543759960463756,
        "quantile_99_ss": 0.33579128306694905,
        "quantile_1_ss": -0.30437749281000515
      },
      "geometry": {
        "type": "Point",
        "coordinates": [
          -79.38843876530626,
          32.88855154564877
        ]
      }
    },
    {
      "type": "Feature",
      "properties": {
        "id": "0000002",
        "time_start": "1979-01-01",
        "time_end": "2024-12-31",
        "trend_wl": 4.077549599865949,
        "quantile_99_wl": 1.021599044793695,
        "quantile_1_wl": -0.9392603615749471,
        "trend_ss": -0.07543749979204271,
        "quantile_99_ss": 0.33580134392420335,
        "quantile_1_ss": -0.30439351153184097
      },
      "geometry": {
        "type": "Point",
        "coordinates": [
          -79.38312753061251,
          32.88918328894858
        ]
      }
    },
    {
      "type": "Feature",
      "properties": {
        "id": "0000003",
        "time_start": "1979-01-01",
        "time_end": "2024-12-31",
        "trend_wl": 4.058765281775273,
        "quantile_99_wl": 1.0190005114278327,
        "quantile_1_wl": -0.9365718458736733,
        "trend_ss": -0.07543809087328629,
        "quantile_99_ss": 0.3346480552578894,
        "quantile_1_ss": -0.3031322146576007
      },
      "geometry": {
        "type": "Point",
        "coordinates": [
          -79.37892662305889,
          32.89107823176788
        ]
      }
    },
    {
      "type": "Feature",
      "properties": {
        "id": "0000004",
        "time_start": "1979-01-01",
        "time_end": "2024-12-31",
        "trend_wl": 4.057414835259123,
        "quantile_99_wl": 1.020279424886861,
        "quantile_1_wl": -0.9379675390553343,
        "trend_ss": -0.0754377787595289,
        "quantile_99_ss": 0.33610997348592075,
        "quantile_1_ss": -0.3046416878982681
      },
      "geometry": {
        "type": "Point",
        "coordinates": [
          -79.37664277298272,
          32.895154176921395
        ]
      }
    },
    {
      "type": "Feature",
      "properties": {
        "id": "0000005",
        "time_start": "1979-01-01",
        "time_end": "2024-12-31",
        "trend_wl": 4.057449818085215,
        "quantile_99_wl": 1.020287009938502,
        "quantile_1_wl": -0.9379675390553343,
        "trend_ss": -0.075446932196763,
        "quantile_99_ss": 0.3359542909164108,
        "quantile_1_ss": -0.3044403893962009
      },
      "geometry": {
        "type": "Point",
        "coordinates": [
          -79.37435892290657,
          32.89923012207491
        ]
      }
    },
    {
      "type": "Feature",
      "properties": {
        "id": "0000006",
        "time_start": "1979-01-01",
        "time_end": "2024-12-31",
        "trend_wl": 4.056442437961814,
        "quantile_99_wl": 1.0212687356818473,
        "quantile_1_wl": -0.9391192681565231,
        "trend_ss": -0.0754376986012874,
        "quantile_99_ss": 0.3377083456941534,
        "quantile_1_ss": -0.306079017615863
      },
      "geometry": {
        "type": "Point",
        "coordinates": [
          -79.3720750728304,
          32.903306067228435
        ]
      }
    },
    {
      "type": "Feature",
      "properties": {
        "id": "0000007",
        "time_start": "1979-01-01",
        "time_end": "2024-12-31",
        "trend_wl": 4.056442437689017,
        "quantile_99_wl": 1.0212687356818473,
        "quantile_1_wl": -0.9391192681565231,
        "trend_ss": -0.07543769859366731,
        "quantile_99_ss": 0.33770835904270285,
        "quantile_1_ss": -0.3060789633933997
      },
      "geometry": {
        "type": "Point",
        "coordinates": [
          -79.36933141738278,
          32.90709933952675
        ]
      }
    },
    {
      "type": "Feature",
      "properties": {
        "id": "0000008",
        "time_start": "1979-01-01",
        "time_end": "2024-12-31",
        "trend_wl": 4.039621000128314,
        "quantile_99_wl": 1.0193465600897589,
        "quantile_1_wl": -0.9368341003797876,
        "trend_ss": -0.07543787350926336,
        "quantile_99_ss": 0.3369397248994154,
        "quantile_1_ss": -0.30548849284087226
      },
      "geometry": {
        "type": "Point",
        "coordinates": [
          -79.36539198340557,
          32.91015748746132
        ]
      }
    },
    {
      "type": "Feature",
      "properties": {
        "id": "0000009",
        "time_start": "1979-01-01",
        "time_end": "2024-12-31",
        "trend_wl": 4.039621000011237,
        "quantile_99_wl": 1.0193465600897589,
        "quantile_1_wl": -0.9368341003797876,
        "trend_ss": -0.07543787350596623,
        "quantile_99_ss": 0.3369397452699668,
        "quantile_1_ss": -0.3054884939763662
      },
      "geometry": {
        "type": "Point",
        "coordinates": [
          -79.3604893255395,
          32.911786620914796
        ]
      }
    },
    {
      "type": "Feature",
      "properties": {
        "id": "0000010",
        "time_start": "1979-01-01",
        "time_end": "2024-12-31",
        "trend_wl": 4.022992019666031,
        "quantile_99_wl": 1.0175106127002695,
        "quantile_1_wl": -0.9348124265575607,
        "trend_ss": -0.07543792398095221,
        "quantile_99_ss": 0.33621413474889705,
        "quantile_1_ss": -0.30499489717256895
      },
      "geometry": {
        "type": "Point",
        "coordinates": [
          -79.35530939811217,
          32.91271136284576
        ]
      }
    },
    {
      "type": "Feature",
      "properties": {
        "id": "0000011",
        "time_start": "1979-01-01",
        "time_end": "2024-12-31",
        "trend_wl": 4.022991644532331,
        "quantile_99_wl": 1.0175106127002695,
        "quantile_1_wl": -0.9348124265575607,
        "trend_ss": -0.07543805488042352,
        "quantile_99_ss": 0.33620167561732833,
        "quantile_1_ss": -0.3050729362991435
      },
      "geometry": {
        "type": "Point",
        "coordinates": [
          -79.34999710963562,
          32.91207775259955
        ]
      }
    },
    {
      "type": "Feature",
      "properties": {
        "id": "0000012",
        "time_start": "1979-01-01",
        "time_end": "2024-12-31",
        "trend_wl": 4.006734743491928,
        "quantile_99_wl": 1.0156999211023237,
        "quantile_1_wl": -0.93301541882328,
        "trend_ss": -0.07543810985247369,
        "quantile_99_ss": 0.3358442937480331,
        "quantile_1_ss": -0.30484708758509704
      },
      "geometry": {
        "type": "Point",
        "coordinates": [
          -79.34468482115908,
          32.91144414235334
        ]
      }
    },
    {
      "type": "Feature",
      "properties": {
        "id": "0000013",
        "time_start": "1979-01-01",
        "time_end": "2024-12-31",
        "trend_wl": 4.006735157565173,
        "quantile_99_wl": 1.0156999211023237,
        "quantile_1_wl": -0.93301541882328,
        "trend_ss": -0.0754380791189752,
        "quantile_99_ss": 0.3357714406446399,
        "quantile_1_ss": -0.30488449564842524
      },
      "geometry": {
        "type": "Point",
        "coordinates": [
          -79.33937253268253,
          32.91081053210713
        ]
      }
    },
    {
      "type": "Feature",
      "properties": {
        "id": "0000014",
        "time_start": "1979-01-01",
        "time_end": "2024-12-31",
        "trend_wl": 4.006734776213601,
        "quantile_99_wl": 1.0156999211023237,
        "quantile_1_wl": -0.93301541882328,
        "trend_ss": -0.07543818058792924,
        "quantile_99_ss": 0.3358008035218489,
        "quantile_1_ss": -0.304851743048895
      },
      "geometry": {
        "type": "Point",
        "coordinates": [
          -79.33427225720733,
          32.91097110071151
        ]
      }
    },
    {
      "type": "Feature",
      "properties": {
        "id": "0000015",
        "time_start": "1979-01-01",
        "time_end": "2024-12-31",
        "trend_wl": 3.987318056508704,
        "quantile_99_wl": 1.0126166462409893,
        "quantile_1_wl": -0.9294803832356883,
        "trend_ss": -0.07543845975751036,
        "quantile_99_ss": 0.33382606641759743,
        "quantile_1_ss": -0.30314272637478673
      },
      "geometry": {
        "type": "Point",
        "coordinates": [
          -79.32979029575397,
          32.91344780991121
        ]
      }
    },
    {
      "type": "Feature",
      "properties": {
        "id": "0000016",
        "time_start": "1979-01-01",
        "time_end": "2024-12-31",
        "trend_wl": 3.991134988776001,
        "quantile_99_wl": 1.0143533236401672,
        "quantile_1_wl": -0.9315774662750717,
        "trend_ss": -0.07543821440086919,
        "quantile_99_ss": 0.3361026916359001,
        "quantile_1_ss": -0.30541455785710375
      },
      "geometry": {
        "type": "Point",
        "coordinates": [
          -79.32530833430062,
          32.915924519110916
        ]
      }
    },
    {
      "type": "Feature",
      "properties": {
        "id": "0000017",
        "time_start": "1979-01-01",
        "time_end": "2024-12-31",
        "trend_wl": 3.9715568461305373,
        "quantile_99_wl": 1.0113206682685867,
        "quantile_1_wl": -0.9281443460822255,
        "trend_ss": -0.0754385107176572,
        "quantile_99_ss": 0.334258471682857,
        "quantile_1_ss": -0.3036365919048737
      },
      "geometry": {
        "type": "Point",
        "coordinates": [
          -79.32082637284725,
          32.918401228310614
        ]
      }
    },
    {
      "type": "Feature",
      "properties": {
        "id": "0000018",
        "time_start": "1979-01-01",
        "time_end": "2024-12-31",
        "trend_wl": 3.9715568701020194,
        "quantile_99_wl": 1.0113206682685867,
        "quantile_1_wl": -0.9281443460822255,
        "trend_ss": -0.07543855451066678,
        "quantile_99_ss": 0.33424690633688703,
        "quantile_1_ss": -0.3036524082827789
      },
      "geometry": {
        "type": "Point",
        "coordinates": [
          -79.31602095595706,
          32.91877592161884
        ]
      }
    },
    {
      "type": "Feature",
      "properties": {
        "id": "0000019",
        "time_start": "1979-01-01",
        "time_end": "2024-12-31",
        "trend_wl": 3.971556846206724,
        "quantile_99_wl": 1.0113206682685867,
        "quantile_1_wl": -0.9281443460822255,
        "trend_ss": -0.07543851071978809,
        "quantile_99_ss": 0.3342584598448741,
        "quantile_1_ss": -0.3036365736877625
      },
      "geometry": {
        "type": "Point",
        "coordinates": [
          -79.31093634997998,
          32.91733626948558
        ]
      }
    },
    {
      "type": "Feature",
      "properties": {
        "id": "0000020",
        "time_start": "1979-01-01",
        "time_end": "2024-12-31",
        "trend_wl": 3.950064544820304,
        "quantile_99_wl": 1.007895231457176,
        "quantile_1_wl": -0.9239313255183553,
        "trend_ss": -0.0754388302605555,
        "quantile_99_ss": 0.33216245500043756,
        "quantile_1_ss": -0.30234126258526517
      },
      "geometry": {
        "type": "Point",
        "coordinates": [
          -79.30680727853392,
          32.914510860923244
        ]
      }
    },
    {
      "type": "Feature",
      "properties": {
        "id": "0000021",
        "time_start": "1979-01-01",
        "time_end": "2024-12-31",
        "trend_wl": 3.950064545033529,
        "quantile_99_wl": 1.007895231457176,
        "quantile_1_wl": -0.9239313255183553,
        "trend_ss": -0.07543883026637085,
        "quantile_99_ss": 0.33216253064251855,
        "quantile_1_ss": -0.3023411983781508
      },
      "geometry": {
        "type": "Point",
        "coordinates": [
          -79.302786987759,
          32.9115276940492
        ]
      }
    },
    {
      "type": "Feature",
      "properties": {
        "id": "0000022",
        "time_start": "1979-01-01",
        "time_end": "2024-12-31",
        "trend_wl": 3.9500645452467613,
        "quantile_99_wl": 1.007895231457176,
        "quantile_1_wl": -0.9239313255183553,
        "trend_ss": -0.07543883027220444,
        "quantile_99_ss": 0.33216260628951577,
        "quantile_1_ss": -0.3023411341655386
      },
      "geometry": {
        "type": "Point",
        "coordinates": [
          -79.29876669698407,
          32.90854452717515
        ]
      }
    },
    {
      "type": "Feature",
      "properties": {
        "id": "0000023",
        "time_start": "1979-01-01",
        "time_end": "2024-12-31",
        "trend_wl": 3.946780323400468,
        "quantile_99_wl": 1.0057540335488837,
        "quantile_1_wl": -0.9212307152502375,
        "trend_ss": -0.07543945246134653,
        "quantile_99_ss": 0.3282767548861634,
        "quantile_1_ss": -0.29843238296459984
      },
      "geometry": {
        "type": "Point",
        "coordinates": [
          -79.29474640620916,
          32.90556136030111
        ]
      }
    },
    {
      "type": "Feature",
      "properties": {
        "id": "0000024",
        "time_start": "1979-01-01",
        "time_end": "2024-12-31",
        "trend_wl": 3.929467683913535,
        "quantile_99_wl": 1.0045133638575245,
        "quantile_1_wl": -0.9196986460159551,
        "trend_ss": -0.07543916154464553,
        "quantile_99_ss": 0.33056353835624336,
        "quantile_1_ss": -0.3004988672391882
      },
      "geometry": {
        "type": "Point",
        "coordinates": [
          -79.28978044654446,
          32.90421219175231
        ]
      }
    },
    {
      "type": "Feature",
      "properties": {
        "id": "0000025",
        "time_start": "1979-01-01",
        "time_end": "2024-12-31",
        "trend_wl": 3.9294676839379323,
        "quantile_99_wl": 1.0045133638575245,
        "quantile_1_wl": -0.9196986460159551,
        "trend_ss": -0.07543916154564448,
        "quantile_99_ss": 0.3305635528713239,
        "quantile_1_ss": -0.3004988629008647
      },
      "geometry": {
        "type": "Point",
        "coordinates": [
          -79.28457268134639,
          32.903867716469804
        ]
      }
    },
    {
      "type": "Feature",
      "properties": {
        "id": "0000026",
        "time_start": "1979-01-01",
        "time_end": "2024-12-31",
        "trend_wl": 3.9294680338571792,
        "quantile_99_wl": 1.0045299985021936,
        "quantile_1_wl": -0.9196986460159551,
        "trend_ss": -0.07543901526041986,
        "quantile_99_ss": 0.33057451514822145,
        "quantile_1_ss": -0.30047127226214093
      },
      "geometry": {
        "type": "Point",
        "coordinates": [
          -79.27969826222473,
          32.90574990946232
        ]
      }
    },
    {
      "type": "Feature",
      "properties": {
        "id": "0000027",
        "time_start": "1979-01-01",
        "time_end": "2024-12-31",
        "trend_wl": 3.903872274283495,
        "quantile_99_wl": 0.9996071009336496,
        "quantile_1_wl": -0.9143535368349727,
        "trend_ss": -0.07543938307605542,
        "quantile_99_ss": 0.32741651610741845,
        "quantile_1_ss": -0.2968589695014806
      },
      "geometry": {
        "type": "Point",
        "coordinates": [
          -79.27577862389052,
          32.90853737176021
        ]
      }
    },
    {
      "type": "Feature",
      "properties": {
        "id": "0000028",
        "time_start": "1979-01-01",
        "time_end": "2024-12-31",
        "trend_wl": 3.914546075861238,
        "quantile_99_wl": 1.003406580413969,
        "quantile_1_wl": -0.9185396209892743,
        "trend_ss": -0.07543897609806843,
        "quantile_99_ss": 0.3313122043322539,
        "quantile_1_ss": -0.3012687602769723
      },
      "geometry": {
        "type": "Point",
        "coordinates": [
          -79.27296396217122,
          32.91237251057795
        ]
      }
    },
    {
      "type": "Feature",
      "properties": {
        "id": "0000029",
        "time_start": "1979-01-01",
        "time_end": "2024-12-31",
        "trend_wl": 3.9145456797221345,
        "quantile_99_wl": 1.003418225991221,
        "quantile_1_wl": -0.9185396209892743,
        "trend_ss": -0.07543902023518445,
        "quantile_99_ss": 0.3312461531045565,
        "quantile_1_ss": -0.30127690332382456
      },
      "geometry": {
        "type": "Point",
        "coordinates": [
          -79.27014930045192,
          32.916207649395695
        ]
      }
    },
    {
      "type": "Feature",
      "properties": {
        "id": "0000030",
        "time_start": "1979-01-01",
        "time_end": "2024-12-31",
        "trend_wl": 3.8981018651097608,
        "quantile_99_wl": 1.0027947288464867,
        "quantile_1_wl": -0.9176008104189496,
        "trend_ss": -0.07543902111290202,
        "quantile_99_ss": 0.33334803617785763,
        "quantile_1_ss": -0.3027529612934835
      },
      "geometry": {
        "type": "Point",
        "coordinates": [
          -79.26733463873262,
          32.920042788213436
        ]
      }
    },
    {
      "type": "Feature",
      "properties": {
        "id": "0000031",
        "time_start": "1979-01-01",
        "time_end": "2024-12-31",
        "trend_wl": 3.89810186483975,
        "quantile_99_wl": 1.0027946388177527,
        "quantile_1_wl": -0.9176008104189496,
        "trend_ss": -0.0754390211012125,
        "quantile_99_ss": 0.3333480861849297,
        "quantile_1_ss": -0.3027530682289014
      },
      "geometry": {
        "type": "Point",
        "coordinates": [
          -79.26451997701332,
          32.92387792703118
        ]
      }
    },
    {
      "type": "Feature",
      "properties": {
        "id": "0000032",
        "time_start": "1979-01-01",
        "time_end": "2024-12-31",
        "trend_wl": 3.8981018435151014,
        "quantile_99_wl": 1.0028092840873313,
        "quantile_1_wl": -0.9176008104189496,
        "trend_ss": -0.07543896230011958,
        "quantile_99_ss": 0.33333579363743765,
        "quantile_1_ss": -0.30274958071605856
      },
      "geometry": {
        "type": "Point",
        "coordinates": [
          -79.26170531529401,
          32.92771306584892
        ]
      }
    },
    {
      "type": "Feature",
      "properties": {
        "id": "0000033",
        "time_start": "1979-01-01",
        "time_end": "2024-12-31",
        "trend_wl": 3.8836543011431583,
        "quantile_99_wl": 1.0021236656056696,
        "quantile_1_wl": -0.9170548129951823,
        "trend_ss": -0.07543903330940929,
        "quantile_99_ss": 0.33363601310530044,
        "quantile_1_ss": -0.30297815551055646
      },
      "geometry": {
        "type": "Point",
        "coordinates": [
          -79.25889065357471,
          32.93154820466666
        ]
      }
    },
    {
      "type": "Feature",
      "properties": {
        "id": "0000034",
        "time_start": "1979-01-01",
        "time_end": "2024-12-31",
        "trend_wl": 3.883654300871022,
        "quantile_99_wl": 1.0021236656056696,
        "quantile_1_wl": -0.9170548129951823,
        "trend_ss": -0.0754390333016216,
        "quantile_99_ss": 0.33363593522823265,
        "quantile_1_ss": -0.302978080744502
      },
      "geometry": {
        "type": "Point",
        "coordinates": [
          -79.25607599185541,
          32.93538334348441
        ]
      }
    },
    {
      "type": "Feature",
      "properties": {
        "id": "0000035",
        "time_start": "1979-01-01",
        "time_end": "2024-12-31",
        "trend_wl": 3.8836543219903272,
        "quantile_99_wl": 1.0021236656056696,
        "quantile_1_wl": -0.9170548129951823,
        "trend_ss": -0.07543909443348114,
        "quantile_99_ss": 0.33366045485584683,
        "quantile_1_ss": -0.30299570911132223
      },
      "geometry": {
        "type": "Point",
        "coordinates": [
          -79.25555058362843,
          32.9398622009096
        ]
      }
    },
    {
      "type": "Feature",
      "properties": {
        "id": "0000036",
        "time_start": "1979-01-01",
        "time_end": "2024-12-31",
        "trend_wl": 3.8884236637137573,
        "quantile_99_wl": 1.0042714199773173,
        "quantile_1_wl": -0.9197976859667399,
        "trend_ss": -0.07543876698605267,
        "quantile_99_ss": 0.338106032112631,
        "quantile_1_ss": -0.30754819223656205
      },
      "geometry": {
        "type": "Point",
        "coordinates": [
          -79.25504524086982,
          32.94434670057381
        ]
      }
    },
    {
      "type": "Feature",
      "properties": {
        "id": "0000037",
        "time_start": "1979-01-01",
        "time_end": "2024-12-31",
        "trend_wl": 3.888424054038784,
        "quantile_99_wl": 1.0042977805698354,
        "quantile_1_wl": -0.9197976859667399,
        "trend_ss": -0.07543866473574115,
        "quantile_99_ss": 0.3380500965674509,
        "quantile_1_ss": -0.30755149094603906
      },
      "geometry": {
        "type": "Point",
        "coordinates": [
          -79.25453989811122,
          32.94883120023802
        ]
      }
    },
    {
      "type": "Feature",
      "properties": {
        "id": "0000038",
        "time_start": "1979-01-01",
        "time_end": "2024-12-31",
        "trend_wl": 3.874583018795826,
        "quantile_99_wl": 1.0036598384058601,
        "quantile_1_wl": -0.9196560223231494,
        "trend_ss": -0.07543881803989347,
        "quantile_99_ss": 0.3382058179882292,
        "quantile_1_ss": -0.3071170848658462
      },
      "geometry": {
        "type": "Point",
        "coordinates": [
          -79.2540345553526,
          32.95331569990222
        ]
      }
    },
    {
      "type": "Feature",
      "properties": {
        "id": "0000039",
        "time_start": "1979-01-01",
        "time_end": "2024-12-31",
        "trend_wl": 3.8745830184825323,
        "quantile_99_wl": 1.0036598384058601,
        "quantile_1_wl": -0.9196560223231494,
        "trend_ss": -0.07543881803976307,
        "quantile_99_ss": 0.3382056999822596,
        "quantile_1_ss": -0.3071170673441827
      },
      "geometry": {
        "type": "Point",
        "coordinates": [
          -79.25352921259399,
          32.95780019956643
        ]
      }
    },
    {
      "type": "Feature",
      "properties": {
        "id": "0000040",
        "time_start": "1979-01-01",
        "time_end": "2024-12-31",
        "trend_wl": 3.88907837490899,
        "quantile_99_wl": 1.006225868812305,
        "quantile_1_wl": -0.9223448435702198,
        "trend_ss": -0.0754384499074395,
        "quantile_99_ss": 0.34111427400278643,
        "quantile_1_ss": -0.31063748498930993
      },
      "geometry": {
        "type": "Point",
        "coordinates": [
          -79.25302386983539,
          32.962284699230636
        ]
      }
    },
    {
      "type": "Feature",
      "properties": {
        "id": "0000041",
        "time_start": "1979-01-01",
        "time_end": "2024-12-31",
        "trend_wl": 3.875974325193438,
        "quantile_99_wl": 1.0054922918445852,
        "quantile_1_wl": -0.9220782211406815,
        "trend_ss": -0.07543879640963669,
        "quantile_99_ss": 0.34171589376612205,
        "quantile_1_ss": -0.31054011962272254
      },
      "geometry": {
        "type": "Point",
        "coordinates": [
          -79.25185171332035,
          32.96664097685371
        ]
      }
    },
    {
      "type": "Feature",
      "properties": {
        "id": "0000042",
        "time_start": "1979-01-01",
        "time_end": "2024-12-31",
        "trend_wl": 3.875974725800057,
        "quantile_99_wl": 1.0054922918445852,
        "quantile_1_wl": -0.9220782211406815,
        "trend_ss": -0.07543869251461127,
        "quantile_99_ss": 0.341725839116287,
        "quantile_1_ss": -0.310547734125729
      },
      "geometry": {
        "type": "Point",
        "coordinates": [
          -79.24997834220746,
          32.97086241747599
        ]
      }
    },
    {
      "type": "Feature",
      "properties": {
        "id": "0000043",
        "time_start": "1979-01-01",
        "time_end": "2024-12-31",
        "trend_wl": 3.8759743246002114,
        "quantile_99_wl": 1.0054922918445852,
        "quantile_1_wl": -0.9220782211406815,
        "trend_ss": -0.07543879639081684,
        "quantile_99_ss": 0.3417157576041769,
        "quantile_1_ss": -0.31054011271528653
      },
      "geometry": {
        "type": "Point",
        "coordinates": [
          -79.24810497109458,
          32.975083858098266
        ]
      }
    },
    {
      "type": "Feature",
      "properties": {
        "id": "0000044",
        "time_start": "1979-01-01",
        "time_end": "2024-12-31",
        "trend_wl": 3.877768758894191,
        "quantile_99_wl": 1.0073049870261797,
        "quantile_1_wl": -0.9240894652727578,
        "trend_ss": -0.07543889924234284,
        "quantile_99_ss": 0.34401698851741264,
        "quantile_1_ss": -0.3127317058994639
      },
      "geometry": {
        "type": "Point",
        "coordinates": [
          -79.24623159998168,
          32.97930529872055
        ]
      }
    },
    {
      "type": "Feature",
      "properties": {
        "id": "0000045",
        "time_start": "1979-01-01",
        "time_end": "2024-12-31",
        "trend_wl": 3.8653757748291673,
        "quantile_99_wl": 1.0075356076455795,
        "quantile_1_wl": -0.9241291917621134,
        "trend_ss": -0.07543916645940645,
        "quantile_99_ss": 0.34458007137085556,
        "quantile_1_ss": -0.31285344265982157
      },
      "geometry": {
        "type": "Point",
        "coordinates": [
          -79.24510941032239,
          32.98366965728941
        ]
      }
    },
    {
      "type": "Feature",
      "properties": {
        "id": "0000046",
        "time_start": "1979-01-01",
        "time_end": "2024-12-31",
        "trend_wl": 3.8603637612273434,
        "quantile_99_wl": 1.0077317411150932,
        "quantile_1_wl": -0.9242482497961171,
        "trend_ss": -0.08045117973710088,
        "quantile_99_ss": 0.3456159844402673,
        "quantile_1_ss": -0.31384998992342555
      },
      "geometry": {
        "type": "Point",
        "coordinates": [
          -79.2446288503422,
          32.98815609075211
        ]
      }
    },
    {
      "type": "Feature",
      "properties": {
        "id": "0000047",
        "time_start": "1979-01-01",
        "time_end": "2024-12-31",
        "trend_wl": 3.8603635890578776,
        "quantile_99_wl": 1.0077317411150932,
        "quantile_1_wl": -0.9242469222803955,
        "trend_ss": -0.08045139854186398,
        "quantile_99_ss": 0.3455745005906363,
        "quantile_1_ss": -0.31384834130865097
      },
      "geometry": {
        "type": "Point",
        "coordinates": [
          -79.24414829036199,
          32.99264252421482
        ]
      }
    },
    {
      "type": "Feature",
      "properties": {
        "id": "0000048",
        "time_start": "1979-01-01",
        "time_end": "2024-12-31",
        "trend_wl": 3.8580600690235416,
        "quantile_99_wl": 1.0095343057142405,
        "quantile_1_wl": -0.9264646846482051,
        "trend_ss": -0.08045141917978936,
        "quantile_99_ss": 0.3476343701307823,
        "quantile_1_ss": -0.315649794208346
      },
      "geometry": {
        "type": "Point",
        "coordinates": [
          -79.24318705283464,
          32.99697062362828
        ]
      }
    },
    {
      "type": "Feature",
      "properties": {
        "id": "0000049",
        "time_start": "1979-01-01",
        "time_end": "2024-12-31",
        "trend_wl": 3.858060068774695,
        "quantile_99_wl": 1.0095343057142405,
        "quantile_1_wl": -0.9264646846482051,
        "trend_ss": -0.08045141917210517,
        "quantile_99_ss": 0.3476343268085258,
        "quantile_1_ss": -0.3156497129022835
      },
      "geometry": {
        "type": "Point",
        "coordinates": [
          -79.2398987201003,
          33.00053218337432
        ]
      }
    },
    {
      "type": "Feature",
      "properties": {
        "id": "0000050",
        "time_start": "1979-01-01",
        "time_end": "2024-12-31",
        "trend_wl": 3.8476139588124005,
        "quantile_99_wl": 1.0075428953865795,
        "quantile_1_wl": -0.924372487603903,
        "trend_ss": -0.08045140932224223,
        "quantile_99_ss": 0.34491382553321637,
        "quantile_1_ss": -0.31300528480501344
      },
      "geometry": {
        "type": "Point",
        "coordinates": [
          -79.23472742581174,
          33.000866538144734
        ]
      }
    },
    {
      "type": "Feature",
      "properties": {
        "id": "0000051",
        "time_start": "1979-01-01",
        "time_end": "2024-12-31",
        "trend_wl": 3.8361040125328927,
        "quantile_99_wl": 1.0077197403175475,
        "quantile_1_wl": -0.9244188909097096,
        "trend_ss": -0.08045178433359813,
        "quantile_99_ss": 0.34447211513175185,
        "quantile_1_ss": -0.31276202689105453
      },
      "geometry": {
        "type": "Point",
        "coordinates": [
          -79.22935637641041,
          33.00085853292786
        ]
      }
    },
    {
      "type": "Feature",
      "properties": {
        "id": "0000052",
        "time_start": "1979-01-01",
        "time_end": "2024-12-31",
        "trend_wl": 3.836104420377543,
        "quantile_99_wl": 1.0077197403175475,
        "quantile_1_wl": -0.9244188909097096,
        "trend_ss": -0.08045168618447124,
        "quantile_99_ss": 0.3444850212373767,
        "quantile_1_ss": -0.31268469685341116
      },
      "geometry": {
        "type": "Point",
        "coordinates": [
          -79.22398532700909,
          33.00085052771097
        ]
      }
    },
    {
      "type": "Feature",
      "properties": {
        "id": "0000053",
        "time_start": "1979-01-01",
        "time_end": "2024-12-31",
        "trend_wl": 3.836104012534012,
        "quantile_99_wl": 1.0077197403175475,
        "quantile_1_wl": -0.9244188909097096,
        "trend_ss": -0.08045178433363653,
        "quantile_99_ss": 0.34447211501814323,
        "quantile_1_ss": -0.3127620274224081
      },
      "geometry": {
        "type": "Point",
        "coordinates": [
          -79.21861427760777,
          33.000842522494096
        ]
      }
    },
    {
      "type": "Feature",
      "properties": {
        "id": "0000054",
        "time_start": "1979-01-01",
        "time_end": "2024-12-31",
        "trend_wl": 3.821649167825603,
        "quantile_99_wl": 1.0051257771835438,
        "quantile_1_wl": -0.9215691773869769,
        "trend_ss": -0.08045167622055008,
        "quantile_99_ss": 0.34169350633863765,
        "quantile_1_ss": -0.3098866628393685
      },
      "geometry": {
        "type": "Point",
        "coordinates": [
          -79.21349697307079,
          33.00149467879654
        ]
      }
    },
    {
      "type": "Feature",
      "properties": {
        "id": "0000055",
        "time_start": "1979-01-01",
        "time_end": "2024-12-31",
        "trend_wl": 3.8216491897658362,
        "quantile_99_wl": 1.0051257771835438,
        "quantile_1_wl": -0.9215691773869769,
        "trend_ss": -0.08045195992315159,
        "quantile_99_ss": 0.34163544516876065,
        "quantile_1_ss": -0.30984066970167884
      },
      "geometry": {
        "type": "Point",
        "coordinates": [
          -79.20914291567577,
          33.004132555654145
        ]
      }
    },
    {
      "type": "Feature",
      "properties": {
        "id": "0000056",
        "time_start": "1979-01-01",
        "time_end": "2024-12-31",
        "trend_wl": 3.8097961276391805,
        "quantile_99_wl": 1.0052037623355976,
        "quantile_1_wl": -0.9220351974860501,
        "trend_ss": -0.08045235684713457,
        "quantile_99_ss": 0.34125851044765365,
        "quantile_1_ss": -0.30938525267396283
      },
      "geometry": {
        "type": "Point",
        "coordinates": [
          -79.20478885828076,
          33.00677043251174
        ]
      }
    },
    {
      "type": "Feature",
      "properties": {
        "id": "0000057",
        "time_start": "1979-01-01",
        "time_end": "2024-12-31",
        "trend_wl": 3.8097957166212755,
        "quantile_99_wl": 1.0052033566553016,
        "quantile_1_wl": -0.9220351974860501,
        "trend_ss": -0.08045244874181813,
        "quantile_99_ss": 0.34122622812091147,
        "quantile_1_ss": -0.30944673319760374
      },
      "geometry": {
        "type": "Point",
        "coordinates": [
          -79.20043480088574,
          33.00940830936935
        ]
      }
    },
    {
      "type": "Feature",
      "properties": {
        "id": "0000058",
        "time_start": "1979-01-01",
        "time_end": "2024-12-31",
        "trend_wl": 3.7975024338244756,
        "quantile_99_wl": 1.0054154992419644,
        "quantile_1_wl": -0.9222788360939381,
        "trend_ss": -0.08045243632818128,
        "quantile_99_ss": 0.34086869114390095,
        "quantile_1_ss": -0.3093665949536969
      },
      "geometry": {
        "type": "Point",
        "coordinates": [
          -79.19608074349074,
          33.012046186226954
        ]
      }
    },
    {
      "type": "Feature",
      "properties": {
        "id": "0000059",
        "time_start": "1979-01-01",
        "time_end": "2024-12-31",
        "trend_wl": 3.7975024336898313,
        "quantile_99_wl": 1.0054154992419644,
        "quantile_1_wl": -0.9222788360939381,
        "trend_ss": -0.08045243632833972,
        "quantile_99_ss": 0.34086870452899076,
        "quantile_1_ss": -0.30936659701232244
      },
      "geometry": {
        "type": "Point",
        "coordinates": [
          -79.19133361591071,
          33.013983634620146
        ]
      }
    },
    {
      "type": "Feature",
      "properties": {
        "id": "0000060",
        "time_start": "1979-01-01",
        "time_end": "2024-12-31",
        "trend_wl": 3.7848030702910065,
        "quantile_99_wl": 1.0056474134463318,
        "quantile_1_wl": -0.9223307596579371,
        "trend_ss": -0.08045273373361482,
        "quantile_99_ss": 0.34082257765353197,
        "quantile_1_ss": -0.3095201249291953
      },
      "geometry": {
        "type": "Point",
        "coordinates": [
          -79.18613369364903,
          33.01511422893068
        ]
      }
    },
    {
      "type": "Feature",
      "properties": {
        "id": "0000061",
        "time_start": "1979-01-01",
        "time_end": "2024-12-31",
        "trend_wl": 3.780092958023113,
        "quantile_99_wl": 1.0029100566944178,
        "quantile_1_wl": -0.9196085330064743,
        "trend_ss": -0.08045271538276694,
        "quantile_99_ss": 0.3384719904376754,
        "quantile_1_ss": -0.307
      },
      "geometry": {
        "type": "Point",
        "coordinates": [
          -79.18122549856649,
          33.01361896838139
        ]
      }
    },
    {
      "type": "Feature",
      "properties": {
        "id": "0000062",
        "time_start": "1979-01-01",
        "time_end": "2024-12-31",
        "trend_wl": 3.7800929581576006,
        "quantile_99_wl": 1.0029100566944178,
        "quantile_1_wl": -0.9196085190806764,
        "trend_ss": -0.08045271538672404,
        "quantile_99_ss": 0.33847196517353983,
        "quantile_1_ss": -0.307
      },
      "geometry": {
        "type": "Point",
        "coordinates": [
          -79.17636396445769,
          33.01170370944512
        ]
      }
    },
    {
      "type": "Feature",
      "properties": {
        "id": "0000063",
        "time_start": "1979-01-01",
        "time_end": "2024-12-31",
        "trend_wl": 3.7655582056692194,
        "quantile_99_wl": 1.0004990550754675,
        "quantile_1_wl": -0.9161977486003835,
        "trend_ss": -0.08045293457713845,
        "quantile_99_ss": 0.3346398463369757,
        "quantile_1_ss": -0.3033203773534891
      },
      "geometry": {
        "type": "Point",
        "coordinates": [
          -79.1715024303489,
          33.009788450508864
        ]
      }
    },
    {
      "type": "Feature",
      "properties": {
        "id": "0000064",
        "time_start": "1979-01-01",
        "time_end": "2024-12-31",
        "trend_wl": 3.7655586210944976,
        "quantile_99_wl": 1.0004990550754675,
        "quantile_1_wl": -0.9161977486003835,
        "trend_ss": -0.08045285542911502,
        "quantile_99_ss": 0.33470793625244466,
        "quantile_1_ss": -0.3033188872415254
      },
      "geometry": {
        "type": "Point",
        "coordinates": [
          -79.1666408962401,
          33.00787319157261
        ]
      }
    },
    {
      "type": "Feature",
      "properties": {
        "id": "0000065",
        "time_start": "1979-01-01",
        "time_end": "2024-12-31",
        "trend_wl": 3.7655586212283936,
        "quantile_99_wl": 1.0004990550754675,
        "quantile_1_wl": -0.9161977486003835,
        "trend_ss": -0.08045285542892774,
        "quantile_99_ss": 0.3347078907663133,
        "quantile_1_ss": -0.3033189242694088
      },
      "geometry": {
        "type": "Point",
        "coordinates": [
          -79.1617793621313,
          33.00595793263634
        ]
      }
    },
    {
      "type": "Feature",
      "properties": {
        "id": "0000066",
        "time_start": "1979-01-01",
        "time_end": "2024-12-31",
        "trend_wl": 3.7474644822384033,
        "quantile_99_wl": 0.9974982683077367,
        "quantile_1_wl": -0.9130099884046446,
        "trend_ss": -0.08045302673894533,
        "quantile_99_ss": 0.3320417132789751,
        "quantile_1_ss": -0.3009797675068911
      },
      "geometry": {
        "type": "Point",
        "coordinates": [
          -79.1569178280225,
          33.004042673700084
        ]
      }
    },
    {
      "type": "Feature",
      "properties": {
        "id": "0000067",
        "time_start": "1979-01-01",
        "time_end": "2024-12-31",
        "trend_wl": 3.747464482372433,
        "quantile_99_wl": 0.9974982773080482,
        "quantile_1_wl": -0.9130099884046446,
        "trend_ss": -0.08045302673868666,
        "quantile_99_ss": 0.3320417591088753,
        "quantile_1_ss": -0.3009797642243265
      },
      "geometry": {
        "type": "Point",
        "coordinates": [
          -79.15205629391372,
          33.00212741476383
        ]
      }
    },
    {
      "type": "Feature",
      "properties": {
        "id": "0000068",
        "time_start": "1979-01-01",
        "time_end": "2024-12-31",
        "trend_wl": 3.7474644825064707,
        "quantile_99_wl": 0.9974982863078669,
        "quantile_1_wl": -0.9130099884046446,
        "trend_ss": -0.08045302673843557,
        "quantile_99_ss": 0.3320418049402989,
        "quantile_1_ss": -0.3009797609415192
      },
      "geometry": {
        "type": "Point",
        "coordinates": [
          -79.14719475980492,
          33.00021215582756
        ]
      }
    },
    {
      "type": "Feature",
      "properties": {
        "id": "0000069",
        "time_start": "1979-01-01",
        "time_end": "2024-12-31",
        "trend_wl": 3.7356986138389163,
        "quantile_99_wl": 0.9938519963718022,
        "quantile_1_wl": -0.9094192125481371,
        "trend_ss": -0.06921648722549359,
        "quantile_99_ss": 0.3268526300770977,
        "quantile_1_ss": -0.2955790547518754
      },
      "geometry": {
        "type": "Point",
        "coordinates": [
          -79.14233322569612,
          32.998296896891304
        ]
      }
    },
    {
      "type": "Feature",
      "properties": {
        "id": "0000070",
        "time_start": "1979-01-01",
        "time_end": "2024-12-31",
        "trend_wl": 3.735698613972986,
        "quantile_99_wl": 0.9938519963718022,
        "quantile_1_wl": -0.9094192125481371,
        "trend_ss": -0.06921648722519666,
        "quantile_99_ss": 0.3268526395846785,
        "quantile_1_ss": -0.29557909828458445
      },
      "geometry": {
        "type": "Point",
        "coordinates": [
          -79.13747169158732,
          32.99638163795505
        ]
      }
    },
    {
      "type": "Feature",
      "properties": {
        "id": "0000071",
        "time_start": "1979-01-01",
        "time_end": "2024-12-31",
        "trend_wl": 3.7319811064062685,
        "quantile_99_wl": 0.9905470634238406,
        "quantile_1_wl": -0.9054699865880731,
        "trend_ss": -0.06921651937715803,
        "quantile_99_ss": 0.3232336012672699,
        "quantile_1_ss": -0.2917125902135748
      },
      "geometry": {
        "type": "Point",
        "coordinates": [
          -79.13261015747852,
          32.99446637901878
        ]
      }
    },
    {
      "type": "Feature",
      "properties": {
        "id": "0000072",
        "time_start": "1979-01-01",
        "time_end": "2024-12-31",
        "trend_wl": 3.7319811065408928,
        "quantile_99_wl": 0.9905470634238406,
        "quantile_1_wl": -0.9054699865880731,
        "trend_ss": -0.06921651937685787,
        "quantile_99_ss": 0.32323361271658435,
        "quantile_1_ss": -0.29171255977916577
      },
      "geometry": {
        "type": "Point",
        "coordinates": [
          -79.12774862336973,
          32.992551120082524
        ]
      }
    },
    {
      "type": "Feature",
      "properties": {
        "id": "0000073",
        "time_start": "1979-01-01",
        "time_end": "2024-12-31",
        "trend_wl": 3.7171586529501965,
        "quantile_99_wl": 0.9908931234381816,
        "quantile_1_wl": -0.9061221414843341,
        "trend_ss": -0.06921686084952863,
        "quantile_99_ss": 0.3239444811226229,
        "quantile_1_ss": -0.2929554916540756
      },
      "geometry": {
        "type": "Point",
        "coordinates": [
          -79.12245176316658,
          32.99212735416782
        ]
      }
    },
    {
      "type": "Feature",
      "properties": {
        "id": "0000074",
        "time_start": "1979-01-01",
        "time_end": "2024-12-31",
        "trend_wl": 3.7058883106281297,
        "quantile_99_wl": 0.986237582169127,
        "quantile_1_wl": -0.9002231961280852,
        "trend_ss": -0.06921690165678394,
        "quantile_99_ss": 0.32086901149065494,
        "quantile_1_ss": -0.28930396796783275
      },
      "geometry": {
        "type": "Point",
        "coordinates": [
          -79.11708588454884,
          32.991940055777285
        ]
      }
    },
    {
      "type": "Feature",
      "properties": {
        "id": "0000075",
        "time_start": "1979-01-01",
        "time_end": "2024-12-31",
        "trend_wl": 3.7058883105342657,
        "quantile_99_wl": 0.986237582169127,
        "quantile_1_wl": -0.9002231961280852,
        "trend_ss": -0.06921690165692639,
        "quantile_99_ss": 0.3208690509865594,
        "quantile_1_ss": -0.2893039561275345
      },
      "geometry": {
        "type": "Point",
        "coordinates": [
          -79.11227331802328,
          32.99327534981297
        ]
      }
    },
    {
      "type": "Feature",
      "properties": {
        "id": "0000076",
        "time_start": "1979-01-01",
        "time_end": "2024-12-31",
        "trend_wl": 3.7058882878487,
        "quantile_99_wl": 0.986237582169127,
        "quantile_1_wl": -0.9002231961280852,
        "trend_ss": -0.06921660415104357,
        "quantile_99_ss": 0.32084912084441414,
        "quantile_1_ss": -0.2892864689047314
      },
      "geometry": {
        "type": "Point",
        "coordinates": [
          -79.10794434685879,
          32.995941391259514
        ]
      }
    },
    {
      "type": "Feature",
      "properties": {
        "id": "0000077",
        "time_start": "1979-01-01",
        "time_end": "2024-12-31",
        "trend_wl": 3.6850392972384283,
        "quantile_99_wl": 0.9849807421138204,
        "quantile_1_wl": -0.8993676891400477,
        "trend_ss": -0.06921727314187714,
        "quantile_99_ss": 0.32048360862229824,
        "quantile_1_ss": -0.28913879422923033
      },
      "geometry": {
        "type": "Point",
        "coordinates": [
          -79.10468366686187,
          32.99939112681075
        ]
      }
    },
    {
      "type": "Feature",
      "properties": {
        "id": "0000078",
        "time_start": "1979-01-01",
        "time_end": "2024-12-31",
        "trend_wl": 3.685039274068251,
        "quantile_99_wl": 0.9849807421138204,
        "quantile_1_wl": -0.8993623237724673,
        "trend_ss": -0.06921697165615752,
        "quantile_99_ss": 0.3204964991375955,
        "quantile_1_ss": -0.2891045377293897
      },
      "geometry": {
        "type": "Point",
        "coordinates": [
          -79.1021100130114,
          33.003344861980324
        ]
      }
    },
    {
      "type": "Feature",
      "properties": {
        "id": "0000079",
        "time_start": "1979-01-01",
        "time_end": "2024-12-31",
        "trend_wl": 3.685039296683402,
        "quantile_99_wl": 0.9849807421138204,
        "quantile_1_wl": -0.8993676891400477,
        "trend_ss": -0.06921727314285152,
        "quantile_99_ss": 0.32048383067770086,
        "quantile_1_ss": -0.28913889498578393
      },
      "geometry": {
        "type": "Point",
        "coordinates": [
          -79.09953635916092,
          33.0072985971499
        ]
      }
    },
    {
      "type": "Feature",
      "properties": {
        "id": "0000080",
        "time_start": "1979-01-01",
        "time_end": "2024-12-31",
        "trend_wl": 3.681019644118384,
        "quantile_99_wl": 0.9894999277492914,
        "quantile_1_wl": -0.9047406421824898,
        "trend_ss": -0.06921741021658799,
        "quantile_99_ss": 0.3267507241478954,
        "quantile_1_ss": -0.2953233787622732
      },
      "geometry": {
        "type": "Point",
        "coordinates": [
          -79.09730191311087,
          33.011374921366524
        ]
      }
    },
    {
      "type": "Feature",
      "properties": {
        "id": "0000081",
        "time_start": "1979-01-01",
        "time_end": "2024-12-31",
        "trend_wl": 3.6810196206162336,
        "quantile_99_wl": 0.9894999277492914,
        "quantile_1_wl": -0.9047406421824898,
        "trend_ss": -0.06921709900758737,
        "quantile_99_ss": 0.3267679491802322,
        "quantile_1_ss": -0.29530284449637806
      },
      "geometry": {
        "type": "Point",
        "coordinates": [
          -79.09564339429807,
          33.01565938457964
        ]
      }
    },
    {
      "type": "Feature",
      "properties": {
        "id": "0000082",
        "time_start": "1979-01-01",
        "time_end": "2024-12-31",
        "trend_wl": 3.68101964352196,
        "quantile_99_wl": 0.9894999277492914,
        "quantile_1_wl": -0.9047406421824898,
        "trend_ss": -0.06921741021763113,
        "quantile_99_ss": 0.3267506374124126,
        "quantile_1_ss": -0.29532339761024107
      },
      "geometry": {
        "type": "Point",
        "coordinates": [
          -79.09398487548528,
          33.01994384779277
        ]
      }
    },
    {
      "type": "Feature",
      "properties": {
        "id": "0000083",
        "time_start": "1979-01-01",
        "time_end": "2024-12-31",
        "trend_wl": 3.6810196432237965,
        "quantile_99_wl": 0.9894999277492914,
        "quantile_1_wl": -0.9047406421824898,
        "trend_ss": -0.06921741021814011,
        "quantile_99_ss": 0.3267505940418891,
        "quantile_1_ss": -0.2953234070258598
      },
      "geometry": {
        "type": "Point",
        "coordinates": [
          -79.09232635667249,
          33.02422831100589
        ]
      }
    },
    {
      "type": "Feature",
      "properties": {
        "id": "0000084",
        "time_start": "1979-01-01",
        "time_end": "2024-12-31",
        "trend_wl": 3.6810230267112747,
        "quantile_99_wl": 0.9928993914766385,
        "quantile_1_wl": -0.9090103402709926,
        "trend_ss": -0.06921767296846365,
        "quantile_99_ss": 0.33162733258981847,
        "quantile_1_ss": -0.2999542327460313
      },
      "geometry": {
        "type": "Point",
        "coordinates": [
          -79.09104541589561,
          33.02857894647843
        ]
      }
    },
    {
      "type": "Feature",
      "properties": {
        "id": "0000085",
        "time_start": "1979-01-01",
        "time_end": "2024-12-31",
        "trend_wl": 3.6810231167913967,
        "quantile_99_wl": 0.9928993914766385,
        "quantile_1_wl": -0.9090103402709926,
        "trend_ss": -0.06921747343189064,
        "quantile_99_ss": 0.3316125275003724,
        "quantile_1_ss": -0.29998069232456176
      },
      "geometry": {
        "type": "Point",
        "coordinates": [
          -79.09051861174214,
          33.033061747806855
        ]
      }
    },
    {
      "type": "Feature",
      "properties": {
        "id": "0000086",
        "time_start": "1979-01-01",
        "time_end": "2024-12-31",
        "trend_wl": 3.68102309306962,
        "quantile_99_wl": 0.9928993914766385,
        "quantile_1_wl": -0.9090103402709926,
        "trend_ss": -0.06921715792738724,
        "quantile_99_ss": 0.33167639215891287,
        "quantile_1_ss": -0.299999367738518
      },
      "geometry": {
        "type": "Point",
        "coordinates": [
          -79.08999180758869,
          33.037544549135276
        ]
      }
    },
    {
      "type": "Feature",
      "properties": {
        "id": "0000087",
        "time_start": "1979-01-01",
        "time_end": "2024-12-31",
        "trend_wl": 3.666414070251324,
        "quantile_99_wl": 0.993262136765186,
        "quantile_1_wl": -0.9096134700452404,
        "trend_ss": -0.06921783519592978,
        "quantile_99_ss": 0.3308942124446797,
        "quantile_1_ss": -0.29914929700045845
      },
      "geometry": {
        "type": "Point",
        "coordinates": [
          -79.08997151812041,
          33.042032294721636
        ]
      }
    },
    {
      "type": "Feature",
      "properties": {
        "id": "0000088",
        "time_start": "1979-01-01",
        "time_end": "2024-12-31",
        "trend_wl": 3.6830427107044503,
        "quantile_99_wl": 0.9966296078512343,
        "quantile_1_wl": -0.9138523040262496,
        "trend_ss": -0.06921756674052082,
        "quantile_99_ss": 0.33450140210471996,
        "quantile_1_ss": -0.3034428183977827
      },
      "geometry": {
        "type": "Point",
        "coordinates": [
          -79.09037376011618,
          33.046524164777836
        ]
      }
    },
    {
      "type": "Feature",
      "properties": {
        "id": "0000089",
        "time_start": "1979-01-01",
        "time_end": "2024-12-31",
        "trend_wl": 3.667429375761253,
        "quantile_99_wl": 0.9970922574031394,
        "quantile_1_wl": -0.915125607212567,
        "trend_ss": -0.06921772901712042,
        "quantile_99_ss": 0.33659888620389466,
        "quantile_1_ss": -0.30478132661169116
      },
      "geometry": {
        "type": "Point",
        "coordinates": [
          -79.09077600211195,
          33.05101603483404
        ]
      }
    },
    {
      "type": "Feature",
      "properties": {
        "id": "0000090",
        "time_start": "1979-01-01",
        "time_end": "2024-12-31",
        "trend_wl": 3.66742937545264,
        "quantile_99_wl": 0.9970922574031394,
        "quantile_1_wl": -0.915125607212567,
        "trend_ss": -0.06921772901769904,
        "quantile_99_ss": 0.3365989448881375,
        "quantile_1_ss": -0.304781286727632
      },
      "geometry": {
        "type": "Point",
        "coordinates": [
          -79.09117824410772,
          33.05550790489024
        ]
      }
    },
    {
      "type": "Feature",
      "properties": {
        "id": "0000091",
        "time_start": "1979-01-01",
        "time_end": "2024-12-31",
        "trend_wl": 3.6735213681625556,
        "quantile_99_wl": 1.0009003243276782,
        "quantile_1_wl": -0.9195530272524945,
        "trend_ss": -0.06921787785097479,
        "quantile_99_ss": 0.3404492482906863,
        "quantile_1_ss": -0.30875661064403054
      },
      "geometry": {
        "type": "Point",
        "coordinates": [
          -79.09158048610348,
          33.05999977494645
        ]
      }
    },
    {
      "type": "Feature",
      "properties": {
        "id": "0000092",
        "time_start": "1979-01-01",
        "time_end": "2024-12-31",
        "trend_wl": 3.6735214843630137,
        "quantile_99_wl": 1.0009003243276782,
        "quantile_1_wl": -0.9195530272524945,
        "trend_ss": -0.06921775753395673,
        "quantile_99_ss": 0.34044883841706514,
        "quantile_1_ss": -0.30876397985951615
      },
      "geometry": {
        "type": "Point",
        "coordinates": [
          -79.09198272809925,
          33.06449164500265
        ]
      }
    },
    {
      "type": "Feature",
      "properties": {
        "id": "0000093",
        "time_start": "1979-01-01",
        "time_end": "2024-12-31",
        "trend_wl": 3.6735214840559696,
        "quantile_99_wl": 1.0009003243276782,
        "quantile_1_wl": -0.9195530272524945,
        "trend_ss": -0.06921775753451592,
        "quantile_99_ss": 0.3404490058461543,
        "quantile_1_ss": -0.30876399111381003
      },
      "geometry": {
        "type": "Point",
        "coordinates": [
          -79.09229617246895,
          33.068977160010014
        ]
      }
    },
    {
      "type": "Feature",
      "properties": {
        "id": "0000094",
        "time_start": "1979-01-01",
        "time_end": "2024-12-31",
        "trend_wl": 3.679647445136106,
        "quantile_99_wl": 1.0046823970805538,
        "quantile_1_wl": -0.923653411491765,
        "trend_ss": -0.06921770565830196,
        "quantile_99_ss": 0.34388390969380905,
        "quantile_1_ss": -0.31264329091475546
      },
      "geometry": {
        "type": "Point",
        "coordinates": [
          -79.09099031307058,
          33.0733467850439
        ]
      }
    },
    {
      "type": "Feature",
      "properties": {
        "id": "0000095",
        "time_start": "1979-01-01",
        "time_end": "2024-12-31",
        "trend_wl": 3.6796471813981078,
        "quantile_99_wl": 1.0046823970805538,
        "quantile_1_wl": -0.923653411491765,
        "trend_ss": -0.06921773497543308,
        "quantile_99_ss": 0.3438696150510066,
        "quantile_1_ss": -0.31258052964538174
      },
      "geometry": {
        "type": "Point",
        "coordinates": [
          -79.0896844536722,
          33.07771641007779
        ]
      }
    },
    {
      "type": "Feature",
      "properties": {
        "id": "0000096",
        "time_start": "1979-01-01",
        "time_end": "2024-12-31",
        "trend_wl": 3.6673873158515775,
        "quantile_99_wl": 1.0056518557887137,
        "quantile_1_wl": -0.9251760735239423,
        "trend_ss": -0.06921757782727017,
        "quantile_99_ss": 0.34466714885605326,
        "quantile_1_ss": -0.31337033034479356
      },
      "geometry": {
        "type": "Point",
        "coordinates": [
          -79.08837859427382,
          33.08208603511168
        ]
      }
    },
    {
      "type": "Feature",
      "properties": {
        "id": "0000097",
        "time_start": "1979-01-01",
        "time_end": "2024-12-31",
        "trend_wl": 3.6673870612310844,
        "quantile_99_wl": 1.0056518557887137,
        "quantile_1_wl": -0.9251760735239423,
        "trend_ss": -0.06921793562511788,
        "quantile_99_ss": 0.34475925648040173,
        "quantile_1_ss": -0.31341101332514654
      },
      "geometry": {
        "type": "Point",
        "coordinates": [
          -79.08707273487545,
          33.08645566014557
        ]
      }
    },
    {
      "type": "Feature",
      "properties": {
        "id": "0000098",
        "time_start": "1979-01-01",
        "time_end": "2024-12-31",
        "trend_wl": 3.6673874503374186,
        "quantile_99_wl": 1.0056518557887137,
        "quantile_1_wl": -0.9251760735239423,
        "trend_ss": -0.06921789857951269,
        "quantile_99_ss": 0.3447392477080461,
        "quantile_1_ss": -0.3133647620090284
      },
      "geometry": {
        "type": "Point",
        "coordinates": [
          -79.08576687547706,
          33.090825285179456
        ]
      }
    },
    {
      "type": "Feature",
      "properties": {
        "id": "0000099",
        "time_start": "1979-01-01",
        "time_end": "2024-12-31",
        "trend_wl": 3.6717933815361237,
        "quantile_99_wl": 1.0094374009824136,
        "quantile_1_wl": -0.9295343417094735,
        "trend_ss": -0.06921783659819107,
        "quantile_99_ss": 0.3479700465206488,
        "quantile_1_ss": -0.31695227454675373
      },
      "geometry": {
        "type": "Point",
        "coordinates": [
          -79.08446101607869,
          33.095194910213344
        ]
      }
    },
    {
      "type": "Feature",
      "properties": {
        "id": "0000100",
        "time_start": "1979-01-01",
        "time_end": "2024-12-31",
        "trend_wl": 3.655976588849312,
        "quantile_99_wl": 1.0070952211863995,
        "quantile_1_wl": -0.9269923940395954,
        "trend_ss": -0.06921811552425998,
        "quantile_99_ss": 0.34595354442198534,
        "quantile_1_ss": -0.314521910072513
      },
      "geometry": {
        "type": "Point",
        "coordinates": [
          -79.0831551566803,
          33.09956453524723
        ]
      }
    },
    {
      "type": "Feature",
      "properties": {
        "id": "0000101",
        "time_start": "1979-01-01",
        "time_end": "2024-12-31",
        "trend_wl": 3.661331942861282,
        "quantile_99_wl": 1.0108389176240034,
        "quantile_1_wl": -0.9320785033910312,
        "trend_ss": -0.06921810566576019,
        "quantile_99_ss": 0.3497053258573263,
        "quantile_1_ss": -0.31852793407052193
      },
      "geometry": {
        "type": "Point",
        "coordinates": [
          -79.08184929728193,
          33.10393416028112
        ]
      }
    },
    {
      "type": "Feature",
      "properties": {
        "id": "0000102",
        "time_start": "1979-01-01",
        "time_end": "2024-12-31",
        "trend_wl": 3.661331416810984,
        "quantile_99_wl": 1.0108389176240034,
        "quantile_1_wl": -0.9320925045163073,
        "trend_ss": -0.06921827562603607,
        "quantile_99_ss": 0.3497207833098698,
        "quantile_1_ss": -0.31852930513881217
      },
      "geometry": {
        "type": "Point",
        "coordinates": [
          -79.08054343788355,
          33.10830378531501
        ]
      }
    },
    {
      "type": "Feature",
      "properties": {
        "id": "0000103",
        "time_start": "1979-01-01",
        "time_end": "2024-12-31",
        "trend_wl": 3.653220509313172,
        "quantile_99_wl": 1.0131799976718618,
        "quantile_1_wl": -0.9346245357709707,
        "trend_ss": -0.06921828612701346,
        "quantile_99_ss": 0.3512311294705997,
        "quantile_1_ss": -0.3195263960295667
      },
      "geometry": {
        "type": "Point",
        "coordinates": [
          -79.07923757848518,
          33.1126734103489
        ]
      }
    },
    {
      "type": "Feature",
      "properties": {
        "id": "0000104",
        "time_start": "1979-01-01",
        "time_end": "2024-12-31",
        "trend_wl": 3.6532209094318664,
        "quantile_99_wl": 1.0131799976718618,
        "quantile_1_wl": -0.9346245357709707,
        "trend_ss": -0.06921825374729246,
        "quantile_99_ss": 0.3511959274097299,
        "quantile_1_ss": -0.3195469132311574
      },
      "geometry": {
        "type": "Point",
        "coordinates": [
          -79.07775976046281,
          33.117002478080295
        ]
      }
    },
    {
      "type": "Feature",
      "properties": {
        "id": "0000105",
        "time_start": "1979-01-01",
        "time_end": "2024-12-31",
        "trend_wl": 3.6532207675765442,
        "quantile_99_wl": 1.0131799976718618,
        "quantile_1_wl": -0.9346245357709707,
        "trend_ss": -0.06921839658548036,
        "quantile_99_ss": 0.35121386155250817,
        "quantile_1_ss": -0.3195782260899243
      },
      "geometry": {
        "type": "Point",
        "coordinates": [
          -79.07456700222178,
          33.12035233398109
        ]
      }
    },
    {
      "type": "Feature",
      "properties": {
        "id": "0000106",
        "time_start": "1979-01-01",
        "time_end": "2024-12-31",
        "trend_wl": 3.638518781613443,
        "quantile_99_wl": 1.0119450448737248,
        "quantile_1_wl": -0.9334927453425299,
        "trend_ss": -0.06921847942373108,
        "quantile_99_ss": 0.3497648557107542,
        "quantile_1_ss": -0.3176427431920495
      },
      "geometry": {
        "type": "Point",
        "coordinates": [
          -79.07023006072676,
          33.12301649781629
        ]
      }
    },
    {
      "type": "Feature",
      "properties": {
        "id": "0000107",
        "time_start": "1979-01-01",
        "time_end": "2024-12-31",
        "trend_wl": 3.6385187814326154,
        "quantile_99_wl": 1.0119450448737248,
        "quantile_1_wl": -0.9334927496239521,
        "trend_ss": -0.06921847942391372,
        "quantile_99_ss": 0.34976492246024515,
        "quantile_1_ss": -0.3176426645677081
      },
      "geometry": {
        "type": "Point",
        "coordinates": [
          -79.06589311923173,
          33.12568066165149
        ]
      }
    },
    {
      "type": "Feature",
      "properties": {
        "id": "0000108",
        "time_start": "1979-01-01",
        "time_end": "2024-12-31",
        "trend_wl": 3.6331696077044957,
        "quantile_99_wl": 1.0149844744276826,
        "quantile_1_wl": -0.9371909037834933,
        "trend_ss": -0.06921878155586289,
        "quantile_99_ss": 0.35138508009404334,
        "quantile_1_ss": -0.31952460524195553
      },
      "geometry": {
        "type": "Point",
        "coordinates": [
          -79.0623618033201,
          33.12894265957866
        ]
      }
    },
    {
      "type": "Feature",
      "properties": {
        "id": "0000109",
        "time_start": "1979-01-01",
        "time_end": "2024-12-31",
        "trend_wl": 3.6331696074320767,
        "quantile_99_wl": 1.0149844744276826,
        "quantile_1_wl": -0.9371909037834933,
        "trend_ss": -0.06921878155607386,
        "quantile_99_ss": 0.3513850019485636,
        "quantile_1_ss": -0.3195246348397974
      },
      "geometry": {
        "type": "Point",
        "coordinates": [
          -79.06168120291387,
          33.132959559118156
        ]
      }
    },
    {
      "type": "Feature",
      "properties": {
        "id": "0000110",
        "time_start": "1979-01-01",
        "time_end": "2024-12-31",
        "trend_wl": 3.6331696071509785,
        "quantile_99_wl": 1.0149844744276826,
        "quantile_1_wl": -0.9371909037834933,
        "trend_ss": -0.06921878155628033,
        "quantile_99_ss": 0.3513849213105296,
        "quantile_1_ss": -0.3195246653859031
      },
      "geometry": {
        "type": "Point",
        "coordinates": [
          -79.06378601142632,
          33.137104921411705
        ]
      }
    },
    {
      "type": "Feature",
      "properties": {
        "id": "0000111",
        "time_start": "1979-01-01",
        "time_end": "2024-12-31",
        "trend_wl": 3.642007709435935,
        "quantile_99_wl": 1.019395034671537,
        "quantile_1_wl": -0.9418707899304796,
        "trend_ss": -0.06921845714569924,
        "quantile_99_ss": 0.3557618361930822,
        "quantile_1_ss": -0.32415476324929454
      },
      "geometry": {
        "type": "Point",
        "coordinates": [
          -79.06768751837845,
          33.13763939834925
        ]
      }
    },
    {
      "type": "Feature",
      "properties": {
        "id": "0000112",
        "time_start": "1979-01-01",
        "time_end": "2024-12-31",
        "trend_wl": 3.64661327891762,
        "quantile_99_wl": 1.0157377136672203,
        "quantile_1_wl": -0.9381453073767355,
        "trend_ss": -0.06921861184540486,
        "quantile_99_ss": 0.35324851532817325,
        "quantile_1_ss": -0.32155217585037943
      },
      "geometry": {
        "type": "Point",
        "coordinates": [
          -79.07268467481586,
          33.13597191162148
        ]
      }
    },
    {
      "type": "Feature",
      "properties": {
        "id": "0000113",
        "time_start": "1979-01-01",
        "time_end": "2024-12-31",
        "trend_wl": 3.6544937642312108,
        "quantile_99_wl": 1.0200445004262664,
        "quantile_1_wl": -0.9425899432853453,
        "trend_ss": -0.06921829221816765,
        "quantile_99_ss": 0.35678684405350114,
        "quantile_1_ss": -0.32516072059354945
      },
      "geometry": {
        "type": "Point",
        "coordinates": [
          -79.07768183125329,
          33.134304424893706
        ]
      }
    },
    {
      "type": "Feature",
      "properties": {
        "id": "0000114",
        "time_start": "1979-01-01",
        "time_end": "2024-12-31",
        "trend_wl": 3.6479896246687344,
        "quantile_99_wl": 1.0184346568593194,
        "quantile_1_wl": -0.9400996241804885,
        "trend_ss": -0.08045500754993218,
        "quantile_99_ss": 0.3575178786464605,
        "quantile_1_ss": -0.3256043653345061
      },
      "geometry": {
        "type": "Point",
        "coordinates": [
          -79.08228279826582,
          33.134068384048035
        ]
      }
    },
    {
      "type": "Feature",
      "properties": {
        "id": "0000115",
        "time_start": "1979-01-01",
        "time_end": "2024-12-31",
        "trend_wl": 3.653671598772123,
        "quantile_99_wl": 1.0223523965969428,
        "quantile_1_wl": -0.9449682416725278,
        "trend_ss": -0.08045498036504757,
        "quantile_99_ss": 0.36147511669689103,
        "quantile_1_ss": -0.3290638115820987
      },
      "geometry": {
        "type": "Point",
        "coordinates": [
          -79.08589448403201,
          33.13740665002975
        ]
      }
    },
    {
      "type": "Feature",
      "properties": {
        "id": "0000116",
        "time_start": "1979-01-01",
        "time_end": "2024-12-31",
        "trend_wl": 3.653671053808975,
        "quantile_99_wl": 1.0223445509644093,
        "quantile_1_wl": -0.9449682416725278,
        "trend_ss": -0.08045515568532306,
        "quantile_99_ss": 0.36142245461851263,
        "quantile_1_ss": -0.3290293422255224
      },
      "geometry": {
        "type": "Point",
        "coordinates": [
          -79.08859539789432,
          33.141123722983366
        ]
      }
    },
    {
      "type": "Feature",
      "properties": {
        "id": "0000117",
        "time_start": "1979-01-01",
        "time_end": "2024-12-31",
        "trend_wl": 3.6503265931326743,
        "quantile_99_wl": 1.0253740314028803,
        "quantile_1_wl": -0.9481607608467078,
        "trend_ss": -0.08045517865280098,
        "quantile_99_ss": 0.3632920627909913,
        "quantile_1_ss": -0.33094369295173814
      },
      "geometry": {
        "type": "Point",
        "coordinates": [
          -79.08958962136438,
          33.14555064020939
        ]
      }
    },
    {
      "type": "Feature",
      "properties": {
        "id": "0000118",
        "time_start": "1979-01-01",
        "time_end": "2024-12-31",
        "trend_wl": 3.650326239049128,
        "quantile_99_wl": 1.0253470177020794,
        "quantile_1_wl": -0.948150185729567,
        "trend_ss": -0.08045555309903497,
        "quantile_99_ss": 0.36333800891171764,
        "quantile_1_ss": -0.3309888311985503
      },
      "geometry": {
        "type": "Point",
        "coordinates": [
          -79.09058384483444,
          33.14997755743542
        ]
      }
    },
    {
      "type": "Feature",
      "properties": {
        "id": "0000119",
        "time_start": "1979-01-01",
        "time_end": "2024-12-31",
        "trend_wl": 3.6580981094238796,
        "quantile_99_wl": 1.0285104346112035,
        "quantile_1_wl": -0.9519785081787344,
        "trend_ss": -0.08045530796573924,
        "quantile_99_ss": 0.36645062165699094,
        "quantile_1_ss": -0.33389776905461754
      },
      "geometry": {
        "type": "Point",
        "coordinates": [
          -79.0906624043158,
          33.154421968726155
        ]
      }
    },
    {
      "type": "Feature",
      "properties": {
        "id": "0000120",
        "time_start": "1979-01-01",
        "time_end": "2024-12-31",
        "trend_wl": 3.658098140079855,
        "quantile_99_wl": 1.0285104346112035,
        "quantile_1_wl": -0.9519785081787344,
        "trend_ss": -0.08045568458663482,
        "quantile_99_ss": 0.3664607559970758,
        "quantile_1_ss": -0.33392554090405957
      },
      "geometry": {
        "type": "Point",
        "coordinates": [
          -79.08991025903367,
          33.15888225090736
        ]
      }
    },
    {
      "type": "Feature",
      "properties": {
        "id": "0000121",
        "time_start": "1979-01-01",
        "time_end": "2024-12-31",
        "trend_wl": 3.6483862672089176,
        "quantile_99_wl": 1.0280163883974678,
        "quantile_1_wl": -0.9516164381086182,
        "trend_ss": -0.08045577540984923,
        "quantile_99_ss": 0.36531134132594406,
        "quantile_1_ss": -0.3327101716050434
      },
      "geometry": {
        "type": "Point",
        "coordinates": [
          -79.08915811375154,
          33.163342533088574
        ]
      }
    },
    {
      "type": "Feature",
      "properties": {
        "id": "0000122",
        "time_start": "1979-01-01",
        "time_end": "2024-12-31",
        "trend_wl": 3.647383068063641,
        "quantile_99_wl": 1.031027553262012,
        "quantile_1_wl": -0.955530946282287,
        "trend_ss": -0.08045589567970257,
        "quantile_99_ss": 0.3669239273278388,
        "quantile_1_ss": -0.33456175904026086
      },
      "geometry": {
        "type": "Point",
        "coordinates": [
          -79.08840596846942,
          33.16780281526978
        ]
      }
    },
    {
      "type": "Feature",
      "properties": {
        "id": "0000123",
        "time_start": "1979-01-01",
        "time_end": "2024-12-31",
        "trend_wl": 3.647383246369764,
        "quantile_99_wl": 1.0310009509877873,
        "quantile_1_wl": -0.955530946282287,
        "trend_ss": -0.08045572010149087,
        "quantile_99_ss": 0.3669708022335929,
        "quantile_1_ss": -0.33456817627142166
      },
      "geometry": {
        "type": "Point",
        "coordinates": [
          -79.08765382318728,
          33.17226309745099
        ]
      }
    },
    {
      "type": "Feature",
      "properties": {
        "id": "0000124",
        "time_start": "1979-01-01",
        "time_end": "2024-12-31",
        "trend_wl": 3.6464846690703943,
        "quantile_99_wl": 1.0337948401368757,
        "quantile_1_wl": -0.9599128722412215,
        "trend_ss": -0.08045577807692653,
        "quantile_99_ss": 0.3693859419449279,
        "quantile_1_ss": -0.33655881468386833
      },
      "geometry": {
        "type": "Point",
        "coordinates": [
          -79.08877496651574,
          33.17662039453524
        ]
      }
    },
    {
      "type": "Feature",
      "properties": {
        "id": "0000125",
        "time_start": "1979-01-01",
        "time_end": "2024-12-31",
        "trend_wl": 3.656551429541958,
        "quantile_99_wl": 1.0341645314014756,
        "quantile_1_wl": -0.9599447402981559,
        "trend_ss": -0.08045603737825527,
        "quantile_99_ss": 0.37043523538487705,
        "quantile_1_ss": -0.33752659304202387
      },
      "geometry": {
        "type": "Point",
        "coordinates": [
          -79.09191705887599,
          33.180235789724314
        ]
      }
    },
    {
      "type": "Feature",
      "properties": {
        "id": "0000126",
        "time_start": "1979-01-01",
        "time_end": "2024-12-31",
        "trend_wl": 3.6552658506087012,
        "quantile_99_wl": 1.0366132553667042,
        "quantile_1_wl": -0.963543701845983,
        "trend_ss": -0.08045593900791949,
        "quantile_99_ss": 0.37212169858879307,
        "quantile_1_ss": -0.3391472747148426
      },
      "geometry": {
        "type": "Point",
        "coordinates": [
          -79.09526207871579,
          33.183764701105765
        ]
      }
    },
    {
      "type": "Feature",
      "properties": {
        "id": "0000127",
        "time_start": "1979-01-01",
        "time_end": "2024-12-31",
        "trend_wl": 3.664140973428921,
        "quantile_99_wl": 1.0368471768266294,
        "quantile_1_wl": -0.9638562225615219,
        "trend_ss": -0.08045628123344933,
        "quantile_99_ss": 0.3729861520521917,
        "quantile_1_ss": -0.34026776214344895
      },
      "geometry": {
        "type": "Point",
        "coordinates": [
          -79.09860709855558,
          33.187293612487224
        ]
      }
    },
    {
      "type": "Feature",
      "properties": {
        "id": "0000128",
        "time_start": "1979-01-01",
        "time_end": "2024-12-31",
        "trend_wl": 3.6665736495271606,
        "quantile_99_wl": 1.0396136201339807,
        "quantile_1_wl": -0.9675934073110073,
        "trend_ss": -0.0771959664360282,
        "quantile_99_ss": 0.37602797250716746,
        "quantile_1_ss": -0.3426871693840696
      },
      "geometry": {
        "type": "Point",
        "coordinates": [
          -79.10123788749078,
          33.1911174720715
        ]
      }
    },
    {
      "type": "Feature",
      "properties": {
        "id": "0000129",
        "time_start": "1979-01-01",
        "time_end": "2024-12-31",
        "trend_wl": 3.6665740292084226,
        "quantile_99_wl": 1.0396136201339807,
        "quantile_1_wl": -0.9675934073110073,
        "trend_ss": -0.077196400594106,
        "quantile_99_ss": 0.3760221843012312,
        "quantile_1_ss": -0.34273601256961855
      },
      "geometry": {
        "type": "Point",
        "coordinates": [
          -79.10254895250577,
          33.195486323752824
        ]
      }
    },
    {
      "type": "Feature",
      "properties": {
        "id": "0000130",
        "time_start": "1979-01-01",
        "time_end": "2024-12-31",
        "trend_wl": 3.665730783642745,
        "quantile_99_wl": 1.0423106361225676,
        "quantile_1_wl": -0.9708729658958397,
        "trend_ss": -0.07719655447164633,
        "quantile_99_ss": 0.3774965656405077,
        "quantile_1_ss": -0.3437496823220261
      },
      "geometry": {
        "type": "Point",
        "coordinates": [
          -79.10313330568916,
          33.19991168169803
        ]
      }
    },
    {
      "type": "Feature",
      "properties": {
        "id": "0000131",
        "time_start": "1979-01-01",
        "time_end": "2024-12-31",
        "trend_wl": 3.6657304038760654,
        "quantile_99_wl": 1.0423058132762824,
        "quantile_1_wl": -0.9708729658958397,
        "trend_ss": -0.07719611075250382,
        "quantile_99_ss": 0.37744680021516575,
        "quantile_1_ss": -0.3438619782163501
      },
      "geometry": {
        "type": "Point",
        "coordinates": [
          -79.10280656732628,
          33.2044078825511
        ]
      }
    },
    {
      "type": "Feature",
      "properties": {
        "id": "0000132",
        "time_start": "1979-01-01",
        "time_end": "2024-12-31",
        "trend_wl": 3.6645555930664977,
        "quantile_99_wl": 1.044478581019319,
        "quantile_1_wl": -0.9738120496727656,
        "trend_ss": -0.07719674198590537,
        "quantile_99_ss": 0.3784468589030462,
        "quantile_1_ss": -0.344640443767513
      },
      "geometry": {
        "type": "Point",
        "coordinates": [
          -79.10247982896342,
          33.20890408340417
        ]
      }
    },
    {
      "type": "Feature",
      "properties": {
        "id": "0000133",
        "time_start": "1979-01-01",
        "time_end": "2024-12-31",
        "trend_wl": 3.6645555578506803,
        "quantile_99_wl": 1.044478581019319,
        "quantile_1_wl": -0.9738120496727656,
        "trend_ss": -0.07719633167832593,
        "quantile_99_ss": 0.378412757640126,
        "quantile_1_ss": -0.3446952648551853
      },
      "geometry": {
        "type": "Point",
        "coordinates": [
          -79.10215309060055,
          33.21340028425724
        ]
      }
    },
    {
      "type": "Feature",
      "properties": {
        "id": "0000134",
        "time_start": "1979-01-01",
        "time_end": "2024-12-31",
        "trend_wl": 3.663846927844119,
        "quantile_99_wl": 1.0464840994537954,
        "quantile_1_wl": -0.9764331266197223,
        "trend_ss": -0.07719638317241725,
        "quantile_99_ss": 0.37904792615672417,
        "quantile_1_ss": -0.34515478238417824
      },
      "geometry": {
        "type": "Point",
        "coordinates": [
          -79.101039908627,
          33.21779380931433
        ]
      }
    },
    {
      "type": "Feature",
      "properties": {
        "id": "0000135",
        "time_start": "1979-01-01",
        "time_end": "2024-12-31",
        "trend_wl": 3.6638469275523593,
        "quantile_99_wl": 1.0464840994537954,
        "quantile_1_wl": -0.9764331266197223,
        "trend_ss": -0.07719638316997081,
        "quantile_99_ss": 0.3790478970923515,
        "quantile_1_ss": -0.34515482550892806
      },
      "geometry": {
        "type": "Point",
        "coordinates": [
          -79.0997132473041,
          33.222159463126964
        ]
      }
    },
    {
      "type": "Feature",
      "properties": {
        "id": "0000136",
        "time_start": "1979-01-01",
        "time_end": "2024-12-31",
        "trend_wl": 3.6613201962595343,
        "quantile_99_wl": 1.0484349028749131,
        "quantile_1_wl": -0.9790050321811705,
        "trend_ss": -0.0771964971648128,
        "quantile_99_ss": 0.3792457182511923,
        "quantile_1_ss": -0.3456786671212496
      },
      "geometry": {
        "type": "Point",
        "coordinates": [
          -79.0983865859812,
          33.2265251169396
        ]
      }
    },
    {
      "type": "Feature",
      "properties": {
        "id": "0000137",
        "time_start": "1979-01-01",
        "time_end": "2024-12-31",
        "trend_wl": 3.6613201959673902,
        "quantile_99_wl": 1.0484349028749131,
        "quantile_1_wl": -0.9790050321811705,
        "trend_ss": -0.07719649716225092,
        "quantile_99_ss": 0.3792456589928343,
        "quantile_1_ss": -0.34567874760579975
      },
      "geometry": {
        "type": "Point",
        "coordinates": [
          -79.0970599246583,
          33.23089077075223
        ]
      }
    },
    {
      "type": "Feature",
      "properties": {
        "id": "0000138",
        "time_start": "1979-01-01",
        "time_end": "2024-12-31",
        "trend_wl": 3.6596666890033176,
        "quantile_99_wl": 1.0502927196662633,
        "quantile_1_wl": -0.9812517580431988,
        "trend_ss": -0.07719654985395222,
        "quantile_99_ss": 0.3792840490474244,
        "quantile_1_ss": -0.3458992737271919
      },
      "geometry": {
        "type": "Point",
        "coordinates": [
          -79.0957332633354,
          33.235256424564874
        ]
      }
    },
    {
      "type": "Feature",
      "properties": {
        "id": "0000139",
        "time_start": "1979-01-01",
        "time_end": "2024-12-31",
        "trend_wl": 3.6596670890540604,
        "quantile_99_wl": 1.0502927196662633,
        "quantile_1_wl": -0.9812171651681478,
        "trend_ss": -0.0771970139317959,
        "quantile_99_ss": 0.37935463439700257,
        "quantile_1_ss": -0.3459527697270437
      },
      "geometry": {
        "type": "Point",
        "coordinates": [
          -79.09593721585304,
          33.239750684203976
        ]
      }
    },
    {
      "type": "Feature",
      "properties": {
        "id": "0000140",
        "time_start": "1979-01-01",
        "time_end": "2024-12-31",
        "trend_wl": 3.657872246050478,
        "quantile_99_wl": 1.0521473263010952,
        "quantile_1_wl": -0.9834926015999086,
        "trend_ss": -0.07719671907607645,
        "quantile_99_ss": 0.3795392593601635,
        "quantile_1_ss": -0.34625235614617533
      },
      "geometry": {
        "type": "Point",
        "coordinates": [
          -79.0964910733131,
          33.244172487111456
        ]
      }
    },
    {
      "type": "Feature",
      "properties": {
        "id": "0000141",
        "time_start": "1979-01-01",
        "time_end": "2024-12-31",
        "trend_wl": 3.6647750597803945,
        "quantile_99_wl": 1.054485010411227,
        "quantile_1_wl": -0.9863677552780071,
        "trend_ss": -0.07719664493894608,
        "quantile_99_ss": 0.3807426380012495,
        "quantile_1_ss": -0.3473485869840064
      },
      "geometry": {
        "type": "Point",
        "coordinates": [
          -79.09937792077287,
          33.24797534622415
        ]
      }
    },
    {
      "type": "Feature",
      "properties": {
        "id": "0000142",
        "time_start": "1979-01-01",
        "time_end": "2024-12-31",
        "trend_wl": 3.6647750595375195,
        "quantile_99_wl": 1.054485010411227,
        "quantile_1_wl": -0.9863677552780071,
        "trend_ss": -0.07719664493638358,
        "quantile_99_ss": 0.38074261765925954,
        "quantile_1_ss": -0.34734864231494433
      },
      "geometry": {
        "type": "Point",
        "coordinates": [
          -79.10241643107305,
          33.251589739359694
        ]
      }
    },
    {
      "type": "Feature",
      "properties": {
        "id": "0000143",
        "time_start": "1979-01-01",
        "time_end": "2024-12-31",
        "trend_wl": 3.672788894602675,
        "quantile_99_wl": 1.0550340668912481,
        "quantile_1_wl": -0.9868896968051509,
        "trend_ss": -0.07719655464974169,
        "quantile_99_ss": 0.38191201767055577,
        "quantile_1_ss": -0.34817464119173747
      },
      "geometry": {
        "type": "Point",
        "coordinates": [
          -79.10771641672883,
          33.2523938781078
        ]
      }
    },
    {
      "type": "Feature",
      "properties": {
        "id": "0000144",
        "time_start": "1979-01-01",
        "time_end": "2024-12-31",
        "trend_wl": 3.6794352961656784,
        "quantile_99_wl": 1.0564861648253054,
        "quantile_1_wl": -0.9887890812105737,
        "trend_ss": -0.07719652227100451,
        "quantile_99_ss": 0.3831642491972183,
        "quantile_1_ss": -0.34917884425579426
      },
      "geometry": {
        "type": "Point",
        "coordinates": [
          -79.1130164023846,
          33.25319801685591
        ]
      }
    },
    {
      "type": "Feature",
      "properties": {
        "id": "0000145",
        "time_start": "1979-01-01",
        "time_end": "2024-12-31",
        "trend_wl": 3.686514421105305,
        "quantile_99_wl": 1.0578084180013532,
        "quantile_1_wl": -0.9902754745218563,
        "trend_ss": -0.0771964089471011,
        "quantile_99_ss": 0.38430682577867636,
        "quantile_1_ss": -0.349919923192012
      },
      "geometry": {
        "type": "Point",
        "coordinates": [
          -79.11831638804038,
          33.25400215560401
        ]
      }
    },
    {
      "type": "Feature",
      "properties": {
        "id": "0000146",
        "time_start": "1979-01-01",
        "time_end": "2024-12-31",
        "trend_wl": 3.6925124246159253,
        "quantile_99_wl": 1.0588009802188625,
        "quantile_1_wl": -0.9911670063570734,
        "trend_ss": -0.07719680244392535,
        "quantile_99_ss": 0.38502438324371047,
        "quantile_1_ss": -0.3504619697650645
      },
      "geometry": {
        "type": "Point",
        "coordinates": [
          -79.12325958135814,
          33.25522111832918
        ]
      }
    },
    {
      "type": "Feature",
      "properties": {
        "id": "0000147",
        "time_start": "1979-01-01",
        "time_end": "2024-12-31",
        "trend_wl": 3.6984839009003014,
        "quantile_99_wl": 1.0596005895754388,
        "quantile_1_wl": -0.9923188802664421,
        "trend_ss": -0.0771962615279117,
        "quantile_99_ss": 0.38580140833329674,
        "quantile_1_ss": -0.35098554861284836
      },
      "geometry": {
        "type": "Point",
        "coordinates": [
          -79.1258570155261,
          33.25916737375672
        ]
      }
    },
    {
      "type": "Feature",
      "properties": {
        "id": "0000148",
        "time_start": "1979-01-01",
        "time_end": "2024-12-31",
        "trend_wl": 3.6973618187442803,
        "quantile_99_wl": 1.0603749442447956,
        "quantile_1_wl": -0.9935510232933057,
        "trend_ss": -0.07719636173177052,
        "quantile_99_ss": 0.38531962997911,
        "quantile_1_ss": -0.35100000000000003
      },
      "geometry": {
        "type": "Point",
        "coordinates": [
          -79.12549782696307,
          33.26333235896326
        ]
      }
    },
    {
      "type": "Feature",
      "properties": {
        "id": "0000149",
        "time_start": "1979-01-01",
        "time_end": "2024-12-31",
        "trend_wl": 3.6901778300276575,
        "quantile_99_wl": 1.0601921378255408,
        "quantile_1_wl": -0.993316438037575,
        "trend_ss": -0.07719691550369046,
        "quantile_99_ss": 0.38439980224251175,
        "quantile_1_ss": -0.3505612809372471
      },
      "geometry": {
        "type": "Point",
        "coordinates": [
          -79.12376906511486,
          33.267598664659175
        ]
      }
    },
    {
      "type": "Feature",
      "properties": {
        "id": "0000150",
        "time_start": "1979-01-01",
        "time_end": "2024-12-31",
        "trend_wl": 3.690177349586719,
        "quantile_99_wl": 1.0601921378255408,
        "quantile_1_wl": -0.993316438037575,
        "trend_ss": -0.07719667849090252,
        "quantile_99_ss": 0.3844965971179149,
        "quantile_1_ss": -0.3504410104156276
      },
      "geometry": {
        "type": "Point",
        "coordinates": [
          -79.12204030326664,
          33.27186497035509
        ]
      }
    },
    {
      "type": "Feature",
      "properties": {
        "id": "0000151",
        "time_start": "1979-01-01",
        "time_end": "2024-12-31",
        "trend_wl": 3.6904622093311086,
        "quantile_99_wl": 1.0610497899470166,
        "quantile_1_wl": -0.9943887024652589,
        "trend_ss": -0.0758230361750913,
        "quantile_99_ss": 0.38365002171241464,
        "quantile_1_ss": -0.35000000000000003
      },
      "geometry": {
        "type": "Point",
        "coordinates": [
          -79.12031154141843,
          33.276131276051004
        ]
      }
    },
    {
      "type": "Feature",
      "properties": {
        "id": "0000152",
        "time_start": "1979-01-01",
        "time_end": "2024-12-31",
        "trend_wl": 3.689386774402681,
        "quantile_99_wl": 1.0618459302357108,
        "quantile_1_wl": -0.9954892340005392,
        "trend_ss": -0.07582354003160398,
        "quantile_99_ss": 0.3834791966534317,
        "quantile_1_ss": -0.35000000000000003
      },
      "geometry": {
        "type": "Point",
        "coordinates": [
          -79.11874144638574,
          33.28042056367743
        ]
      }
    },
    {
      "type": "Feature",
      "properties": {
        "id": "0000153",
        "time_start": "1979-01-01",
        "time_end": "2024-12-31",
        "trend_wl": 3.688319276214325,
        "quantile_99_wl": 1.0625906975434949,
        "quantile_1_wl": -0.996553218254896,
        "trend_ss": -0.07582320745620187,
        "quantile_99_ss": 0.38323833640560345,
        "quantile_1_ss": -0.3499011294441308
      },
      "geometry": {
        "type": "Point",
        "coordinates": [
          -79.11865301722659,
          33.28492446166231
        ]
      }
    },
    {
      "type": "Feature",
      "properties": {
        "id": "0000154",
        "time_start": "1979-01-01",
        "time_end": "2024-12-31",
        "trend_wl": 3.688319275910238,
        "quantile_99_wl": 1.0625906975434949,
        "quantile_1_wl": -0.996553218254896,
        "trend_ss": -0.0758232074524534,
        "quantile_99_ss": 0.3832383224522529,
        "quantile_1_ss": -0.3499010734445756
      },
      "geometry": {
        "type": "Point",
        "coordinates": [
          -79.11856458806744,
          33.28942835964718
        ]
      }
    },
    {
      "type": "Feature",
      "properties": {
        "id": "0000155",
        "time_start": "1979-01-01",
        "time_end": "2024-12-31",
        "trend_wl": 3.6872476125318783,
        "quantile_99_wl": 1.0636597537767585,
        "quantile_1_wl": -0.9976291105291923,
        "trend_ss": -0.07582330018977061,
        "quantile_99_ss": 0.38303612961992634,
        "quantile_1_ss": -0.34985834957009576
      },
      "geometry": {
        "type": "Point",
        "coordinates": [
          -79.1184761589083,
          33.29393225763206
        ]
      }
    },
    {
      "type": "Feature",
      "properties": {
        "id": "0000156",
        "time_start": "1979-01-01",
        "time_end": "2024-12-31",
        "trend_wl": 3.6860958589520885,
        "quantile_99_wl": 1.0645703140510856,
        "quantile_1_wl": -0.9987824865687537,
        "trend_ss": -0.0758234021106555,
        "quantile_99_ss": 0.3827447527447216,
        "quantile_1_ss": -0.3498951319895939
      },
      "geometry": {
        "type": "Point",
        "coordinates": [
          -79.11838772974914,
          33.29843615561693
        ]
      }
    },
    {
      "type": "Feature",
      "properties": {
        "id": "0000157",
        "time_start": "1979-01-01",
        "time_end": "2024-12-31",
        "trend_wl": 3.6849485905765285,
        "quantile_99_wl": 1.065603643171187,
        "quantile_1_wl": -0.9999528735263068,
        "trend_ss": -0.07582351133884103,
        "quantile_99_ss": 0.38236086817998644,
        "quantile_1_ss": -0.34984017033151404
      },
      "geometry": {
        "type": "Point",
        "coordinates": [
          -79.11800626465894,
          33.30290009891617
        ]
      }
    },
    {
      "type": "Feature",
      "properties": {
        "id": "0000158",
        "time_start": "1979-01-01",
        "time_end": "2024-12-31",
        "trend_wl": 3.6849485902857655,
        "quantile_99_wl": 1.065603643171187,
        "quantile_1_wl": -0.9999528735263068,
        "trend_ss": -0.07582351133516507,
        "quantile_99_ss": 0.3823608598060452,
        "quantile_1_ss": -0.34984016913666266
      },
      "geometry": {
        "type": "Point",
        "coordinates": [
          -79.11637730472452,
          33.30719394954399
        ]
      }
    },
    {
      "type": "Feature",
      "properties": {
        "id": "0000159",
        "time_start": "1979-01-01",
        "time_end": "2024-12-31",
        "trend_wl": 3.6837725881131527,
        "quantile_99_wl": 1.0664917818443316,
        "quantile_1_wl": -1.0010826010677976,
        "trend_ss": -0.07582361079504746,
        "quantile_99_ss": 0.38230118315353045,
        "quantile_1_ss": -0.35000000000000003
      },
      "geometry": {
        "type": "Point",
        "coordinates": [
          -79.11409676614291,
          33.31111030673276
        ]
      }
    },
    {
      "type": "Feature",
      "properties": {
        "id": "0000160",
        "time_start": "1979-01-01",
        "time_end": "2024-12-31",
        "trend_wl": 3.6759389447846003,
        "quantile_99_wl": 1.0659440641389,
        "quantile_1_wl": -1.000538662924662,
        "trend_ss": -0.07582368966217044,
        "quantile_99_ss": 0.38139602726174565,
        "quantile_1_ss": -0.3493266878831355
      },
      "geometry": {
        "type": "Point",
        "coordinates": [
          -79.10985582425668,
          33.31389090020588
        ]
      }
    },
    {
      "type": "Feature",
      "properties": {
        "id": "0000161",
        "time_start": "1979-01-01",
        "time_end": "2024-12-31",
        "trend_wl": 3.6732839802915134,
        "quantile_99_wl": 1.0666821682537455,
        "quantile_1_wl": -1.0016004737063509,
        "trend_ss": -0.07582378932537197,
        "quantile_99_ss": 0.38097682366165925,
        "quantile_1_ss": -0.349500452900091
      },
      "geometry": {
        "type": "Point",
        "coordinates": [
          -79.10561488237047,
          33.316671493678996
        ]
      }
    },
    {
      "type": "Feature",
      "properties": {
        "id": "0000162",
        "time_start": "1979-01-01",
        "time_end": "2024-12-31",
        "trend_wl": 3.665268160483151,
        "quantile_99_wl": 1.066188940272322,
        "quantile_1_wl": -1.0010922257506916,
        "trend_ss": -0.07582427600217091,
        "quantile_99_ss": 0.3802313101128986,
        "quantile_1_ss": -0.3486507776667817
      },
      "geometry": {
        "type": "Point",
        "coordinates": [
          -79.10137394048425,
          33.319452087152115
        ]
      }
    },
    {
      "type": "Feature",
      "properties": {
        "id": "0000163",
        "time_start": "1979-01-01",
        "time_end": "2024-12-31",
        "trend_wl": 3.6619947558303974,
        "quantile_99_wl": 1.066824447488011,
        "quantile_1_wl": -1.002228018648591,
        "trend_ss": -0.07582397673646542,
        "quantile_99_ss": 0.37999925941102436,
        "quantile_1_ss": -0.34833424436236743
      },
      "geometry": {
        "type": "Point",
        "coordinates": [
          -79.09713299859803,
          33.322232680625234
        ]
      }
    },
    {
      "type": "Feature",
      "properties": {
        "id": "0000164",
        "time_start": "1979-01-01",
        "time_end": "2024-12-31",
        "trend_wl": 3.653682138190907,
        "quantile_99_wl": 1.0661631547923827,
        "quantile_1_wl": -1.0013572769393648,
        "trend_ss": -0.07582445287219669,
        "quantile_99_ss": 0.3789682929816334,
        "quantile_1_ss": -0.3475942523334618
      },
      "geometry": {
        "type": "Point",
        "coordinates": [
          -79.09289205671182,
          33.32501327409835
        ]
      }
    },
    {
      "type": "Feature",
      "properties": {
        "id": "0000165",
        "time_start": "1979-01-01",
        "time_end": "2024-12-31",
        "trend_wl": 3.653682129620192,
        "quantile_99_wl": 1.0661631547923827,
        "quantile_1_wl": -1.0013572769393648,
        "trend_ss": -0.07582403553644662,
        "quantile_99_ss": 0.3789146348131058,
        "quantile_1_ss": -0.3475889954402243
      },
      "geometry": {
        "type": "Point",
        "coordinates": [
          -79.08907279972999,
          33.32809278403992
        ]
      }
    },
    {
      "type": "Feature",
      "properties": {
        "id": "0000166",
        "time_start": "1979-01-01",
        "time_end": "2024-12-31",
        "trend_wl": 3.650327452003641,
        "quantile_99_wl": 1.0672574713488663,
        "quantile_1_wl": -1.0026662786814506,
        "trend_ss": -0.07582457923285754,
        "quantile_99_ss": 0.37888907291677787,
        "quantile_1_ss": -0.34739650523008914
      },
      "geometry": {
        "type": "Point",
        "coordinates": [
          -79.08648207289315,
          33.33204315250279
        ]
      }
    },
    {
      "type": "Feature",
      "properties": {
        "id": "0000167",
        "time_start": "1979-01-01",
        "time_end": "2024-12-31",
        "trend_wl": 3.6503274142923234,
        "quantile_99_wl": 1.0672574713488663,
        "quantile_1_wl": -1.0026662786814506,
        "trend_ss": -0.07582417040391726,
        "quantile_99_ss": 0.37885371572371307,
        "quantile_1_ss": -0.34745445795581775
      },
      "geometry": {
        "type": "Point",
        "coordinates": [
          -79.0838913460563,
          33.33599352096567
        ]
      }
    },
    {
      "type": "Feature",
      "properties": {
        "id": "0000168",
        "time_start": "1979-01-01",
        "time_end": "2024-12-31",
        "trend_wl": 3.64681864349336,
        "quantile_99_wl": 1.0679928730808572,
        "quantile_1_wl": -1.003903190326388,
        "trend_ss": -0.07582428071759548,
        "quantile_99_ss": 0.3788875547001294,
        "quantile_1_ss": -0.34737475257231776
      },
      "geometry": {
        "type": "Point",
        "coordinates": [
          -79.0814935738384,
          33.33999285675811
        ]
      }
    },
    {
      "type": "Feature",
      "properties": {
        "id": "0000169",
        "time_start": "1979-01-01",
        "time_end": "2024-12-31",
        "trend_wl": 3.6436615124872302,
        "quantile_99_wl": 1.0687836486892668,
        "quantile_1_wl": -1.0048577069346276,
        "trend_ss": -0.07582476651761709,
        "quantile_99_ss": 0.37858912357960317,
        "quantile_1_ss": -0.34732307472816265
      },
      "geometry": {
        "type": "Point",
        "coordinates": [
          -79.08101691982283,
          33.3444797270218
        ]
      }
    },
    {
      "type": "Feature",
      "properties": {
        "id": "0000170",
        "time_start": "1979-01-01",
        "time_end": "2024-12-31",
        "trend_wl": 3.6436614480498606,
        "quantile_99_wl": 1.0687836486892668,
        "quantile_1_wl": -1.0048577069346276,
        "trend_ss": -0.07582437172979907,
        "quantile_99_ss": 0.3786043606255507,
        "quantile_1_ss": -0.3473682059453102
      },
      "geometry": {
        "type": "Point",
        "coordinates": [
          -79.08082205956379,
          33.34896108735905
        ]
      }
    },
    {
      "type": "Feature",
      "properties": {
        "id": "0000171",
        "time_start": "1979-01-01",
        "time_end": "2024-12-31",
        "trend_wl": 3.646659731476836,
        "quantile_99_wl": 1.0704269018458412,
        "quantile_1_wl": -1.0071278309288434,
        "trend_ss": -0.07582433196752437,
        "quantile_99_ss": 0.378918042455067,
        "quantile_1_ss": -0.3479067085537124
      },
      "geometry": {
        "type": "Point",
        "coordinates": [
          -79.08154964895628,
          33.35342441099533
        ]
      }
    },
    {
      "type": "Feature",
      "properties": {
        "id": "0000172",
        "time_start": "1979-01-01",
        "time_end": "2024-12-31",
        "trend_wl": 3.6466595907431945,
        "quantile_99_wl": 1.0704269018458412,
        "quantile_1_wl": -1.0071278309288434,
        "trend_ss": -0.07582483077520508,
        "quantile_99_ss": 0.3788839203341243,
        "quantile_1_ss": -0.34797605296275624
      },
      "geometry": {
        "type": "Point",
        "coordinates": [
          -79.08227723834877,
          33.35788773463162
        ]
      }
    },
    {
      "type": "Feature",
      "properties": {
        "id": "0000173",
        "time_start": "1979-01-01",
        "time_end": "2024-12-31",
        "trend_wl": 3.643712927785157,
        "quantile_99_wl": 1.0710473491283388,
        "quantile_1_wl": -1.0080377943149128,
        "trend_ss": -0.07582490792930591,
        "quantile_99_ss": 0.37857419253124625,
        "quantile_1_ss": -0.3478834478949302
      },
      "geometry": {
        "type": "Point",
        "coordinates": [
          -79.08300482774126,
          33.3623510582679
        ]
      }
    },
    {
      "type": "Feature",
      "properties": {
        "id": "0000174",
        "time_start": "1979-01-01",
        "time_end": "2024-12-31",
        "trend_wl": 3.6487521858355003,
        "quantile_99_wl": 1.0723345580461525,
        "quantile_1_wl": -1.009748270584727,
        "trend_ss": -0.0758245051991129,
        "quantile_99_ss": 0.37899008648559035,
        "quantile_1_ss": -0.34845289530277207
      },
      "geometry": {
        "type": "Point",
        "coordinates": [
          -79.08373241713376,
          33.36681438190418
        ]
      }
    },
    {
      "type": "Feature",
      "properties": {
        "id": "0000175",
        "time_start": "1979-01-01",
        "time_end": "2024-12-31",
        "trend_wl": 3.64584934418443,
        "quantile_99_wl": 1.072800648983738,
        "quantile_1_wl": -1.0104576809154167,
        "trend_ss": -0.07582497219181274,
        "quantile_99_ss": 0.37880189086996197,
        "quantile_1_ss": -0.348368389082653
      },
      "geometry": {
        "type": "Point",
        "coordinates": [
          -79.08446000652624,
          33.371277705540464
        ]
      }
    },
    {
      "type": "Feature",
      "properties": {
        "id": "0000176",
        "time_start": "1979-01-01",
        "time_end": "2024-12-31",
        "trend_wl": 3.650699403705375,
        "quantile_99_wl": 1.0740859343668143,
        "quantile_1_wl": -1.0116842456782058,
        "trend_ss": -0.07582498393876684,
        "quantile_99_ss": 0.3792152324458571,
        "quantile_1_ss": -0.3489371153388161
      },
      "geometry": {
        "type": "Point",
        "coordinates": [
          -79.08381404615811,
          33.375663226191676
        ]
      }
    },
    {
      "type": "Feature",
      "properties": {
        "id": "0000177",
        "time_start": "1979-01-01",
        "time_end": "2024-12-31",
        "trend_wl": 3.6479871297103053,
        "quantile_99_wl": 1.0746732964661005,
        "quantile_1_wl": -1.0124624721326714,
        "trend_ss": -0.07582454131712861,
        "quantile_99_ss": 0.379,
        "quantile_1_ss": -0.34878288552475023
      },
      "geometry": {
        "type": "Point",
        "coordinates": [
          -79.08237102285823,
          33.38000359822349
        ]
      }
    },
    {
      "type": "Feature",
      "properties": {
        "id": "0000178",
        "time_start": "1979-01-01",
        "time_end": "2024-12-31",
        "trend_wl": 3.6452590350281313,
        "quantile_99_wl": 1.0750972272101713,
        "quantile_1_wl": -1.0128579707321297,
        "trend_ss": -0.07582473251476017,
        "quantile_99_ss": 0.379,
        "quantile_1_ss": -0.34865798143528587
      },
      "geometry": {
        "type": "Point",
        "coordinates": [
          -79.08092799955834,
          33.3843439702553
        ]
      }
    },
    {
      "type": "Feature",
      "properties": {
        "id": "0000179",
        "time_start": "1979-01-01",
        "time_end": "2024-12-31",
        "trend_wl": 3.64525903473126,
        "quantile_99_wl": 1.0750972272101713,
        "quantile_1_wl": -1.0128579707321297,
        "trend_ss": -0.07582473251238002,
        "quantile_99_ss": 0.379,
        "quantile_1_ss": -0.3486580353647317
      },
      "geometry": {
        "type": "Point",
        "coordinates": [
          -79.07948497625846,
          33.388684342287114
        ]
      }
    },
    {
      "type": "Feature",
      "properties": {
        "id": "0000180",
        "time_start": "1979-01-01",
        "time_end": "2024-12-31",
        "trend_wl": 3.6424891727073163,
        "quantile_99_wl": 1.0756550678364232,
        "quantile_1_wl": -1.0136136640462776,
        "trend_ss": -0.0758246806858495,
        "quantile_99_ss": 0.3787220653511055,
        "quantile_1_ss": -0.3483976477579776
      },
      "geometry": {
        "type": "Point",
        "coordinates": [
          -79.07804195295857,
          33.393024714318926
        ]
      }
    },
    {
      "type": "Feature",
      "properties": {
        "id": "0000181",
        "time_start": "1979-01-01",
        "time_end": "2024-12-31",
        "trend_wl": 3.6396708817151016,
        "quantile_99_wl": 1.0762493603853527,
        "quantile_1_wl": -1.0143249080485153,
        "trend_ss": -0.07582486251456912,
        "quantile_99_ss": 0.3784920030854277,
        "quantile_1_ss": -0.34827273068723297
      },
      "geometry": {
        "type": "Point",
        "coordinates": [
          -79.0765989296587,
          33.39736508635074
        ]
      }
    },
    {
      "type": "Feature",
      "properties": {
        "id": "0000182",
        "time_start": "1979-01-01",
        "time_end": "2024-12-31",
        "trend_wl": 3.636735064574541,
        "quantile_99_wl": 1.0766542414131053,
        "quantile_1_wl": -1.0150634690323792,
        "trend_ss": -0.07582532123008842,
        "quantile_99_ss": 0.3781733535631105,
        "quantile_1_ss": -0.34824222546409633
      },
      "geometry": {
        "type": "Point",
        "coordinates": [
          -79.07515590635882,
          33.40170545838255
        ]
      }
    },
    {
      "type": "Feature",
      "properties": {
        "id": "0000183",
        "time_start": "1979-01-01",
        "time_end": "2024-12-31",
        "trend_wl": 3.636735028022022,
        "quantile_99_wl": 1.0766542414131053,
        "quantile_1_wl": -1.0150634690323792,
        "trend_ss": -0.07582494102335759,
        "quantile_99_ss": 0.37821342317262235,
        "quantile_1_ss": -0.3482208953874238
      },
      "geometry": {
        "type": "Point",
        "coordinates": [
          -79.07243888215247,
          33.405580709141475
        ]
      }
    },
    {
      "type": "Feature",
      "properties": {
        "id": "0000184",
        "time_start": "1979-01-01",
        "time_end": "2024-12-31",
        "trend_wl": 3.6338527330084127,
        "quantile_99_wl": 1.0770204944761164,
        "quantile_1_wl": -1.0159360640990023,
        "trend_ss": -0.07582501449052499,
        "quantile_99_ss": 0.3779128093367165,
        "quantile_1_ss": -0.34807839284710895
      },
      "geometry": {
        "type": "Point",
        "coordinates": [
          -79.06960036560936,
          33.40941160461774
        ]
      }
    },
    {
      "type": "Feature",
      "properties": {
        "id": "0000185",
        "time_start": "1979-01-01",
        "time_end": "2024-12-31",
        "trend_wl": 3.625273639890382,
        "quantile_99_wl": 1.0767927971697873,
        "quantile_1_wl": -1.0157748881355189,
        "trend_ss": -0.07582497372194967,
        "quantile_99_ss": 0.3771260880197371,
        "quantile_1_ss": -0.34746096792213044
      },
      "geometry": {
        "type": "Point",
        "coordinates": [
          -79.06590696997908,
          33.41263834356955
        ]
      }
    },
    {
      "type": "Feature",
      "properties": {
        "id": "0000186",
        "time_start": "1979-01-01",
        "time_end": "2024-12-31",
        "trend_wl": 3.6202531277021763,
        "quantile_99_wl": 1.0769490036524583,
        "quantile_1_wl": -1.0163211144399815,
        "trend_ss": -0.07582545046642651,
        "quantile_99_ss": 0.3766393072206313,
        "quantile_1_ss": -0.34736050444628713
      },
      "geometry": {
        "type": "Point",
        "coordinates": [
          -79.061847928178,
          33.41560667460959
        ]
      }
    },
    {
      "type": "Feature",
      "properties": {
        "id": "0000187",
        "time_start": "1979-01-01",
        "time_end": "2024-12-31",
        "trend_wl": 3.6121809066814214,
        "quantile_99_wl": 1.0763909173280468,
        "quantile_1_wl": -1.0153421910270408,
        "trend_ss": -0.07582523944002638,
        "quantile_99_ss": 0.376001063998228,
        "quantile_1_ss": -0.3465531455413576
      },
      "geometry": {
        "type": "Point",
        "coordinates": [
          -79.05695527849612,
          33.41704957767894
        ]
      }
    },
    {
      "type": "Feature",
      "properties": {
        "id": "0000188",
        "time_start": "1979-01-01",
        "time_end": "2024-12-31",
        "trend_wl": 3.612180879419492,
        "quantile_99_wl": 1.0763909173280468,
        "quantile_1_wl": -1.0153421910270408,
        "trend_ss": -0.07582524449962397,
        "quantile_99_ss": 0.37599412066279697,
        "quantile_1_ss": -0.34656338151997407
      },
      "geometry": {
        "type": "Point",
        "coordinates": [
          -79.05160859128303,
          33.41766163261714
        ]
      }
    },
    {
      "type": "Feature",
      "properties": {
        "id": "0000189",
        "time_start": "1979-01-01",
        "time_end": "2024-12-31",
        "trend_wl": 3.6031905929615387,
        "quantile_99_wl": 1.0753236636581278,
        "quantile_1_wl": -1.0146131710682307,
        "trend_ss": -0.07626162931565153,
        "quantile_99_ss": 0.37442823486998167,
        "quantile_1_ss": -0.345692760580034
      },
      "geometry": {
        "type": "Point",
        "coordinates": [
          -79.04626190406994,
          33.41827368755535
        ]
      }
    },
    {
      "type": "Feature",
      "properties": {
        "id": "0000190",
        "time_start": "1979-01-01",
        "time_end": "2024-12-31",
        "trend_wl": 3.5973602520934502,
        "quantile_99_wl": 1.0754040906375748,
        "quantile_1_wl": -1.0150009781180167,
        "trend_ss": -0.07626159326231509,
        "quantile_99_ss": 0.37378479111043494,
        "quantile_1_ss": -0.3454970272656757
      },
      "geometry": {
        "type": "Point",
        "coordinates": [
          -79.04091521685685,
          33.41888574249356
        ]
      }
    },
    {
      "type": "Feature",
      "properties": {
        "id": "0000191",
        "time_start": "1979-01-01",
        "time_end": "2024-12-31",
        "trend_wl": 3.589344465077077,
        "quantile_99_wl": 1.0744931487219957,
        "quantile_1_wl": -1.0136894337553852,
        "trend_ss": -0.07626163779603638,
        "quantile_99_ss": 0.37298657283967546,
        "quantile_1_ss": -0.3446111119577193
      },
      "geometry": {
        "type": "Point",
        "coordinates": [
          -79.03556852964375,
          33.41949779743176
        ]
      }
    },
    {
      "type": "Feature",
      "properties": {
        "id": "0000192",
        "time_start": "1979-01-01",
        "time_end": "2024-12-31",
        "trend_wl": 3.5795613908374246,
        "quantile_99_wl": 1.07375687523153,
        "quantile_1_wl": -1.0130550474854927,
        "trend_ss": -0.07626182040695209,
        "quantile_99_ss": 0.3720208891707006,
        "quantile_1_ss": -0.3437279811018957
      },
      "geometry": {
        "type": "Point",
        "coordinates": [
          -79.03052200046515,
          33.420609551158655
        ]
      }
    },
    {
      "type": "Feature",
      "properties": {
        "id": "0000193",
        "time_start": "1979-01-01",
        "time_end": "2024-12-31",
        "trend_wl": 3.57956162429739,
        "quantile_99_wl": 1.07375687523153,
        "quantile_1_wl": -1.0130550474854927,
        "trend_ss": -0.07626169347965692,
        "quantile_99_ss": 0.3719583808898115,
        "quantile_1_ss": -0.3437964193199059
      },
      "geometry": {
        "type": "Point",
        "coordinates": [
          -79.0267362132277,
          33.423820169978065
        ]
      }
    },
    {
      "type": "Feature",
      "properties": {
        "id": "0000194",
        "time_start": "1979-01-01",
        "time_end": "2024-12-31",
        "trend_wl": 3.572572235444831,
        "quantile_99_wl": 1.0741120200941539,
        "quantile_1_wl": -1.013733850617855,
        "trend_ss": -0.07626195316665052,
        "quantile_99_ss": 0.371453811793312,
        "quantile_1_ss": -0.3436964418118754
      },
      "geometry": {
        "type": "Point",
        "coordinates": [
          -79.02295042599023,
          33.427030788797474
        ]
      }
    },
    {
      "type": "Feature",
      "properties": {
        "id": "0000195",
        "time_start": "1979-01-01",
        "time_end": "2024-12-31",
        "trend_wl": 3.5725724407894472,
        "quantile_99_wl": 1.0740900563522942,
        "quantile_1_wl": -1.0137442042835851,
        "trend_ss": -0.07626183000970725,
        "quantile_99_ss": 0.37152010115356393,
        "quantile_1_ss": -0.34377357330153996
      },
      "geometry": {
        "type": "Point",
        "coordinates": [
          -79.01916463875277,
          33.43024140761689
        ]
      }
    },
    {
      "type": "Feature",
      "properties": {
        "id": "0000196",
        "time_start": "1979-01-01",
        "time_end": "2024-12-31",
        "trend_wl": 3.5665593964610873,
        "quantile_99_wl": 1.0740994413805736,
        "quantile_1_wl": -1.0146301123654384,
        "trend_ss": -0.07626154249615506,
        "quantile_99_ss": 0.3712962586699738,
        "quantile_1_ss": -0.34358016610230996
      },
      "geometry": {
        "type": "Point",
        "coordinates": [
          -79.01537885151531,
          33.4334520264363
        ]
      }
    },
    {
      "type": "Feature",
      "properties": {
        "id": "0000197",
        "time_start": "1979-01-01",
        "time_end": "2024-12-31",
        "trend_wl": 3.560579391977327,
        "quantile_99_wl": 1.0742048750329503,
        "quantile_1_wl": -1.015069398450052,
        "trend_ss": -0.0762620399193824,
        "quantile_99_ss": 0.3708705273552072,
        "quantile_1_ss": -0.34336549387889215
      },
      "geometry": {
        "type": "Point",
        "coordinates": [
          -79.01159306427785,
          33.436662645255716
        ]
      }
    },
    {
      "type": "Feature",
      "properties": {
        "id": "0000198",
        "time_start": "1979-01-01",
        "time_end": "2024-12-31",
        "trend_wl": 3.552026248703767,
        "quantile_99_wl": 1.0732877003085697,
        "quantile_1_wl": -1.0139483244444298,
        "trend_ss": -0.076261700939827,
        "quantile_99_ss": 0.3699789888536592,
        "quantile_1_ss": -0.34243233308202536
      },
      "geometry": {
        "type": "Point",
        "coordinates": [
          -79.00688348143818,
          33.438633556351284
        ]
      }
    },
    {
      "type": "Feature",
      "properties": {
        "id": "0000199",
        "time_start": "1979-01-01",
        "time_end": "2024-12-31",
        "trend_wl": 3.5520262746373894,
        "quantile_99_wl": 1.0732877003085697,
        "quantile_1_wl": -1.0139483244444298,
        "trend_ss": -0.07626169596579836,
        "quantile_99_ss": 0.36997990628041627,
        "quantile_1_ss": -0.34245082152300355
      },
      "geometry": {
        "type": "Point",
        "coordinates": [
          -79.00175742153095,
          33.44004556693227
        ]
      }
    },
    {
      "type": "Feature",
      "properties": {
        "id": "0000200",
        "time_start": "1979-01-01",
        "time_end": "2024-12-31",
        "trend_wl": 3.5428441621396964,
        "quantile_99_wl": 1.0724977159715035,
        "quantile_1_wl": -1.012842417416968,
        "trend_ss": -0.07626174430771714,
        "quantile_99_ss": 0.36908933692772045,
        "quantile_1_ss": -0.34143282993212876
      },
      "geometry": {
        "type": "Point",
        "coordinates": [
          -78.99663136162373,
          33.441457577513255
        ]
      }
    },
    {
      "type": "Feature",
      "properties": {
        "id": "0000201",
        "time_start": "1979-01-01",
        "time_end": "2024-12-31",
        "trend_wl": 3.5365091880588357,
        "quantile_99_wl": 1.0731006215972072,
        "quantile_1_wl": -1.0134781695822308,
        "trend_ss": -0.07626222567124169,
        "quantile_99_ss": 0.36889780455554444,
        "quantile_1_ss": -0.3414388753445915
      },
      "geometry": {
        "type": "Point",
        "coordinates": [
          -78.99150530171651,
          33.44286958809424
        ]
      }
    },
    {
      "type": "Feature",
      "properties": {
        "id": "0000202",
        "time_start": "1979-01-01",
        "time_end": "2024-12-31",
        "trend_wl": 3.5365089257407996,
        "quantile_99_wl": 1.0731006215972072,
        "quantile_1_wl": -1.0134781695822308,
        "trend_ss": -0.07626196595598932,
        "quantile_99_ss": 0.3688382595554613,
        "quantile_1_ss": -0.34146589074795974
      },
      "geometry": {
        "type": "Point",
        "coordinates": [
          -78.98690024083385,
          33.44497229168488
        ]
      }
    },
    {
      "type": "Feature",
      "properties": {
        "id": "0000203",
        "time_start": "1979-01-01",
        "time_end": "2024-12-31",
        "trend_wl": 3.5301454053157273,
        "quantile_99_wl": 1.073280664370148,
        "quantile_1_wl": -1.0142353020466137,
        "trend_ss": -0.0762624776520064,
        "quantile_99_ss": 0.3686230425622401,
        "quantile_1_ss": -0.3412168489460822
      },
      "geometry": {
        "type": "Point",
        "coordinates": [
          -78.98337486226107,
          33.44832137443292
        ]
      }
    },
    {
      "type": "Feature",
      "properties": {
        "id": "0000204",
        "time_start": "1979-01-01",
        "time_end": "2024-12-31",
        "trend_wl": 3.530145575448351,
        "quantile_99_wl": 1.073280664370148,
        "quantile_1_wl": -1.0142353020466137,
        "trend_ss": -0.07626196205472488,
        "quantile_99_ss": 0.36853861280073746,
        "quantile_1_ss": -0.3412454825470946
      },
      "geometry": {
        "type": "Point",
        "coordinates": [
          -78.98196185782699,
          33.452668864550596
        ]
      }
    },
    {
      "type": "Feature",
      "properties": {
        "id": "0000205",
        "time_start": "1979-01-01",
        "time_end": "2024-12-31",
        "trend_wl": 3.523715042626737,
        "quantile_99_wl": 1.0736713421121085,
        "quantile_1_wl": -1.0150788349927005,
        "trend_ss": -0.07626245749862025,
        "quantile_99_ss": 0.3683751551414928,
        "quantile_1_ss": -0.34101804274909403
      },
      "geometry": {
        "type": "Point",
        "coordinates": [
          -78.98018026228029,
          33.456854101277266
        ]
      }
    },
    {
      "type": "Feature",
      "properties": {
        "id": "0000206",
        "time_start": "1979-01-01",
        "time_end": "2024-12-31",
        "trend_wl": 3.5237148362320747,
        "quantile_99_wl": 1.0736713421121085,
        "quantile_1_wl": -1.0150816276544132,
        "trend_ss": -0.0762625854390616,
        "quantile_99_ss": 0.36837924948430056,
        "quantile_1_ss": -0.3410619791266052
      },
      "geometry": {
        "type": "Point",
        "coordinates": [
          -78.97645857882515,
          33.45992981831614
        ]
      }
    },
    {
      "type": "Feature",
      "properties": {
        "id": "0000207",
        "time_start": "1979-01-01",
        "time_end": "2024-12-31",
        "trend_wl": 3.5136880245559565,
        "quantile_99_wl": 1.072443702629764,
        "quantile_1_wl": -1.0137548933099358,
        "trend_ss": -0.07626261714208833,
        "quantile_99_ss": 0.3673668163589161,
        "quantile_1_ss": -0.34
      },
      "geometry": {
        "type": "Point",
        "coordinates": [
          -78.9710808263728,
          33.46033278323875
        ]
      }
    },
    {
      "type": "Feature",
      "properties": {
        "id": "0000208",
        "time_start": "1979-01-01",
        "time_end": "2024-12-31",
        "trend_wl": 3.50715767996019,
        "quantile_99_wl": 1.072614202591879,
        "quantile_1_wl": -1.0145927068399982,
        "trend_ss": -0.07626256554034232,
        "quantile_99_ss": 0.3669884316931615,
        "quantile_1_ss": -0.3399763571330038
      },
      "geometry": {
        "type": "Point",
        "coordinates": [
          -78.96570307392045,
          33.460735748161355
        ]
      }
    },
    {
      "type": "Feature",
      "properties": {
        "id": "0000209",
        "time_start": "1979-01-01",
        "time_end": "2024-12-31",
        "trend_wl": 3.503213373307591,
        "quantile_99_wl": 1.0713270491770117,
        "quantile_1_wl": -1.0125659559388591,
        "trend_ss": -0.07626211865961127,
        "quantile_99_ss": 0.3661891652370884,
        "quantile_1_ss": -0.3389822461413013
      },
      "geometry": {
        "type": "Point",
        "coordinates": [
          -78.9603253214681,
          33.46113871308396
        ]
      }
    },
    {
      "type": "Feature",
      "properties": {
        "id": "0000210",
        "time_start": "1979-01-01",
        "time_end": "2024-12-31",
        "trend_wl": 3.4965690073020803,
        "quantile_99_wl": 1.0716725872955808,
        "quantile_1_wl": -1.0131894222311433,
        "trend_ss": -0.0762625969520542,
        "quantile_99_ss": 0.3660222104535112,
        "quantile_1_ss": -0.33876417523400565
      },
      "geometry": {
        "type": "Point",
        "coordinates": [
          -78.95494756901576,
          33.46154167800657
        ]
      }
    },
    {
      "type": "Feature",
      "properties": {
        "id": "0000211",
        "time_start": "1979-01-01",
        "time_end": "2024-12-31",
        "trend_wl": 3.4927478257148787,
        "quantile_99_wl": 1.070138998498359,
        "quantile_1_wl": -1.0111193620847707,
        "trend_ss": -0.07626213399330041,
        "quantile_99_ss": 0.3652661931042954,
        "quantile_1_ss": -0.33762871428770924
      },
      "geometry": {
        "type": "Point",
        "coordinates": [
          -78.94956981656341,
          33.461944642929176
        ]
      }
    },
    {
      "type": "Feature",
      "properties": {
        "id": "0000212",
        "time_start": "1979-01-01",
        "time_end": "2024-12-31",
        "trend_wl": 3.48590870688077,
        "quantile_99_wl": 1.0705673511287062,
        "quantile_1_wl": -1.0118604412688896,
        "trend_ss": -0.07626274169088701,
        "quantile_99_ss": 0.3650778725824533,
        "quantile_1_ss": -0.33759260220005927
      },
      "geometry": {
        "type": "Point",
        "coordinates": [
          -78.94419206411106,
          33.46234760785178
        ]
      }
    },
    {
      "type": "Feature",
      "properties": {
        "id": "0000213",
        "time_start": "1979-01-01",
        "time_end": "2024-12-31",
        "trend_wl": 3.485908910468846,
        "quantile_99_wl": 1.0705325176580627,
        "quantile_1_wl": -1.0118604412688896,
        "trend_ss": -0.07626261204346534,
        "quantile_99_ss": 0.365072867414572,
        "quantile_1_ss": -0.33771152084142275
      },
      "geometry": {
        "type": "Point",
        "coordinates": [
          -78.94256254507911,
          33.46639453014682
        ]
      }
    },
    {
      "type": "Feature",
      "properties": {
        "id": "0000214",
        "time_start": "1979-01-01",
        "time_end": "2024-12-31",
        "trend_wl": 3.4792905535042404,
        "quantile_99_wl": 1.0708375306905955,
        "quantile_1_wl": -1.0124769275627803,
        "trend_ss": -0.07626271721094662,
        "quantile_99_ss": 0.3647802508080784,
        "quantile_1_ss": -0.33739570513676703
      },
      "geometry": {
        "type": "Point",
        "coordinates": [
          -78.94126873595438,
          33.47076782288206
        ]
      }
    },
    {
      "type": "Feature",
      "properties": {
        "id": "0000215",
        "time_start": "1979-01-01",
        "time_end": "2024-12-31",
        "trend_wl": 3.4792903495416527,
        "quantile_99_wl": 1.0708375306905955,
        "quantile_1_wl": -1.0124769275627803,
        "trend_ss": -0.07626284724778148,
        "quantile_99_ss": 0.36484057586877766,
        "quantile_1_ss": -0.3373933114105045
      },
      "geometry": {
        "type": "Point",
        "coordinates": [
          -78.94114986081507,
          33.47516694039846
        ]
      }
    },
    {
      "type": "Feature",
      "properties": {
        "id": "0000216",
        "time_start": "1979-01-01",
        "time_end": "2024-12-31",
        "trend_wl": 3.4836449365925684,
        "quantile_99_wl": 1.0721350178165352,
        "quantile_1_wl": -1.0145680626333506,
        "trend_ss": -0.07626280444055827,
        "quantile_99_ss": 0.36576944178559606,
        "quantile_1_ss": -0.33832097399943156
      },
      "geometry": {
        "type": "Point",
        "coordinates": [
          -78.94216598569055,
          33.479591004956454
        ]
      }
    },
    {
      "type": "Feature",
      "properties": {
        "id": "0000217",
        "time_start": "1979-01-01",
        "time_end": "2024-12-31",
        "trend_wl": 3.483644696586215,
        "quantile_99_wl": 1.0721350178165352,
        "quantile_1_wl": -1.0145680626333506,
        "trend_ss": -0.07626254434542358,
        "quantile_99_ss": 0.3656895839283593,
        "quantile_1_ss": -0.3384181867670851
      },
      "geometry": {
        "type": "Point",
        "coordinates": [
          -78.94318211056603,
          33.48401506951444
        ]
      }
    },
    {
      "type": "Feature",
      "properties": {
        "id": "0000218",
        "time_start": "1979-01-01",
        "time_end": "2024-12-31",
        "trend_wl": 3.484054921288047,
        "quantile_99_wl": 1.0737953061172116,
        "quantile_1_wl": -1.0170769482906408,
        "trend_ss": -0.07626298151463477,
        "quantile_99_ss": 0.3662405620827899,
        "quantile_1_ss": -0.3392530030590584
      },
      "geometry": {
        "type": "Point",
        "coordinates": [
          -78.9441982354415,
          33.488439134072436
        ]
      }
    },
    {
      "type": "Feature",
      "properties": {
        "id": "0000219",
        "time_start": "1979-01-01",
        "time_end": "2024-12-31",
        "trend_wl": 3.484054920980213,
        "quantile_99_wl": 1.0737953061172116,
        "quantile_1_wl": -1.0170769482906408,
        "trend_ss": -0.07626298151306872,
        "quantile_99_ss": 0.36624062848149946,
        "quantile_1_ss": -0.33925312993335177
      },
      "geometry": {
        "type": "Point",
        "coordinates": [
          -78.94521436031698,
          33.49286319863043
        ]
      }
    },
    {
      "type": "Feature",
      "properties": {
        "id": "0000220",
        "time_start": "1979-01-01",
        "time_end": "2024-12-31",
        "trend_wl": 3.4861136656698193,
        "quantile_99_wl": 1.0748783551075896,
        "quantile_1_wl": -1.0187915116573911,
        "trend_ss": -0.07626308052635598,
        "quantile_99_ss": 0.3668887378753991,
        "quantile_1_ss": -0.3400010578998912
      },
      "geometry": {
        "type": "Point",
        "coordinates": [
          -78.94623048519246,
          33.49728726318842
        ]
      }
    },
    {
      "type": "Feature",
      "properties": {
        "id": "0000221",
        "time_start": "1979-01-01",
        "time_end": "2024-12-31",
        "trend_wl": 3.48611363162919,
        "quantile_99_wl": 1.0748783551075896,
        "quantile_1_wl": -1.0187915116573911,
        "trend_ss": -0.07626268469203186,
        "quantile_99_ss": 0.3667930977864359,
        "quantile_1_ss": -0.34005583239627496
      },
      "geometry": {
        "type": "Point",
        "coordinates": [
          -78.94640103883108,
          33.50178026286707
        ]
      }
    },
    {
      "type": "Feature",
      "properties": {
        "id": "0000222",
        "time_start": "1979-01-01",
        "time_end": "2024-12-31",
        "trend_wl": 3.4869526762378373,
        "quantile_99_wl": 1.076260721001946,
        "quantile_1_wl": -1.0207643358205376,
        "trend_ss": -0.07626319477731826,
        "quantile_99_ss": 0.3671750849596019,
        "quantile_1_ss": -0.3409459973728787
      },
      "geometry": {
        "type": "Point",
        "coordinates": [
          -78.9464313413468,
          33.506284696506185
        ]
      }
    },
    {
      "type": "Feature",
      "properties": {
        "id": "0000223",
        "time_start": "1979-01-01",
        "time_end": "2024-12-31",
        "trend_wl": 3.48695267592397,
        "quantile_99_wl": 1.076260721001946,
        "quantile_1_wl": -1.0207643358205376,
        "trend_ss": -0.07626319477579588,
        "quantile_99_ss": 0.3671751423489705,
        "quantile_1_ss": -0.3409461096686141
      },
      "geometry": {
        "type": "Point",
        "coordinates": [
          -78.9464616438625,
          33.51078913014529
        ]
      }
    },
    {
      "type": "Feature",
      "properties": {
        "id": "0000224",
        "time_start": "1979-01-01",
        "time_end": "2024-12-31",
        "trend_wl": 3.4812976678313508,
        "quantile_99_wl": 1.07635401747802,
        "quantile_1_wl": -1.0211856520075422,
        "trend_ss": -0.07626328699962535,
        "quantile_99_ss": 0.36660739105687484,
        "quantile_1_ss": -0.34070734209750203
      },
      "geometry": {
        "type": "Point",
        "coordinates": [
          -78.94583527687934,
          33.51504055853557
        ]
      }
    },
    {
      "type": "Feature",
      "properties": {
        "id": "0000225",
        "time_start": "1979-01-01",
        "time_end": "2024-12-31",
        "trend_wl": 3.481297667629116,
        "quantile_99_wl": 1.07635401747802,
        "quantile_1_wl": -1.0211856520075422,
        "trend_ss": -0.07626328699867056,
        "quantile_99_ss": 0.3666073867989382,
        "quantile_1_ss": -0.34070737375630894
      },
      "geometry": {
        "type": "Point",
        "coordinates": [
          -78.94170084078642,
          33.51794037869748
        ]
      }
    },
    {
      "type": "Feature",
      "properties": {
        "id": "0000226",
        "time_start": "1979-01-01",
        "time_end": "2024-12-31",
        "trend_wl": 3.4756384275518144,
        "quantile_99_wl": 1.0766393811698587,
        "quantile_1_wl": -1.0214179479711705,
        "trend_ss": -0.0762633564333004,
        "quantile_99_ss": 0.3663396668497913,
        "quantile_1_ss": -0.3405397518765477
      },
      "geometry": {
        "type": "Point",
        "coordinates": [
          -78.93695097096271,
          33.519537992016524
        ]
      }
    },
    {
      "type": "Feature",
      "properties": {
        "id": "0000227",
        "time_start": "1979-01-01",
        "time_end": "2024-12-31",
        "trend_wl": 3.4697501189480775,
        "quantile_99_wl": 1.07551517936594,
        "quantile_1_wl": -1.0201628013147075,
        "trend_ss": -0.07626332094779249,
        "quantile_99_ss": 0.3656907188446113,
        "quantile_1_ss": -0.33975737501327574
      },
      "geometry": {
        "type": "Point",
        "coordinates": [
          -78.93155497738124,
          33.519768460935495
        ]
      }
    },
    {
      "type": "Feature",
      "properties": {
        "id": "0000228",
        "time_start": "1979-01-01",
        "time_end": "2024-12-31",
        "trend_wl": 3.463830932443523,
        "quantile_99_wl": 1.0755123292151774,
        "quantile_1_wl": -1.020311008994267,
        "trend_ss": -0.07626336001301275,
        "quantile_99_ss": 0.36528093382777926,
        "quantile_1_ss": -0.3394106030775084
      },
      "geometry": {
        "type": "Point",
        "coordinates": [
          -78.92615898379977,
          33.519998929854474
        ]
      }
    },
    {
      "type": "Feature",
      "properties": {
        "id": "0000229",
        "time_start": "1979-01-01",
        "time_end": "2024-12-31",
        "trend_wl": 3.458741854615053,
        "quantile_99_wl": 1.0742660004008366,
        "quantile_1_wl": -1.0185388528307115,
        "trend_ss": -0.07626328767299362,
        "quantile_99_ss": 0.3644991111873152,
        "quantile_1_ss": -0.338396948586758
      },
      "geometry": {
        "type": "Point",
        "coordinates": [
          -78.9207629902183,
          33.52022939877345
        ]
      }
    },
    {
      "type": "Feature",
      "properties": {
        "id": "0000230",
        "time_start": "1979-01-01",
        "time_end": "2024-12-31",
        "trend_wl": 3.458741854598957,
        "quantile_99_wl": 1.0742660004008366,
        "quantile_1_wl": -1.0185388528307115,
        "trend_ss": -0.07626328767291572,
        "quantile_99_ss": 0.36449911265996365,
        "quantile_1_ss": -0.33839694391445235
      },
      "geometry": {
        "type": "Point",
        "coordinates": [
          -78.91536699663683,
          33.52045986769243
        ]
      }
    },
    {
      "type": "Feature",
      "properties": {
        "id": "0000231",
        "time_start": "1979-01-01",
        "time_end": "2024-12-31",
        "trend_wl": 3.4526358663019407,
        "quantile_99_wl": 1.074499259163193,
        "quantile_1_wl": -1.018789450418079,
        "trend_ss": -0.07626306567341554,
        "quantile_99_ss": 0.3639821564300972,
        "quantile_1_ss": -0.3380361967234444
      },
      "geometry": {
        "type": "Point",
        "coordinates": [
          -78.91135528853526,
          33.5232470620702
        ]
      }
    },
    {
      "type": "Feature",
      "properties": {
        "id": "0000232",
        "time_start": "1979-01-01",
        "time_end": "2024-12-31",
        "trend_wl": 3.4526361075960215,
        "quantile_99_wl": 1.074499259163193,
        "quantile_1_wl": -1.0187638729661335,
        "trend_ss": -0.07626333442700316,
        "quantile_99_ss": 0.3639713626874505,
        "quantile_1_ss": -0.3380830267850757
      },
      "geometry": {
        "type": "Point",
        "coordinates": [
          -78.9075787790571,
          33.526468659840255
        ]
      }
    },
    {
      "type": "Feature",
      "properties": {
        "id": "0000233",
        "time_start": "1979-01-01",
        "time_end": "2024-12-31",
        "trend_wl": 3.4475409146108102,
        "quantile_99_wl": 1.0744148011866732,
        "quantile_1_wl": -1.0190906310197048,
        "trend_ss": -0.0754290756155886,
        "quantile_99_ss": 0.363,
        "quantile_1_ss": -0.33732899671719174
      },
      "geometry": {
        "type": "Point",
        "coordinates": [
          -78.90659224046456,
          33.53072163879744
        ]
      }
    },
    {
      "type": "Feature",
      "properties": {
        "id": "0000234",
        "time_start": "1979-01-01",
        "time_end": "2024-12-31",
        "trend_wl": 3.4475408806827943,
        "quantile_99_wl": 1.0744148011866732,
        "quantile_1_wl": -1.0191223601778323,
        "trend_ss": -0.07542866824356965,
        "quantile_99_ss": 0.36299759837216033,
        "quantile_1_ss": -0.33726287148756934
      },
      "geometry": {
        "type": "Point",
        "coordinates": [
          -78.90626353499937,
          33.53521780190945
        ]
      }
    },
    {
      "type": "Feature",
      "properties": {
        "id": "0000235",
        "time_start": "1979-01-01",
        "time_end": "2024-12-31",
        "trend_wl": 3.4471494392522506,
        "quantile_99_wl": 1.0756512235570752,
        "quantile_1_wl": -1.020902125242711,
        "trend_ss": -0.0754292067101034,
        "quantile_99_ss": 0.363167143977369,
        "quantile_1_ss": -0.33819783851206753
      },
      "geometry": {
        "type": "Point",
        "coordinates": [
          -78.90709321654838,
          33.5396640500349
        ]
      }
    },
    {
      "type": "Feature",
      "properties": {
        "id": "0000236",
        "time_start": "1979-01-01",
        "time_end": "2024-12-31",
        "trend_wl": 3.4471494389409583,
        "quantile_99_wl": 1.0756512235570752,
        "quantile_1_wl": -1.020902125242711,
        "trend_ss": -0.07542920670835279,
        "quantile_99_ss": 0.3631671552376547,
        "quantile_1_ss": -0.33819793450311203
      },
      "geometry": {
        "type": "Point",
        "coordinates": [
          -78.90797650441775,
          33.544107988259846
        ]
      }
    },
    {
      "type": "Feature",
      "properties": {
        "id": "0000237",
        "time_start": "1979-01-01",
        "time_end": "2024-12-31",
        "trend_wl": 3.4474743466573576,
        "quantile_99_wl": 1.0769249933944063,
        "quantile_1_wl": -1.0226162396825194,
        "trend_ss": -0.07542892055031933,
        "quantile_99_ss": 0.3635241099368648,
        "quantile_1_ss": -0.3388732382885802
      },
      "geometry": {
        "type": "Point",
        "coordinates": [
          -78.90885979228712,
          33.54855192648479
        ]
      }
    },
    {
      "type": "Feature",
      "properties": {
        "id": "0000238",
        "time_start": "1979-01-01",
        "time_end": "2024-12-31",
        "trend_wl": 3.447985473397698,
        "quantile_99_wl": 1.0781814002316326,
        "quantile_1_wl": -1.0239329452225139,
        "trend_ss": -0.0754294303490438,
        "quantile_99_ss": 0.36385714890672144,
        "quantile_1_ss": -0.33933421970858924
      },
      "geometry": {
        "type": "Point",
        "coordinates": [
          -78.9093944986614,
          33.55299774621725
        ]
      }
    },
    {
      "type": "Feature",
      "properties": {
        "id": "0000239",
        "time_start": "1979-01-01",
        "time_end": "2024-12-31",
        "trend_wl": 3.447985473085141,
        "quantile_99_wl": 1.0781814002316326,
        "quantile_1_wl": -1.0239329452225139,
        "trend_ss": -0.07542943034710747,
        "quantile_99_ss": 0.363857061084232,
        "quantile_1_ss": -0.3393343291818865
      },
      "geometry": {
        "type": "Point",
        "coordinates": [
          -78.90858022886793,
          33.557450847199114
        ]
      }
    },
    {
      "type": "Feature",
      "properties": {
        "id": "0000240",
        "time_start": "1979-01-01",
        "time_end": "2024-12-31",
        "trend_wl": 3.448162882711849,
        "quantile_99_wl": 1.0792176150670887,
        "quantile_1_wl": -1.0251775113322639,
        "trend_ss": -0.0754291326664139,
        "quantile_99_ss": 0.364,
        "quantile_1_ss": -0.33974418079978
      },
      "geometry": {
        "type": "Point",
        "coordinates": [
          -78.90727208655495,
          33.561779115084434
        ]
      }
    },
    {
      "type": "Feature",
      "properties": {
        "id": "0000241",
        "time_start": "1979-01-01",
        "time_end": "2024-12-31",
        "trend_wl": 3.4434582120183665,
        "quantile_99_wl": 1.0792004073025978,
        "quantile_1_wl": -1.0252688993253176,
        "trend_ss": -0.0754295983620384,
        "quantile_99_ss": 0.3637464319260848,
        "quantile_1_ss": -0.33944942668361444
      },
      "geometry": {
        "type": "Point",
        "coordinates": [
          -78.90497910262404,
          33.56585845065645
        ]
      }
    },
    {
      "type": "Feature",
      "properties": {
        "id": "0000242",
        "time_start": "1979-01-01",
        "time_end": "2024-12-31",
        "trend_wl": 3.4434581767736874,
        "quantile_99_wl": 1.079211225952674,
        "quantile_1_wl": -1.0252688993253176,
        "trend_ss": -0.07542918712397162,
        "quantile_99_ss": 0.36375558229688376,
        "quantile_1_ss": -0.33952613429451817
      },
      "geometry": {
        "type": "Point",
        "coordinates": [
          -78.90268611869313,
          33.56993778622846
        ]
      }
    },
    {
      "type": "Feature",
      "properties": {
        "id": "0000243",
        "time_start": "1979-01-01",
        "time_end": "2024-12-31",
        "trend_wl": 3.4391208891851734,
        "quantile_99_wl": 1.0791099595094944,
        "quantile_1_wl": -1.0251834969877713,
        "trend_ss": -0.07542922822128686,
        "quantile_99_ss": 0.36325849584593844,
        "quantile_1_ss": -0.3391568539252463
      },
      "geometry": {
        "type": "Point",
        "coordinates": [
          -78.90039313476223,
          33.57401712180047
        ]
      }
    },
    {
      "type": "Feature",
      "properties": {
        "id": "0000244",
        "time_start": "1979-01-01",
        "time_end": "2024-12-31",
        "trend_wl": 3.4399800712025637,
        "quantile_99_wl": 1.0799650734957498,
        "quantile_1_wl": -1.0264485881946859,
        "trend_ss": -0.07542932570595863,
        "quantile_99_ss": 0.3634699176323625,
        "quantile_1_ss": -0.33969639519881917
      },
      "geometry": {
        "type": "Point",
        "coordinates": [
          -78.89810015083131,
          33.57809645737248
        ]
      }
    },
    {
      "type": "Feature",
      "properties": {
        "id": "0000245",
        "time_start": "1979-01-01",
        "time_end": "2024-12-31",
        "trend_wl": 3.4363178489908583,
        "quantile_99_wl": 1.079672844973812,
        "quantile_1_wl": -1.0266528814313796,
        "trend_ss": -0.07542975860691381,
        "quantile_99_ss": 0.36294473834063024,
        "quantile_1_ss": -0.339335830519973
      },
      "geometry": {
        "type": "Point",
        "coordinates": [
          -78.8958071669004,
          33.5821757929445
        ]
      }
    },
    {
      "type": "Feature",
      "properties": {
        "id": "0000246",
        "time_start": "1979-01-01",
        "time_end": "2024-12-31",
        "trend_wl": 3.4363178134941053,
        "quantile_99_wl": 1.079672844973812,
        "quantile_1_wl": -1.0266642392421166,
        "trend_ss": -0.07542934612429321,
        "quantile_99_ss": 0.36299622143953125,
        "quantile_1_ss": -0.3393331498141169
      },
      "geometry": {
        "type": "Point",
        "coordinates": [
          -78.8935141829695,
          33.586255128516505
        ]
      }
    },
    {
      "type": "Feature",
      "properties": {
        "id": "0000247",
        "time_start": "1979-01-01",
        "time_end": "2024-12-31",
        "trend_wl": 3.4331565943164826,
        "quantile_99_wl": 1.0795041485638857,
        "quantile_1_wl": -1.0268523642240164,
        "trend_ss": -0.0754293618633666,
        "quantile_99_ss": 0.3626554115520047,
        "quantile_1_ss": -0.33894361792395217
      },
      "geometry": {
        "type": "Point",
        "coordinates": [
          -78.89122119903858,
          33.59033446408852
        ]
      }
    },
    {
      "type": "Feature",
      "properties": {
        "id": "0000248",
        "time_start": "1979-01-01",
        "time_end": "2024-12-31",
        "trend_wl": 3.4305237338578713,
        "quantile_99_wl": 1.0792973132506483,
        "quantile_1_wl": -1.0268869021297284,
        "trend_ss": -0.0754293691517042,
        "quantile_99_ss": 0.3623100859822341,
        "quantile_1_ss": -0.3385718305897637
      },
      "geometry": {
        "type": "Point",
        "coordinates": [
          -78.88861163102942,
          33.59424893516248
        ]
      }
    },
    {
      "type": "Feature",
      "properties": {
        "id": "0000249",
        "time_start": "1979-01-01",
        "time_end": "2024-12-31",
        "trend_wl": 3.4319231564382946,
        "quantile_99_wl": 1.0800810454687588,
        "quantile_1_wl": -1.0279406440506813,
        "trend_ss": -0.07542988644009767,
        "quantile_99_ss": 0.3626465530733011,
        "quantile_1_ss": -0.33912400312697927
      },
      "geometry": {
        "type": "Point",
        "coordinates": [
          -78.88521056892914,
          33.59775122733991
        ]
      }
    },
    {
      "type": "Feature",
      "properties": {
        "id": "0000250",
        "time_start": "1979-01-01",
        "time_end": "2024-12-31",
        "trend_wl": 3.429941019567792,
        "quantile_99_wl": 1.0800577420820225,
        "quantile_1_wl": -1.0278390049432256,
        "trend_ss": -0.07542989249728255,
        "quantile_99_ss": 0.3622279242902848,
        "quantile_1_ss": -0.3387979491627726
      },
      "geometry": {
        "type": "Point",
        "coordinates": [
          -78.88180950682886,
          33.60125351951734
        ]
      }
    },
    {
      "type": "Feature",
      "properties": {
        "id": "0000251",
        "time_start": "1979-01-01",
        "time_end": "2024-12-31",
        "trend_wl": 3.4283339522776144,
        "quantile_99_wl": 1.079750910732208,
        "quantile_1_wl": -1.027898990711494,
        "trend_ss": -0.07542987794178792,
        "quantile_99_ss": 0.36175605135141187,
        "quantile_1_ss": -0.33868502298381703
      },
      "geometry": {
        "type": "Point",
        "coordinates": [
          -78.87840844472858,
          33.604755811694766
        ]
      }
    },
    {
      "type": "Feature",
      "properties": {
        "id": "0000252",
        "time_start": "1979-01-01",
        "time_end": "2024-12-31",
        "trend_wl": 3.4283339520303366,
        "quantile_99_wl": 1.079750910732208,
        "quantile_1_wl": -1.027898990711494,
        "trend_ss": -0.07542987794047647,
        "quantile_99_ss": 0.36175598905113326,
        "quantile_1_ss": -0.33868503248094
      },
      "geometry": {
        "type": "Point",
        "coordinates": [
          -78.8750073826283,
          33.608258103872195
        ]
      }
    },
    {
      "type": "Feature",
      "properties": {
        "id": "0000253",
        "time_start": "1979-01-01",
        "time_end": "2024-12-31",
        "trend_wl": 3.427583376997696,
        "quantile_99_wl": 1.0798371823712924,
        "quantile_1_wl": -1.0280864327866193,
        "trend_ss": -0.07542960776321118,
        "quantile_99_ss": 0.3615118329837722,
        "quantile_1_ss": -0.3384740319522419
      },
      "geometry": {
        "type": "Point",
        "coordinates": [
          -78.87143455319178,
          33.611631113775154
        ]
      }
    },
    {
      "type": "Feature",
      "properties": {
        "id": "0000254",
        "time_start": "1979-01-01",
        "time_end": "2024-12-31",
        "trend_wl": 3.426868886377175,
        "quantile_99_wl": 1.0797860729090865,
        "quantile_1_wl": -1.0279637707919118,
        "trend_ss": -0.07542983472230518,
        "quantile_99_ss": 0.36108895744803116,
        "quantile_1_ss": -0.3381354073034601
      },
      "geometry": {
        "type": "Point",
        "coordinates": [
          -78.86758579722863,
          33.61479644502556
        ]
      }
    },
    {
      "type": "Feature",
      "properties": {
        "id": "0000255",
        "time_start": "1979-01-01",
        "time_end": "2024-12-31",
        "trend_wl": 3.4266473679045863,
        "quantile_99_wl": 1.0794073086000906,
        "quantile_1_wl": -1.027847509295755,
        "trend_ss": -0.07542976664065232,
        "quantile_99_ss": 0.36074912159987743,
        "quantile_1_ss": -0.3376078493328484
      },
      "geometry": {
        "type": "Point",
        "coordinates": [
          -78.8637370412655,
          33.61796177627596
        ]
      }
    },
    {
      "type": "Feature",
      "properties": {
        "id": "0000256",
        "time_start": "1979-01-01",
        "time_end": "2024-12-31",
        "trend_wl": 3.4266471662917724,
        "quantile_99_wl": 1.0794073086000906,
        "quantile_1_wl": -1.027847509295755,
        "trend_ss": -0.07542991443721521,
        "quantile_99_ss": 0.36065577845176977,
        "quantile_1_ss": -0.33761201748347824
      },
      "geometry": {
        "type": "Point",
        "coordinates": [
          -78.85988828530236,
          33.62112710752637
        ]
      }
    },
    {
      "type": "Feature",
      "properties": {
        "id": "0000257",
        "time_start": "1979-01-01",
        "time_end": "2024-12-31",
        "trend_wl": 3.427037805133569,
        "quantile_99_wl": 1.0796252459626654,
        "quantile_1_wl": -1.0276698855239916,
        "trend_ss": -0.07542929305230245,
        "quantile_99_ss": 0.36022532386357764,
        "quantile_1_ss": -0.3373028072897591
      },
      "geometry": {
        "type": "Point",
        "coordinates": [
          -78.85603952933923,
          33.62429243877678
        ]
      }
    },
    {
      "type": "Feature",
      "properties": {
        "id": "0000258",
        "time_start": "1979-01-01",
        "time_end": "2024-12-31",
        "trend_wl": 3.4278773847101442,
        "quantile_99_wl": 1.0795318269700422,
        "quantile_1_wl": -1.0275848004276873,
        "trend_ss": -0.075429769009038,
        "quantile_99_ss": 0.3597206313679473,
        "quantile_1_ss": -0.3371953226885685
      },
      "geometry": {
        "type": "Point",
        "coordinates": [
          -78.8521907733761,
          33.62745777002718
        ]
      }
    },
    {
      "type": "Feature",
      "properties": {
        "id": "0000259",
        "time_start": "1979-01-01",
        "time_end": "2024-12-31",
        "trend_wl": 3.4291378387764038,
        "quantile_99_wl": 1.0795082864006724,
        "quantile_1_wl": -1.0274999195455925,
        "trend_ss": -0.07542954618709678,
        "quantile_99_ss": 0.35935715076426367,
        "quantile_1_ss": -0.3368975392318882
      },
      "geometry": {
        "type": "Point",
        "coordinates": [
          -78.84834201741296,
          33.630623101277585
        ]
      }
    },
    {
      "type": "Feature",
      "properties": {
        "id": "0000260",
        "time_start": "1979-01-01",
        "time_end": "2024-12-31",
        "trend_wl": 3.4291378385524127,
        "quantile_99_wl": 1.0795082864006724,
        "quantile_1_wl": -1.0274999195455925,
        "trend_ss": -0.0754295461865068,
        "quantile_99_ss": 0.35935714505311,
        "quantile_1_ss": -0.33689757384676106
      },
      "geometry": {
        "type": "Point",
        "coordinates": [
          -78.84449326144981,
          33.63378843252799
        ]
      }
    },
    {
      "type": "Feature",
      "properties": {
        "id": "0000261",
        "time_start": "1979-01-01",
        "time_end": "2024-12-31",
        "trend_wl": 3.430581398111778,
        "quantile_99_wl": 1.0792448444328053,
        "quantile_1_wl": -1.0272491098821483,
        "trend_ss": -0.07542906142895302,
        "quantile_99_ss": 0.3589629430628025,
        "quantile_1_ss": -0.3365448146893241
      },
      "geometry": {
        "type": "Point",
        "coordinates": [
          -78.84113149092813,
          33.63730819091478
        ]
      }
    },
    {
      "type": "Feature",
      "properties": {
        "id": "0000262",
        "time_start": "1979-01-01",
        "time_end": "2024-12-31",
        "trend_wl": 3.4319891588371396,
        "quantile_99_wl": 1.079034736475869,
        "quantile_1_wl": -1.0270810093086724,
        "trend_ss": -0.07542896150682649,
        "quantile_99_ss": 0.3584501100721289,
        "quantile_1_ss": -0.3361699212674117
      },
      "geometry": {
        "type": "Point",
        "coordinates": [
          -78.83788627430911,
          33.640912777024205
        ]
      }
    },
    {
      "type": "Feature",
      "properties": {
        "id": "0000263",
        "time_start": "1979-01-01",
        "time_end": "2024-12-31",
        "trend_wl": 3.4333951021846967,
        "quantile_99_wl": 1.0787157280149298,
        "quantile_1_wl": -1.0265796066321935,
        "trend_ss": -0.07542927231606947,
        "quantile_99_ss": 0.35797068297902634,
        "quantile_1_ss": -0.33581910983293833
      },
      "geometry": {
        "type": "Point",
        "coordinates": [
          -78.8346410576901,
          33.64451736313364
        ]
      }
    },
    {
      "type": "Feature",
      "properties": {
        "id": "0000264",
        "time_start": "1979-01-01",
        "time_end": "2024-12-31",
        "trend_wl": 3.437509888811899,
        "quantile_99_wl": 1.0791398698213797,
        "quantile_1_wl": -1.0272905965387595,
        "trend_ss": -0.07500554111889156,
        "quantile_99_ss": 0.35777623601352854,
        "quantile_1_ss": -0.3360224498191529
      },
      "geometry": {
        "type": "Point",
        "coordinates": [
          -78.83139584107109,
          33.64812194924306
        ]
      }
    },
    {
      "type": "Feature",
      "properties": {
        "id": "0000265",
        "time_start": "1979-01-01",
        "time_end": "2024-12-31",
        "trend_wl": 3.43907603379814,
        "quantile_99_wl": 1.0788566774939423,
        "quantile_1_wl": -1.0269724113359187,
        "trend_ss": -0.07500506207226293,
        "quantile_99_ss": 0.35741320238386853,
        "quantile_1_ss": -0.3355796067439912
      },
      "geometry": {
        "type": "Point",
        "coordinates": [
          -78.82815062445208,
          33.65172653535249
        ]
      }
    },
    {
      "type": "Feature",
      "properties": {
        "id": "0000266",
        "time_start": "1979-01-01",
        "time_end": "2024-12-31",
        "trend_wl": 3.4390760664885818,
        "quantile_99_wl": 1.0788566774939423,
        "quantile_1_wl": -1.0269724113359187,
        "trend_ss": -0.07500545945327501,
        "quantile_99_ss": 0.35741476836031294,
        "quantile_1_ss": -0.33557134274007167
      },
      "geometry": {
        "type": "Point",
        "coordinates": [
          -78.82490540783306,
          33.65533112146192
        ]
      }
    },
    {
      "type": "Feature",
      "properties": {
        "id": "0000267",
        "time_start": "1979-01-01",
        "time_end": "2024-12-31",
        "trend_wl": 3.440670762524789,
        "quantile_99_wl": 1.0783423553826723,
        "quantile_1_wl": -1.0266554082358232,
        "trend_ss": -0.07500537493577322,
        "quantile_99_ss": 0.35714748444722966,
        "quantile_1_ss": -0.33526972569093405
      },
      "geometry": {
        "type": "Point",
        "coordinates": [
          -78.82166019121405,
          33.658935707571345
        ]
      }
    },
    {
      "type": "Feature",
      "properties": {
        "id": "0000268",
        "time_start": "1979-01-01",
        "time_end": "2024-12-31",
        "trend_wl": 3.4448517893359663,
        "quantile_99_wl": 1.0787816496382243,
        "quantile_1_wl": -1.0273183049208754,
        "trend_ss": -0.07500538169054195,
        "quantile_99_ss": 0.35722720494325355,
        "quantile_1_ss": -0.33550675317493495
      },
      "geometry": {
        "type": "Point",
        "coordinates": [
          -78.81841497459503,
          33.66254029368078
        ]
      }
    },
    {
      "type": "Feature",
      "properties": {
        "id": "0000269",
        "time_start": "1979-01-01",
        "time_end": "2024-12-31",
        "trend_wl": 3.4465655984216546,
        "quantile_99_wl": 1.078497562839994,
        "quantile_1_wl": -1.027138303847749,
        "trend_ss": -0.0750053039101726,
        "quantile_99_ss": 0.35680698519699855,
        "quantile_1_ss": -0.33512068854233695
      },
      "geometry": {
        "type": "Point",
        "coordinates": [
          -78.81516975797602,
          33.6661448797902
        ]
      }
    },
    {
      "type": "Feature",
      "properties": {
        "id": "0000270",
        "time_start": "1979-01-01",
        "time_end": "2024-12-31",
        "trend_wl": 3.4483296398880072,
        "quantile_99_wl": 1.0781892760918022,
        "quantile_1_wl": -1.0267382793465036,
        "trend_ss": -0.07500522350754178,
        "quantile_99_ss": 0.3563399756222904,
        "quantile_1_ss": -0.3348601079393658
      },
      "geometry": {
        "type": "Point",
        "coordinates": [
          -78.81153147662637,
          33.669384229984175
        ]
      }
    },
    {
      "type": "Feature",
      "properties": {
        "id": "0000271",
        "time_start": "1979-01-01",
        "time_end": "2024-12-31",
        "trend_wl": 3.4500813281497824,
        "quantile_99_wl": 1.0779530887010478,
        "quantile_1_wl": -1.0262681908552238,
        "trend_ss": -0.07500513171967953,
        "quantile_99_ss": 0.35592106489483827,
        "quantile_1_ss": -0.33450802393564516
      },
      "geometry": {
        "type": "Point",
        "coordinates": [
          -78.80686866720238,
          33.67167158825421
        ]
      }
    },
    {
      "type": "Feature",
      "properties": {
        "id": "0000272",
        "time_start": "1979-01-01",
        "time_end": "2024-12-31",
        "trend_wl": 3.4518430397509774,
        "quantile_99_wl": 1.077824603622129,
        "quantile_1_wl": -1.025843383874245,
        "trend_ss": -0.07500504612771117,
        "quantile_99_ss": 0.355343631655347,
        "quantile_1_ss": -0.3340951833008895
      },
      "geometry": {
        "type": "Point",
        "coordinates": [
          -78.80220585777839,
          33.67395894652425
        ]
      }
    },
    {
      "type": "Feature",
      "properties": {
        "id": "0000273",
        "time_start": "1979-01-01",
        "time_end": "2024-12-31",
        "trend_wl": 3.4518430397255315,
        "quantile_99_wl": 1.077824603622129,
        "quantile_1_wl": -1.025843383874245,
        "trend_ss": -0.07500504612770448,
        "quantile_99_ss": 0.3553436255410293,
        "quantile_1_ss": -0.3340951871944389
      },
      "geometry": {
        "type": "Point",
        "coordinates": [
          -78.79682500452596,
          33.67431731659903
        ]
      }
    },
    {
      "type": "Feature",
      "properties": {
        "id": "0000274",
        "time_start": "1979-01-01",
        "time_end": "2024-12-31",
        "trend_wl": 3.449450656878622,
        "quantile_99_wl": 1.0769877737901947,
        "quantile_1_wl": -1.0248219959368052,
        "trend_ss": -0.07500452801476355,
        "quantile_99_ss": 0.35485846004027566,
        "quantile_1_ss": -0.33323650534525484
      },
      "geometry": {
        "type": "Point",
        "coordinates": [
          -78.791424774093,
          33.674623630864694
        ]
      }
    },
    {
      "type": "Feature",
      "properties": {
        "id": "0000275",
        "time_start": "1979-01-01",
        "time_end": "2024-12-31",
        "trend_wl": 3.451277956932326,
        "quantile_99_wl": 1.0766928721044542,
        "quantile_1_wl": -1.0244927686802212,
        "trend_ss": -0.07500483298820977,
        "quantile_99_ss": 0.35444568060334686,
        "quantile_1_ss": -0.3328878394268892
      },
      "geometry": {
        "type": "Point",
        "coordinates": [
          -78.78602454366006,
          33.67492994513036
        ]
      }
    },
    {
      "type": "Feature",
      "properties": {
        "id": "0000276",
        "time_start": "1979-01-01",
        "time_end": "2024-12-31",
        "trend_wl": 3.4534793888941997,
        "quantile_99_wl": 1.076515247442065,
        "quantile_1_wl": -1.0241517009981407,
        "trend_ss": -0.07500473981242775,
        "quantile_99_ss": 0.3541630931031176,
        "quantile_1_ss": -0.3327267818027486
      },
      "geometry": {
        "type": "Point",
        "coordinates": [
          -78.78175433563965,
          33.677551246354646
        ]
      }
    },
    {
      "type": "Feature",
      "properties": {
        "id": "0000277",
        "time_start": "1979-01-01",
        "time_end": "2024-12-31",
        "trend_wl": 3.454690888355303,
        "quantile_99_wl": 1.0760746844541984,
        "quantile_1_wl": -1.0234626029897764,
        "trend_ss": -0.07500463722018798,
        "quantile_99_ss": 0.3539976918442555,
        "quantile_1_ss": -0.33230238537595463
      },
      "geometry": {
        "type": "Point",
        "coordinates": [
          -78.77762746317143,
          33.68046618771419
        ]
      }
    },
    {
      "type": "Feature",
      "properties": {
        "id": "0000278",
        "time_start": "1979-01-01",
        "time_end": "2024-12-31",
        "trend_wl": 3.4565729383054706,
        "quantile_99_wl": 1.0758434344597065,
        "quantile_1_wl": -1.0229496151925366,
        "trend_ss": -0.0750041188158199,
        "quantile_99_ss": 0.35353966386458907,
        "quantile_1_ss": -0.3320579491269026
      },
      "geometry": {
        "type": "Point",
        "coordinates": [
          -78.77350059070321,
          33.68338112907372
        ]
      }
    },
    {
      "type": "Feature",
      "properties": {
        "id": "0000279",
        "time_start": "1979-01-01",
        "time_end": "2024-12-31",
        "trend_wl": 3.4585387517320574,
        "quantile_99_wl": 1.0754803985184178,
        "quantile_1_wl": -1.0223284614777866,
        "trend_ss": -0.07500441558252438,
        "quantile_99_ss": 0.3531622423972416,
        "quantile_1_ss": -0.33173631687541166
      },
      "geometry": {
        "type": "Point",
        "coordinates": [
          -78.76997777398846,
          33.686789667326586
        ]
      }
    },
    {
      "type": "Feature",
      "properties": {
        "id": "0000280",
        "time_start": "1979-01-01",
        "time_end": "2024-12-31",
        "trend_wl": 3.4585387514838,
        "quantile_99_wl": 1.0754803985184178,
        "quantile_1_wl": -1.0223284614777866,
        "trend_ss": -0.07500441558277594,
        "quantile_99_ss": 0.3531621919188902,
        "quantile_1_ss": -0.33173626328506595
      },
      "geometry": {
        "type": "Point",
        "coordinates": [
          -78.7665545135277,
          33.69027955677491
        ]
      }
    },
    {
      "type": "Feature",
      "properties": {
        "id": "0000281",
        "time_start": "1979-01-01",
        "time_end": "2024-12-31",
        "trend_wl": 3.465301776570344,
        "quantile_99_wl": 1.0760524220503156,
        "quantile_1_wl": -1.0230345780182937,
        "trend_ss": -0.07500429000110437,
        "quantile_99_ss": 0.3530639777113103,
        "quantile_1_ss": -0.3318036798439528
      },
      "geometry": {
        "type": "Point",
        "coordinates": [
          -78.76313125306692,
          33.693769446223236
        ]
      }
    },
    {
      "type": "Feature",
      "properties": {
        "id": "0000282",
        "time_start": "1979-01-01",
        "time_end": "2024-12-31",
        "trend_wl": 3.467035486856163,
        "quantile_99_wl": 1.0757566578383067,
        "quantile_1_wl": -1.022546455461117,
        "trend_ss": -0.07500376902915118,
        "quantile_99_ss": 0.352658963646924,
        "quantile_1_ss": -0.3313449894265185
      },
      "geometry": {
        "type": "Point",
        "coordinates": [
          -78.75970799260615,
          33.69725933567155
        ]
      }
    },
    {
      "type": "Feature",
      "properties": {
        "id": "0000283",
        "time_start": "1979-01-01",
        "time_end": "2024-12-31",
        "trend_wl": 3.4670355563255053,
        "quantile_99_wl": 1.0757566578383067,
        "quantile_1_wl": -1.022546455461117,
        "trend_ss": -0.07500415916738346,
        "quantile_99_ss": 0.3527332961329,
        "quantile_1_ss": -0.33135416687186425
      },
      "geometry": {
        "type": "Point",
        "coordinates": [
          -78.75628473214539,
          33.70074922511988
        ]
      }
    },
    {
      "type": "Feature",
      "properties": {
        "id": "0000284",
        "time_start": "1979-01-01",
        "time_end": "2024-12-31",
        "trend_wl": 3.4723772716869927,
        "quantile_99_wl": 1.0759923673572664,
        "quantile_1_wl": -1.0225578572250134,
        "trend_ss": -0.07500404297322338,
        "quantile_99_ss": 0.3526343037955588,
        "quantile_1_ss": -0.33108061753715884
      },
      "geometry": {
        "type": "Point",
        "coordinates": [
          -78.75286147168461,
          33.704239114568196
        ]
      }
    },
    {
      "type": "Feature",
      "properties": {
        "id": "0000285",
        "time_start": "1979-01-01",
        "time_end": "2024-12-31",
        "trend_wl": 3.474710806144462,
        "quantile_99_wl": 1.0756550699092773,
        "quantile_1_wl": -1.0222748324747701,
        "trend_ss": -0.0750035197718164,
        "quantile_99_ss": 0.35240637321372775,
        "quantile_1_ss": -0.33076934311991246
      },
      "geometry": {
        "type": "Point",
        "coordinates": [
          -78.74943821122385,
          33.70772900401652
        ]
      }
    },
    {
      "type": "Feature",
      "properties": {
        "id": "0000286",
        "time_start": "1979-01-01",
        "time_end": "2024-12-31",
        "trend_wl": 3.479871493663073,
        "quantile_99_wl": 1.0759171151386508,
        "quantile_1_wl": -1.022897048877702,
        "trend_ss": -0.07452976738269079,
        "quantile_99_ss": 0.3520167022915244,
        "quantile_1_ss": -0.33084638672731087
      },
      "geometry": {
        "type": "Point",
        "coordinates": [
          -78.74601495076307,
          33.71121889346484
        ]
      }
    },
    {
      "type": "Feature",
      "properties": {
        "id": "0000287",
        "time_start": "1979-01-01",
        "time_end": "2024-12-31",
        "trend_wl": 3.48161113531729,
        "quantile_99_wl": 1.0755613679931282,
        "quantile_1_wl": -1.0222874321695365,
        "trend_ss": -0.07452966314130605,
        "quantile_99_ss": 0.35171561113003735,
        "quantile_1_ss": -0.3302833821991862
      },
      "geometry": {
        "type": "Point",
        "coordinates": [
          -78.74261904687886,
          33.7147243400742
        ]
      }
    },
    {
      "type": "Feature",
      "properties": {
        "id": "0000288",
        "time_start": "1979-01-01",
        "time_end": "2024-12-31",
        "trend_wl": 3.4832304642436753,
        "quantile_99_wl": 1.0752009321324756,
        "quantile_1_wl": -1.02194424462268,
        "trend_ss": -0.0745295671721872,
        "quantile_99_ss": 0.35140058431799964,
        "quantile_1_ss": -0.3298552057424564
      },
      "geometry": {
        "type": "Point",
        "coordinates": [
          -78.73995682067591,
          33.71864701512615
        ]
      }
    },
    {
      "type": "Feature",
      "properties": {
        "id": "0000289",
        "time_start": "1979-01-01",
        "time_end": "2024-12-31",
        "trend_wl": 3.4883201541494437,
        "quantile_99_wl": 1.0756409763670336,
        "quantile_1_wl": -1.0224985567328155,
        "trend_ss": -0.07452953565417514,
        "quantile_99_ss": 0.3516523471527395,
        "quantile_1_ss": -0.330263113210907
      },
      "geometry": {
        "type": "Point",
        "coordinates": [
          -78.73729459447298,
          33.72256969017811
        ]
      }
    },
    {
      "type": "Feature",
      "properties": {
        "id": "0000290",
        "time_start": "1979-01-01",
        "time_end": "2024-12-31",
        "trend_wl": 3.4899209791709893,
        "quantile_99_wl": 1.0753375023981027,
        "quantile_1_wl": -1.0221452280278123,
        "trend_ss": -0.07452945790891977,
        "quantile_99_ss": 0.35126283793257956,
        "quantile_1_ss": -0.3297412553353778
      },
      "geometry": {
        "type": "Point",
        "coordinates": [
          -78.73463236827004,
          33.726492365230065
        ]
      }
    },
    {
      "type": "Feature",
      "properties": {
        "id": "0000291",
        "time_start": "1979-01-01",
        "time_end": "2024-12-31",
        "trend_wl": 3.4948891179253816,
        "quantile_99_wl": 1.0757783441631208,
        "quantile_1_wl": -1.0227460470802343,
        "trend_ss": -0.07452901283454069,
        "quantile_99_ss": 0.3513666868921485,
        "quantile_1_ss": -0.33012307603820923
      },
      "geometry": {
        "type": "Point",
        "coordinates": [
          -78.73285997460115,
          33.73073530702861
        ]
      }
    },
    {
      "type": "Feature",
      "properties": {
        "id": "0000292",
        "time_start": "1979-01-01",
        "time_end": "2024-12-31",
        "trend_wl": 3.500357260250701,
        "quantile_99_wl": 1.0761273443955743,
        "quantile_1_wl": -1.0233599994702411,
        "trend_ss": -0.07452940034008836,
        "quantile_99_ss": 0.35151624800108255,
        "quantile_1_ss": -0.3303911244353887
      },
      "geometry": {
        "type": "Point",
        "coordinates": [
          -78.73124541673626,
          33.73503505677415
        ]
      }
    },
    {
      "type": "Feature",
      "properties": {
        "id": "0000293",
        "time_start": "1979-01-01",
        "time_end": "2024-12-31",
        "trend_wl": 3.5059021169056686,
        "quantile_99_wl": 1.0761558766331825,
        "quantile_1_wl": -1.023490244709873,
        "trend_ss": -0.07452933364490778,
        "quantile_99_ss": 0.3512635340773828,
        "quantile_1_ss": -0.33038155581721584
      },
      "geometry": {
        "type": "Point",
        "coordinates": [
          -78.72963085887135,
          33.73933480651969
        ]
      }
    },
    {
      "type": "Feature",
      "properties": {
        "id": "0000294",
        "time_start": "1979-01-01",
        "time_end": "2024-12-31",
        "trend_wl": 3.5059021165985853,
        "quantile_99_wl": 1.0761558766331825,
        "quantile_1_wl": -1.023490244709873,
        "trend_ss": -0.0745293336459653,
        "quantile_99_ss": 0.3512635204083872,
        "quantile_1_ss": -0.33038172281306766
      },
      "geometry": {
        "type": "Point",
        "coordinates": [
          -78.72801630100643,
          33.743634556265235
        ]
      }
    },
    {
      "type": "Feature",
      "properties": {
        "id": "0000295",
        "time_start": "1979-01-01",
        "time_end": "2024-12-31",
        "trend_wl": 3.5111049168144572,
        "quantile_99_wl": 1.0764516953328267,
        "quantile_1_wl": -1.0236168931546679,
        "trend_ss": -0.07452929777781245,
        "quantile_99_ss": 0.351329893178336,
        "quantile_1_ss": -0.33066443903493775
      },
      "geometry": {
        "type": "Point",
        "coordinates": [
          -78.72639319333406,
          33.74793016958232
        ]
      }
    },
    {
      "type": "Feature",
      "properties": {
        "id": "0000296",
        "time_start": "1979-01-01",
        "time_end": "2024-12-31",
        "trend_wl": 3.5125305551008132,
        "quantile_99_wl": 1.0761528501565032,
        "quantile_1_wl": -1.0230432369116016,
        "trend_ss": -0.0745287953485191,
        "quantile_99_ss": 0.35097153952005317,
        "quantile_1_ss": -0.33033325737109037
      },
      "geometry": {
        "type": "Point",
        "coordinates": [
          -78.72269454253019,
          33.751221627461064
        ]
      }
    },
    {
      "type": "Feature",
      "properties": {
        "id": "0000297",
        "time_start": "1979-01-01",
        "time_end": "2024-12-31",
        "trend_wl": 3.5179044895207414,
        "quantile_99_wl": 1.076278225813363,
        "quantile_1_wl": -1.0234862297141754,
        "trend_ss": -0.07452920037452898,
        "quantile_99_ss": 0.3510901812888895,
        "quantile_1_ss": -0.3305810787037603
      },
      "geometry": {
        "type": "Point",
        "coordinates": [
          -78.71899589172632,
          33.75451308533981
        ]
      }
    },
    {
      "type": "Feature",
      "properties": {
        "id": "0000298",
        "time_start": "1979-01-01",
        "time_end": "2024-12-31",
        "trend_wl": 3.520975235457023,
        "quantile_99_wl": 1.0761301009034716,
        "quantile_1_wl": -1.023290176564779,
        "trend_ss": -0.0745291151079283,
        "quantile_99_ss": 0.3508939760641969,
        "quantile_1_ss": -0.3302847699907382
      },
      "geometry": {
        "type": "Point",
        "coordinates": [
          -78.71529724092245,
          33.757804543218555
        ]
      }
    },
    {
      "type": "Feature",
      "properties": {
        "id": "0000299",
        "time_start": "1979-01-01",
        "time_end": "2024-12-31",
        "trend_wl": 3.523273039490015,
        "quantile_99_wl": 1.0755169165962728,
        "quantile_1_wl": -1.0223525179528508,
        "trend_ss": -0.07452855346011421,
        "quantile_99_ss": 0.3505965510601205,
        "quantile_1_ss": -0.32983585367107265
      },
      "geometry": {
        "type": "Point",
        "coordinates": [
          -78.71069518271325,
          33.76010275676289
        ]
      }
    },
    {
      "type": "Feature",
      "properties": {
        "id": "0000300",
        "time_start": "1979-01-01",
        "time_end": "2024-12-31",
        "trend_wl": 3.5241263522717574,
        "quantile_99_wl": 1.0751407980528238,
        "quantile_1_wl": -1.0219723507225897,
        "trend_ss": -0.0745288970235615,
        "quantile_99_ss": 0.3503221281875749,
        "quantile_1_ss": -0.32943773451149627
      },
      "geometry": {
        "type": "Point",
        "coordinates": [
          -78.70587704246405,
          33.76216340056767
        ]
      }
    },
    {
      "type": "Feature",
      "properties": {
        "id": "0000301",
        "time_start": "1979-01-01",
        "time_end": "2024-12-31",
        "trend_wl": 3.5245870211942583,
        "quantile_99_wl": 1.0748991423302696,
        "quantile_1_wl": -1.0216999387249472,
        "trend_ss": -0.07452881277426195,
        "quantile_99_ss": 0.3500826571002592,
        "quantile_1_ss": -0.32909355203335705
      },
      "geometry": {
        "type": "Point",
        "coordinates": [
          -78.70105890221485,
          33.76422404437246
        ]
      }
    },
    {
      "type": "Feature",
      "properties": {
        "id": "0000302",
        "time_start": "1979-01-01",
        "time_end": "2024-12-31",
        "trend_wl": 3.5243565049852115,
        "quantile_99_wl": 1.0744614108794925,
        "quantile_1_wl": -1.021208011252989,
        "trend_ss": -0.07452875596035122,
        "quantile_99_ss": 0.3496971312529822,
        "quantile_1_ss": -0.32864557281347445
      },
      "geometry": {
        "type": "Point",
        "coordinates": [
          -78.69624076196565,
          33.766284688177244
        ]
      }
    },
    {
      "type": "Feature",
      "properties": {
        "id": "0000303",
        "time_start": "1979-01-01",
        "time_end": "2024-12-31",
        "trend_wl": 3.5245062968520693,
        "quantile_99_wl": 1.0740106890018506,
        "quantile_1_wl": -1.0207156162034376,
        "trend_ss": -0.07452823880101239,
        "quantile_99_ss": 0.34937016238596647,
        "quantile_1_ss": -0.3283117152507467
      },
      "geometry": {
        "type": "Point",
        "coordinates": [
          -78.69115239354322,
          33.76761797575034
        ]
      }
    },
    {
      "type": "Feature",
      "properties": {
        "id": "0000304",
        "time_start": "1979-01-01",
        "time_end": "2024-12-31",
        "trend_wl": 3.524839754825495,
        "quantile_99_wl": 1.073617647814458,
        "quantile_1_wl": -1.0201525747933893,
        "trend_ss": -0.07452858590256159,
        "quantile_99_ss": 0.3491613140591206,
        "quantile_1_ss": -0.32783869678124417
      },
      "geometry": {
        "type": "Point",
        "coordinates": [
          -78.6857748267293,
          33.768172846144694
        ]
      }
    },
    {
      "type": "Feature",
      "properties": {
        "id": "0000305",
        "time_start": "1979-01-01",
        "time_end": "2024-12-31",
        "trend_wl": 3.5249415866395717,
        "quantile_99_wl": 1.073230303131864,
        "quantile_1_wl": -1.0195987071291368,
        "trend_ss": -0.07452852440871476,
        "quantile_99_ss": 0.34888285807397573,
        "quantile_1_ss": -0.3274489145042233
      },
      "geometry": {
        "type": "Point",
        "coordinates": [
          -78.68039725991538,
          33.76872771653904
        ]
      }
    },
    {
      "type": "Feature",
      "properties": {
        "id": "0000306",
        "time_start": "1979-01-01",
        "time_end": "2024-12-31",
        "trend_wl": 3.5238363482391684,
        "quantile_99_wl": 1.072801573067386,
        "quantile_1_wl": -1.018815283081626,
        "trend_ss": -0.07452845289809772,
        "quantile_99_ss": 0.34845218265983974,
        "quantile_1_ss": -0.3271961682325797
      },
      "geometry": {
        "type": "Point",
        "coordinates": [
          -78.67501969310146,
          33.769282586933386
        ]
      }
    },
    {
      "type": "Feature",
      "properties": {
        "id": "0000307",
        "time_start": "1979-01-01",
        "time_end": "2024-12-31",
        "trend_wl": 3.5226268873022613,
        "quantile_99_wl": 1.072323994833543,
        "quantile_1_wl": -1.0181581881117192,
        "trend_ss": -0.07452793831024204,
        "quantile_99_ss": 0.3482054949000409,
        "quantile_1_ss": -0.32695628816586725
      },
      "geometry": {
        "type": "Point",
        "coordinates": [
          -78.66964212628754,
          33.76983745732774
        ]
      }
    },
    {
      "type": "Feature",
      "properties": {
        "id": "0000308",
        "time_start": "1979-01-01",
        "time_end": "2024-12-31",
        "trend_wl": 3.5265596386842133,
        "quantile_99_wl": 1.0718610562608863,
        "quantile_1_wl": -1.0177441992256535,
        "trend_ss": -0.07452825689241276,
        "quantile_99_ss": 0.3477923944667825,
        "quantile_1_ss": -0.3268355945840984
      },
      "geometry": {
        "type": "Point",
        "coordinates": [
          -78.66426455947362,
          33.770392327722085
        ]
      }
    },
    {
      "type": "Feature",
      "properties": {
        "id": "0000309",
        "time_start": "1979-01-01",
        "time_end": "2024-12-31",
        "trend_wl": 3.5219589409728322,
        "quantile_99_wl": 1.0711966940023614,
        "quantile_1_wl": -1.016710329071209,
        "trend_ss": -0.07452824455233725,
        "quantile_99_ss": 0.3474888559479515,
        "quantile_1_ss": -0.3262636818498193
      },
      "geometry": {
        "type": "Point",
        "coordinates": [
          -78.6588869926597,
          33.77094719811643
        ]
      }
    },
    {
      "type": "Feature",
      "properties": {
        "id": "0000310",
        "time_start": "1979-01-01",
        "time_end": "2024-12-31",
        "trend_wl": 3.5247227616991377,
        "quantile_99_wl": 1.070613480511597,
        "quantile_1_wl": -1.016487220908387,
        "trend_ss": -0.07452816545423574,
        "quantile_99_ss": 0.3473731039076591,
        "quantile_1_ss": -0.3262096152262159
      },
      "geometry": {
        "type": "Point",
        "coordinates": [
          -78.65350942584578,
          33.771502068510785
        ]
      }
    },
    {
      "type": "Feature",
      "properties": {
        "id": "0000311",
        "time_start": "1979-01-01",
        "time_end": "2024-12-31",
        "trend_wl": 3.525625538888062,
        "quantile_99_wl": 1.070110287843474,
        "quantile_1_wl": -1.0158435662355505,
        "trend_ss": -0.07452810727155512,
        "quantile_99_ss": 0.34710821122436836,
        "quantile_1_ss": -0.3259706359402989
      },
      "geometry": {
        "type": "Point",
        "coordinates": [
          -78.64813185903186,
          33.77205693890513
        ]
      }
    },
    {
      "type": "Feature",
      "properties": {
        "id": "0000312",
        "time_start": "1979-01-01",
        "time_end": "2024-12-31",
        "trend_wl": 3.5224989808113323,
        "quantile_99_wl": 1.0694921661611598,
        "quantile_1_wl": -1.0149893419157496,
        "trend_ss": -0.0745280654316376,
        "quantile_99_ss": 0.3465964011793182,
        "quantile_1_ss": -0.32550687952321267
      },
      "geometry": {
        "type": "Point",
        "coordinates": [
          -78.64275429221796,
          33.77261180929948
        ]
      }
    },
    {
      "type": "Feature",
      "properties": {
        "id": "0000313",
        "time_start": "1979-01-01",
        "time_end": "2024-12-31",
        "trend_wl": 3.524179239237245,
        "quantile_99_wl": 1.0693605648326092,
        "quantile_1_wl": -1.0145288040586562,
        "trend_ss": -0.07452800584872664,
        "quantile_99_ss": 0.34638791535044083,
        "quantile_1_ss": -0.325194440188171
      },
      "geometry": {
        "type": "Point",
        "coordinates": [
          -78.63737672540404,
          33.77316667969382
        ]
      }
    },
    {
      "type": "Feature",
      "properties": {
        "id": "0000314",
        "time_start": "1979-01-01",
        "time_end": "2024-12-31",
        "trend_wl": 3.5229310192245746,
        "quantile_99_wl": 1.0683327152708244,
        "quantile_1_wl": -1.0132770976858734,
        "trend_ss": -0.07452789072443328,
        "quantile_99_ss": 0.3458197678568252,
        "quantile_1_ss": -0.3243952615753844
      },
      "geometry": {
        "type": "Point",
        "coordinates": [
          -78.63199915859012,
          33.773721550088176
        ]
      }
    },
    {
      "type": "Feature",
      "properties": {
        "id": "0000315",
        "time_start": "1979-01-01",
        "time_end": "2024-12-31",
        "trend_wl": 3.5246481501922724,
        "quantile_99_wl": 1.0681435656429628,
        "quantile_1_wl": -1.0128894710611926,
        "trend_ss": -0.07452782847711559,
        "quantile_99_ss": 0.3455782199968424,
        "quantile_1_ss": -0.32423086792075506
      },
      "geometry": {
        "type": "Point",
        "coordinates": [
          -78.626640935391,
          33.77434872439319
        ]
      }
    },
    {
      "type": "Feature",
      "properties": {
        "id": "0000316",
        "time_start": "1979-01-01",
        "time_end": "2024-12-31",
        "trend_wl": 3.52647859916982,
        "quantile_99_wl": 1.0677330692951739,
        "quantile_1_wl": -1.0124362263588558,
        "trend_ss": -0.07452775510665915,
        "quantile_99_ss": 0.3452315280160712,
        "quantile_1_ss": -0.32390699276676976
      },
      "geometry": {
        "type": "Point",
        "coordinates": [
          -78.62148864953652,
          33.77574566564843
        ]
      }
    },
    {
      "type": "Feature",
      "properties": {
        "id": "0000317",
        "time_start": "1979-01-01",
        "time_end": "2024-12-31",
        "trend_wl": 3.5235965616889615,
        "quantile_99_wl": 1.0668990413208268,
        "quantile_1_wl": -1.0114475801287277,
        "trend_ss": -0.07452727236028736,
        "quantile_99_ss": 0.3449248998165482,
        "quantile_1_ss": -0.32327156223529496
      },
      "geometry": {
        "type": "Point",
        "coordinates": [
          -78.61633636368202,
          33.77714260690367
        ]
      }
    },
    {
      "type": "Feature",
      "properties": {
        "id": "0000318",
        "time_start": "1979-01-01",
        "time_end": "2024-12-31",
        "trend_wl": 3.525254120415964,
        "quantile_99_wl": 1.0666284288597043,
        "quantile_1_wl": -1.0109129391319929,
        "trend_ss": -0.0745271926585558,
        "quantile_99_ss": 0.34480846772543766,
        "quantile_1_ss": -0.3229937154066389
      },
      "geometry": {
        "type": "Point",
        "coordinates": [
          -78.61118407782753,
          33.77853954815891
        ]
      }
    },
    {
      "type": "Feature",
      "properties": {
        "id": "0000319",
        "time_start": "1979-01-01",
        "time_end": "2024-12-31",
        "trend_wl": 3.526746843950445,
        "quantile_99_wl": 1.0662799537946228,
        "quantile_1_wl": -1.0103555690758355,
        "trend_ss": -0.0745275522877871,
        "quantile_99_ss": 0.3444406943932429,
        "quantile_1_ss": -0.32270432936467486
      },
      "geometry": {
        "type": "Point",
        "coordinates": [
          -78.60603179197305,
          33.77993648941415
        ]
      }
    },
    {
      "type": "Feature",
      "properties": {
        "id": "0000320",
        "time_start": "1979-01-01",
        "time_end": "2024-12-31",
        "trend_wl": 3.528388916962027,
        "quantile_99_wl": 1.0660679808213744,
        "quantile_1_wl": -1.0098254424080237,
        "trend_ss": -0.07452745351888207,
        "quantile_99_ss": 0.34419816705956546,
        "quantile_1_ss": -0.3224818317067072
      },
      "geometry": {
        "type": "Point",
        "coordinates": [
          -78.60087950611856,
          33.78133343066939
        ]
      }
    },
    {
      "type": "Feature",
      "properties": {
        "id": "0000321",
        "time_start": "1979-01-01",
        "time_end": "2024-12-31",
        "trend_wl": 3.52929798058341,
        "quantile_99_wl": 1.0656288095130182,
        "quantile_1_wl": -1.0092038550462425,
        "trend_ss": -0.07452689754089555,
        "quantile_99_ss": 0.34373886273730314,
        "quantile_1_ss": -0.3222121044239905
      },
      "geometry": {
        "type": "Point",
        "coordinates": [
          -78.59572722026408,
          33.78273037192463
        ]
      }
    },
    {
      "type": "Feature",
      "properties": {
        "id": "0000322",
        "time_start": "1979-01-01",
        "time_end": "2024-12-31",
        "trend_wl": 3.5303632593133396,
        "quantile_99_wl": 1.0651504466062764,
        "quantile_1_wl": -1.008710768384728,
        "trend_ss": -0.0745268243571846,
        "quantile_99_ss": 0.3437736048816418,
        "quantile_1_ss": -0.3219457414420581
      },
      "geometry": {
        "type": "Point",
        "coordinates": [
          -78.59057493440959,
          33.78412731317987
        ]
      }
    },
    {
      "type": "Feature",
      "properties": {
        "id": "0000323",
        "time_start": "1979-01-01",
        "time_end": "2024-12-31",
        "trend_wl": 3.531393167102966,
        "quantile_99_wl": 1.06471461660802,
        "quantile_1_wl": -1.0081578308390304,
        "trend_ss": -0.07452718031555162,
        "quantile_99_ss": 0.3436825963016327,
        "quantile_1_ss": -0.32170594988650897
      },
      "geometry": {
        "type": "Point",
        "coordinates": [
          -78.5854226485551,
          33.78552425443511
        ]
      }
    },
    {
      "type": "Feature",
      "properties": {
        "id": "0000324",
        "time_start": "1979-01-01",
        "time_end": "2024-12-31",
        "trend_wl": 3.5324207906943585,
        "quantile_99_wl": 1.0645140626285199,
        "quantile_1_wl": -1.0075441106613174,
        "trend_ss": -0.07452708295901411,
        "quantile_99_ss": 0.34340316565309026,
        "quantile_1_ss": -0.3214664076936373
      },
      "geometry": {
        "type": "Point",
        "coordinates": [
          -78.58027036270062,
          33.786921195690354
        ]
      }
    },
    {
      "type": "Feature",
      "properties": {
        "id": "0000325",
        "time_start": "1979-01-01",
        "time_end": "2024-12-31",
        "trend_wl": 3.5334132314188444,
        "quantile_99_wl": 1.064142050942188,
        "quantile_1_wl": -1.0070873994014706,
        "trend_ss": -0.074526968407829,
        "quantile_99_ss": 0.34318594257996476,
        "quantile_1_ss": -0.32131589805292554
      },
      "geometry": {
        "type": "Point",
        "coordinates": [
          -78.57520897298102,
          33.78851033800017
        ]
      }
    },
    {
      "type": "Feature",
      "properties": {
        "id": "0000326",
        "time_start": "1979-01-01",
        "time_end": "2024-12-31",
        "trend_wl": 3.53437055476512,
        "quantile_99_wl": 1.063738999131666,
        "quantile_1_wl": -1.006535354374631,
        "trend_ss": -0.07452687266048166,
        "quantile_99_ss": 0.34291788609106566,
        "quantile_1_ss": -0.32122623686459884
      },
      "geometry": {
        "type": "Point",
        "coordinates": [
          -78.57029498827096,
          33.790411170112
        ]
      }
    },
    {
      "type": "Feature",
      "properties": {
        "id": "0000327",
        "time_start": "1979-01-01",
        "time_end": "2024-12-31",
        "trend_wl": 3.535859105571132,
        "quantile_99_wl": 1.0634868550567833,
        "quantile_1_wl": -1.00606747902138,
        "trend_ss": -0.07452679589512515,
        "quantile_99_ss": 0.34268455365231465,
        "quantile_1_ss": -0.32118934775159724
      },
      "geometry": {
        "type": "Point",
        "coordinates": [
          -78.56538100356092,
          33.79231200222383
        ]
      }
    },
    {
      "type": "Feature",
      "properties": {
        "id": "0000328",
        "time_start": "1979-01-01",
        "time_end": "2024-12-31",
        "trend_wl": 3.5361801275362814,
        "quantile_99_wl": 1.0631881666943983,
        "quantile_1_wl": -1.0055324475445913,
        "trend_ss": -0.07452626416681742,
        "quantile_99_ss": 0.342540189526305,
        "quantile_1_ss": -0.320923024555934
      },
      "geometry": {
        "type": "Point",
        "coordinates": [
          -78.56046701885086,
          33.79421283433565
        ]
      }
    },
    {
      "type": "Feature",
      "properties": {
        "id": "0000329",
        "time_start": "1979-01-01",
        "time_end": "2024-12-31",
        "trend_wl": 3.536895264288631,
        "quantile_99_wl": 1.0627132226783624,
        "quantile_1_wl": -1.005112420051144,
        "trend_ss": -0.07484952057774642,
        "quantile_99_ss": 0.3417008289855399,
        "quantile_1_ss": -0.3202450620867806
      },
      "geometry": {
        "type": "Point",
        "coordinates": [
          -78.5555530341408,
          33.79611366644748
        ]
      }
    },
    {
      "type": "Feature",
      "properties": {
        "id": "0000330",
        "time_start": "1979-01-01",
        "time_end": "2024-12-31",
        "trend_wl": 3.537894922296985,
        "quantile_99_wl": 1.062272839119778,
        "quantile_1_wl": -1.0047372501035783,
        "trend_ss": -0.07484944997481567,
        "quantile_99_ss": 0.3415196079280436,
        "quantile_1_ss": -0.32002605669188444
      },
      "geometry": {
        "type": "Point",
        "coordinates": [
          -78.55084993614417,
          33.79829394426907
        ]
      }
    },
    {
      "type": "Feature",
      "properties": {
        "id": "0000331",
        "time_start": "1979-01-01",
        "time_end": "2024-12-31",
        "trend_wl": 3.5388767499283826,
        "quantile_99_wl": 1.0616722238801541,
        "quantile_1_wl": -1.0043170939211812,
        "trend_ss": -0.07484935757559734,
        "quantile_99_ss": 0.34128925443405944,
        "quantile_1_ss": -0.32002626970039283
      },
      "geometry": {
        "type": "Point",
        "coordinates": [
          -78.54665346554854,
          33.801145553401
        ]
      }
    },
    {
      "type": "Feature",
      "properties": {
        "id": "0000332",
        "time_start": "1979-01-01",
        "time_end": "2024-12-31",
        "trend_wl": 3.5436884357730953,
        "quantile_99_wl": 1.061925777595843,
        "quantile_1_wl": -1.0045754390149606,
        "trend_ss": -0.07484927111201747,
        "quantile_99_ss": 0.341504671863623,
        "quantile_1_ss": -0.32056937310869643
      },
      "geometry": {
        "type": "Point",
        "coordinates": [
          -78.54245699495291,
          33.80399716253293
        ]
      }
    },
    {
      "type": "Feature",
      "properties": {
        "id": "0000333",
        "time_start": "1979-01-01",
        "time_end": "2024-12-31",
        "trend_wl": 3.5445716359184023,
        "quantile_99_wl": 1.0616500040475993,
        "quantile_1_wl": -1.0041361215247173,
        "trend_ss": -0.07484922472222737,
        "quantile_99_ss": 0.3413781806097854,
        "quantile_1_ss": -0.32033234899328866
      },
      "geometry": {
        "type": "Point",
        "coordinates": [
          -78.53826052435728,
          33.80684877166486
        ]
      }
    },
    {
      "type": "Feature",
      "properties": {
        "id": "0000334",
        "time_start": "1979-01-01",
        "time_end": "2024-12-31",
        "trend_wl": 3.549711653603898,
        "quantile_99_wl": 1.061506850765167,
        "quantile_1_wl": -1.0043048694880639,
        "trend_ss": -0.07484908381645626,
        "quantile_99_ss": 0.3413759049760177,
        "quantile_1_ss": -0.32050326742885243
      },
      "geometry": {
        "type": "Point",
        "coordinates": [
          -78.53406405376164,
          33.80970038079679
        ]
      }
    },
    {
      "type": "Feature",
      "properties": {
        "id": "0000335",
        "time_start": "1979-01-01",
        "time_end": "2024-12-31",
        "trend_wl": 3.550954303298252,
        "quantile_99_wl": 1.0610530442497805,
        "quantile_1_wl": -1.0037929455036787,
        "trend_ss": -0.07484903762256313,
        "quantile_99_ss": 0.3413731024213116,
        "quantile_1_ss": -0.3204320555895692
      },
      "geometry": {
        "type": "Point",
        "coordinates": [
          -78.52986758316601,
          33.812551989928714
        ]
      }
    },
    {
      "type": "Feature",
      "properties": {
        "id": "0000336",
        "time_start": "1979-01-01",
        "time_end": "2024-12-31",
        "trend_wl": 3.5555785910603603,
        "quantile_99_wl": 1.060821080244823,
        "quantile_1_wl": -1.0036277654789232,
        "trend_ss": -0.07484854593734652,
        "quantile_99_ss": 0.34132110129158916,
        "quantile_1_ss": -0.32067416074527727
      },
      "geometry": {
        "type": "Point",
        "coordinates": [
          -78.52552338718843,
          33.815230490438594
        ]
      }
    },
    {
      "type": "Feature",
      "properties": {
        "id": "0000337",
        "time_start": "1979-01-01",
        "time_end": "2024-12-31",
        "trend_wl": 3.5563450845010007,
        "quantile_99_wl": 1.060317651882872,
        "quantile_1_wl": -1.003112694211122,
        "trend_ss": -0.07484889708834723,
        "quantile_99_ss": 0.3412953201364576,
        "quantile_1_ss": -0.3203371672823536
      },
      "geometry": {
        "type": "Point",
        "coordinates": [
          -78.52088794469984,
          33.8175677003623
        ]
      }
    },
    {
      "type": "Feature",
      "properties": {
        "id": "0000338",
        "time_start": "1979-01-01",
        "time_end": "2024-12-31",
        "trend_wl": 3.55712201167612,
        "quantile_99_wl": 1.0599299437098706,
        "quantile_1_wl": -1.0022788316725084,
        "trend_ss": -0.07484882882715266,
        "quantile_99_ss": 0.3410576866773991,
        "quantile_1_ss": -0.3201266433529845
      },
      "geometry": {
        "type": "Point",
        "coordinates": [
          -78.51625250221126,
          33.819904910286006
        ]
      }
    },
    {
      "type": "Feature",
      "properties": {
        "id": "0000339",
        "time_start": "1979-01-01",
        "time_end": "2024-12-31",
        "trend_wl": 3.5578737696150915,
        "quantile_99_wl": 1.0593890175790748,
        "quantile_1_wl": -1.001731560349205,
        "trend_ss": -0.07484835574268697,
        "quantile_99_ss": 0.34100236457971544,
        "quantile_1_ss": -0.3199764594084781
      },
      "geometry": {
        "type": "Point",
        "coordinates": [
          -78.51161705972267,
          33.82224212020971
        ]
      }
    },
    {
      "type": "Feature",
      "properties": {
        "id": "0000340",
        "time_start": "1979-01-01",
        "time_end": "2024-12-31",
        "trend_wl": 3.562801231517763,
        "quantile_99_wl": 1.059157007991219,
        "quantile_1_wl": -1.0013292450736448,
        "trend_ss": -0.07484865065710264,
        "quantile_99_ss": 0.34106726861442793,
        "quantile_1_ss": -0.3202356880073898
      },
      "geometry": {
        "type": "Point",
        "coordinates": [
          -78.50698161723409,
          33.82457933013342
        ]
      }
    },
    {
      "type": "Feature",
      "properties": {
        "id": "0000341",
        "time_start": "1979-01-01",
        "time_end": "2024-12-31",
        "trend_wl": 3.5638479042274893,
        "quantile_99_wl": 1.0588288645077255,
        "quantile_1_wl": -1.0002725192580186,
        "trend_ss": -0.07484856333049913,
        "quantile_99_ss": 0.34094251709614903,
        "quantile_1_ss": -0.32010316332336863
      },
      "geometry": {
        "type": "Point",
        "coordinates": [
          -78.5023461747455,
          33.82691654005713
        ]
      }
    },
    {
      "type": "Feature",
      "properties": {
        "id": "0000342",
        "time_start": "1979-01-01",
        "time_end": "2024-12-31",
        "trend_wl": 3.5642032024799017,
        "quantile_99_wl": 1.0582627929076527,
        "quantile_1_wl": -0.9995790233294551,
        "trend_ss": -0.0748485199700394,
        "quantile_99_ss": 0.34067123022950097,
        "quantile_1_ss": -0.31988958028708747
      },
      "geometry": {
        "type": "Point",
        "coordinates": [
          -78.49771073225692,
          33.82925374998083
        ]
      }
    },
    {
      "type": "Feature",
      "properties": {
        "id": "0000343",
        "time_start": "1979-01-01",
        "time_end": "2024-12-31",
        "trend_wl": 3.565329474069735,
        "quantile_99_wl": 1.0577714638489788,
        "quantile_1_wl": -0.9990891426508907,
        "trend_ss": -0.07484848099505022,
        "quantile_99_ss": 0.3407107108856783,
        "quantile_1_ss": -0.3199671852388899
      },
      "geometry": {
        "type": "Point",
        "coordinates": [
          -78.49307528976833,
          33.83159095990454
        ]
      }
    },
    {
      "type": "Feature",
      "properties": {
        "id": "0000344",
        "time_start": "1979-01-01",
        "time_end": "2024-12-31",
        "trend_wl": 3.569829016977633,
        "quantile_99_wl": 1.0579171413253807,
        "quantile_1_wl": -0.999031307859098,
        "trend_ss": -0.0748484492196983,
        "quantile_99_ss": 0.3408994368094697,
        "quantile_1_ss": -0.3203355470551919
      },
      "geometry": {
        "type": "Point",
        "coordinates": [
          -78.48843984727975,
          33.83392816982824
        ]
      }
    },
    {
      "type": "Feature",
      "properties": {
        "id": "0000345",
        "time_start": "1979-01-01",
        "time_end": "2024-12-31",
        "trend_wl": 3.5696074993699676,
        "quantile_99_wl": 1.0574267949410916,
        "quantile_1_wl": -0.99831562454797,
        "trend_ss": -0.07484839050771927,
        "quantile_99_ss": 0.34085527987088915,
        "quantile_1_ss": -0.31998035211725273
      },
      "geometry": {
        "type": "Point",
        "coordinates": [
          -78.48380440479116,
          33.83626537975195
        ]
      }
    },
    {
      "type": "Feature",
      "properties": {
        "id": "0000346",
        "time_start": "1979-01-01",
        "time_end": "2024-12-31",
        "trend_wl": 3.573188970232671,
        "quantile_99_wl": 1.0571809806993588,
        "quantile_1_wl": -0.9978360710888693,
        "trend_ss": -0.07484830953699526,
        "quantile_99_ss": 0.3408850637248792,
        "quantile_1_ss": -0.31989247604783344
      },
      "geometry": {
        "type": "Point",
        "coordinates": [
          -78.47916896230258,
          33.83860258967566
        ]
      }
    },
    {
      "type": "Feature",
      "properties": {
        "id": "0000347",
        "time_start": "1979-01-01",
        "time_end": "2024-12-31",
        "trend_wl": 3.573673482169489,
        "quantile_99_wl": 1.0568338647070739,
        "quantile_1_wl": -0.9973094767520077,
        "trend_ss": -0.07484825465878304,
        "quantile_99_ss": 0.34085688761412153,
        "quantile_1_ss": -0.3195491987411111
      },
      "geometry": {
        "type": "Point",
        "coordinates": [
          -78.47453351981399,
          33.84093979959936
        ]
      }
    },
    {
      "type": "Feature",
      "properties": {
        "id": "0000348",
        "time_start": "1979-01-01",
        "time_end": "2024-12-31",
        "trend_wl": 3.5751963337283295,
        "quantile_99_wl": 1.056530579965536,
        "quantile_1_wl": -0.9967959078026892,
        "trend_ss": -0.07484819161128012,
        "quantile_99_ss": 0.3406632433779085,
        "quantile_1_ss": -0.3193734562577602
      },
      "geometry": {
        "type": "Point",
        "coordinates": [
          -78.46946449449534,
          33.84237456420112
        ]
      }
    },
    {
      "type": "Feature",
      "properties": {
        "id": "0000349",
        "time_start": "1979-01-01",
        "time_end": "2024-12-31",
        "trend_wl": 3.5751066753704093,
        "quantile_99_wl": 1.0559754330463262,
        "quantile_1_wl": -0.9963466155506194,
        "trend_ss": -0.07484810851600375,
        "quantile_99_ss": 0.3404964651734052,
        "quantile_1_ss": -0.31917256670506583
      },
      "geometry": {
        "type": "Point",
        "coordinates": [
          -78.46416322832373,
          33.84332595017991
        ]
      }
    },
    {
      "type": "Feature",
      "properties": {
        "id": "0000350",
        "time_start": "1979-01-01",
        "time_end": "2024-12-31",
        "trend_wl": 3.5763199258895146,
        "quantile_99_wl": 1.0550824217146162,
        "quantile_1_wl": -0.9952197100488511,
        "trend_ss": -0.07484796855089111,
        "quantile_99_ss": 0.3403829059675842,
        "quantile_1_ss": -0.3188806894318248
      },
      "geometry": {
        "type": "Point",
        "coordinates": [
          -78.4588619621521,
          33.844277336158704
        ]
      }
    },
    {
      "type": "Feature",
      "properties": {
        "id": "0000351",
        "time_start": "1979-01-01",
        "time_end": "2024-12-31",
        "trend_wl": 3.576986018032607,
        "quantile_99_wl": 1.054735374758398,
        "quantile_1_wl": -0.9949006390739905,
        "trend_ss": -0.07484786518864663,
        "quantile_99_ss": 0.3402892069503267,
        "quantile_1_ss": -0.3186421428237566
      },
      "geometry": {
        "type": "Point",
        "coordinates": [
          -78.45356069598047,
          33.84522872213749
        ]
      }
    },
    {
      "type": "Feature",
      "properties": {
        "id": "0000352",
        "time_start": "1979-01-01",
        "time_end": "2024-12-31",
        "trend_wl": 3.5777016480100587,
        "quantile_99_wl": 1.0544149224979256,
        "quantile_1_wl": -0.9942726094743065,
        "trend_ss": -0.07484780356256672,
        "quantile_99_ss": 0.3402479802504467,
        "quantile_1_ss": -0.3186566557402817
      },
      "geometry": {
        "type": "Point",
        "coordinates": [
          -78.44825942980884,
          33.846180108116286
        ]
      }
    },
    {
      "type": "Feature",
      "properties": {
        "id": "0000353",
        "time_start": "1979-01-01",
        "time_end": "2024-12-31",
        "trend_wl": 3.5784954959918,
        "quantile_99_wl": 1.0538910689258476,
        "quantile_1_wl": -0.993932289209593,
        "trend_ss": -0.07484729498368928,
        "quantile_99_ss": 0.34004988759656,
        "quantile_1_ss": -0.3186536084399124
      },
      "geometry": {
        "type": "Point",
        "coordinates": [
          -78.44295816363721,
          33.84713149409507
        ]
      }
    },
    {
      "type": "Feature",
      "properties": {
        "id": "0000354",
        "time_start": "1979-01-01",
        "time_end": "2024-12-31",
        "trend_wl": 3.5759497871202197,
        "quantile_99_wl": 1.0528167233214596,
        "quantile_1_wl": -0.9924255996736764,
        "trend_ss": -0.07484760954475492,
        "quantile_99_ss": 0.3398717013173639,
        "quantile_1_ss": -0.3181500538285652
      },
      "geometry": {
        "type": "Point",
        "coordinates": [
          -78.4376568974656,
          33.84808288007387
        ]
      }
    },
    {
      "type": "Feature",
      "properties": {
        "id": "0000355",
        "time_start": "1979-01-01",
        "time_end": "2024-12-31",
        "trend_wl": 3.5767085469617443,
        "quantile_99_wl": 1.0523708791325443,
        "quantile_1_wl": -0.9918638184206282,
        "trend_ss": -0.07484751558889358,
        "quantile_99_ss": 0.339845165073105,
        "quantile_1_ss": -0.31814958617188643
      },
      "geometry": {
        "type": "Point",
        "coordinates": [
          -78.43235563129397,
          33.849034266052655
        ]
      }
    },
    {
      "type": "Feature",
      "properties": {
        "id": "0000356",
        "time_start": "1979-01-01",
        "time_end": "2024-12-31",
        "trend_wl": 3.5774519282002135,
        "quantile_99_wl": 1.0520118342606344,
        "quantile_1_wl": -0.9913901776488983,
        "trend_ss": -0.07484743011833003,
        "quantile_99_ss": 0.33962962064476204,
        "quantile_1_ss": -0.3180725717064743
      },
      "geometry": {
        "type": "Point",
        "coordinates": [
          -78.42705436512234,
          33.84998565203145
        ]
      }
    },
    {
      "type": "Feature",
      "properties": {
        "id": "0000357",
        "time_start": "1979-01-01",
        "time_end": "2024-12-31",
        "trend_wl": 3.578207664061133,
        "quantile_99_wl": 1.0517271990425694,
        "quantile_1_wl": -0.9909996047011864,
        "trend_ss": -0.07484732376548892,
        "quantile_99_ss": 0.33961224311552946,
        "quantile_1_ss": -0.3181042088522569
      },
      "geometry": {
        "type": "Point",
        "coordinates": [
          -78.4218296784533,
          33.85113171616542
        ]
      }
    },
    {
      "type": "Feature",
      "properties": {
        "id": "0000358",
        "time_start": "1979-01-01",
        "time_end": "2024-12-31",
        "trend_wl": 3.578989992463703,
        "quantile_99_wl": 1.0512762755380778,
        "quantile_1_wl": -0.9907416758640438,
        "trend_ss": -0.07484725528852747,
        "quantile_99_ss": 0.339492021128281,
        "quantile_1_ss": -0.31791071161289974
      },
      "geometry": {
        "type": "Point",
        "coordinates": [
          -78.41687731189525,
          33.85297006446214
        ]
      }
    },
    {
      "type": "Feature",
      "properties": {
        "id": "0000359",
        "time_start": "1979-01-01",
        "time_end": "2024-12-31",
        "trend_wl": 3.580154907722371,
        "quantile_99_wl": 1.0506206115450336,
        "quantile_1_wl": -0.99021838263287,
        "trend_ss": -0.07484717446024344,
        "quantile_99_ss": 0.33942213233273727,
        "quantile_1_ss": -0.31779386571718027
      },
      "geometry": {
        "type": "Point",
        "coordinates": [
          -78.41192494533719,
          33.85480841275887
        ]
      }
    },
    {
      "type": "Feature",
      "properties": {
        "id": "0000360",
        "time_start": "1979-01-01",
        "time_end": "2024-12-31",
        "trend_wl": 3.5845055056140707,
        "quantile_99_wl": 1.0506863184684798,
        "quantile_1_wl": -0.9902072903806893,
        "trend_ss": -0.07484702047767698,
        "quantile_99_ss": 0.339555689846009,
        "quantile_1_ss": -0.31819748101197354
      },
      "geometry": {
        "type": "Point",
        "coordinates": [
          -78.40697257877913,
          33.8566467610556
        ]
      }
    },
    {
      "type": "Feature",
      "properties": {
        "id": "0000361",
        "time_start": "1979-01-01",
        "time_end": "2024-12-31",
        "trend_wl": 3.5862220675760743,
        "quantile_99_wl": 1.0500508150149355,
        "quantile_1_wl": -0.9890507517281938,
        "trend_ss": -0.07484690161363015,
        "quantile_99_ss": 0.33977691949504374,
        "quantile_1_ss": -0.318
      },
      "geometry": {
        "type": "Point",
        "coordinates": [
          -78.40202021222107,
          33.85848510935232
        ]
      }
    },
    {
      "type": "Feature",
      "properties": {
        "id": "0000362",
        "time_start": "1979-01-01",
        "time_end": "2024-12-31",
        "trend_wl": 3.5870317495853334,
        "quantile_99_wl": 1.0497111401171166,
        "quantile_1_wl": -0.9885602058131421,
        "trend_ss": -0.07484681906424952,
        "quantile_99_ss": 0.3398049862117374,
        "quantile_1_ss": -0.31795484078188146
      },
      "geometry": {
        "type": "Point",
        "coordinates": [
          -78.39706784566303,
          33.86032345764905
        ]
      }
    },
    {
      "type": "Feature",
      "properties": {
        "id": "0000363",
        "time_start": "1979-01-01",
        "time_end": "2024-12-31",
        "trend_wl": 3.587779228167103,
        "quantile_99_wl": 1.0494332581764063,
        "quantile_1_wl": -0.9881441189857457,
        "trend_ss": -0.07484674767491424,
        "quantile_99_ss": 0.3397900800481485,
        "quantile_1_ss": -0.3178081863841519
      },
      "geometry": {
        "type": "Point",
        "coordinates": [
          -78.39211547910497,
          33.862161805945775
        ]
      }
    },
    {
      "type": "Feature",
      "properties": {
        "id": "0000364",
        "time_start": "1979-01-01",
        "time_end": "2024-12-31",
        "trend_wl": 3.588543824015505,
        "quantile_99_wl": 1.0490913918195452,
        "quantile_1_wl": -0.9876340151904991,
        "trend_ss": -0.07484669430086247,
        "quantile_99_ss": 0.339796048937566,
        "quantile_1_ss": -0.31783437645599805
      },
      "geometry": {
        "type": "Point",
        "coordinates": [
          -78.38716311254692,
          33.864000154242504
        ]
      }
    },
    {
      "type": "Feature",
      "properties": {
        "id": "0000365",
        "time_start": "1979-01-01",
        "time_end": "2024-12-31",
        "trend_wl": 3.5893039657614887,
        "quantile_99_wl": 1.0486218922144508,
        "quantile_1_wl": -0.987170211418082,
        "trend_ss": -0.07484664181932554,
        "quantile_99_ss": 0.3398228010977402,
        "quantile_1_ss": -0.31763820256904507
      },
      "geometry": {
        "type": "Point",
        "coordinates": [
          -78.38221074598886,
          33.86583850253923
        ]
      }
    },
    {
      "type": "Feature",
      "properties": {
        "id": "0000366",
        "time_start": "1979-01-01",
        "time_end": "2024-12-31",
        "trend_wl": 3.5958969382625323,
        "quantile_99_wl": 1.0483960872170994,
        "quantile_1_wl": -0.987101287175315,
        "trend_ss": -0.07484656615352615,
        "quantile_99_ss": 0.34041592696228096,
        "quantile_1_ss": -0.3181124454250816
      },
      "geometry": {
        "type": "Point",
        "coordinates": [
          -78.3772583794308,
          33.867676850835956
        ]
      }
    },
    {
      "type": "Feature",
      "properties": {
        "id": "0000367",
        "time_start": "1979-01-01",
        "time_end": "2024-12-31",
        "trend_wl": 3.5969391921055767,
        "quantile_99_wl": 1.0480860083531598,
        "quantile_1_wl": -0.9867599828209669,
        "trend_ss": -0.07484652295048724,
        "quantile_99_ss": 0.34043916034139543,
        "quantile_1_ss": -0.31799773030265366
      },
      "geometry": {
        "type": "Point",
        "coordinates": [
          -78.37230601287276,
          33.869515199132685
        ]
      }
    },
    {
      "type": "Feature",
      "properties": {
        "id": "0000368",
        "time_start": "1979-01-01",
        "time_end": "2024-12-31",
        "trend_wl": 3.595510654581928,
        "quantile_99_wl": 1.0471219501075013,
        "quantile_1_wl": -0.9853569194095002,
        "trend_ss": -0.07484648942405465,
        "quantile_99_ss": 0.3401251017888937,
        "quantile_1_ss": -0.3176324556850863
      },
      "geometry": {
        "type": "Point",
        "coordinates": [
          -78.3673536463147,
          33.871353547429415
        ]
      }
    },
    {
      "type": "Feature",
      "properties": {
        "id": "0000369",
        "time_start": "1979-01-01",
        "time_end": "2024-12-31",
        "trend_wl": 3.5999803026987545,
        "quantile_99_wl": 1.047307201636992,
        "quantile_1_wl": -0.9855023142042245,
        "trend_ss": -0.07484640669885873,
        "quantile_99_ss": 0.3404935113675961,
        "quantile_1_ss": -0.3180397827364728
      },
      "geometry": {
        "type": "Point",
        "coordinates": [
          -78.36240127975664,
          33.87319189572614
        ]
      }
    },
    {
      "type": "Feature",
      "properties": {
        "id": "0000370",
        "time_start": "1979-01-01",
        "time_end": "2024-12-31",
        "trend_wl": 3.599759471955024,
        "quantile_99_wl": 1.046805640337199,
        "quantile_1_wl": -0.9849524225630206,
        "trend_ss": -0.0748463830348077,
        "quantile_99_ss": 0.3406497484134299,
        "quantile_1_ss": -0.3178567492128456
      },
      "geometry": {
        "type": "Point",
        "coordinates": [
          -78.35744891319858,
          33.87503024402287
        ]
      }
    },
    {
      "type": "Feature",
      "properties": {
        "id": "0000371",
        "time_start": "1979-01-01",
        "time_end": "2024-12-31",
        "trend_wl": 3.6000552464781137,
        "quantile_99_wl": 1.0460911717454267,
        "quantile_1_wl": -0.983863700364356,
        "trend_ss": -0.07484621587591396,
        "quantile_99_ss": 0.34068393512032297,
        "quantile_1_ss": -0.3176068913399604
      },
      "geometry": {
        "type": "Point",
        "coordinates": [
          -78.35213903846963,
          33.87539828713811
        ]
      }
    },
    {
      "type": "Feature",
      "properties": {
        "id": "0000372",
        "time_start": "1979-01-01",
        "time_end": "2024-12-31",
        "trend_wl": 3.5994351837023175,
        "quantile_99_wl": 1.0455402995902017,
        "quantile_1_wl": -0.9832762288601581,
        "trend_ss": -0.0758245251259957,
        "quantile_99_ss": 0.33984598780944475,
        "quantile_1_ss": -0.3170586541463496
      },
      "geometry": {
        "type": "Point",
        "coordinates": [
          -78.3467149698974,
          33.87529669119855
        ]
      }
    },
    {
      "type": "Feature",
      "properties": {
        "id": "0000373",
        "time_start": "1979-01-01",
        "time_end": "2024-12-31",
        "trend_wl": 3.5951698030067822,
        "quantile_99_wl": 1.0449361672753863,
        "quantile_1_wl": -0.9824192270296492,
        "trend_ss": -0.07582456480740463,
        "quantile_99_ss": 0.3395091176514262,
        "quantile_1_ss": -0.31647894394170223
      },
      "geometry": {
        "type": "Point",
        "coordinates": [
          -78.34129090132517,
          33.875195095258995
        ]
      }
    },
    {
      "type": "Feature",
      "properties": {
        "id": "0000374",
        "time_start": "1979-01-01",
        "time_end": "2024-12-31",
        "trend_wl": 3.5957186191989225,
        "quantile_99_wl": 1.0441064065417571,
        "quantile_1_wl": -0.9814007607443922,
        "trend_ss": -0.07582441205320721,
        "quantile_99_ss": 0.33962148523385466,
        "quantile_1_ss": -0.31642153147327495
      },
      "geometry": {
        "type": "Point",
        "coordinates": [
          -78.33586683275294,
          33.87509349931943
        ]
      }
    },
    {
      "type": "Feature",
      "properties": {
        "id": "0000375",
        "time_start": "1979-01-01",
        "time_end": "2024-12-31",
        "trend_wl": 3.5959566120394375,
        "quantile_99_wl": 1.0437269464680095,
        "quantile_1_wl": -0.9807736977318565,
        "trend_ss": -0.07582432216882551,
        "quantile_99_ss": 0.3395465324425815,
        "quantile_1_ss": -0.31646983298019693
      },
      "geometry": {
        "type": "Point",
        "coordinates": [
          -78.33044276418072,
          33.87499190337987
        ]
      }
    },
    {
      "type": "Feature",
      "properties": {
        "id": "0000376",
        "time_start": "1979-01-01",
        "time_end": "2024-12-31",
        "trend_wl": 3.5960674879872156,
        "quantile_99_wl": 1.0432585944569968,
        "quantile_1_wl": -0.980461166505357,
        "trend_ss": -0.07582426504109817,
        "quantile_99_ss": 0.33955232365913307,
        "quantile_1_ss": -0.31632707140904404
      },
      "geometry": {
        "type": "Point",
        "coordinates": [
          -78.32501869560848,
          33.87489030744031
        ]
      }
    },
    {
      "type": "Feature",
      "properties": {
        "id": "0000377",
        "time_start": "1979-01-01",
        "time_end": "2024-12-31",
        "trend_wl": 3.5960995099165283,
        "quantile_99_wl": 1.0425312728143923,
        "quantile_1_wl": -0.9799489833841065,
        "trend_ss": -0.07582420476505887,
        "quantile_99_ss": 0.3395693900385851,
        "quantile_1_ss": -0.31617497157924773
      },
      "geometry": {
        "type": "Point",
        "coordinates": [
          -78.31959462703625,
          33.87478871150075
        ]
      }
    },
    {
      "type": "Feature",
      "properties": {
        "id": "0000378",
        "time_start": "1979-01-01",
        "time_end": "2024-12-31",
        "trend_wl": 3.5915136869916138,
        "quantile_99_wl": 1.0415709416829628,
        "quantile_1_wl": -0.9786508863498458,
        "trend_ss": -0.07582413509651335,
        "quantile_99_ss": 0.3393411105941895,
        "quantile_1_ss": -0.3155506550506451
      },
      "geometry": {
        "type": "Point",
        "coordinates": [
          -78.31419144472852,
          33.87480281973344
        ]
      }
    },
    {
      "type": "Feature",
      "properties": {
        "id": "0000379",
        "time_start": "1979-01-01",
        "time_end": "2024-12-31",
        "trend_wl": 3.5956773195729372,
        "quantile_99_wl": 1.0410312319269492,
        "quantile_1_wl": -0.9783006540989636,
        "trend_ss": -0.07582400964188797,
        "quantile_99_ss": 0.3396058338672135,
        "quantile_1_ss": -0.31577019763890757
      },
      "geometry": {
        "type": "Point",
        "coordinates": [
          -78.30904183213534,
          33.876221634582116
        ]
      }
    },
    {
      "type": "Feature",
      "properties": {
        "id": "0000380",
        "time_start": "1979-01-01",
        "time_end": "2024-12-31",
        "trend_wl": 3.595458739269072,
        "quantile_99_wl": 1.0405781719936578,
        "quantile_1_wl": -0.9778059558212191,
        "trend_ss": -0.07582395327321698,
        "quantile_99_ss": 0.33950687585791844,
        "quantile_1_ss": -0.31564347138101095
      },
      "geometry": {
        "type": "Point",
        "coordinates": [
          -78.30389221954216,
          33.87764044943079
        ]
      }
    },
    {
      "type": "Feature",
      "properties": {
        "id": "0000381",
        "time_start": "1979-01-01",
        "time_end": "2024-12-31",
        "trend_wl": 3.5953152872724243,
        "quantile_99_wl": 1.0400569305326737,
        "quantile_1_wl": -0.977275968455611,
        "trend_ss": -0.0758238923274455,
        "quantile_99_ss": 0.3393882102273451,
        "quantile_1_ss": -0.31563461985562985
      },
      "geometry": {
        "type": "Point",
        "coordinates": [
          -78.29874260694898,
          33.87905926427947
        ]
      }
    },
    {
      "type": "Feature",
      "properties": {
        "id": "0000382",
        "time_start": "1979-01-01",
        "time_end": "2024-12-31",
        "trend_wl": 3.5953682740726793,
        "quantile_99_wl": 1.0399139104895112,
        "quantile_1_wl": -0.9766968537504492,
        "trend_ss": -0.07582382518967991,
        "quantile_99_ss": 0.33926170727431215,
        "quantile_1_ss": -0.3155511730762975
      },
      "geometry": {
        "type": "Point",
        "coordinates": [
          -78.29359299435579,
          33.880478079128146
        ]
      }
    },
    {
      "type": "Feature",
      "properties": {
        "id": "0000383",
        "time_start": "1979-01-01",
        "time_end": "2024-12-31",
        "trend_wl": 3.599966017384518,
        "quantile_99_wl": 1.039627791341744,
        "quantile_1_wl": -0.976328579321129,
        "trend_ss": -0.07582372317077878,
        "quantile_99_ss": 0.3396870620259848,
        "quantile_1_ss": -0.3161305747245436
      },
      "geometry": {
        "type": "Point",
        "coordinates": [
          -78.2884433817626,
          33.88189689397682
        ]
      }
    },
    {
      "type": "Feature",
      "properties": {
        "id": "0000384",
        "time_start": "1979-01-01",
        "time_end": "2024-12-31",
        "trend_wl": 3.6006465708709987,
        "quantile_99_wl": 1.0391221934550674,
        "quantile_1_wl": -0.9759275007333064,
        "trend_ss": -0.0758236758591682,
        "quantile_99_ss": 0.33973352018296593,
        "quantile_1_ss": -0.3160240962879724
      },
      "geometry": {
        "type": "Point",
        "coordinates": [
          -78.28329376916942,
          33.88331570882549
        ]
      }
    },
    {
      "type": "Feature",
      "properties": {
        "id": "0000385",
        "time_start": "1979-01-01",
        "time_end": "2024-12-31",
        "trend_wl": 3.6014384076660306,
        "quantile_99_wl": 1.0386207989314664,
        "quantile_1_wl": -0.9756678511051353,
        "trend_ss": -0.07582363351586911,
        "quantile_99_ss": 0.3397993597971233,
        "quantile_1_ss": -0.3159366461581499
      },
      "geometry": {
        "type": "Point",
        "coordinates": [
          -78.27814415657623,
          33.88473452367417
        ]
      }
    },
    {
      "type": "Feature",
      "properties": {
        "id": "0000386",
        "time_start": "1979-01-01",
        "time_end": "2024-12-31",
        "trend_wl": 3.602230372766762,
        "quantile_99_wl": 1.0380122865128711,
        "quantile_1_wl": -0.9748773620180455,
        "trend_ss": -0.07582355185820723,
        "quantile_99_ss": 0.33996958899243296,
        "quantile_1_ss": -0.31591171441879157
      },
      "geometry": {
        "type": "Point",
        "coordinates": [
          -78.27299454398305,
          33.886153338522846
        ]
      }
    },
    {
      "type": "Feature",
      "properties": {
        "id": "0000387",
        "time_start": "1979-01-01",
        "time_end": "2024-12-31",
        "trend_wl": 3.5981618614348956,
        "quantile_99_wl": 1.0375678438194842,
        "quantile_1_wl": -0.9741124557631102,
        "trend_ss": -0.07582355824321303,
        "quantile_99_ss": 0.3397835773975861,
        "quantile_1_ss": -0.3153048548665982
      },
      "geometry": {
        "type": "Point",
        "coordinates": [
          -78.2675746067663,
          33.88605310633306
        ]
      }
    },
    {
      "type": "Feature",
      "properties": {
        "id": "0000388",
        "time_start": "1979-01-01",
        "time_end": "2024-12-31",
        "trend_wl": 3.5974305771928177,
        "quantile_99_wl": 1.0369034883918233,
        "quantile_1_wl": -0.9729640938760246,
        "trend_ss": -0.07582308857874842,
        "quantile_99_ss": 0.33991758238893904,
        "quantile_1_ss": -0.3149780709435103
      },
      "geometry": {
        "type": "Point",
        "coordinates": [
          -78.26215051867119,
          33.885929548930044
        ]
      }
    },
    {
      "type": "Feature",
      "properties": {
        "id": "0000389",
        "time_start": "1979-01-01",
        "time_end": "2024-12-31",
        "trend_wl": 3.5978279168883947,
        "quantile_99_wl": 1.0365553800019314,
        "quantile_1_wl": -0.9724152650322466,
        "trend_ss": -0.07582306270308997,
        "quantile_99_ss": 0.3399973005704623,
        "quantile_1_ss": -0.3149162607938745
      },
      "geometry": {
        "type": "Point",
        "coordinates": [
          -78.25672643057608,
          33.88580599152702
        ]
      }
    },
    {
      "type": "Feature",
      "properties": {
        "id": "0000390",
        "time_start": "1979-01-01",
        "time_end": "2024-12-31",
        "trend_wl": 3.5970512767021665,
        "quantile_99_wl": 1.0360564936338288,
        "quantile_1_wl": -0.9718758524214344,
        "trend_ss": -0.07582348909743508,
        "quantile_99_ss": 0.3399302474236745,
        "quantile_1_ss": -0.31476439365360864
      },
      "geometry": {
        "type": "Point",
        "coordinates": [
          -78.25130234248098,
          33.88568243412401
        ]
      }
    },
    {
      "type": "Feature",
      "properties": {
        "id": "0000391",
        "time_start": "1979-01-01",
        "time_end": "2024-12-31",
        "trend_wl": 3.596053161653497,
        "quantile_99_wl": 1.0356889291853195,
        "quantile_1_wl": -0.9714233762852176,
        "trend_ss": -0.0758234896444987,
        "quantile_99_ss": 0.33985155238596304,
        "quantile_1_ss": -0.31447327938098335
      },
      "geometry": {
        "type": "Point",
        "coordinates": [
          -78.24587825438587,
          33.885558876720985
        ]
      }
    },
    {
      "type": "Feature",
      "properties": {
        "id": "0000392",
        "time_start": "1979-01-01",
        "time_end": "2024-12-31",
        "trend_wl": 3.5947130415334767,
        "quantile_99_wl": 1.0350993848043162,
        "quantile_1_wl": -0.9708902784331076,
        "trend_ss": -0.07582301890797635,
        "quantile_99_ss": 0.3398277318364668,
        "quantile_1_ss": -0.3143044941881514
      },
      "geometry": {
        "type": "Point",
        "coordinates": [
          -78.24045416629076,
          33.88543531931797
        ]
      }
    },
    {
      "type": "Feature",
      "properties": {
        "id": "0000393",
        "time_start": "1979-01-01",
        "time_end": "2024-12-31",
        "trend_wl": 3.596128154640209,
        "quantile_99_wl": 1.034639207111392,
        "quantile_1_wl": -0.9702788403694153,
        "trend_ss": -0.0758234076973729,
        "quantile_99_ss": 0.3399767008058735,
        "quantile_1_ss": -0.31461858479216226
      },
      "geometry": {
        "type": "Point",
        "coordinates": [
          -78.23514902466368,
          33.8845475608684
        ]
      }
    },
    {
      "type": "Feature",
      "properties": {
        "id": "0000394",
        "time_start": "1979-01-01",
        "time_end": "2024-12-31",
        "trend_wl": 3.5908270260225765,
        "quantile_99_wl": 1.0337186484436238,
        "quantile_1_wl": -0.9690886399672899,
        "trend_ss": -0.07582335969391724,
        "quantile_99_ss": 0.33978757475237253,
        "quantile_1_ss": -0.3137954871911082
      },
      "geometry": {
        "type": "Point",
        "coordinates": [
          -78.22986503238354,
          33.88352392320069
        ]
      }
    },
    {
      "type": "Feature",
      "properties": {
        "id": "0000395",
        "time_start": "1979-01-01",
        "time_end": "2024-12-31",
        "trend_wl": 3.5891727375937035,
        "quantile_99_wl": 1.033281627645392,
        "quantile_1_wl": -0.9682626896950731,
        "trend_ss": -0.07582327753941438,
        "quantile_99_ss": 0.33964560699573604,
        "quantile_1_ss": -0.31369274247090173
      },
      "geometry": {
        "type": "Point",
        "coordinates": [
          -78.22458104010342,
          33.882500285532984
        ]
      }
    },
    {
      "type": "Feature",
      "properties": {
        "id": "0000396",
        "time_start": "1979-01-01",
        "time_end": "2024-12-31",
        "trend_wl": 3.588761786643895,
        "quantile_99_wl": 1.03286140517399,
        "quantile_1_wl": -0.9675585737332172,
        "trend_ss": -0.07582320996484375,
        "quantile_99_ss": 0.3397774124451251,
        "quantile_1_ss": -0.3137331801329441
      },
      "geometry": {
        "type": "Point",
        "coordinates": [
          -78.21929704782329,
          33.88147664786528
        ]
      }
    },
    {
      "type": "Feature",
      "properties": {
        "id": "0000397",
        "time_start": "1979-01-01",
        "time_end": "2024-12-31",
        "trend_wl": 3.588001174484061,
        "quantile_99_wl": 1.0323600060234819,
        "quantile_1_wl": -0.9669798110895702,
        "trend_ss": -0.07582311024844517,
        "quantile_99_ss": 0.3398403883205972,
        "quantile_1_ss": -0.31353366710375974
      },
      "geometry": {
        "type": "Point",
        "coordinates": [
          -78.21400634179129,
          33.8806465802141
        ]
      }
    },
    {
      "type": "Feature",
      "properties": {
        "id": "0000398",
        "time_start": "1979-01-01",
        "time_end": "2024-12-31",
        "trend_wl": 3.5871367000243293,
        "quantile_99_wl": 1.0314026067108981,
        "quantile_1_wl": -0.9658216467033297,
        "trend_ss": -0.07582290078754715,
        "quantile_99_ss": 0.33978622382106277,
        "quantile_1_ss": -0.3132866923921622
      },
      "geometry": {
        "type": "Point",
        "coordinates": [
          -78.20866014226117,
          33.88141649384826
        ]
      }
    },
    {
      "type": "Feature",
      "properties": {
        "id": "0000399",
        "time_start": "1979-01-01",
        "time_end": "2024-12-31",
        "trend_wl": 3.5867533038445,
        "quantile_99_wl": 1.0309334459979722,
        "quantile_1_wl": -0.9653364618484026,
        "trend_ss": -0.07582235705207126,
        "quantile_99_ss": 0.33979798193600075,
        "quantile_1_ss": -0.3132214085362889
      },
      "geometry": {
        "type": "Point",
        "coordinates": [
          -78.20331394273106,
          33.88218640748243
        ]
      }
    },
    {
      "type": "Feature",
      "properties": {
        "id": "0000400",
        "time_start": "1979-01-01",
        "time_end": "2024-12-31",
        "trend_wl": 3.586260515658843,
        "quantile_99_wl": 1.0304008838610448,
        "quantile_1_wl": -0.9646033448651592,
        "trend_ss": -0.07582270542237143,
        "quantile_99_ss": 0.33966490282607475,
        "quantile_1_ss": -0.31304141464139457
      },
      "geometry": {
        "type": "Point",
        "coordinates": [
          -78.19796774320095,
          33.882956321116595
        ]
      }
    },
    {
      "type": "Feature",
      "properties": {
        "id": "0000401",
        "time_start": "1979-01-01",
        "time_end": "2024-12-31",
        "trend_wl": 3.585689138525831,
        "quantile_99_wl": 1.0298506782431187,
        "quantile_1_wl": -0.9640635940825861,
        "trend_ss": -0.07582260098082368,
        "quantile_99_ss": 0.3397186016869766,
        "quantile_1_ss": -0.31310906608627026
      },
      "geometry": {
        "type": "Point",
        "coordinates": [
          -78.19262154367082,
          33.88372623475076
        ]
      }
    },
    {
      "type": "Feature",
      "properties": {
        "id": "0000402",
        "time_start": "1979-01-01",
        "time_end": "2024-12-31",
        "trend_wl": 3.588957608327917,
        "quantile_99_wl": 1.029317560868784,
        "quantile_1_wl": -0.9635033389768549,
        "trend_ss": -0.0758223798617046,
        "quantile_99_ss": 0.3398778399823143,
        "quantile_1_ss": -0.313816318548964
      },
      "geometry": {
        "type": "Point",
        "coordinates": [
          -78.18727534414072,
          33.884496148384926
        ]
      }
    },
    {
      "type": "Feature",
      "properties": {
        "id": "0000403",
        "time_start": "1979-01-01",
        "time_end": "2024-12-31",
        "trend_wl": 3.58852298813067,
        "quantile_99_wl": 1.028743994888115,
        "quantile_1_wl": -0.9630321745706925,
        "trend_ss": -0.07582230956123714,
        "quantile_99_ss": 0.3397951327173596,
        "quantile_1_ss": -0.3135921484710148
      },
      "geometry": {
        "type": "Point",
        "coordinates": [
          -78.18192914461059,
          33.885266062019085
        ]
      }
    },
    {
      "type": "Feature",
      "properties": {
        "id": "0000404",
        "time_start": "1979-01-01",
        "time_end": "2024-12-31",
        "trend_wl": 3.588174615812671,
        "quantile_99_wl": 1.028261839954479,
        "quantile_1_wl": -0.9623985686591405,
        "trend_ss": -0.07582179562553033,
        "quantile_99_ss": 0.33967625619176783,
        "quantile_1_ss": -0.3134484500833751
      },
      "geometry": {
        "type": "Point",
        "coordinates": [
          -78.17658294508048,
          33.88603597565325
        ]
      }
    },
    {
      "type": "Feature",
      "properties": {
        "id": "0000405",
        "time_start": "1979-01-01",
        "time_end": "2024-12-31",
        "trend_wl": 3.5875780478629493,
        "quantile_99_wl": 1.0272001468926888,
        "quantile_1_wl": -0.96123914497427,
        "trend_ss": -0.07582167637245926,
        "quantile_99_ss": 0.33952590320583026,
        "quantile_1_ss": -0.31300802547096723
      },
      "geometry": {
        "type": "Point",
        "coordinates": [
          -78.17123674555037,
          33.886805889287416
        ]
      }
    },
    {
      "type": "Feature",
      "properties": {
        "id": "0000406",
        "time_start": "1979-01-01",
        "time_end": "2024-12-31",
        "trend_wl": 3.5872681902333197,
        "quantile_99_wl": 1.0268074570995216,
        "quantile_1_wl": -0.9606013838879858,
        "trend_ss": -0.07582200125772004,
        "quantile_99_ss": 0.3396071640566036,
        "quantile_1_ss": -0.3129471433878215
      },
      "geometry": {
        "type": "Point",
        "coordinates": [
          -78.16589054602025,
          33.88757580292158
        ]
      }
    },
    {
      "type": "Feature",
      "properties": {
        "id": "0000407",
        "time_start": "1979-01-01",
        "time_end": "2024-12-31",
        "trend_wl": 3.590866595429757,
        "quantile_99_wl": 1.026261979797772,
        "quantile_1_wl": -0.9600411862722158,
        "trend_ss": -0.0758218793381396,
        "quantile_99_ss": 0.3396177465243706,
        "quantile_1_ss": -0.31317642435150217
      },
      "geometry": {
        "type": "Point",
        "coordinates": [
          -78.16054434649014,
          33.88834571655575
        ]
      }
    },
    {
      "type": "Feature",
      "properties": {
        "id": "0000408",
        "time_start": "1979-01-01",
        "time_end": "2024-12-31",
        "trend_wl": 3.5906136721914272,
        "quantile_99_wl": 1.025632983233201,
        "quantile_1_wl": -0.959395473488902,
        "trend_ss": -0.07582179273828704,
        "quantile_99_ss": 0.3396483657435833,
        "quantile_1_ss": -0.313005293390999
      },
      "geometry": {
        "type": "Point",
        "coordinates": [
          -78.15512101843213,
          33.888276997529104
        ]
      }
    },
    {
      "type": "Feature",
      "properties": {
        "id": "0000409",
        "time_start": "1979-01-01",
        "time_end": "2024-12-31",
        "trend_wl": 3.5895042952701606,
        "quantile_99_wl": 1.025096458456797,
        "quantile_1_wl": -0.9587792019475515,
        "trend_ss": -0.07582171306847987,
        "quantile_99_ss": 0.3397046826793792,
        "quantile_1_ss": -0.31293714008682133
      },
      "geometry": {
        "type": "Point",
        "coordinates": [
          -78.14969580329553,
          33.88818775995006
        ]
      }
    },
    {
      "type": "Feature",
      "properties": {
        "id": "0000410",
        "time_start": "1979-01-01",
        "time_end": "2024-12-31",
        "trend_wl": 3.5881934978729486,
        "quantile_99_wl": 1.0240694260177263,
        "quantile_1_wl": -0.9578468884777736,
        "trend_ss": -0.07582159901284556,
        "quantile_99_ss": 0.33984207450386456,
        "quantile_1_ss": -0.31261659318292195
      },
      "geometry": {
        "type": "Point",
        "coordinates": [
          -78.14427058815893,
          33.88809852237101
        ]
      }
    },
    {
      "type": "Feature",
      "properties": {
        "id": "0000411",
        "time_start": "1979-01-01",
        "time_end": "2024-12-31",
        "trend_wl": 3.587459752680452,
        "quantile_99_wl": 1.0235593492246131,
        "quantile_1_wl": -0.957341458646158,
        "trend_ss": -0.07582152274457474,
        "quantile_99_ss": 0.33977534985881697,
        "quantile_1_ss": -0.3124789829935086
      },
      "geometry": {
        "type": "Point",
        "coordinates": [
          -78.13884537302233,
          33.88800928479196
        ]
      }
    },
    {
      "type": "Feature",
      "properties": {
        "id": "0000412",
        "time_start": "1979-01-01",
        "time_end": "2024-12-31",
        "trend_wl": 3.5771248031447347,
        "quantile_99_wl": 1.0228608168399447,
        "quantile_1_wl": -0.9569120922661192,
        "trend_ss": -0.08526270064031993,
        "quantile_99_ss": 0.33945688903764265,
        "quantile_1_ss": -0.3120574305449633
      },
      "geometry": {
        "type": "Point",
        "coordinates": [
          -78.1335566905466,
          33.88735004503637
        ]
      }
    },
    {
      "type": "Feature",
      "properties": {
        "id": "0000413",
        "time_start": "1979-01-01",
        "time_end": "2024-12-31",
        "trend_wl": 3.5761901147959456,
        "quantile_99_wl": 1.0224273054309225,
        "quantile_1_wl": -0.9564402532411818,
        "trend_ss": -0.08526262985121077,
        "quantile_99_ss": 0.339467365284958,
        "quantile_1_ss": -0.3119295227944085
      },
      "geometry": {
        "type": "Point",
        "coordinates": [
          -78.12850248257284,
          33.8857119114717
        ]
      }
    },
    {
      "type": "Feature",
      "properties": {
        "id": "0000414",
        "time_start": "1979-01-01",
        "time_end": "2024-12-31",
        "trend_wl": 3.5707203581024904,
        "quantile_99_wl": 1.0214152966587338,
        "quantile_1_wl": -0.9556431717850236,
        "trend_ss": -0.08526221467368243,
        "quantile_99_ss": 0.3393256147604567,
        "quantile_1_ss": -0.3114377187089049
      },
      "geometry": {
        "type": "Point",
        "coordinates": [
          -78.12344827459907,
          33.88407377790703
        ]
      }
    },
    {
      "type": "Feature",
      "properties": {
        "id": "0000415",
        "time_start": "1979-01-01",
        "time_end": "2024-12-31",
        "trend_wl": 3.569796572000947,
        "quantile_99_wl": 1.0209863944311168,
        "quantile_1_wl": -0.955158077482867,
        "trend_ss": -0.0852625860201191,
        "quantile_99_ss": 0.3393408163091205,
        "quantile_1_ss": -0.3112944394767409
      },
      "geometry": {
        "type": "Point",
        "coordinates": [
          -78.11839406662531,
          33.88243564434235
        ]
      }
    },
    {
      "type": "Feature",
      "properties": {
        "id": "0000416",
        "time_start": "1979-01-01",
        "time_end": "2024-12-31",
        "trend_wl": 3.5672566944315243,
        "quantile_99_wl": 1.020008907656724,
        "quantile_1_wl": -0.9541063779979182,
        "trend_ss": -0.08526247570563002,
        "quantile_99_ss": 0.33928231082430893,
        "quantile_1_ss": -0.31110944929268847
      },
      "geometry": {
        "type": "Point",
        "coordinates": [
          -78.11333985865156,
          33.880797510777676
        ]
      }
    },
    {
      "type": "Feature",
      "properties": {
        "id": "0000417",
        "time_start": "1979-01-01",
        "time_end": "2024-12-31",
        "trend_wl": 3.565785693315998,
        "quantile_99_wl": 1.019599023841307,
        "quantile_1_wl": -0.9535251220221304,
        "trend_ss": -0.08526244113644683,
        "quantile_99_ss": 0.3391785710889525,
        "quantile_1_ss": -0.31102285257059387
      },
      "geometry": {
        "type": "Point",
        "coordinates": [
          -78.10828565067779,
          33.879159377213
        ]
      }
    },
    {
      "type": "Feature",
      "properties": {
        "id": "0000418",
        "time_start": "1979-01-01",
        "time_end": "2024-12-31",
        "trend_wl": 3.564165915040176,
        "quantile_99_wl": 1.019166465043426,
        "quantile_1_wl": -0.9528469614966593,
        "trend_ss": -0.08526197191534948,
        "quantile_99_ss": 0.3391025128694365,
        "quantile_1_ss": -0.3108825836385755
      },
      "geometry": {
        "type": "Point",
        "coordinates": [
          -78.10323144270403,
          33.877521243648324
        ]
      }
    },
    {
      "type": "Feature",
      "properties": {
        "id": "0000419",
        "time_start": "1979-01-01",
        "time_end": "2024-12-31",
        "trend_wl": 3.557242760241422,
        "quantile_99_wl": 1.018191677178731,
        "quantile_1_wl": -0.9517509836489216,
        "trend_ss": -0.08526204913604193,
        "quantile_99_ss": 0.33882538383602984,
        "quantile_1_ss": -0.3102323490643531
      },
      "geometry": {
        "type": "Point",
        "coordinates": [
          -78.09817723473026,
          33.875883110083656
        ]
      }
    },
    {
      "type": "Feature",
      "properties": {
        "id": "0000420",
        "time_start": "1979-01-01",
        "time_end": "2024-12-31",
        "trend_wl": 3.555365060231497,
        "quantile_99_wl": 1.0178144501497917,
        "quantile_1_wl": -0.9512060810328733,
        "trend_ss": -0.08526244188609285,
        "quantile_99_ss": 0.33877547528427415,
        "quantile_1_ss": -0.3101125208078212
      },
      "geometry": {
        "type": "Point",
        "coordinates": [
          -78.0931230267565,
          33.87424497651898
        ]
      }
    },
    {
      "type": "Feature",
      "properties": {
        "id": "0000421",
        "time_start": "1979-01-01",
        "time_end": "2024-12-31",
        "trend_wl": 3.553418838631948,
        "quantile_99_wl": 1.017327299062362,
        "quantile_1_wl": -0.9507215978431339,
        "trend_ss": -0.08526238400966694,
        "quantile_99_ss": 0.3386818196645582,
        "quantile_1_ss": -0.3099589239044317
      },
      "geometry": {
        "type": "Point",
        "coordinates": [
          -78.08806881878273,
          33.872606842954305
        ]
      }
    },
    {
      "type": "Feature",
      "properties": {
        "id": "0000422",
        "time_start": "1979-01-01",
        "time_end": "2024-12-31",
        "trend_wl": 3.5514367491844157,
        "quantile_99_wl": 1.0167706822410134,
        "quantile_1_wl": -0.9502741147606945,
        "trend_ss": -0.08526233445499257,
        "quantile_99_ss": 0.33869934445855665,
        "quantile_1_ss": -0.3099457438812441
      },
      "geometry": {
        "type": "Point",
        "coordinates": [
          -78.08301461080897,
          33.87096870938963
        ]
      }
    },
    {
      "type": "Feature",
      "properties": {
        "id": "0000423",
        "time_start": "1979-01-01",
        "time_end": "2024-12-31",
        "trend_wl": 3.5438618216755025,
        "quantile_99_wl": 1.0160730036210073,
        "quantile_1_wl": -0.9490824685150752,
        "trend_ss": -0.08526234974923176,
        "quantile_99_ss": 0.33840166728399684,
        "quantile_1_ss": -0.30935902350095407
      },
      "geometry": {
        "type": "Point",
        "coordinates": [
          -78.07894124199096,
          33.868178567249345
        ]
      }
    },
    {
      "type": "Feature",
      "properties": {
        "id": "0000424",
        "time_start": "1979-01-01",
        "time_end": "2024-12-31",
        "trend_wl": 3.541700866452645,
        "quantile_99_wl": 1.015500699644667,
        "quantile_1_wl": -0.9486242941683762,
        "trend_ss": -0.08526233521954212,
        "quantile_99_ss": 0.3384037469745143,
        "quantile_1_ss": -0.30917760911782366
      },
      "geometry": {
        "type": "Point",
        "coordinates": [
          -78.07539401643288,
          33.864770462883676
        ]
      }
    },
    {
      "type": "Feature",
      "properties": {
        "id": "0000425",
        "time_start": "1979-01-01",
        "time_end": "2024-12-31",
        "trend_wl": 3.535332327885842,
        "quantile_99_wl": 1.0148324709124488,
        "quantile_1_wl": -0.947966820300032,
        "trend_ss": -0.08526260940233762,
        "quantile_99_ss": 0.33799691173528507,
        "quantile_1_ss": -0.3088207299522576
      },
      "geometry": {
        "type": "Point",
        "coordinates": [
          -78.07215987674937,
          33.86118578760516
        ]
      }
    },
    {
      "type": "Feature",
      "properties": {
        "id": "0000426",
        "time_start": "1979-01-01",
        "time_end": "2024-12-31",
        "trend_wl": 3.5328244068364967,
        "quantile_99_wl": 1.014356842364912,
        "quantile_1_wl": -0.9475031847131216,
        "trend_ss": -0.08526227505180321,
        "quantile_99_ss": 0.3378850198910209,
        "quantile_1_ss": -0.3089503297969086
      },
      "geometry": {
        "type": "Point",
        "coordinates": [
          -78.06965070273388,
          33.857192253734844
        ]
      }
    },
    {
      "type": "Feature",
      "properties": {
        "id": "0000427",
        "time_start": "1979-01-01",
        "time_end": "2024-12-31",
        "trend_wl": 3.5258225857463668,
        "quantile_99_wl": 1.013598886411032,
        "quantile_1_wl": -0.9464300715245743,
        "trend_ss": -0.08526294821749823,
        "quantile_99_ss": 0.3375366157088352,
        "quantile_1_ss": -0.30849990923835524
      },
      "geometry": {
        "type": "Point",
        "coordinates": [
          -78.06714152871841,
          33.85319871986454
        ]
      }
    },
    {
      "type": "Feature",
      "properties": {
        "id": "0000428",
        "time_start": "1979-01-01",
        "time_end": "2024-12-31",
        "trend_wl": 3.519841438948238,
        "quantile_99_wl": 1.0129036089355121,
        "quantile_1_wl": -0.9450340002399131,
        "trend_ss": -0.08526277836631482,
        "quantile_99_ss": 0.33735169177378976,
        "quantile_1_ss": -0.3079363795566367
      },
      "geometry": {
        "type": "Point",
        "coordinates": [
          -78.06463235470292,
          33.84920518599422
        ]
      }
    },
    {
      "type": "Feature",
      "properties": {
        "id": "0000429",
        "time_start": "1979-01-01",
        "time_end": "2024-12-31",
        "trend_wl": 3.5144520251891853,
        "quantile_99_wl": 1.0121381639467084,
        "quantile_1_wl": -0.94381314451214,
        "trend_ss": -0.08526289654108565,
        "quantile_99_ss": 0.33700599255686087,
        "quantile_1_ss": -0.30729425780081004
      },
      "geometry": {
        "type": "Point",
        "coordinates": [
          -78.06212318068744,
          33.845211652123915
        ]
      }
    },
    {
      "type": "Feature",
      "properties": {
        "id": "0000430",
        "time_start": "1979-01-01",
        "time_end": "2024-12-31",
        "trend_wl": 3.5118580800123804,
        "quantile_99_wl": 1.0111226900840184,
        "quantile_1_wl": -0.9428397654329143,
        "trend_ss": -0.08526337616332516,
        "quantile_99_ss": 0.33702942200875474,
        "quantile_1_ss": -0.3072625534874762
      },
      "geometry": {
        "type": "Point",
        "coordinates": [
          -78.05896870820145,
          33.84170193352324
        ]
      }
    },
    {
      "type": "Feature",
      "properties": {
        "id": "0000431",
        "time_start": "1979-01-01",
        "time_end": "2024-12-31",
        "trend_wl": 3.5093314430079823,
        "quantile_99_wl": 1.0102563046488418,
        "quantile_1_wl": -0.9416338281047115,
        "trend_ss": -0.08526340845160463,
        "quantile_99_ss": 0.33701125906791246,
        "quantile_1_ss": -0.30695159890249035
      },
      "geometry": {
        "type": "Point",
        "coordinates": [
          -78.05444228383702,
          33.83922084167176
        ]
      }
    },
    {
      "type": "Feature",
      "properties": {
        "id": "0000432",
        "time_start": "1979-01-01",
        "time_end": "2024-12-31",
        "trend_wl": 3.501017665910154,
        "quantile_99_wl": 1.0084040369097982,
        "quantile_1_wl": -0.939122049540138,
        "trend_ss": -0.0852631934960055,
        "quantile_99_ss": 0.3365141834027241,
        "quantile_1_ss": -0.3060273376332557
      },
      "geometry": {
        "type": "Point",
        "coordinates": [
          -78.04955771238559,
          33.83742629284795
        ]
      }
    },
    {
      "type": "Feature",
      "properties": {
        "id": "0000433",
        "time_start": "1979-01-01",
        "time_end": "2024-12-31",
        "trend_wl": 3.4984763484386305,
        "quantile_99_wl": 1.0076448798358753,
        "quantile_1_wl": -0.9382073368957256,
        "trend_ss": -0.0852633239386645,
        "quantile_99_ss": 0.33654353397914033,
        "quantile_1_ss": -0.3059029377570293
      },
      "geometry": {
        "type": "Point",
        "coordinates": [
          -78.04428335480267,
          33.83637893689701
        ]
      }
    },
    {
      "type": "Feature",
      "properties": {
        "id": "0000434",
        "time_start": "1979-01-01",
        "time_end": "2024-12-31",
        "trend_wl": 3.495959087652257,
        "quantile_99_wl": 1.0067409048009333,
        "quantile_1_wl": -0.9370492109890055,
        "trend_ss": -0.08526334886724848,
        "quantile_99_ss": 0.3363434528776745,
        "quantile_1_ss": -0.30584791830015406
      },
      "geometry": {
        "type": "Point",
        "coordinates": [
          -78.03900899721975,
          33.83533158094608
        ]
      }
    },
    {
      "type": "Feature",
      "properties": {
        "id": "0000435",
        "time_start": "1979-01-01",
        "time_end": "2024-12-31",
        "trend_wl": 3.493338193762135,
        "quantile_99_wl": 1.0057064651052783,
        "quantile_1_wl": -0.9356156700518721,
        "trend_ss": -0.08526352978034571,
        "quantile_99_ss": 0.3362749062892965,
        "quantile_1_ss": -0.3055327841030448
      },
      "geometry": {
        "type": "Point",
        "coordinates": [
          -78.0341396292662,
          33.833649714789175
        ]
      }
    },
    {
      "type": "Feature",
      "properties": {
        "id": "0000436",
        "time_start": "1979-01-01",
        "time_end": "2024-12-31",
        "trend_wl": 3.4911557558069366,
        "quantile_99_wl": 1.0044784733624688,
        "quantile_1_wl": -0.9341626757264136,
        "trend_ss": -0.08526364055221387,
        "quantile_99_ss": 0.3362484980238669,
        "quantile_1_ss": -0.3054076608158056
      },
      "geometry": {
        "type": "Point",
        "coordinates": [
          -78.03013520378589,
          33.8306127155941
        ]
      }
    },
    {
      "type": "Feature",
      "properties": {
        "id": "0000437",
        "time_start": "1979-01-01",
        "time_end": "2024-12-31",
        "trend_wl": 3.4859354248005996,
        "quantile_99_wl": 1.0035163684245865,
        "quantile_1_wl": -0.9331377409624871,
        "trend_ss": -0.08526361602913106,
        "quantile_99_ss": 0.33585623235523354,
        "quantile_1_ss": -0.30472970180676134
      },
      "geometry": {
        "type": "Point",
        "coordinates": [
          -78.02613077830559,
          33.82757571639902
        ]
      }
    },
    {
      "type": "Feature",
      "properties": {
        "id": "0000438",
        "time_start": "1979-01-01",
        "time_end": "2024-12-31",
        "trend_wl": 3.483614679371653,
        "quantile_99_wl": 1.0023505103344306,
        "quantile_1_wl": -0.9318447054244497,
        "trend_ss": -0.08526359262448158,
        "quantile_99_ss": 0.33581420464536504,
        "quantile_1_ss": -0.30430464063610324
      },
      "geometry": {
        "type": "Point",
        "coordinates": [
          -78.02212635282527,
          33.82453871720394
        ]
      }
    },
    {
      "type": "Feature",
      "properties": {
        "id": "0000439",
        "time_start": "1979-01-01",
        "time_end": "2024-12-31",
        "trend_wl": 3.4813117211868083,
        "quantile_99_wl": 1.0012730876048523,
        "quantile_1_wl": -0.9304737294293044,
        "trend_ss": -0.08526356806705658,
        "quantile_99_ss": 0.3358004210657952,
        "quantile_1_ss": -0.30404322216288215
      },
      "geometry": {
        "type": "Point",
        "coordinates": [
          -78.01812192734496,
          33.82150171800887
        ]
      }
    },
    {
      "type": "Feature",
      "properties": {
        "id": "0000440",
        "time_start": "1979-01-01",
        "time_end": "2024-12-31",
        "trend_wl": 3.4741942082728703,
        "quantile_99_wl": 0.9994421834449974,
        "quantile_1_wl": -0.9283665247448151,
        "trend_ss": -0.08526355728630924,
        "quantile_99_ss": 0.3353192031998526,
        "quantile_1_ss": -0.30315524357095286
      },
      "geometry": {
        "type": "Point",
        "coordinates": [
          -78.01411750186465,
          33.81846471881379
        ]
      }
    },
    {
      "type": "Feature",
      "properties": {
        "id": "0000441",
        "time_start": "1979-01-01",
        "time_end": "2024-12-31",
        "trend_wl": 3.4718377280673427,
        "quantile_99_wl": 0.9982885116708107,
        "quantile_1_wl": -0.927162524874132,
        "trend_ss": -0.08526358964500252,
        "quantile_99_ss": 0.3350534046504033,
        "quantile_1_ss": -0.302963335287739
      },
      "geometry": {
        "type": "Point",
        "coordinates": [
          -78.01011307638434,
          33.81542771961872
        ]
      }
    },
    {
      "type": "Feature",
      "properties": {
        "id": "0000442",
        "time_start": "1979-01-01",
        "time_end": "2024-12-31",
        "trend_wl": 3.466853592186773,
        "quantile_99_wl": 0.9974105147809464,
        "quantile_1_wl": -0.9262782757160434,
        "trend_ss": -0.08526346115045094,
        "quantile_99_ss": 0.33460150248927145,
        "quantile_1_ss": -0.30231106033108207
      },
      "geometry": {
        "type": "Point",
        "coordinates": [
          -78.00610865090403,
          33.81239072042364
        ]
      }
    },
    {
      "type": "Feature",
      "properties": {
        "id": "0000443",
        "time_start": "1979-01-01",
        "time_end": "2024-12-31",
        "trend_wl": 3.4643467190582666,
        "quantile_99_wl": 0.9960985808675292,
        "quantile_1_wl": -0.924811966500945,
        "trend_ss": -0.08526366880798601,
        "quantile_99_ss": 0.3345553006469978,
        "quantile_1_ss": -0.3022415520140661
      },
      "geometry": {
        "type": "Point",
        "coordinates": [
          -78.00256439084235,
          33.80904795973942
        ]
      }
    },
    {
      "type": "Feature",
      "properties": {
        "id": "0000444",
        "time_start": "1979-01-01",
        "time_end": "2024-12-31",
        "trend_wl": 3.456457405712606,
        "quantile_99_wl": 0.9938048284344677,
        "quantile_1_wl": -0.9220611693789976,
        "trend_ss": -0.08526433127421494,
        "quantile_99_ss": 0.33386513858804484,
        "quantile_1_ss": -0.30117057312211193
      },
      "geometry": {
        "type": "Point",
        "coordinates": [
          -77.99987472899515,
          33.805137352771865
        ]
      }
    },
    {
      "type": "Feature",
      "properties": {
        "id": "0000445",
        "time_start": "1979-01-01",
        "time_end": "2024-12-31",
        "trend_wl": 3.456457381669277,
        "quantile_99_wl": 0.9938048284344677,
        "quantile_1_wl": -0.9220611693789976,
        "trend_ss": -0.0852638422023846,
        "quantile_99_ss": 0.3338681726441753,
        "quantile_1_ss": -0.30116899631266814
      },
      "geometry": {
        "type": "Point",
        "coordinates": [
          -77.99718506714795,
          33.801226745804314
        ]
      }
    },
    {
      "type": "Feature",
      "properties": {
        "id": "0000446",
        "time_start": "1979-01-01",
        "time_end": "2024-12-31",
        "trend_wl": 3.4502343388772556,
        "quantile_99_wl": 0.9924881838261593,
        "quantile_1_wl": -0.9203870233659388,
        "trend_ss": -0.08526391887351717,
        "quantile_99_ss": 0.33325341789281493,
        "quantile_1_ss": -0.3006101149421187
      },
      "geometry": {
        "type": "Point",
        "coordinates": [
          -77.99449540530075,
          33.79731613883676
        ]
      }
    },
    {
      "type": "Feature",
      "properties": {
        "id": "0000447",
        "time_start": "1979-01-01",
        "time_end": "2024-12-31",
        "trend_wl": 3.4436522206207694,
        "quantile_99_wl": 0.9911914016311896,
        "quantile_1_wl": -0.9187027072025707,
        "trend_ss": -0.08526401067931971,
        "quantile_99_ss": 0.33261180314971556,
        "quantile_1_ss": -0.2997464581397724
      },
      "geometry": {
        "type": "Point",
        "coordinates": [
          -77.99180574345355,
          33.79340553186921
        ]
      }
    },
    {
      "type": "Feature",
      "properties": {
        "id": "0000448",
        "time_start": "1979-01-01",
        "time_end": "2024-12-31",
        "trend_wl": 3.436834083547239,
        "quantile_99_wl": 0.9894512774850563,
        "quantile_1_wl": -0.9166050346505902,
        "trend_ss": -0.08526411789665912,
        "quantile_99_ss": 0.33193195751049936,
        "quantile_1_ss": -0.29884147741601613
      },
      "geometry": {
        "type": "Point",
        "coordinates": [
          -77.98911608160635,
          33.78949492490166
        ]
      }
    },
    {
      "type": "Feature",
      "properties": {
        "id": "0000449",
        "time_start": "1979-01-01",
        "time_end": "2024-12-31",
        "trend_wl": 3.433883830187141,
        "quantile_99_wl": 0.9878251300742277,
        "quantile_1_wl": -0.9149617049931686,
        "trend_ss": -0.0852643220551633,
        "quantile_99_ss": 0.3318403191561723,
        "quantile_1_ss": -0.29856148244874925
      },
      "geometry": {
        "type": "Point",
        "coordinates": [
          -77.98642641975916,
          33.78558431793411
        ]
      }
    },
    {
      "type": "Feature",
      "properties": {
        "id": "0000450",
        "time_start": "1979-01-01",
        "time_end": "2024-12-31",
        "trend_wl": 3.426992621854043,
        "quantile_99_wl": 0.9862513049406562,
        "quantile_1_wl": -0.9128228621511403,
        "trend_ss": -0.0852643725891564,
        "quantile_99_ss": 0.3310567414689966,
        "quantile_1_ss": -0.29780501321650094
      },
      "geometry": {
        "type": "Point",
        "coordinates": [
          -77.98373675791194,
          33.78167371096656
        ]
      }
    },
    {
      "type": "Feature",
      "properties": {
        "id": "0000451",
        "time_start": "1979-01-01",
        "time_end": "2024-12-31",
        "trend_wl": 3.42106228907198,
        "quantile_99_wl": 0.9853406444602055,
        "quantile_1_wl": -0.9113340495039771,
        "trend_ss": -0.08526439116403771,
        "quantile_99_ss": 0.330253848974958,
        "quantile_1_ss": -0.2967796601010274
      },
      "geometry": {
        "type": "Point",
        "coordinates": [
          -77.98104709606474,
          33.77776310399901
        ]
      }
    },
    {
      "type": "Feature",
      "properties": {
        "id": "0000452",
        "time_start": "1979-01-01",
        "time_end": "2024-12-31",
        "trend_wl": 3.4210622895335585,
        "quantile_99_wl": 0.9853380953140841,
        "quantile_1_wl": -0.9113340495039771,
        "trend_ss": -0.08526490358594842,
        "quantile_99_ss": 0.33022850764616263,
        "quantile_1_ss": -0.29677640973297703
      },
      "geometry": {
        "type": "Point",
        "coordinates": [
          -77.97835743421754,
          33.773852497031456
        ]
      }
    },
    {
      "type": "Feature",
      "properties": {
        "id": "0000453",
        "time_start": "1979-01-01",
        "time_end": "2024-12-31",
        "trend_wl": 3.4118366749862137,
        "quantile_99_wl": 0.9825165951687418,
        "quantile_1_wl": -0.9082091505664222,
        "trend_ss": -0.08526461146857241,
        "quantile_99_ss": 0.3293412420733756,
        "quantile_1_ss": -0.29582318130648866
      },
      "geometry": {
        "type": "Point",
        "coordinates": [
          -77.97566777237034,
          33.769941890063905
        ]
      }
    },
    {
      "type": "Feature",
      "properties": {
        "id": "0000454",
        "time_start": "1979-01-01",
        "time_end": "2024-12-31",
        "trend_wl": 3.411836675262952,
        "quantile_99_wl": 0.9825165951687418,
        "quantile_1_wl": -0.9082091505664222,
        "trend_ss": -0.08526461145993165,
        "quantile_99_ss": 0.3293411782973386,
        "quantile_1_ss": -0.2958231551782138
      },
      "geometry": {
        "type": "Point",
        "coordinates": [
          -77.97297811052314,
          33.76603128309635
        ]
      }
    },
    {
      "type": "Feature",
      "properties": {
        "id": "0000455",
        "time_start": "1979-01-01",
        "time_end": "2024-12-31",
        "trend_wl": 3.404030274919514,
        "quantile_99_wl": 0.9810548494167046,
        "quantile_1_wl": -0.9062608013935801,
        "trend_ss": -0.08526470882838114,
        "quantile_99_ss": 0.32892996841003364,
        "quantile_1_ss": -0.29506459706423516
      },
      "geometry": {
        "type": "Point",
        "coordinates": [
          -77.97028844867594,
          33.7621206761288
        ]
      }
    },
    {
      "type": "Feature",
      "properties": {
        "id": "0000456",
        "time_start": "1979-01-01",
        "time_end": "2024-12-31",
        "trend_wl": 3.4015785037060846,
        "quantile_99_wl": 0.9790858014383761,
        "quantile_1_wl": -0.9048817987375137,
        "trend_ss": -0.08526546538294373,
        "quantile_99_ss": 0.3274721978394216,
        "quantile_1_ss": -0.2949645806699848
      },
      "geometry": {
        "type": "Point",
        "coordinates": [
          -77.96759878682875,
          33.75821006916125
        ]
      }
    },
    {
      "type": "Feature",
      "properties": {
        "id": "0000457",
        "time_start": "1979-01-01",
        "time_end": "2024-12-31",
        "trend_wl": 3.395703891921887,
        "quantile_99_wl": 0.9788062209544579,
        "quantile_1_wl": -0.9039625001836123,
        "trend_ss": -0.08526480026133067,
        "quantile_99_ss": 0.3279845020767016,
        "quantile_1_ss": -0.29384014562286753
      },
      "geometry": {
        "type": "Point",
        "coordinates": [
          -77.96490912498155,
          33.7542994621937
        ]
      }
    },
    {
      "type": "Feature",
      "properties": {
        "id": "0000458",
        "time_start": "1979-01-01",
        "time_end": "2024-12-31",
        "trend_wl": 3.3902852588677614,
        "quantile_99_wl": 0.9763544952086015,
        "quantile_1_wl": -0.9012216869395773,
        "trend_ss": -0.08526606157023187,
        "quantile_99_ss": 0.3264201404406171,
        "quantile_1_ss": -0.29386981197151457
      },
      "geometry": {
        "type": "Point",
        "coordinates": [
          -77.96271449280728,
          33.75021282890979
        ]
      }
    },
    {
      "type": "Feature",
      "properties": {
        "id": "0000459",
        "time_start": "1979-01-01",
        "time_end": "2024-12-31",
        "trend_wl": 3.3806859335842065,
        "quantile_99_wl": 0.9741032574257612,
        "quantile_1_wl": -0.8980334350520006,
        "trend_ss": -0.08526567207401617,
        "quantile_99_ss": 0.32767426910450265,
        "quantile_1_ss": -0.2938725492030657
      },
      "geometry": {
        "type": "Point",
        "coordinates": [
          -77.96116728684662,
          33.74589597901921
        ]
      }
    },
    {
      "type": "Feature",
      "properties": {
        "id": "0000460",
        "time_start": "1979-01-01",
        "time_end": "2024-12-31",
        "trend_wl": 3.3806859338881647,
        "quantile_99_wl": 0.9741032574257612,
        "quantile_1_wl": -0.8980334350520006,
        "trend_ss": -0.0852656720646836,
        "quantile_99_ss": 0.327674121498901,
        "quantile_1_ss": -0.29387263442947004
      },
      "geometry": {
        "type": "Point",
        "coordinates": [
          -77.95962008088594,
          33.74157912912864
        ]
      }
    },
    {
      "type": "Feature",
      "properties": {
        "id": "0000461",
        "time_start": "1979-01-01",
        "time_end": "2024-12-31",
        "trend_wl": 3.371012866364616,
        "quantile_99_wl": 0.971369821608191,
        "quantile_1_wl": -0.8949478179507626,
        "trend_ss": -0.08526570185640464,
        "quantile_99_ss": 0.32599235949778,
        "quantile_1_ss": -0.2916841583492394
      },
      "geometry": {
        "type": "Point",
        "coordinates": [
          -77.95807287492528,
          33.73726227923806
        ]
      }
    },
    {
      "type": "Feature",
      "properties": {
        "id": "0000462",
        "time_start": "1979-01-01",
        "time_end": "2024-12-31",
        "trend_wl": 3.3710128666686776,
        "quantile_99_wl": 0.971369821608191,
        "quantile_1_wl": -0.8949478179507626,
        "trend_ss": -0.08526570184728861,
        "quantile_99_ss": 0.3259923709679367,
        "quantile_1_ss": -0.2916841524658302
      },
      "geometry": {
        "type": "Point",
        "coordinates": [
          -77.95652566896462,
          33.73294542934749
        ]
      }
    },
    {
      "type": "Feature",
      "properties": {
        "id": "0000463",
        "time_start": "1979-01-01",
        "time_end": "2024-12-31",
        "trend_wl": 3.3571816633863634,
        "quantile_99_wl": 0.9681689690867659,
        "quantile_1_wl": -0.8906735793029706,
        "trend_ss": -0.08526526479748026,
        "quantile_99_ss": 0.32740936437831064,
        "quantile_1_ss": -0.2918214676423368
      },
      "geometry": {
        "type": "Point",
        "coordinates": [
          -77.95497846300394,
          33.72862857945691
        ]
      }
    },
    {
      "type": "Feature",
      "properties": {
        "id": "0000464",
        "time_start": "1979-01-01",
        "time_end": "2024-12-31",
        "trend_wl": 3.3571816761308937,
        "quantile_99_wl": 0.968134205110868,
        "quantile_1_wl": -0.8906735793029706,
        "trend_ss": -0.08526548437043227,
        "quantile_99_ss": 0.3273945679200802,
        "quantile_1_ss": -0.2917728354218458
      },
      "geometry": {
        "type": "Point",
        "coordinates": [
          -77.95301680625097,
          33.724439003377476
        ]
      }
    },
    {
      "type": "Feature",
      "properties": {
        "id": "0000465",
        "time_start": "1979-01-01",
        "time_end": "2024-12-31",
        "trend_wl": 3.3571816764205455,
        "quantile_99_wl": 0.9681342863740175,
        "quantile_1_wl": -0.8906735793029706,
        "trend_ss": -0.08526548436212228,
        "quantile_99_ss": 0.32739456752062185,
        "quantile_1_ss": -0.2917728003288015
      },
      "geometry": {
        "type": "Point",
        "coordinates": [
          -77.95082408166363,
          33.72032038598473
        ]
      }
    },
    {
      "type": "Feature",
      "properties": {
        "id": "0000466",
        "time_start": "1979-01-01",
        "time_end": "2024-12-31",
        "trend_wl": 3.348022303720268,
        "quantile_99_wl": 0.9655206645362079,
        "quantile_1_wl": -0.8882747045527255,
        "trend_ss": -0.08526561274912309,
        "quantile_99_ss": 0.32369000714317564,
        "quantile_1_ss": -0.2887464837127656
      },
      "geometry": {
        "type": "Point",
        "coordinates": [
          -77.94863135707628,
          33.71620176859197
        ]
      }
    },
    {
      "type": "Feature",
      "properties": {
        "id": "0000467",
        "time_start": "1979-01-01",
        "time_end": "2024-12-31",
        "trend_wl": 3.3480223040103816,
        "quantile_99_wl": 0.9655206645362079,
        "quantile_1_wl": -0.8882747045527255,
        "trend_ss": -0.08526561274080889,
        "quantile_99_ss": 0.32368998193145565,
        "quantile_1_ss": -0.28874647474559284
      },
      "geometry": {
        "type": "Point",
        "coordinates": [
          -77.94643863248893,
          33.71208315119922
        ]
      }
    },
    {
      "type": "Feature",
      "properties": {
        "id": "0000468",
        "time_start": "1979-01-01",
        "time_end": "2024-12-31",
        "trend_wl": 3.339029744290903,
        "quantile_99_wl": 0.9630904290192348,
        "quantile_1_wl": -0.8856892458083101,
        "trend_ss": -0.08526655290406053,
        "quantile_99_ss": 0.3183853195100059,
        "quantile_1_ss": -0.28552966293866394
      },
      "geometry": {
        "type": "Point",
        "coordinates": [
          -77.94424590790157,
          33.70796453380646
        ]
      }
    },
    {
      "type": "Feature",
      "properties": {
        "id": "0000469",
        "time_start": "1979-01-01",
        "time_end": "2024-12-31",
        "trend_wl": 3.339029744581822,
        "quantile_99_wl": 0.9630904290192348,
        "quantile_1_wl": -0.8856892458083101,
        "trend_ss": -0.08526655289562719,
        "quantile_99_ss": 0.31838534113657363,
        "quantile_1_ss": -0.28552962523340214
      },
      "geometry": {
        "type": "Point",
        "coordinates": [
          -77.94205318331423,
          33.703845916413705
        ]
      }
    },
    {
      "type": "Feature",
      "properties": {
        "id": "0000470",
        "time_start": "1979-01-01",
        "time_end": "2024-12-31",
        "trend_wl": 3.339029744872774,
        "quantile_99_wl": 0.9630904290192348,
        "quantile_1_wl": -0.8856892458083101,
        "trend_ss": -0.0852665528872154,
        "quantile_99_ss": 0.31838536276786283,
        "quantile_1_ss": -0.28552958752124685
      },
      "geometry": {
        "type": "Point",
        "coordinates": [
          -77.93986045872688,
          33.69972729902095
        ]
      }
    },
    {
      "type": "Feature",
      "properties": {
        "id": "0000471",
        "time_start": "1979-01-01",
        "time_end": "2024-12-31",
        "trend_wl": 3.3224492318334096,
        "quantile_99_wl": 0.9584042938486783,
        "quantile_1_wl": -0.8796669199055194,
        "trend_ss": -0.08526671809598804,
        "quantile_99_ss": 0.31741866332330043,
        "quantile_1_ss": -0.2852153034194816
      },
      "geometry": {
        "type": "Point",
        "coordinates": [
          -77.93766773413954,
          33.6956086816282
        ]
      }
    },
    {
      "type": "Feature",
      "properties": {
        "id": "0000472",
        "time_start": "1979-01-01",
        "time_end": "2024-12-31",
        "trend_wl": 3.3224492429686685,
        "quantile_99_wl": 0.9584042938486783,
        "quantile_1_wl": -0.8796669199055194,
        "trend_ss": -0.08526690440522776,
        "quantile_99_ss": 0.3174934377067611,
        "quantile_1_ss": -0.28514822334622886
      },
      "geometry": {
        "type": "Point",
        "coordinates": [
          -77.93547500955218,
          33.691490064235445
        ]
      }
    },
    {
      "type": "Feature",
      "properties": {
        "id": "0000473",
        "time_start": "1979-01-01",
        "time_end": "2024-12-31",
        "trend_wl": 3.3224492432586303,
        "quantile_99_wl": 0.9584042938486783,
        "quantile_1_wl": -0.8796669199055194,
        "trend_ss": -0.08526690439687547,
        "quantile_99_ss": 0.3174934522654746,
        "quantile_1_ss": -0.285148156294231
      },
      "geometry": {
        "type": "Point",
        "coordinates": [
          -77.93328228496483,
          33.68737144684269
        ]
      }
    },
    {
      "type": "Feature",
      "properties": {
        "id": "0000474",
        "time_start": "1979-01-01",
        "time_end": "2024-12-31",
        "trend_wl": 3.308257520259528,
        "quantile_99_wl": 0.953577425356726,
        "quantile_1_wl": -0.8745219287917553,
        "trend_ss": -0.08526665792813176,
        "quantile_99_ss": 0.3157689764504892,
        "quantile_1_ss": -0.2831123847567522
      },
      "geometry": {
        "type": "Point",
        "coordinates": [
          -77.93108956037749,
          33.683252829449934
        ]
      }
    },
    {
      "type": "Feature",
      "properties": {
        "id": "0000475",
        "time_start": "1979-01-01",
        "time_end": "2024-12-31",
        "trend_wl": 3.308257481160502,
        "quantile_99_wl": 0.9535791228432743,
        "quantile_1_wl": -0.8745219287917553,
        "trend_ss": -0.08526673041310448,
        "quantile_99_ss": 0.31574174926842496,
        "quantile_1_ss": -0.2831094222571098
      },
      "geometry": {
        "type": "Point",
        "coordinates": [
          -77.9294592278614,
          33.678984088735504
        ]
      }
    },
    {
      "type": "Feature",
      "properties": {
        "id": "0000476",
        "time_start": "1979-01-01",
        "time_end": "2024-12-31",
        "trend_wl": 3.308257481471326,
        "quantile_99_wl": 0.9535791228432743,
        "quantile_1_wl": -0.8745219287917553,
        "trend_ss": -0.08526673040476071,
        "quantile_99_ss": 0.31574180795152296,
        "quantile_1_ss": -0.28310941074077234
      },
      "geometry": {
        "type": "Point",
        "coordinates": [
          -77.92836126221441,
          33.674573239540486
        ]
      }
    },
    {
      "type": "Feature",
      "properties": {
        "id": "0000477",
        "time_start": "1979-01-01",
        "time_end": "2024-12-31",
        "trend_wl": 3.2942789464052122,
        "quantile_99_wl": 0.9492951130398215,
        "quantile_1_wl": -0.8691504339207897,
        "trend_ss": -0.08526664468918618,
        "quantile_99_ss": 0.31540020783264455,
        "quantile_1_ss": -0.28166387385781355
      },
      "geometry": {
        "type": "Point",
        "coordinates": [
          -77.92726329656742,
          33.670162390345475
        ]
      }
    },
    {
      "type": "Feature",
      "properties": {
        "id": "0000478",
        "time_start": "1979-01-01",
        "time_end": "2024-12-31",
        "trend_wl": 3.294278946715987,
        "quantile_99_wl": 0.9492951130398215,
        "quantile_1_wl": -0.8691504339207897,
        "trend_ss": -0.08526664468129741,
        "quantile_99_ss": 0.31540013948859413,
        "quantile_1_ss": -0.2816637665754643
      },
      "geometry": {
        "type": "Point",
        "coordinates": [
          -77.92616533092041,
          33.66575154115046
        ]
      }
    },
    {
      "type": "Feature",
      "properties": {
        "id": "0000479",
        "time_start": "1979-01-01",
        "time_end": "2024-12-31",
        "trend_wl": 3.2942789470268004,
        "quantile_99_wl": 0.9492951130398215,
        "quantile_1_wl": -0.8691504339207897,
        "trend_ss": -0.08526664467340399,
        "quantile_99_ss": 0.315400071137169,
        "quantile_1_ss": -0.2816636592776428
      },
      "geometry": {
        "type": "Point",
        "coordinates": [
          -77.92506736527342,
          33.661340691955445
        ]
      }
    },
    {
      "type": "Feature",
      "properties": {
        "id": "0000480",
        "time_start": "1979-01-01",
        "time_end": "2024-12-31",
        "trend_wl": 3.284682030758409,
        "quantile_99_wl": 0.9471074980564945,
        "quantile_1_wl": -0.8663855413174277,
        "trend_ss": -0.08526672823071654,
        "quantile_99_ss": 0.3125469167234187,
        "quantile_1_ss": -0.2772372412725627
      },
      "geometry": {
        "type": "Point",
        "coordinates": [
          -77.92225950004432,
          33.65757516152874
        ]
      }
    },
    {
      "type": "Feature",
      "properties": {
        "id": "0000481",
        "time_start": "1979-01-01",
        "time_end": "2024-12-31",
        "trend_wl": 3.2846819899329454,
        "quantile_99_wl": 0.9471074980564945,
        "quantile_1_wl": -0.8663855413174277,
        "trend_ss": -0.08526680759170895,
        "quantile_99_ss": 0.3125347265745328,
        "quantile_1_ss": -0.27725838490654586
      },
      "geometry": {
        "type": "Point",
        "coordinates": [
          -77.91899850311206,
          33.653980643713304
        ]
      }
    },
    {
      "type": "Feature",
      "properties": {
        "id": "0000482",
        "time_start": "1979-01-01",
        "time_end": "2024-12-31",
        "trend_wl": 3.265856512006967,
        "quantile_99_wl": 0.9382354642709952,
        "quantile_1_wl": -0.8575219483595418,
        "trend_ss": -0.08526628540565556,
        "quantile_99_ss": 0.31240796624082784,
        "quantile_1_ss": -0.2764555221157914
      },
      "geometry": {
        "type": "Point",
        "coordinates": [
          -77.91573750617982,
          33.65038612589787
        ]
      }
    },
    {
      "type": "Feature",
      "properties": {
        "id": "0000483",
        "time_start": "1979-01-01",
        "time_end": "2024-12-31",
        "trend_wl": 3.2658565122612595,
        "quantile_99_wl": 0.9382354642709952,
        "quantile_1_wl": -0.8575219483595418,
        "trend_ss": -0.08526628539982181,
        "quantile_99_ss": 0.3124080110926452,
        "quantile_1_ss": -0.2764556348072781
      },
      "geometry": {
        "type": "Point",
        "coordinates": [
          -77.91247650924758,
          33.64679160808243
        ]
      }
    },
    {
      "type": "Feature",
      "properties": {
        "id": "0000484",
        "time_start": "1979-01-01",
        "time_end": "2024-12-31",
        "trend_wl": 3.265856512515584,
        "quantile_99_wl": 0.9382354642709952,
        "quantile_1_wl": -0.8575219483595418,
        "trend_ss": -0.08526628539400721,
        "quantile_99_ss": 0.31240805594614834,
        "quantile_1_ss": -0.2764557475076406
      },
      "geometry": {
        "type": "Point",
        "coordinates": [
          -77.90921551231533,
          33.643197090266995
        ]
      }
    },
    {
      "type": "Feature",
      "properties": {
        "id": "0000485",
        "time_start": "1979-01-01",
        "time_end": "2024-12-31",
        "trend_wl": 3.265856512769927,
        "quantile_99_wl": 0.9382354642709952,
        "quantile_1_wl": -0.8575219483595418,
        "trend_ss": -0.08526628538816942,
        "quantile_99_ss": 0.31240810080134157,
        "quantile_1_ss": -0.2764558602168773
      },
      "geometry": {
        "type": "Point",
        "coordinates": [
          -77.90595451538309,
          33.63960257245156
        ]
      }
    },
    {
      "type": "Feature",
      "properties": {
        "id": "0000486",
        "time_start": "1979-01-01",
        "time_end": "2024-12-31",
        "trend_wl": 3.2511482949160198,
        "quantile_99_wl": 0.9306336373119769,
        "quantile_1_wl": -0.8490353901522839,
        "trend_ss": -0.0852660721592276,
        "quantile_99_ss": 0.30826450897815955,
        "quantile_1_ss": -0.27290303203512517
      },
      "geometry": {
        "type": "Point",
        "coordinates": [
          -77.90269351845083,
          33.63600805463612
        ]
      }
    },
    {
      "type": "Feature",
      "properties": {
        "id": "0000487",
        "time_start": "1979-01-01",
        "time_end": "2024-12-31",
        "trend_wl": 3.251148303579112,
        "quantile_99_wl": 0.9306336373119769,
        "quantile_1_wl": -0.8490353901522839,
        "trend_ss": -0.08526620726640995,
        "quantile_99_ss": 0.30823251896730364,
        "quantile_1_ss": -0.2728842701161126
      },
      "geometry": {
        "type": "Point",
        "coordinates": [
          -77.89943252151859,
          33.63241353682068
        ]
      }
    },
    {
      "type": "Feature",
      "properties": {
        "id": "0000488",
        "time_start": "1979-01-01",
        "time_end": "2024-12-31",
        "trend_wl": 3.2511483038330335,
        "quantile_99_wl": 0.9306336373119769,
        "quantile_1_wl": -0.8490353901522839,
        "trend_ss": -0.08526620726023652,
        "quantile_99_ss": 0.30823250019801346,
        "quantile_1_ss": -0.2728841477779601
      },
      "geometry": {
        "type": "Point",
        "coordinates": [
          -77.89617152458635,
          33.62881901900524
        ]
      }
    },
    {
      "type": "Feature",
      "properties": {
        "id": "0000489",
        "time_start": "1979-01-01",
        "time_end": "2024-12-31",
        "trend_wl": 3.251148295644692,
        "quantile_99_wl": 0.9306336373119769,
        "quantile_1_wl": -0.8490353901522839,
        "trend_ss": -0.08526607214143729,
        "quantile_99_ss": 0.3082646257350486,
        "quantile_1_ss": -0.2729027612287407
      },
      "geometry": {
        "type": "Point",
        "coordinates": [
          -77.89235214050453,
          33.62569323708652
        ]
      }
    },
    {
      "type": "Feature",
      "properties": {
        "id": "0000490",
        "time_start": "1979-01-01",
        "time_end": "2024-12-31",
        "trend_wl": 3.2511482958346205,
        "quantile_99_wl": 0.9306336373119769,
        "quantile_1_wl": -0.8490353901522839,
        "trend_ss": -0.08526607213680804,
        "quantile_99_ss": 0.3082646561720816,
        "quantile_1_ss": -0.2729026906450673
      },
      "geometry": {
        "type": "Point",
        "coordinates": [
          -77.88801136207398,
          33.62300513760333
        ]
      }
    },
    {
      "type": "Feature",
      "properties": {
        "id": "0000491",
        "time_start": "1979-01-01",
        "time_end": "2024-12-31",
        "trend_wl": 3.2318444193555114,
        "quantile_99_wl": 0.9216790429631954,
        "quantile_1_wl": -0.8394787315414386,
        "trend_ss": -0.08526612225448392,
        "quantile_99_ss": 0.30705359209971367,
        "quantile_1_ss": -0.2712301055689298
      },
      "geometry": {
        "type": "Point",
        "coordinates": [
          -77.88337699927933,
          33.620767269801476
        ]
      }
    },
    {
      "type": "Feature",
      "properties": {
        "id": "0000492",
        "time_start": "1979-01-01",
        "time_end": "2024-12-31",
        "trend_wl": 3.23184441946611,
        "quantile_99_wl": 0.9216790429631954,
        "quantile_1_wl": -0.8394787315414386,
        "trend_ss": -0.08526612225186046,
        "quantile_99_ss": 0.3070535843985673,
        "quantile_1_ss": -0.27123008437997054
      },
      "geometry": {
        "type": "Point",
        "coordinates": [
          -77.87830636742358,
          33.619198450412675
        ]
      }
    },
    {
      "type": "Feature",
      "properties": {
        "id": "0000493",
        "time_start": "1979-01-01",
        "time_end": "2024-12-31",
        "trend_wl": 3.231844419576701,
        "quantile_99_wl": 0.9216790429631954,
        "quantile_1_wl": -0.8394787315414386,
        "trend_ss": -0.08526612224922882,
        "quantile_99_ss": 0.3070535766967943,
        "quantile_1_ss": -0.27123006319072585
      },
      "geometry": {
        "type": "Point",
        "coordinates": [
          -77.8732357355678,
          33.617629631023874
        ]
      }
    },
    {
      "type": "Feature",
      "properties": {
        "id": "0000494",
        "time_start": "1979-01-01",
        "time_end": "2024-12-31",
        "trend_wl": 3.231844411506154,
        "quantile_99_wl": 0.9216790429631954,
        "quantile_1_wl": -0.8394787315414386,
        "trend_ss": -0.08526598957873567,
        "quantile_99_ss": 0.30697512566668,
        "quantile_1_ss": -0.27126890711658636
      },
      "geometry": {
        "type": "Point",
        "coordinates": [
          -77.8678663381928,
          33.61717165428897
        ]
      }
    },
    {
      "type": "Feature",
      "properties": {
        "id": "0000495",
        "time_start": "1979-01-01",
        "time_end": "2024-12-31",
        "trend_wl": 3.2342828902079863,
        "quantile_99_wl": 0.9195029052013345,
        "quantile_1_wl": -0.8377500210767634,
        "trend_ss": -0.08526602748872243,
        "quantile_99_ss": 0.30998308607902125,
        "quantile_1_ss": -0.2761376502142019
      },
      "geometry": {
        "type": "Point",
        "coordinates": [
          -77.86247687862208,
          33.616788270976954
        ]
      }
    },
    {
      "type": "Feature",
      "properties": {
        "id": "0000496",
        "time_start": "1979-01-01",
        "time_end": "2024-12-31",
        "trend_wl": 3.2342828607311427,
        "quantile_99_wl": 0.9195029052013345,
        "quantile_1_wl": -0.8377500210767634,
        "trend_ss": -0.08526606974472958,
        "quantile_99_ss": 0.30999954270593627,
        "quantile_1_ss": -0.27615713370829914
      },
      "geometry": {
        "type": "Point",
        "coordinates": [
          -77.85708741905134,
          33.61640488766495
        ]
      }
    },
    {
      "type": "Feature",
      "properties": {
        "id": "0000497",
        "time_start": "1979-01-01",
        "time_end": "2024-12-31",
        "trend_wl": 3.234282860757871,
        "quantile_99_wl": 0.9195029052013345,
        "quantile_1_wl": -0.8377500210767634,
        "trend_ss": -0.08526606974404094,
        "quantile_99_ss": 0.30999954263967894,
        "quantile_1_ss": -0.27615713235846095
      },
      "geometry": {
        "type": "Point",
        "coordinates": [
          -77.85169795948062,
          33.616021504352936
        ]
      }
    },
    {
      "type": "Feature",
      "properties": {
        "id": "0000498",
        "time_start": "1979-01-01",
        "time_end": "2024-12-31",
        "trend_wl": 3.2169159728850163,
        "quantile_99_wl": 0.9108174065336064,
        "quantile_1_wl": -0.8285951626543974,
        "trend_ss": -0.08526555234876727,
        "quantile_99_ss": 0.30895848327667613,
        "quantile_1_ss": -0.27369708733326453
      },
      "geometry": {
        "type": "Point",
        "coordinates": [
          -77.8463084999099,
          33.615638121040924
        ]
      }
    },
    {
      "type": "Feature",
      "properties": {
        "id": "0000499",
        "time_start": "1979-01-01",
        "time_end": "2024-12-31",
        "trend_wl": 3.216916003375768,
        "quantile_99_wl": 0.9108174065336064,
        "quantile_1_wl": -0.8285951626543974,
        "trend_ss": -0.08526551250671854,
        "quantile_99_ss": 0.3089621810845511,
        "quantile_1_ss": -0.2737048685330324
      },
      "geometry": {
        "type": "Point",
        "coordinates": [
          -77.84091904033917,
          33.61525473772891
        ]
      }
    },
    {
      "type": "Feature",
      "properties": {
        "id": "0000500",
        "time_start": "1979-01-01",
        "time_end": "2024-12-31",
        "trend_wl": 3.2169159729384416,
        "quantile_99_wl": 0.9108174065336064,
        "quantile_1_wl": -0.8285951626543974,
        "trend_ss": -0.08526555234742628,
        "quantile_99_ss": 0.3089584753104286,
        "quantile_1_ss": -0.27369708927297304
      },
      "geometry": {
        "type": "Point",
        "coordinates": [
          -77.83552958076845,
          33.614871354416906
        ]
      }
    },
    {
      "type": "Feature",
      "properties": {
        "id": "0000501",
        "time_start": "1979-01-01",
        "time_end": "2024-12-31",
        "trend_wl": 3.2169160034374475,
        "quantile_99_wl": 0.9108174065336064,
        "quantile_1_wl": -0.8285951626543974,
        "trend_ss": -0.08526551250565867,
        "quantile_99_ss": 0.3089622033897688,
        "quantile_1_ss": -0.2737048723174874
      },
      "geometry": {
        "type": "Point",
        "coordinates": [
          -77.83016252342185,
          33.61436623103701
        ]
      }
    },
    {
      "type": "Feature",
      "properties": {
        "id": "0000502",
        "time_start": "1979-01-01",
        "time_end": "2024-12-31",
        "trend_wl": 3.2169159730415346,
        "quantile_99_wl": 0.9108174065336064,
        "quantile_1_wl": -0.8285951626543974,
        "trend_ss": -0.08526555234484635,
        "quantile_99_ss": 0.30895845993760307,
        "quantile_1_ss": -0.2736970930163072
      },
      "geometry": {
        "type": "Point",
        "coordinates": [
          -77.82488184679298,
          33.61339169022865
        ]
      }
    },
    {
      "type": "Feature",
      "properties": {
        "id": "0000503",
        "time_start": "1979-01-01",
        "time_end": "2024-12-31",
        "trend_wl": 3.2013074449570422,
        "quantile_99_wl": 0.9038740320604544,
        "quantile_1_wl": -0.8211662963312875,
        "trend_ss": -0.08526561161663691,
        "quantile_99_ss": 0.30583451165287434,
        "quantile_1_ss": -0.27031109635578615
      },
      "geometry": {
        "type": "Point",
        "coordinates": [
          -77.81960117016409,
          33.61241714942029
        ]
      }
    },
    {
      "type": "Feature",
      "properties": {
        "id": "0000504",
        "time_start": "1979-01-01",
        "time_end": "2024-12-31",
        "trend_wl": 3.2013073692736462,
        "quantile_99_wl": 0.9038740320604544,
        "quantile_1_wl": -0.8211662963312875,
        "trend_ss": -0.08526554461329475,
        "quantile_99_ss": 0.305835229139746,
        "quantile_1_ss": -0.27021399614271574
      },
      "geometry": {
        "type": "Point",
        "coordinates": [
          -77.81432049353522,
          33.61144260861193
        ]
      }
    },
    {
      "type": "Feature",
      "properties": {
        "id": "0000505",
        "time_start": "1979-01-01",
        "time_end": "2024-12-31",
        "trend_wl": 3.2013074364922716,
        "quantile_99_wl": 0.9038740320604544,
        "quantile_1_wl": -0.8211662963312875,
        "trend_ss": -0.0852654563530744,
        "quantile_99_ss": 0.3058033238029242,
        "quantile_1_ss": -0.27026317097222696
      },
      "geometry": {
        "type": "Point",
        "coordinates": [
          -77.80903981690633,
          33.61046806780357
        ]
      }
    },
    {
      "type": "Feature",
      "properties": {
        "id": "0000506",
        "time_start": "1979-01-01",
        "time_end": "2024-12-31",
        "trend_wl": 3.2013074656888776,
        "quantile_99_wl": 0.9038740320604544,
        "quantile_1_wl": -0.8211662963312875,
        "trend_ss": -0.08526541875987194,
        "quantile_99_ss": 0.30578619981149024,
        "quantile_1_ss": -0.2702838878898143
      },
      "geometry": {
        "type": "Point",
        "coordinates": [
          -77.80375914027746,
          33.609493526995216
        ]
      }
    },
    {
      "type": "Feature",
      "properties": {
        "id": "0000507",
        "time_start": "1979-01-01",
        "time_end": "2024-12-31",
        "trend_wl": 3.2013074657565186,
        "quantile_99_wl": 0.9038740320604544,
        "quantile_1_wl": -0.8211662963312875,
        "trend_ss": -0.08526541875868467,
        "quantile_99_ss": 0.30578619287577413,
        "quantile_1_ss": -0.27028389424479016
      },
      "geometry": {
        "type": "Point",
        "coordinates": [
          -77.79847846364858,
          33.60851898618686
        ]
      }
    },
    {
      "type": "Feature",
      "properties": {
        "id": "0000508",
        "time_start": "1979-01-01",
        "time_end": "2024-12-31",
        "trend_wl": 3.2013074366892553,
        "quantile_99_wl": 0.9038740320604544,
        "quantile_1_wl": -0.8211662963312875,
        "trend_ss": -0.08526545634802787,
        "quantile_99_ss": 0.3058032992356259,
        "quantile_1_ss": -0.2702631789300509
      },
      "geometry": {
        "type": "Point",
        "coordinates": [
          -77.79318446836766,
          33.60763986305355
        ]
      }
    },
    {
      "type": "Feature",
      "properties": {
        "id": "0000509",
        "time_start": "1979-01-01",
        "time_end": "2024-12-31",
        "trend_wl": 3.1824340348418114,
        "quantile_99_wl": 0.8958985110813783,
        "quantile_1_wl": -0.8129462721936428,
        "trend_ss": -0.08526559447657524,
        "quantile_99_ss": 0.3035734579690318,
        "quantile_1_ss": -0.26765066667233156
      },
      "geometry": {
        "type": "Point",
        "coordinates": [
          -77.78777642875187,
          33.60757777795449
        ]
      }
    },
    {
      "type": "Feature",
      "properties": {
        "id": "0000510",
        "time_start": "1979-01-01",
        "time_end": "2024-12-31",
        "trend_wl": 3.1824341302670422,
        "quantile_99_wl": 0.8958985110813783,
        "quantile_1_wl": -0.8129462721936428,
        "trend_ss": -0.0852656166294826,
        "quantile_99_ss": 0.3035371806544692,
        "quantile_1_ss": -0.2675846123698514
      },
      "geometry": {
        "type": "Point",
        "coordinates": [
          -77.78236838913607,
          33.60751569285543
        ]
      }
    },
    {
      "type": "Feature",
      "properties": {
        "id": "0000511",
        "time_start": "1979-01-01",
        "time_end": "2024-12-31",
        "trend_wl": 3.1824340948286434,
        "quantile_99_wl": 0.8958985110813783,
        "quantile_1_wl": -0.8129462721936428,
        "trend_ss": -0.08526550950303594,
        "quantile_99_ss": 0.30354293208380695,
        "quantile_1_ss": -0.2675851067246971
      },
      "geometry": {
        "type": "Point",
        "coordinates": [
          -77.77696512348425,
          33.607483327443546
        ]
      }
    },
    {
      "type": "Feature",
      "properties": {
        "id": "0000512",
        "time_start": "1979-01-01",
        "time_end": "2024-12-31",
        "trend_wl": 3.1886939395154004,
        "quantile_99_wl": 0.8957522774829579,
        "quantile_1_wl": -0.8121556088835828,
        "trend_ss": -0.08526561866571501,
        "quantile_99_ss": 0.31179250359727595,
        "quantile_1_ss": -0.2749885297813566
      },
      "geometry": {
        "type": "Point",
        "coordinates": [
          -77.77176701219666,
          33.60872812364562
        ]
      }
    },
    {
      "type": "Feature",
      "properties": {
        "id": "0000513",
        "time_start": "1979-01-01",
        "time_end": "2024-12-31",
        "trend_wl": 3.1886941473485364,
        "quantile_99_wl": 0.8957522774829579,
        "quantile_1_wl": -0.8121556088835828,
        "trend_ss": -0.08526569082181606,
        "quantile_99_ss": 0.3117843325866696,
        "quantile_1_ss": -0.275
      },
      "geometry": {
        "type": "Point",
        "coordinates": [
          -77.76656890090909,
          33.60997291984769
        ]
      }
    },
    {
      "type": "Feature",
      "properties": {
        "id": "0000514",
        "time_start": "1979-01-01",
        "time_end": "2024-12-31",
        "trend_wl": 3.188694172394395,
        "quantile_99_wl": 0.8957522774829579,
        "quantile_1_wl": -0.8121556088835828,
        "trend_ss": -0.08526562479351889,
        "quantile_99_ss": 0.3117679352432228,
        "quantile_1_ss": -0.2750193049172951
      },
      "geometry": {
        "type": "Point",
        "coordinates": [
          -77.76137078962151,
          33.61121771604977
        ]
      }
    },
    {
      "type": "Feature",
      "properties": {
        "id": "0000515",
        "time_start": "1979-01-01",
        "time_end": "2024-12-31",
        "trend_wl": 3.188693965125789,
        "quantile_99_wl": 0.8957522774829579,
        "quantile_1_wl": -0.8121556088835828,
        "trend_ss": -0.08526560532036401,
        "quantile_99_ss": 0.31182360249517554,
        "quantile_1_ss": -0.275
      },
      "geometry": {
        "type": "Point",
        "coordinates": [
          -77.75617267833393,
          33.612462512251845
        ]
      }
    },
    {
      "type": "Feature",
      "properties": {
        "id": "0000516",
        "time_start": "1979-01-01",
        "time_end": "2024-12-31",
        "trend_wl": 3.188694198060318,
        "quantile_99_wl": 0.8957522774829579,
        "quantile_1_wl": -0.8121556088835828,
        "trend_ss": -0.08526561144543233,
        "quantile_99_ss": 0.3118221954778931,
        "quantile_1_ss": -0.27501604263234447
      },
      "geometry": {
        "type": "Point",
        "coordinates": [
          -77.75131683933353,
          33.614159936803986
        ]
      }
    },
    {
      "type": "Feature",
      "properties": {
        "id": "0000517",
        "time_start": "1979-01-01",
        "time_end": "2024-12-31",
        "trend_wl": 3.1886941468337517,
        "quantile_99_wl": 0.8957522774829579,
        "quantile_1_wl": -0.8121556088835828,
        "trend_ss": -0.08526569083153833,
        "quantile_99_ss": 0.31178446532202775,
        "quantile_1_ss": -0.275
      },
      "geometry": {
        "type": "Point",
        "coordinates": [
          -77.74772336687766,
          33.61752674245311
        ]
      }
    },
    {
      "type": "Feature",
      "properties": {
        "id": "0000518",
        "time_start": "1979-01-01",
        "time_end": "2024-12-31",
        "trend_wl": 3.1886939645026016,
        "quantile_99_wl": 0.8957522774829579,
        "quantile_1_wl": -0.8121556088835828,
        "trend_ss": -0.08526560533277136,
        "quantile_99_ss": 0.311823835936734,
        "quantile_1_ss": -0.275
      },
      "geometry": {
        "type": "Point",
        "coordinates": [
          -77.74692526623232,
          33.62158657877463
        ]
      }
    },
    {
      "type": "Feature",
      "properties": {
        "id": "0000519",
        "time_start": "1979-01-01",
        "time_end": "2024-12-31",
        "trend_wl": 3.1960939255979333,
        "quantile_99_wl": 0.893077545603736,
        "quantile_1_wl": -0.8093430829872708,
        "trend_ss": -0.08526486635058655,
        "quantile_99_ss": 0.3250905411213286,
        "quantile_1_ss": -0.2827605264907855
      },
      "geometry": {
        "type": "Point",
        "coordinates": [
          -77.74908740604825,
          33.62564013442117
        ]
      }
    },
    {
      "type": "Feature",
      "properties": {
        "id": "0000520",
        "time_start": "1979-01-01",
        "time_end": "2024-12-31",
        "trend_wl": 3.1960938861307406,
        "quantile_99_wl": 0.893077545603736,
        "quantile_1_wl": -0.8093124019043453,
        "trend_ss": -0.08526493075434945,
        "quantile_99_ss": 0.3251234110545863,
        "quantile_1_ss": -0.28277898212351216
      },
      "geometry": {
        "type": "Point",
        "coordinates": [
          -77.75183048663534,
          33.62952269766771
        ]
      }
    },
    {
      "type": "Feature",
      "properties": {
        "id": "0000521",
        "time_start": "1979-01-01",
        "time_end": "2024-12-31",
        "trend_wl": 3.196093381478764,
        "quantile_99_wl": 0.893077545603736,
        "quantile_1_wl": -0.8093124019043453,
        "trend_ss": -0.0852652408738042,
        "quantile_99_ss": 0.32507830045463304,
        "quantile_1_ss": -0.2828043532337364
      },
      "geometry": {
        "type": "Point",
        "coordinates": [
          -77.75457356722245,
          33.63340526091425
        ]
      }
    },
    {
      "type": "Feature",
      "properties": {
        "id": "0000522",
        "time_start": "1979-01-01",
        "time_end": "2024-12-31",
        "trend_wl": 3.2136046920203865,
        "quantile_99_wl": 0.9015658037608195,
        "quantile_1_wl": -0.818222311721697,
        "trend_ss": -0.08526548659075034,
        "quantile_99_ss": 0.3254220632468543,
        "quantile_1_ss": -0.2847260281235465
      },
      "geometry": {
        "type": "Point",
        "coordinates": [
          -77.75731664780956,
          33.6372878241608
        ]
      }
    },
    {
      "type": "Feature",
      "properties": {
        "id": "0000523",
        "time_start": "1979-01-01",
        "time_end": "2024-12-31",
        "trend_wl": 3.21360474850353,
        "quantile_99_wl": 0.9015658037608195,
        "quantile_1_wl": -0.818222311721697,
        "trend_ss": -0.08526538727973608,
        "quantile_99_ss": 0.3254167380741202,
        "quantile_1_ss": -0.2847395784095055
      },
      "geometry": {
        "type": "Point",
        "coordinates": [
          -77.76005972839666,
          33.64117038740734
        ]
      }
    },
    {
      "type": "Feature",
      "properties": {
        "id": "0000524",
        "time_start": "1979-01-01",
        "time_end": "2024-12-31",
        "trend_wl": 3.21360466290269,
        "quantile_99_wl": 0.9015658037608195,
        "quantile_1_wl": -0.818222311721697,
        "trend_ss": -0.085265505822555,
        "quantile_99_ss": 0.32538782945867945,
        "quantile_1_ss": -0.28469892348086295
      },
      "geometry": {
        "type": "Point",
        "coordinates": [
          -77.76428504155685,
          33.64390828678577
        ]
      }
    },
    {
      "type": "Feature",
      "properties": {
        "id": "0000525",
        "time_start": "1979-01-01",
        "time_end": "2024-12-31",
        "trend_wl": 3.213605532582976,
        "quantile_99_wl": 0.9015489312117528,
        "quantile_1_wl": -0.818222311721697,
        "trend_ss": -0.0852650898010441,
        "quantile_99_ss": 0.3253632844385833,
        "quantile_1_ss": -0.28470158377292515
      },
      "geometry": {
        "type": "Point",
        "coordinates": [
          -77.76873207893131,
          33.646474958179226
        ]
      }
    },
    {
      "type": "Feature",
      "properties": {
        "id": "0000526",
        "time_start": "1979-01-01",
        "time_end": "2024-12-31",
        "trend_wl": 3.213605290320004,
        "quantile_99_wl": 0.9015658037608195,
        "quantile_1_wl": -0.818222311721697,
        "trend_ss": -0.08526501439980567,
        "quantile_99_ss": 0.3254463296629192,
        "quantile_1_ss": -0.28471191569638316
      },
      "geometry": {
        "type": "Point",
        "coordinates": [
          -77.77317911630577,
          33.649041629572686
        ]
      }
    },
    {
      "type": "Feature",
      "properties": {
        "id": "0000527",
        "time_start": "1979-01-01",
        "time_end": "2024-12-31",
        "trend_wl": 3.2136052614678285,
        "quantile_99_wl": 0.9015658037608195,
        "quantile_1_wl": -0.818222311721697,
        "trend_ss": -0.08526503363940803,
        "quantile_99_ss": 0.3254363410254362,
        "quantile_1_ss": -0.28471507697290344
      },
      "geometry": {
        "type": "Point",
        "coordinates": [
          -77.77762615368023,
          33.65160830096614
        ]
      }
    },
    {
      "type": "Feature",
      "properties": {
        "id": "0000528",
        "time_start": "1979-01-01",
        "time_end": "2024-12-31",
        "trend_wl": 3.227344293209149,
        "quantile_99_wl": 0.9092224389007225,
        "quantile_1_wl": -0.8254411485657366,
        "trend_ss": -0.0852652816942253,
        "quantile_99_ss": 0.32795383712502857,
        "quantile_1_ss": -0.2873874564587694
      },
      "geometry": {
        "type": "Point",
        "coordinates": [
          -77.78207319105469,
          33.65417497235959
        ]
      }
    },
    {
      "type": "Feature",
      "properties": {
        "id": "0000529",
        "time_start": "1979-01-01",
        "time_end": "2024-12-31",
        "trend_wl": 3.227344299979052,
        "quantile_99_wl": 0.9092166567167668,
        "quantile_1_wl": -0.8254411485657366,
        "trend_ss": -0.08526526700348827,
        "quantile_99_ss": 0.3279369822722979,
        "quantile_1_ss": -0.28740696143303973
      },
      "geometry": {
        "type": "Point",
        "coordinates": [
          -77.78652022842915,
          33.656741643753044
        ]
      }
    },
    {
      "type": "Feature",
      "properties": {
        "id": "0000530",
        "time_start": "1979-01-01",
        "time_end": "2024-12-31",
        "trend_wl": 3.2273445321839938,
        "quantile_99_wl": 0.9092166567167668,
        "quantile_1_wl": -0.8254411485657366,
        "trend_ss": -0.08526535691477195,
        "quantile_99_ss": 0.32788049689941684,
        "quantile_1_ss": -0.2873749882760673
      },
      "geometry": {
        "type": "Point",
        "coordinates": [
          -77.79096726580362,
          33.659308315146504
        ]
      }
    },
    {
      "type": "Feature",
      "properties": {
        "id": "0000531",
        "time_start": "1979-01-01",
        "time_end": "2024-12-31",
        "trend_wl": 3.2273442349613357,
        "quantile_99_wl": 0.9092122106693747,
        "quantile_1_wl": -0.8254411485657366,
        "trend_ss": -0.08526537020409614,
        "quantile_99_ss": 0.3279577922744731,
        "quantile_1_ss": -0.2873658708830125
      },
      "geometry": {
        "type": "Point",
        "coordinates": [
          -77.79541430317808,
          33.66187498653996
        ]
      }
    },
    {
      "type": "Feature",
      "properties": {
        "id": "0000532",
        "time_start": "1979-01-01",
        "time_end": "2024-12-31",
        "trend_wl": 3.250003193357212,
        "quantile_99_wl": 0.9147178301472236,
        "quantile_1_wl": -0.8308248010561905,
        "trend_ss": -0.08526477978427477,
        "quantile_99_ss": 0.33731808266414226,
        "quantile_1_ss": -0.2935495617924781
      },
      "geometry": {
        "type": "Point",
        "coordinates": [
          -77.79986134055254,
          33.66444165793341
        ]
      }
    },
    {
      "type": "Feature",
      "properties": {
        "id": "0000533",
        "time_start": "1979-01-01",
        "time_end": "2024-12-31",
        "trend_wl": 3.2500028635747964,
        "quantile_99_wl": 0.9147178301472236,
        "quantile_1_wl": -0.8308248010561905,
        "trend_ss": -0.08526480312070435,
        "quantile_99_ss": 0.33730689883973136,
        "quantile_1_ss": -0.29361851139304534
      },
      "geometry": {
        "type": "Point",
        "coordinates": [
          -77.80477019159088,
          33.666005160989066
        ]
      }
    },
    {
      "type": "Feature",
      "properties": {
        "id": "0000534",
        "time_start": "1979-01-01",
        "time_end": "2024-12-31",
        "trend_wl": 3.2500031616267036,
        "quantile_99_wl": 0.9147178301472236,
        "quantile_1_wl": -0.8308248010561905,
        "trend_ss": -0.0852652006464477,
        "quantile_99_ss": 0.3373450163197363,
        "quantile_1_ss": -0.29354988810416943
      },
      "geometry": {
        "type": "Point",
        "coordinates": [
          -77.81014022288157,
          33.66656687162633
        ]
      }
    },
    {
      "type": "Feature",
      "properties": {
        "id": "0000535",
        "time_start": "1979-01-01",
        "time_end": "2024-12-31",
        "trend_wl": 3.2419882026442357,
        "quantile_99_wl": 0.9162621820295657,
        "quantile_1_wl": -0.8329811533982018,
        "trend_ss": -0.08526527601088595,
        "quantile_99_ss": 0.32930603483510235,
        "quantile_1_ss": -0.28881935574371914
      },
      "geometry": {
        "type": "Point",
        "coordinates": [
          -77.81551025417225,
          33.6671285822636
        ]
      }
    },
    {
      "type": "Feature",
      "properties": {
        "id": "0000536",
        "time_start": "1979-01-01",
        "time_end": "2024-12-31",
        "trend_wl": 3.241988169700406,
        "quantile_99_wl": 0.9162621820295657,
        "quantile_1_wl": -0.8329811533982018,
        "trend_ss": -0.08526534000377017,
        "quantile_99_ss": 0.3293151143355891,
        "quantile_1_ss": -0.2887542988035007
      },
      "geometry": {
        "type": "Point",
        "coordinates": [
          -77.82088028546293,
          33.66769029290087
        ]
      }
    },
    {
      "type": "Feature",
      "properties": {
        "id": "0000537",
        "time_start": "1979-01-01",
        "time_end": "2024-12-31",
        "trend_wl": 3.241988773588742,
        "quantile_99_wl": 0.9162621820295657,
        "quantile_1_wl": -0.8329811533982018,
        "trend_ss": -0.08526487382396922,
        "quantile_99_ss": 0.32934780689029075,
        "quantile_1_ss": -0.28881356294465965
      },
      "geometry": {
        "type": "Point",
        "coordinates": [
          -77.82597223822536,
          33.669066351776976
        ]
      }
    },
    {
      "type": "Feature",
      "properties": {
        "id": "0000538",
        "time_start": "1979-01-01",
        "time_end": "2024-12-31",
        "trend_wl": 3.253901387155714,
        "quantile_99_wl": 0.922861475171709,
        "quantile_1_wl": -0.8395447091392123,
        "trend_ss": -0.08526538970714814,
        "quantile_99_ss": 0.3336435726991209,
        "quantile_1_ss": -0.29295908325659337
      },
      "geometry": {
        "type": "Point",
        "coordinates": [
          -77.83089432496307,
          33.67093986041644
        ]
      }
    },
    {
      "type": "Feature",
      "properties": {
        "id": "0000539",
        "time_start": "1979-01-01",
        "time_end": "2024-12-31",
        "trend_wl": 3.2539013404266623,
        "quantile_99_wl": 0.9229110221892097,
        "quantile_1_wl": -0.8395447091392123,
        "trend_ss": -0.08526509650918676,
        "quantile_99_ss": 0.3336923291536014,
        "quantile_1_ss": -0.2929473273058474
      },
      "geometry": {
        "type": "Point",
        "coordinates": [
          -77.83408570167484,
          33.67452429165437
        ]
      }
    },
    {
      "type": "Feature",
      "properties": {
        "id": "0000540",
        "time_start": "1979-01-01",
        "time_end": "2024-12-31",
        "trend_wl": 3.2539013401773604,
        "quantile_99_wl": 0.9229109643216371,
        "quantile_1_wl": -0.8395447091392123,
        "trend_ss": -0.08526509650972554,
        "quantile_99_ss": 0.333692399135968,
        "quantile_1_ss": -0.292947308818185
      },
      "geometry": {
        "type": "Point",
        "coordinates": [
          -77.83714227443271,
          33.678241985615486
        ]
      }
    },
    {
      "type": "Feature",
      "properties": {
        "id": "0000541",
        "time_start": "1979-01-01",
        "time_end": "2024-12-31",
        "trend_wl": 3.2539013709740385,
        "quantile_99_wl": 0.9229104230517027,
        "quantile_1_wl": -0.8395447091392123,
        "trend_ss": -0.08526506497756656,
        "quantile_99_ss": 0.33367780787377527,
        "quantile_1_ss": -0.2929994474065872
      },
      "geometry": {
        "type": "Point",
        "coordinates": [
          -77.84019884719059,
          33.6819596795766
        ]
      }
    },
    {
      "type": "Feature",
      "properties": {
        "id": "0000542",
        "time_start": "1979-01-01",
        "time_end": "2024-12-31",
        "trend_wl": 3.2698065708257835,
        "quantile_99_wl": 0.9278263708131589,
        "quantile_1_wl": -0.8444421214088469,
        "trend_ss": -0.08526494782740511,
        "quantile_99_ss": 0.33932184341641625,
        "quantile_1_ss": -0.2975987948739325
      },
      "geometry": {
        "type": "Point",
        "coordinates": [
          -77.84325541994846,
          33.685677373537715
        ]
      }
    },
    {
      "type": "Feature",
      "properties": {
        "id": "0000543",
        "time_start": "1979-01-01",
        "time_end": "2024-12-31",
        "trend_wl": 3.2698065576040913,
        "quantile_99_wl": 0.9278263708131589,
        "quantile_1_wl": -0.8444421214088469,
        "trend_ss": -0.08526535036187549,
        "quantile_99_ss": 0.3393850994435877,
        "quantile_1_ss": -0.29762509464501646
      },
      "geometry": {
        "type": "Point",
        "coordinates": [
          -77.84631199270633,
          33.68939506749882
        ]
      }
    },
    {
      "type": "Feature",
      "properties": {
        "id": "0000544",
        "time_start": "1979-01-01",
        "time_end": "2024-12-31",
        "trend_wl": 3.269806570387685,
        "quantile_99_wl": 0.9278263708131589,
        "quantile_1_wl": -0.8444421214088469,
        "trend_ss": -0.08526494782545006,
        "quantile_99_ss": 0.3393218450730035,
        "quantile_1_ss": -0.29759878931424916
      },
      "geometry": {
        "type": "Point",
        "coordinates": [
          -77.85023214892723,
          33.69227787085377
        ]
      }
    },
    {
      "type": "Feature",
      "properties": {
        "id": "0000545",
        "time_start": "1979-01-01",
        "time_end": "2024-12-31",
        "trend_wl": 3.2698065875878486,
        "quantile_99_wl": 0.927842515093947,
        "quantile_1_wl": -0.8444421214088469,
        "trend_ss": -0.08526531773270879,
        "quantile_99_ss": 0.339362384845626,
        "quantile_1_ss": -0.2975911209713131
      },
      "geometry": {
        "type": "Point",
        "coordinates": [
          -77.85510675865277,
          33.69423793274926
        ]
      }
    },
    {
      "type": "Feature",
      "properties": {
        "id": "0000546",
        "time_start": "1979-01-01",
        "time_end": "2024-12-31",
        "trend_wl": 3.2806524501590437,
        "quantile_99_wl": 0.9326862965084526,
        "quantile_1_wl": -0.8495131342052303,
        "trend_ss": -0.08526516553870636,
        "quantile_99_ss": 0.33971322731705855,
        "quantile_1_ss": -0.2985303570464719
      },
      "geometry": {
        "type": "Point",
        "coordinates": [
          -77.8599813683783,
          33.69619799464474
        ]
      }
    },
    {
      "type": "Feature",
      "properties": {
        "id": "0000547",
        "time_start": "1979-01-01",
        "time_end": "2024-12-31",
        "trend_wl": 3.2806524321568635,
        "quantile_99_wl": 0.9326948480196637,
        "quantile_1_wl": -0.8495422093737162,
        "trend_ss": -0.08526478575655325,
        "quantile_99_ss": 0.33973835022428794,
        "quantile_1_ss": -0.2985751199681739
      },
      "geometry": {
        "type": "Point",
        "coordinates": [
          -77.86474241884639,
          33.698262816131
        ]
      }
    },
    {
      "type": "Feature",
      "properties": {
        "id": "0000548",
        "time_start": "1979-01-01",
        "time_end": "2024-12-31",
        "trend_wl": 3.295161561664908,
        "quantile_99_wl": 0.934241625016078,
        "quantile_1_wl": -0.8507310475601824,
        "trend_ss": -0.08526436577957218,
        "quantile_99_ss": 0.3481149450873274,
        "quantile_1_ss": -0.30409024913825916
      },
      "geometry": {
        "type": "Point",
        "coordinates": [
          -77.86758670515957,
          33.702095872395944
        ]
      }
    },
    {
      "type": "Feature",
      "properties": {
        "id": "0000549",
        "time_start": "1979-01-01",
        "time_end": "2024-12-31",
        "trend_wl": 3.2951615813945447,
        "quantile_99_wl": 0.934241625016078,
        "quantile_1_wl": -0.8507310475601824,
        "trend_ss": -0.0852647980037728,
        "quantile_99_ss": 0.3481507310982821,
        "quantile_1_ss": -0.3040070536285506
      },
      "geometry": {
        "type": "Point",
        "coordinates": [
          -77.87043099147273,
          33.70592892866089
        ]
      }
    },
    {
      "type": "Feature",
      "properties": {
        "id": "0000550",
        "time_start": "1979-01-01",
        "time_end": "2024-12-31",
        "trend_wl": 3.3018727609480005,
        "quantile_99_wl": 0.9378430473120469,
        "quantile_1_wl": -0.8544614032007993,
        "trend_ss": -0.08526495227530283,
        "quantile_99_ss": 0.3494805988151901,
        "quantile_1_ss": -0.3061155465285314
      },
      "geometry": {
        "type": "Point",
        "coordinates": [
          -77.87327527778591,
          33.709761984925834
        ]
      }
    },
    {
      "type": "Feature",
      "properties": {
        "id": "0000551",
        "time_start": "1979-01-01",
        "time_end": "2024-12-31",
        "trend_wl": 3.3018727271159998,
        "quantile_99_wl": 0.9378830758450759,
        "quantile_1_wl": -0.8544614032007993,
        "trend_ss": -0.08526452360667382,
        "quantile_99_ss": 0.34942203069020283,
        "quantile_1_ss": -0.3060880014532664
      },
      "geometry": {
        "type": "Point",
        "coordinates": [
          -77.87611956409908,
          33.71359504119077
        ]
      }
    },
    {
      "type": "Feature",
      "properties": {
        "id": "0000552",
        "time_start": "1979-01-01",
        "time_end": "2024-12-31",
        "trend_wl": 3.3018727604430302,
        "quantile_99_wl": 0.9378430473120469,
        "quantile_1_wl": -0.8544614032007993,
        "trend_ss": -0.08526495227343503,
        "quantile_99_ss": 0.34948058704093354,
        "quantile_1_ss": -0.3061155096125792
      },
      "geometry": {
        "type": "Point",
        "coordinates": [
          -77.87896385041225,
          33.717428097455716
        ]
      }
    },
    {
      "type": "Feature",
      "properties": {
        "id": "0000553",
        "time_start": "1979-01-01",
        "time_end": "2024-12-31",
        "trend_wl": 3.307536182499578,
        "quantile_99_wl": 0.9412978302213221,
        "quantile_1_wl": -0.8578016096383451,
        "trend_ss": -0.08526496622689972,
        "quantile_99_ss": 0.35119205016516697,
        "quantile_1_ss": -0.3087146070071811
      },
      "geometry": {
        "type": "Point",
        "coordinates": [
          -77.88145310802784,
          33.72137662961564
        ]
      }
    },
    {
      "type": "Feature",
      "properties": {
        "id": "0000554",
        "time_start": "1979-01-01",
        "time_end": "2024-12-31",
        "trend_wl": 3.3136345202515214,
        "quantile_99_wl": 0.9394955378094565,
        "quantile_1_wl": -0.855895372020187,
        "trend_ss": -0.0852647619005515,
        "quantile_99_ss": 0.35375095433828435,
        "quantile_1_ss": -0.3096568172246601
      },
      "geometry": {
        "type": "Point",
        "coordinates": [
          -77.88248815438367,
          33.725798155502154
        ]
      }
    },
    {
      "type": "Feature",
      "properties": {
        "id": "0000555",
        "time_start": "1979-01-01",
        "time_end": "2024-12-31",
        "trend_wl": 3.318390801941212,
        "quantile_99_wl": 0.9422733176529423,
        "quantile_1_wl": -0.8587565869975832,
        "trend_ss": -0.08526485375097738,
        "quantile_99_ss": 0.35457688439841845,
        "quantile_1_ss": -0.311461205809241
      },
      "geometry": {
        "type": "Point",
        "coordinates": [
          -77.88352320073948,
          33.73021968138866
        ]
      }
    },
    {
      "type": "Feature",
      "properties": {
        "id": "0000556",
        "time_start": "1979-01-01",
        "time_end": "2024-12-31",
        "trend_wl": 3.318390817838431,
        "quantile_99_wl": 0.9422580567498315,
        "quantile_1_wl": -0.8587565869975832,
        "trend_ss": -0.08526483147266672,
        "quantile_99_ss": 0.35455754208803,
        "quantile_1_ss": -0.3115130912401807
      },
      "geometry": {
        "type": "Point",
        "coordinates": [
          -77.8845582470953,
          33.734641207275175
        ]
      }
    },
    {
      "type": "Feature",
      "properties": {
        "id": "0000557",
        "time_start": "1979-01-01",
        "time_end": "2024-12-31",
        "trend_wl": 3.325835977920945,
        "quantile_99_wl": 0.9431885314324719,
        "quantile_1_wl": -0.8593352345008337,
        "trend_ss": -0.08526493223728997,
        "quantile_99_ss": 0.3600072029280371,
        "quantile_1_ss": -0.31600004281250693
      },
      "geometry": {
        "type": "Point",
        "coordinates": [
          -77.88559329345112,
          33.73906273316169
        ]
      }
    },
    {
      "type": "Feature",
      "properties": {
        "id": "0000558",
        "time_start": "1979-01-01",
        "time_end": "2024-12-31",
        "trend_wl": 3.3258359599320597,
        "quantile_99_wl": 0.9431885314324719,
        "quantile_1_wl": -0.8593352345008337,
        "trend_ss": -0.08526495613235184,
        "quantile_99_ss": 0.3599987433043799,
        "quantile_1_ss": -0.3159743447484855
      },
      "geometry": {
        "type": "Point",
        "coordinates": [
          -77.88662833980693,
          33.743484259048195
        ]
      }
    },
    {
      "type": "Feature",
      "properties": {
        "id": "0000559",
        "time_start": "1979-01-01",
        "time_end": "2024-12-31",
        "trend_wl": 3.3258359773450925,
        "quantile_99_wl": 0.9431885314324719,
        "quantile_1_wl": -0.8593352345008337,
        "trend_ss": -0.08526493223746447,
        "quantile_99_ss": 0.36000724385966343,
        "quantile_1_ss": -0.31600007976714917
      },
      "geometry": {
        "type": "Point",
        "coordinates": [
          -77.88766338616276,
          33.74790578493471
        ]
      }
    },
    {
      "type": "Feature",
      "properties": {
        "id": "0000560",
        "time_start": "1979-01-01",
        "time_end": "2024-12-31",
        "trend_wl": 3.334138112099206,
        "quantile_99_wl": 0.9449243738164071,
        "quantile_1_wl": -0.8608480987794074,
        "trend_ss": -0.08526486840186616,
        "quantile_99_ss": 0.3614645923491659,
        "quantile_1_ss": -0.3170523021879426
      },
      "geometry": {
        "type": "Point",
        "coordinates": [
          -77.88869843251858,
          33.752327310821215
        ]
      }
    },
    {
      "type": "Feature",
      "properties": {
        "id": "0000561",
        "time_start": "1979-01-01",
        "time_end": "2024-12-31",
        "trend_wl": 3.341016795941811,
        "quantile_99_wl": 0.9439987085114125,
        "quantile_1_wl": -0.8599426590190608,
        "trend_ss": -0.08526460122812989,
        "quantile_99_ss": 0.36353622549969644,
        "quantile_1_ss": -0.3178625474518039
      },
      "geometry": {
        "type": "Point",
        "coordinates": [
          -77.88973347887439,
          33.75674883670773
        ]
      }
    },
    {
      "type": "Feature",
      "properties": {
        "id": "0000562",
        "time_start": "1979-01-01",
        "time_end": "2024-12-31",
        "trend_wl": 3.341016795654678,
        "quantile_99_wl": 0.9439987085114125,
        "quantile_1_wl": -0.8599426590190608,
        "trend_ss": -0.08526460122815634,
        "quantile_99_ss": 0.36353621314877943,
        "quantile_1_ss": -0.31786251097772117
      },
      "geometry": {
        "type": "Point",
        "coordinates": [
          -77.89076852523021,
          33.761170362594235
        ]
      }
    },
    {
      "type": "Feature",
      "properties": {
        "id": "0000563",
        "time_start": "1979-01-01",
        "time_end": "2024-12-31",
        "trend_wl": 3.3490225893721655,
        "quantile_99_wl": 0.9452794824962013,
        "quantile_1_wl": -0.8612927924300254,
        "trend_ss": -0.0852644582268979,
        "quantile_99_ss": 0.3661648087553202,
        "quantile_1_ss": -0.31989750363891406
      },
      "geometry": {
        "type": "Point",
        "coordinates": [
          -77.89180357158602,
          33.76559188848075
        ]
      }
    },
    {
      "type": "Feature",
      "properties": {
        "id": "0000564",
        "time_start": "1979-01-01",
        "time_end": "2024-12-31",
        "trend_wl": 3.3490225890857594,
        "quantile_99_wl": 0.9452794483577539,
        "quantile_1_wl": -0.8612927581451626,
        "trend_ss": -0.08526445822715195,
        "quantile_99_ss": 0.3661648421583768,
        "quantile_1_ss": -0.3198975251936887
      },
      "geometry": {
        "type": "Point",
        "coordinates": [
          -77.89283861794185,
          33.77001341436726
        ]
      }
    },
    {
      "type": "Feature",
      "properties": {
        "id": "0000565",
        "time_start": "1979-01-01",
        "time_end": "2024-12-31",
        "trend_wl": 3.35790270670891,
        "quantile_99_wl": 0.9462129234807083,
        "quantile_1_wl": -0.8624408938472067,
        "trend_ss": -0.08526413436373484,
        "quantile_99_ss": 0.36860458105945915,
        "quantile_1_ss": -0.3211678869979786
      },
      "geometry": {
        "type": "Point",
        "coordinates": [
          -77.89387366429767,
          33.77443494025377
        ]
      }
    },
    {
      "type": "Feature",
      "properties": {
        "id": "0000566",
        "time_start": "1979-01-01",
        "time_end": "2024-12-31",
        "trend_wl": 3.364554326490248,
        "quantile_99_wl": 0.9462180352741304,
        "quantile_1_wl": -0.8621785203154825,
        "trend_ss": -0.0852641447443717,
        "quantile_99_ss": 0.37032629781723414,
        "quantile_1_ss": -0.3220968433379981
      },
      "geometry": {
        "type": "Point",
        "coordinates": [
          -77.89456340502788,
          33.77888881158081
        ]
      }
    },
    {
      "type": "Feature",
      "properties": {
        "id": "0000567",
        "time_start": "1979-01-01",
        "time_end": "2024-12-31",
        "trend_wl": 3.3645543261990087,
        "quantile_99_wl": 0.9462180352741304,
        "quantile_1_wl": -0.8621785203154825,
        "trend_ss": -0.08526414474437528,
        "quantile_99_ss": 0.37032631719731884,
        "quantile_1_ss": -0.3220969373295916
      },
      "geometry": {
        "type": "Point",
        "coordinates": [
          -77.89473738911224,
          33.78339099482253
        ]
      }
    },
    {
      "type": "Feature",
      "properties": {
        "id": "0000568",
        "time_start": "1979-01-01",
        "time_end": "2024-12-31",
        "trend_wl": 3.369239379993692,
        "quantile_99_wl": 0.9474068069987308,
        "quantile_1_wl": -0.8631223446571795,
        "trend_ss": -0.08526427554098658,
        "quantile_99_ss": 0.37184587247100964,
        "quantile_1_ss": -0.32369401536997805
      },
      "geometry": {
        "type": "Point",
        "coordinates": [
          -77.89491137319659,
          33.787893178064245
        ]
      }
    },
    {
      "type": "Feature",
      "properties": {
        "id": "0000569",
        "time_start": "1979-01-01",
        "time_end": "2024-12-31",
        "trend_wl": 3.3748174574393417,
        "quantile_99_wl": 0.9470791091100226,
        "quantile_1_wl": -0.8626927504690428,
        "trend_ss": -0.08526430673995072,
        "quantile_99_ss": 0.3730051489964467,
        "quantile_1_ss": -0.324804710720045
      },
      "geometry": {
        "type": "Point",
        "coordinates": [
          -77.89508535728095,
          33.792395361305964
        ]
      }
    },
    {
      "type": "Feature",
      "properties": {
        "id": "0000570",
        "time_start": "1979-01-01",
        "time_end": "2024-12-31",
        "trend_wl": 3.380576641770505,
        "quantile_99_wl": 0.9470154676988709,
        "quantile_1_wl": -0.8625440901642424,
        "trend_ss": -0.08526428512107113,
        "quantile_99_ss": 0.37412616073531285,
        "quantile_1_ss": -0.3255507429356294
      },
      "geometry": {
        "type": "Point",
        "coordinates": [
          -77.8952593413653,
          33.796897544547676
        ]
      }
    },
    {
      "type": "Feature",
      "properties": {
        "id": "0000571",
        "time_start": "1979-01-01",
        "time_end": "2024-12-31",
        "trend_wl": 3.385124860064098,
        "quantile_99_wl": 0.9480165240618229,
        "quantile_1_wl": -0.8631675665453463,
        "trend_ss": -0.08526434599815434,
        "quantile_99_ss": 0.3751684116605384,
        "quantile_1_ss": -0.32651893619080946
      },
      "geometry": {
        "type": "Point",
        "coordinates": [
          -77.89543332544966,
          33.80139972778939
        ]
      }
    },
    {
      "type": "Feature",
      "properties": {
        "id": "0000572",
        "time_start": "1979-01-01",
        "time_end": "2024-12-31",
        "trend_wl": 3.390823596763958,
        "quantile_99_wl": 0.9477984391481498,
        "quantile_1_wl": -0.8627922907230221,
        "trend_ss": -0.08526434027574523,
        "quantile_99_ss": 0.37565060752506674,
        "quantile_1_ss": -0.3270786955102659
      },
      "geometry": {
        "type": "Point",
        "coordinates": [
          -77.89560730953401,
          33.80590191103111
        ]
      }
    },
    {
      "type": "Feature",
      "properties": {
        "id": "0000573",
        "time_start": "1979-01-01",
        "time_end": "2024-12-31",
        "trend_wl": 3.3956598682938215,
        "quantile_99_wl": 0.9483225395992965,
        "quantile_1_wl": -0.8633772040601888,
        "trend_ss": -0.08526446384028734,
        "quantile_99_ss": 0.37676284774922525,
        "quantile_1_ss": -0.3282988625878179
      },
      "geometry": {
        "type": "Point",
        "coordinates": [
          -77.89694403884334,
          33.81025818403471
        ]
      }
    },
    {
      "type": "Feature",
      "properties": {
        "id": "0000574",
        "time_start": "1979-01-01",
        "time_end": "2024-12-31",
        "trend_wl": 3.4011039974733994,
        "quantile_99_wl": 0.9479840597542863,
        "quantile_1_wl": -0.8631305399696897,
        "trend_ss": -0.08526437032823747,
        "quantile_99_ss": 0.3772382921582397,
        "quantile_1_ss": -0.32877330687272416
      },
      "geometry": {
        "type": "Point",
        "coordinates": [
          -77.89837819944813,
          33.814602230607946
        ]
      }
    },
    {
      "type": "Feature",
      "properties": {
        "id": "0000575",
        "time_start": "1979-01-01",
        "time_end": "2024-12-31",
        "trend_wl": 3.403681231044316,
        "quantile_99_wl": 0.9485578985949987,
        "quantile_1_wl": -0.8638966362691006,
        "trend_ss": -0.0852644918833983,
        "quantile_99_ss": 0.378235456169033,
        "quantile_1_ss": -0.3296945284506092
      },
      "geometry": {
        "type": "Point",
        "coordinates": [
          -77.89981236005292,
          33.81894627718119
        ]
      }
    },
    {
      "type": "Feature",
      "properties": {
        "id": "0000576",
        "time_start": "1979-01-01",
        "time_end": "2024-12-31",
        "trend_wl": 3.4091125013339654,
        "quantile_99_wl": 0.9482584211193601,
        "quantile_1_wl": -0.8634531843643525,
        "trend_ss": -0.08526448540897326,
        "quantile_99_ss": 0.3788234632384655,
        "quantile_1_ss": -0.3301163447681733
      },
      "geometry": {
        "type": "Point",
        "coordinates": [
          -77.9011645298489,
          33.823302599070416
        ]
      }
    },
    {
      "type": "Feature",
      "properties": {
        "id": "0000577",
        "time_start": "1979-01-01",
        "time_end": "2024-12-31",
        "trend_wl": 3.4122512587080975,
        "quantile_99_wl": 0.9490536411494637,
        "quantile_1_wl": -0.8639477050151212,
        "trend_ss": -0.08526451541770856,
        "quantile_99_ss": 0.37949665545122824,
        "quantile_1_ss": -0.330844713826775
      },
      "geometry": {
        "type": "Point",
        "coordinates": [
          -77.90164548521898,
          33.82778935548663
        ]
      }
    },
    {
      "type": "Feature",
      "properties": {
        "id": "0000578",
        "time_start": "1979-01-01",
        "time_end": "2024-12-31",
        "trend_wl": 3.4177665728715914,
        "quantile_99_wl": 0.9486429122541574,
        "quantile_1_wl": -0.8635089231017383,
        "trend_ss": -0.08526447934814305,
        "quantile_99_ss": 0.380147753380389,
        "quantile_1_ss": -0.331259782002564
      },
      "geometry": {
        "type": "Point",
        "coordinates": [
          -77.90212644058907,
          33.83227611190285
        ]
      }
    },
    {
      "type": "Feature",
      "properties": {
        "id": "0000579",
        "time_start": "1979-01-01",
        "time_end": "2024-12-31",
        "trend_wl": 3.423472084297583,
        "quantile_99_wl": 0.9482743982719584,
        "quantile_1_wl": -0.8630495672204851,
        "trend_ss": -0.08526441948001595,
        "quantile_99_ss": 0.38066021404275113,
        "quantile_1_ss": -0.3313596338781256
      },
      "geometry": {
        "type": "Point",
        "coordinates": [
          -77.90260739595915,
          33.83676286831907
        ]
      }
    },
    {
      "type": "Feature",
      "properties": {
        "id": "0000580",
        "time_start": "1979-01-01",
        "time_end": "2024-12-31",
        "trend_wl": 3.4275047125271687,
        "quantile_99_wl": 0.9490127808197194,
        "quantile_1_wl": -0.8634885369879842,
        "trend_ss": -0.08526444360792956,
        "quantile_99_ss": 0.38143190268349403,
        "quantile_1_ss": -0.33205223089015407
      },
      "geometry": {
        "type": "Point",
        "coordinates": [
          -77.90308835132923,
          33.84124962473529
        ]
      }
    },
    {
      "type": "Feature",
      "properties": {
        "id": "0000581",
        "time_start": "1979-01-01",
        "time_end": "2024-12-31",
        "trend_wl": 3.4331760806820752,
        "quantile_99_wl": 0.9486346018395143,
        "quantile_1_wl": -0.8631129922913214,
        "trend_ss": -0.08526437368107498,
        "quantile_99_ss": 0.3818433360566937,
        "quantile_1_ss": -0.33213133974020687
      },
      "geometry": {
        "type": "Point",
        "coordinates": [
          -77.90356930669931,
          33.845736381151504
        ]
      }
    },
    {
      "type": "Feature",
      "properties": {
        "id": "0000582",
        "time_start": "1979-01-01",
        "time_end": "2024-12-31",
        "trend_wl": 3.439110306254469,
        "quantile_99_wl": 0.9492313079177254,
        "quantile_1_wl": -0.8634907569709536,
        "trend_ss": -0.08526437781979833,
        "quantile_99_ss": 0.38292817855020495,
        "quantile_1_ss": -0.3327237658288614
      },
      "geometry": {
        "type": "Point",
        "coordinates": [
          -77.9040502620694,
          33.850223137567724
        ]
      }
    },
    {
      "type": "Feature",
      "properties": {
        "id": "0000583",
        "time_start": "1979-01-01",
        "time_end": "2024-12-31",
        "trend_wl": 3.44485151434457,
        "quantile_99_wl": 0.9488581725630921,
        "quantile_1_wl": -0.863455052269899,
        "trend_ss": -0.08526433157801061,
        "quantile_99_ss": 0.3829413029072111,
        "quantile_1_ss": -0.3327934042782803
      },
      "geometry": {
        "type": "Point",
        "coordinates": [
          -77.90453121743948,
          33.854709893983944
        ]
      }
    },
    {
      "type": "Feature",
      "properties": {
        "id": "0000584",
        "time_start": "1979-01-01",
        "time_end": "2024-12-31",
        "trend_wl": 3.4506342867659066,
        "quantile_99_wl": 0.9484571917352876,
        "quantile_1_wl": -0.8632277806651052,
        "trend_ss": -0.08526416243888779,
        "quantile_99_ss": 0.38295732478001254,
        "quantile_1_ss": -0.3327832792608107
      },
      "geometry": {
        "type": "Point",
        "coordinates": [
          -77.90501217280956,
          33.859196650400165
        ]
      }
    },
    {
      "type": "Feature",
      "properties": {
        "id": "0000585",
        "time_start": "1979-01-01",
        "time_end": "2024-12-31",
        "trend_wl": 3.457005439770148,
        "quantile_99_wl": 0.9488971385133096,
        "quantile_1_wl": -0.8636043106934588,
        "trend_ss": -0.08526387825325155,
        "quantile_99_ss": 0.3835597025979112,
        "quantile_1_ss": -0.3332488596874309
      },
      "geometry": {
        "type": "Point",
        "coordinates": [
          -77.906010463842,
          33.86361625875217
        ]
      }
    },
    {
      "type": "Feature",
      "properties": {
        "id": "0000586",
        "time_start": "1979-01-01",
        "time_end": "2024-12-31",
        "trend_wl": 3.4620596585452437,
        "quantile_99_wl": 0.9490125835520564,
        "quantile_1_wl": -0.8638555863957401,
        "trend_ss": -0.08526410811139627,
        "quantile_99_ss": 0.38423483996422003,
        "quantile_1_ss": -0.3337535468660886
      },
      "geometry": {
        "type": "Point",
        "coordinates": [
          -77.90720196213744,
          33.86801078958749
        ]
      }
    },
    {
      "type": "Feature",
      "properties": {
        "id": "0000587",
        "time_start": "1979-01-01",
        "time_end": "2024-12-31",
        "trend_wl": 3.4676721777415755,
        "quantile_99_wl": 0.9489404481159196,
        "quantile_1_wl": -0.8638876749309692,
        "trend_ss": -0.0852641509936535,
        "quantile_99_ss": 0.3842717253528462,
        "quantile_1_ss": -0.3336426217799875
      },
      "geometry": {
        "type": "Point",
        "coordinates": [
          -77.90839346043288,
          33.87240532042281
        ]
      }
    },
    {
      "type": "Feature",
      "properties": {
        "id": "0000588",
        "time_start": "1979-01-01",
        "time_end": "2024-12-31",
        "trend_wl": 3.4689267632797325,
        "quantile_99_wl": 0.9490269909934329,
        "quantile_1_wl": -0.8644957081229079,
        "trend_ss": -0.08873803150971164,
        "quantile_99_ss": 0.38586466335153563,
        "quantile_1_ss": -0.3342914329012552
      },
      "geometry": {
        "type": "Point",
        "coordinates": [
          -77.90958495872833,
          33.876799851258134
        ]
      }
    },
    {
      "type": "Feature",
      "properties": {
        "id": "0000589",
        "time_start": "1979-01-01",
        "time_end": "2024-12-31",
        "trend_wl": 3.4743261871942632,
        "quantile_99_wl": 0.9490420058776518,
        "quantile_1_wl": -0.8644114952848849,
        "trend_ss": -0.08873799305672489,
        "quantile_99_ss": 0.3856985259603708,
        "quantile_1_ss": -0.33412009012287414
      },
      "geometry": {
        "type": "Point",
        "coordinates": [
          -77.91077645702377,
          33.881194382093454
        ]
      }
    },
    {
      "type": "Feature",
      "properties": {
        "id": "0000590",
        "time_start": "1979-01-01",
        "time_end": "2024-12-31",
        "trend_wl": 3.479423389044634,
        "quantile_99_wl": 0.9491747703332701,
        "quantile_1_wl": -0.8646210739816911,
        "trend_ss": -0.08873795542410344,
        "quantile_99_ss": 0.38621406445655315,
        "quantile_1_ss": -0.3344242812696329
      },
      "geometry": {
        "type": "Point",
        "coordinates": [
          -77.91190866319822,
          33.88559291381707
        ]
      }
    },
    {
      "type": "Feature",
      "properties": {
        "id": "0000591",
        "time_start": "1979-01-01",
        "time_end": "2024-12-31",
        "trend_wl": 3.4845569088520754,
        "quantile_99_wl": 0.9489856667957132,
        "quantile_1_wl": -0.8646941936031203,
        "trend_ss": -0.08873793518050796,
        "quantile_99_ss": 0.3860252277264389,
        "quantile_1_ss": -0.33417652672208586
      },
      "geometry": {
        "type": "Point",
        "coordinates": [
          -77.91158743749713,
          33.890089519593
        ]
      }
    },
    {
      "type": "Feature",
      "properties": {
        "id": "0000592",
        "time_start": "1979-01-01",
        "time_end": "2024-12-31",
        "trend_wl": 3.4896422819005943,
        "quantile_99_wl": 0.9488944426873358,
        "quantile_1_wl": -0.8649910089709096,
        "trend_ss": -0.08873788932248683,
        "quantile_99_ss": 0.3857368191475214,
        "quantile_1_ss": -0.3340662552846995
      },
      "geometry": {
        "type": "Point",
        "coordinates": [
          -77.91126621179605,
          33.894586125368924
        ]
      }
    },
    {
      "type": "Feature",
      "properties": {
        "id": "0000593",
        "time_start": "1979-01-01",
        "time_end": "2024-12-31",
        "trend_wl": 3.493743275783843,
        "quantile_99_wl": 0.9490726582702409,
        "quantile_1_wl": -0.8651427896854627,
        "trend_ss": -0.088737801824676,
        "quantile_99_ss": 0.38625324989508464,
        "quantile_1_ss": -0.3343936679011629
      },
      "geometry": {
        "type": "Point",
        "coordinates": [
          -77.91094498609495,
          33.89908273114486
        ]
      }
    },
    {
      "type": "Feature",
      "properties": {
        "id": "0000594",
        "time_start": "1979-01-01",
        "time_end": "2024-12-31",
        "trend_wl": 3.4988804518385948,
        "quantile_99_wl": 0.9489938962471712,
        "quantile_1_wl": -0.8652689510883456,
        "trend_ss": -0.08873782527816275,
        "quantile_99_ss": 0.3860003841309047,
        "quantile_1_ss": -0.33430467217722926
      },
      "geometry": {
        "type": "Point",
        "coordinates": [
          -77.91003348560601,
          33.90346578445842
        ]
      }
    },
    {
      "type": "Feature",
      "properties": {
        "id": "0000595",
        "time_start": "1979-01-01",
        "time_end": "2024-12-31",
        "trend_wl": 3.504209685421195,
        "quantile_99_wl": 0.9490146124144742,
        "quantile_1_wl": -0.8656358561241445,
        "trend_ss": -0.08873782329907862,
        "quantile_99_ss": 0.3860428146207931,
        "quantile_1_ss": -0.3343840839549493
      },
      "geometry": {
        "type": "Point",
        "coordinates": [
          -77.90793804422609,
          33.90762108045244
        ]
      }
    },
    {
      "type": "Feature",
      "properties": {
        "id": "0000596",
        "time_start": "1979-01-01",
        "time_end": "2024-12-31",
        "trend_wl": 3.505560943603644,
        "quantile_99_wl": 0.9486309963595186,
        "quantile_1_wl": -0.8654048765961174,
        "trend_ss": -0.08873774745506166,
        "quantile_99_ss": 0.3855626845790891,
        "quantile_1_ss": -0.3339753175379768
      },
      "geometry": {
        "type": "Point",
        "coordinates": [
          -77.90584260284615,
          33.911776376446454
        ]
      }
    },
    {
      "type": "Feature",
      "properties": {
        "id": "0000597",
        "time_start": "1979-01-01",
        "time_end": "2024-12-31",
        "trend_wl": 3.510791116346926,
        "quantile_99_wl": 0.9485940515722256,
        "quantile_1_wl": -0.8657208040148147,
        "trend_ss": -0.0887373800381009,
        "quantile_99_ss": 0.3855109374361248,
        "quantile_1_ss": -0.33395253625813154
      },
      "geometry": {
        "type": "Point",
        "coordinates": [
          -77.90374716146621,
          33.91593167244047
        ]
      }
    },
    {
      "type": "Feature",
      "properties": {
        "id": "0000598",
        "time_start": "1979-01-01",
        "time_end": "2024-12-31",
        "trend_wl": 3.5161084273449066,
        "quantile_99_wl": 0.9485929970943027,
        "quantile_1_wl": -0.8659085423184355,
        "trend_ss": -0.08873761260255891,
        "quantile_99_ss": 0.3854977595993718,
        "quantile_1_ss": -0.3338800354552989
      },
      "geometry": {
        "type": "Point",
        "coordinates": [
          -77.90165172008629,
          33.9200869684345
        ]
      }
    },
    {
      "type": "Feature",
      "properties": {
        "id": "0000599",
        "time_start": "1979-01-01",
        "time_end": "2024-12-31",
        "trend_wl": 3.52266903125122,
        "quantile_99_wl": 0.9486196307000211,
        "quantile_1_wl": -0.8660466963698776,
        "trend_ss": -0.0876447510548387,
        "quantile_99_ss": 0.3853605967403454,
        "quantile_1_ss": -0.3337564587862191
      },
      "geometry": {
        "type": "Point",
        "coordinates": [
          -77.89985146113017,
          33.924319913665435
        ]
      }
    },
    {
      "type": "Feature",
      "properties": {
        "id": "0000600",
        "time_start": "1979-01-01",
        "time_end": "2024-12-31",
        "trend_wl": 3.5282259498663873,
        "quantile_99_wl": 0.9485400809291137,
        "quantile_1_wl": -0.8661535526790392,
        "trend_ss": -0.08764402289480065,
        "quantile_99_ss": 0.385103498788219,
        "quantile_1_ss": -0.33357699723689993
      },
      "geometry": {
        "type": "Point",
        "coordinates": [
          -77.89868131577778,
          33.92871861348256
        ]
      }
    },
    {
      "type": "Feature",
      "properties": {
        "id": "0000601",
        "time_start": "1979-01-01",
        "time_end": "2024-12-31",
        "trend_wl": 3.533878501751272,
        "quantile_99_wl": 0.948648713489569,
        "quantile_1_wl": -0.8663744005946189,
        "trend_ss": -0.08764463793124933,
        "quantile_99_ss": 0.3850928193659522,
        "quantile_1_ss": -0.3333756329335212
      },
      "geometry": {
        "type": "Point",
        "coordinates": [
          -77.89751117042539,
          33.93311731329968
        ]
      }
    },
    {
      "type": "Feature",
      "properties": {
        "id": "0000602",
        "time_start": "1979-01-01",
        "time_end": "2024-12-31",
        "trend_wl": 3.539529434236181,
        "quantile_99_wl": 0.9489530349654389,
        "quantile_1_wl": -0.8667002674460306,
        "trend_ss": -0.0876445443294244,
        "quantile_99_ss": 0.38506809107887846,
        "quantile_1_ss": -0.3332805129583732
      },
      "geometry": {
        "type": "Point",
        "coordinates": [
          -77.896341025073,
          33.937516013116806
        ]
      }
    },
    {
      "type": "Feature",
      "properties": {
        "id": "0000603",
        "time_start": "1979-01-01",
        "time_end": "2024-12-31",
        "trend_wl": 3.5451518868043537,
        "quantile_99_wl": 0.9490644682479181,
        "quantile_1_wl": -0.8668542135155101,
        "trend_ss": -0.08764442804357919,
        "quantile_99_ss": 0.3849364533895235,
        "quantile_1_ss": -0.33332475318836124
      },
      "geometry": {
        "type": "Point",
        "coordinates": [
          -77.89517087972061,
          33.94191471293393
        ]
      }
    },
    {
      "type": "Feature",
      "properties": {
        "id": "0000604",
        "time_start": "1979-01-01",
        "time_end": "2024-12-31",
        "trend_wl": 3.5506920607977284,
        "quantile_99_wl": 0.9493217620507702,
        "quantile_1_wl": -0.8670510356556568,
        "trend_ss": -0.08764410602950971,
        "quantile_99_ss": 0.3847834733868757,
        "quantile_1_ss": -0.3334570959224758
      },
      "geometry": {
        "type": "Point",
        "coordinates": [
          -77.89400073436822,
          33.94631341275105
        ]
      }
    },
    {
      "type": "Feature",
      "properties": {
        "id": "0000605",
        "time_start": "1979-01-01",
        "time_end": "2024-12-31",
        "trend_wl": 3.5561662366369053,
        "quantile_99_wl": 0.949472394914693,
        "quantile_1_wl": -0.8674758736714628,
        "trend_ss": -0.08764435962278738,
        "quantile_99_ss": 0.384825817374077,
        "quantile_1_ss": -0.33335802204731196
      },
      "geometry": {
        "type": "Point",
        "coordinates": [
          -77.89283058901583,
          33.950712112568176
        ]
      }
    },
    {
      "type": "Feature",
      "properties": {
        "id": "0000606",
        "time_start": "1979-01-01",
        "time_end": "2024-12-31",
        "trend_wl": 3.5642045047822917,
        "quantile_99_wl": 0.9498104447866332,
        "quantile_1_wl": -0.8679813283737666,
        "trend_ss": -0.0876442259972561,
        "quantile_99_ss": 0.38504622410826583,
        "quantile_1_ss": -0.33370567989941075
      },
      "geometry": {
        "type": "Point",
        "coordinates": [
          -77.89166044366344,
          33.9551108123853
        ]
      }
    },
    {
      "type": "Feature",
      "properties": {
        "id": "0000607",
        "time_start": "1979-01-01",
        "time_end": "2024-12-31",
        "trend_wl": 3.5676557118685146,
        "quantile_99_wl": 0.9497026713771447,
        "quantile_1_wl": -0.8679503962512086,
        "trend_ss": -0.08764418161356217,
        "quantile_99_ss": 0.384682821474483,
        "quantile_1_ss": -0.33344142627866985
      },
      "geometry": {
        "type": "Point",
        "coordinates": [
          -77.89049029831105,
          33.95950951220242
        ]
      }
    },
    {
      "type": "Feature",
      "properties": {
        "id": "0000608",
        "time_start": "1979-01-01",
        "time_end": "2024-12-31",
        "trend_wl": 3.573530128308394,
        "quantile_99_wl": 0.9500854763672716,
        "quantile_1_wl": -0.86850519436448,
        "trend_ss": -0.08764377456621665,
        "quantile_99_ss": 0.38511444261711253,
        "quantile_1_ss": -0.333993157739279
      },
      "geometry": {
        "type": "Point",
        "coordinates": [
          -77.88932015295866,
          33.96390821201954
        ]
      }
    },
    {
      "type": "Feature",
      "properties": {
        "id": "0000609",
        "time_start": "1979-01-01",
        "time_end": "2024-12-31",
        "trend_wl": 3.5784835744558308,
        "quantile_99_wl": 0.9500832434682404,
        "quantile_1_wl": -0.8686491887635794,
        "trend_ss": -0.08764404588788385,
        "quantile_99_ss": 0.3850292787002107,
        "quantile_1_ss": -0.33386303464884
      },
      "geometry": {
        "type": "Point",
        "coordinates": [
          -77.88815000760627,
          33.96830691183666
        ]
      }
    },
    {
      "type": "Feature",
      "properties": {
        "id": "0000610",
        "time_start": "1979-01-01",
        "time_end": "2024-12-31",
        "trend_wl": 3.584840490774539,
        "quantile_99_wl": 0.9504453624683084,
        "quantile_1_wl": -0.869161564744833,
        "trend_ss": -0.08764400402832953,
        "quantile_99_ss": 0.38529222969215665,
        "quantile_1_ss": -0.33409525464767914
      },
      "geometry": {
        "type": "Point",
        "coordinates": [
          -77.88697986225388,
          33.97270561165379
        ]
      }
    },
    {
      "type": "Feature",
      "properties": {
        "id": "0000611",
        "time_start": "1979-01-01",
        "time_end": "2024-12-31",
        "trend_wl": 3.5879978498844265,
        "quantile_99_wl": 0.950497164878479,
        "quantile_1_wl": -0.8691006041155457,
        "trend_ss": -0.08764400332300443,
        "quantile_99_ss": 0.38494701258475805,
        "quantile_1_ss": -0.3338426385914035
      },
      "geometry": {
        "type": "Point",
        "coordinates": [
          -77.88580971690149,
          33.97710431147091
        ]
      }
    },
    {
      "type": "Feature",
      "properties": {
        "id": "0000612",
        "time_start": "1979-01-01",
        "time_end": "2024-12-31",
        "trend_wl": 3.592793047533903,
        "quantile_99_wl": 0.9506928939303892,
        "quantile_1_wl": -0.8694627342699226,
        "trend_ss": -0.08764389345855504,
        "quantile_99_ss": 0.38515724615062064,
        "quantile_1_ss": -0.3339640586374356
      },
      "geometry": {
        "type": "Point",
        "coordinates": [
          -77.8846395715491,
          33.981503011288034
        ]
      }
    },
    {
      "type": "Feature",
      "properties": {
        "id": "0000613",
        "time_start": "1979-01-01",
        "time_end": "2024-12-31",
        "trend_wl": 3.598324325893754,
        "quantile_99_wl": 0.9511260818268132,
        "quantile_1_wl": -0.8701004492592294,
        "trend_ss": -0.08764378625216436,
        "quantile_99_ss": 0.3853029193609747,
        "quantile_1_ss": -0.334214660803928
      },
      "geometry": {
        "type": "Point",
        "coordinates": [
          -77.88346942619671,
          33.98590171110516
        ]
      }
    },
    {
      "type": "Feature",
      "properties": {
        "id": "0000614",
        "time_start": "1979-01-01",
        "time_end": "2024-12-31",
        "trend_wl": 3.6075606177074584,
        "quantile_99_wl": 0.9514783202892131,
        "quantile_1_wl": -0.8709296320445037,
        "trend_ss": -0.0876437608631307,
        "quantile_99_ss": 0.38562694734355846,
        "quantile_1_ss": -0.33455995831501323
      },
      "geometry": {
        "type": "Point",
        "coordinates": [
          -77.88229928084432,
          33.99030041092228
        ]
      }
    },
    {
      "type": "Feature",
      "properties": {
        "id": "0000615",
        "time_start": "1979-01-01",
        "time_end": "2024-12-31",
        "trend_wl": 3.6075606174273487,
        "quantile_99_wl": 0.9514783202892131,
        "quantile_1_wl": -0.8709296320445037,
        "trend_ss": -0.08764376086664115,
        "quantile_99_ss": 0.3856268033390819,
        "quantile_1_ss": -0.3345599711810382
      },
      "geometry": {
        "type": "Point",
        "coordinates": [
          -77.88107681033966,
          33.99468733679612
        ]
      }
    },
    {
      "type": "Feature",
      "properties": {
        "id": "0000616",
        "time_start": "1979-01-01",
        "time_end": "2024-12-31",
        "trend_wl": 3.6158476482769455,
        "quantile_99_wl": 0.9520926305093995,
        "quantile_1_wl": -0.8716712500279797,
        "trend_ss": -0.08764363467853398,
        "quantile_99_ss": 0.3857698047997218,
        "quantile_1_ss": -0.33466828239896906
      },
      "geometry": {
        "type": "Point",
        "coordinates": [
          -77.87940008092271,
          33.998972047608234
        ]
      }
    },
    {
      "type": "Feature",
      "properties": {
        "id": "0000617",
        "time_start": "1979-01-01",
        "time_end": "2024-12-31",
        "trend_wl": 3.621871098665766,
        "quantile_99_wl": 0.952094530118673,
        "quantile_1_wl": -0.872099315595428,
        "trend_ss": -0.0876436323967442,
        "quantile_99_ss": 0.38569874949133154,
        "quantile_1_ss": -0.33503307996597914
      },
      "geometry": {
        "type": "Point",
        "coordinates": [
          -77.87772335150575,
          34.00325675842035
        ]
      }
    },
    {
      "type": "Feature",
      "properties": {
        "id": "0000618",
        "time_start": "1979-01-01",
        "time_end": "2024-12-31",
        "trend_wl": 3.624381666000345,
        "quantile_99_wl": 0.9521842885423085,
        "quantile_1_wl": -0.8722729217015238,
        "trend_ss": -0.08764349030528983,
        "quantile_99_ss": 0.38590468217467105,
        "quantile_1_ss": -0.3348835913511537
      },
      "geometry": {
        "type": "Point",
        "coordinates": [
          -77.87604662208881,
          34.007541469232464
        ]
      }
    },
    {
      "type": "Feature",
      "properties": {
        "id": "0000619",
        "time_start": "1979-01-01",
        "time_end": "2024-12-31",
        "trend_wl": 3.629429234225032,
        "quantile_99_wl": 0.9526717053703627,
        "quantile_1_wl": -0.8727765193374911,
        "trend_ss": -0.08764311546966733,
        "quantile_99_ss": 0.38607120145647794,
        "quantile_1_ss": -0.3351068613403935
      },
      "geometry": {
        "type": "Point",
        "coordinates": [
          -77.87436989267185,
          34.01182618004458
        ]
      }
    },
    {
      "type": "Feature",
      "properties": {
        "id": "0000620",
        "time_start": "1979-01-01",
        "time_end": "2024-12-31",
        "trend_wl": 3.633187592398232,
        "quantile_99_wl": 0.9528199614320907,
        "quantile_1_wl": -0.873140287863309,
        "trend_ss": -0.08764344228528609,
        "quantile_99_ss": 0.38579128067517837,
        "quantile_1_ss": -0.3351803427103343
      },
      "geometry": {
        "type": "Point",
        "coordinates": [
          -77.87269316325491,
          34.016110890856694
        ]
      }
    },
    {
      "type": "Feature",
      "properties": {
        "id": "0000621",
        "time_start": "1979-01-01",
        "time_end": "2024-12-31",
        "trend_wl": 3.638352741223665,
        "quantile_99_wl": 0.9527301268158354,
        "quantile_1_wl": -0.873809054688596,
        "trend_ss": -0.0876434380084808,
        "quantile_99_ss": 0.3858343924109105,
        "quantile_1_ss": -0.3352669288975336
      },
      "geometry": {
        "type": "Point",
        "coordinates": [
          -77.87101643383795,
          34.02039560166882
        ]
      }
    },
    {
      "type": "Feature",
      "properties": {
        "id": "0000622",
        "time_start": "1979-01-01",
        "time_end": "2024-12-31",
        "trend_wl": 3.6436491062424703,
        "quantile_99_wl": 0.9528663971344574,
        "quantile_1_wl": -0.8739364372926093,
        "trend_ss": -0.08764343308143374,
        "quantile_99_ss": 0.38589421637177646,
        "quantile_1_ss": -0.335190954163222
      },
      "geometry": {
        "type": "Point",
        "coordinates": [
          -77.869339704421,
          34.02468031248093
        ]
      }
    },
    {
      "type": "Feature",
      "properties": {
        "id": "0000623",
        "time_start": "1979-01-01",
        "time_end": "2024-12-31",
        "trend_wl": 3.6480801801386895,
        "quantile_99_wl": 0.9529601584372428,
        "quantile_1_wl": -0.8742032562572585,
        "trend_ss": -0.08764302043657213,
        "quantile_99_ss": 0.3860007044205852,
        "quantile_1_ss": -0.3351849940727766
      },
      "geometry": {
        "type": "Point",
        "coordinates": [
          -77.86745561449145,
          34.02890043273225
        ]
      }
    },
    {
      "type": "Feature",
      "properties": {
        "id": "0000624",
        "time_start": "1979-01-01",
        "time_end": "2024-12-31",
        "trend_wl": 3.652793695196361,
        "quantile_99_wl": 0.952950635714031,
        "quantile_1_wl": -0.8743890219983298,
        "trend_ss": -0.08764307481980334,
        "quantile_99_ss": 0.38600709882981393,
        "quantile_1_ss": -0.3350737746021347
      },
      "geometry": {
        "type": "Point",
        "coordinates": [
          -77.86530671386174,
          34.03303806730965
        ]
      }
    },
    {
      "type": "Feature",
      "properties": {
        "id": "0000625",
        "time_start": "1979-01-01",
        "time_end": "2024-12-31",
        "trend_wl": 3.65769178258475,
        "quantile_99_wl": 0.9530225112601358,
        "quantile_1_wl": -0.8747190038568279,
        "trend_ss": -0.08764296989570437,
        "quantile_99_ss": 0.3859459468556963,
        "quantile_1_ss": -0.3351404046123337
      },
      "geometry": {
        "type": "Point",
        "coordinates": [
          -77.86315781323202,
          34.037175701887044
        ]
      }
    },
    {
      "type": "Feature",
      "properties": {
        "id": "0000626",
        "time_start": "1979-01-01",
        "time_end": "2024-12-31",
        "trend_wl": 3.6629683112626688,
        "quantile_99_wl": 0.9530410683057888,
        "quantile_1_wl": -0.8750518446041732,
        "trend_ss": -0.08764325738417943,
        "quantile_99_ss": 0.3856912382969363,
        "quantile_1_ss": -0.33531550004571237
      },
      "geometry": {
        "type": "Point",
        "coordinates": [
          -77.86100891260232,
          34.041313336464434
        ]
      }
    },
    {
      "type": "Feature",
      "properties": {
        "id": "0000627",
        "time_start": "1979-01-01",
        "time_end": "2024-12-31",
        "trend_wl": 3.6683922697018936,
        "quantile_99_wl": 0.9533739638465304,
        "quantile_1_wl": -0.8755102436505541,
        "trend_ss": -0.08764283953742061,
        "quantile_99_ss": 0.3856381333897656,
        "quantile_1_ss": -0.33543714230110133
      },
      "geometry": {
        "type": "Point",
        "coordinates": [
          -77.8588600119726,
          34.04545097104183
        ]
      }
    },
    {
      "type": "Feature",
      "properties": {
        "id": "0000628",
        "time_start": "1979-01-01",
        "time_end": "2024-12-31",
        "trend_wl": 3.673709228744018,
        "quantile_99_wl": 0.953624656516937,
        "quantile_1_wl": -0.8759412029735977,
        "trend_ss": -0.0876430821759455,
        "quantile_99_ss": 0.38575857307002914,
        "quantile_1_ss": -0.33559657904146767
      },
      "geometry": {
        "type": "Point",
        "coordinates": [
          -77.85671111134288,
          34.04958860561923
        ]
      }
    },
    {
      "type": "Feature",
      "properties": {
        "id": "0000629",
        "time_start": "1979-01-01",
        "time_end": "2024-12-31",
        "trend_wl": 3.677630590903742,
        "quantile_99_wl": 0.9534281011785208,
        "quantile_1_wl": -0.8759248340049202,
        "trend_ss": -0.08764303345996598,
        "quantile_99_ss": 0.3853498704986459,
        "quantile_1_ss": -0.3354309855081917
      },
      "geometry": {
        "type": "Point",
        "coordinates": [
          -77.85456221071317,
          34.05372624019662
        ]
      }
    },
    {
      "type": "Feature",
      "properties": {
        "id": "0000630",
        "time_start": "1979-01-01",
        "time_end": "2024-12-31",
        "trend_wl": 3.683685545540755,
        "quantile_99_wl": 0.9538515835262136,
        "quantile_1_wl": -0.8765417989890353,
        "trend_ss": -0.0876425214351413,
        "quantile_99_ss": 0.3856026731519794,
        "quantile_1_ss": -0.3357545252896071
      },
      "geometry": {
        "type": "Point",
        "coordinates": [
          -77.85241331008345,
          34.057863874774014
        ]
      }
    },
    {
      "type": "Feature",
      "properties": {
        "id": "0000631",
        "time_start": "1979-01-01",
        "time_end": "2024-12-31",
        "trend_wl": 3.6894217942119334,
        "quantile_99_wl": 0.9539691819220916,
        "quantile_1_wl": -0.8766705241668502,
        "trend_ss": -0.087642770712103,
        "quantile_99_ss": 0.38545029871801756,
        "quantile_1_ss": -0.33567785570787195
      },
      "geometry": {
        "type": "Point",
        "coordinates": [
          -77.85052544038341,
          34.06207804267306
        ]
      }
    },
    {
      "type": "Feature",
      "properties": {
        "id": "0000632",
        "time_start": "1979-01-01",
        "time_end": "2024-12-31",
        "trend_wl": 3.694633671640898,
        "quantile_99_wl": 0.9543080346016632,
        "quantile_1_wl": -0.8769887627265678,
        "trend_ss": -0.08764263429926236,
        "quantile_99_ss": 0.3852082818736794,
        "quantile_1_ss": -0.335956210427807
      },
      "geometry": {
        "type": "Point",
        "coordinates": [
          -77.8490580273302,
          34.066415486935675
        ]
      }
    },
    {
      "type": "Feature",
      "properties": {
        "id": "0000633",
        "time_start": "1979-01-01",
        "time_end": "2024-12-31",
        "trend_wl": 3.704985901017611,
        "quantile_99_wl": 0.954411698927203,
        "quantile_1_wl": -0.877920226346903,
        "trend_ss": -0.08662901880636845,
        "quantile_99_ss": 0.3850257525088505,
        "quantile_1_ss": -0.33628372690544434
      },
      "geometry": {
        "type": "Point",
        "coordinates": [
          -77.847590614277,
          34.07075293119829
        ]
      }
    },
    {
      "type": "Feature",
      "properties": {
        "id": "0000634",
        "time_start": "1979-01-01",
        "time_end": "2024-12-31",
        "trend_wl": 3.709841288498861,
        "quantile_99_wl": 0.9545413004543276,
        "quantile_1_wl": -0.8782874768207656,
        "trend_ss": -0.08662894599601703,
        "quantile_99_ss": 0.38501207080209005,
        "quantile_1_ss": -0.33640146162979906
      },
      "geometry": {
        "type": "Point",
        "coordinates": [
          -77.84612320122379,
          34.07509037546091
        ]
      }
    },
    {
      "type": "Feature",
      "properties": {
        "id": "0000635",
        "time_start": "1979-01-01",
        "time_end": "2024-12-31",
        "trend_wl": 3.7149718037229054,
        "quantile_99_wl": 0.9546565150806956,
        "quantile_1_wl": -0.8787456541487014,
        "trend_ss": -0.08662924194808859,
        "quantile_99_ss": 0.38523280467233467,
        "quantile_1_ss": -0.33678346459912506
      },
      "geometry": {
        "type": "Point",
        "coordinates": [
          -77.84465578817057,
          34.07942781972353
        ]
      }
    },
    {
      "type": "Feature",
      "properties": {
        "id": "0000636",
        "time_start": "1979-01-01",
        "time_end": "2024-12-31",
        "trend_wl": 3.719467310678772,
        "quantile_99_wl": 0.9546248117114651,
        "quantile_1_wl": -0.8792102446269361,
        "trend_ss": -0.08662918733103685,
        "quantile_99_ss": 0.38526852951246304,
        "quantile_1_ss": -0.3367704124340872
      },
      "geometry": {
        "type": "Point",
        "coordinates": [
          -77.84318837511736,
          34.08376526398615
        ]
      }
    },
    {
      "type": "Feature",
      "properties": {
        "id": "0000637",
        "time_start": "1979-01-01",
        "time_end": "2024-12-31",
        "trend_wl": 3.723968803562377,
        "quantile_99_wl": 0.9546940795181335,
        "quantile_1_wl": -0.8795641158733535,
        "trend_ss": -0.08662874852119117,
        "quantile_99_ss": 0.3852448102390292,
        "quantile_1_ss": -0.3367819432913794
      },
      "geometry": {
        "type": "Point",
        "coordinates": [
          -77.84172096206416,
          34.08810270824877
        ]
      }
    },
    {
      "type": "Feature",
      "properties": {
        "id": "0000638",
        "time_start": "1979-01-01",
        "time_end": "2024-12-31",
        "trend_wl": 3.7284655285659656,
        "quantile_99_wl": 0.9547495461592728,
        "quantile_1_wl": -0.8799048718824999,
        "trend_ss": -0.08662904519205117,
        "quantile_99_ss": 0.3853310781697119,
        "quantile_1_ss": -0.3368881048314165
      },
      "geometry": {
        "type": "Point",
        "coordinates": [
          -77.84025354901095,
          34.09244015251139
        ]
      }
    },
    {
      "type": "Feature",
      "properties": {
        "id": "0000639",
        "time_start": "1979-01-01",
        "time_end": "2024-12-31",
        "trend_wl": 3.736833247143043,
        "quantile_99_wl": 0.9551623417458519,
        "quantile_1_wl": -0.8804325697178663,
        "trend_ss": -0.08662865970547025,
        "quantile_99_ss": 0.3856451935282235,
        "quantile_1_ss": -0.3370779572974777
      },
      "geometry": {
        "type": "Point",
        "coordinates": [
          -77.83878613595775,
          34.096777596774004
        ]
      }
    },
    {
      "type": "Feature",
      "properties": {
        "id": "0000640",
        "time_start": "1979-01-01",
        "time_end": "2024-12-31",
        "trend_wl": 3.741077061691069,
        "quantile_99_wl": 0.9553826532968691,
        "quantile_1_wl": -0.8807302512749476,
        "trend_ss": -0.08662861102472987,
        "quantile_99_ss": 0.3856708165584321,
        "quantile_1_ss": -0.3371397653292101
      },
      "geometry": {
        "type": "Point",
        "coordinates": [
          -77.83731872290454,
          34.10111504103662
        ]
      }
    },
    {
      "type": "Feature",
      "properties": {
        "id": "0000641",
        "time_start": "1979-01-01",
        "time_end": "2024-12-31",
        "trend_wl": 3.745314349183356,
        "quantile_99_wl": 0.9556304727508557,
        "quantile_1_wl": -0.8808336966153306,
        "trend_ss": -0.08662887320649365,
        "quantile_99_ss": 0.3857338885079927,
        "quantile_1_ss": -0.33735197316480325
      },
      "geometry": {
        "type": "Point",
        "coordinates": [
          -77.83531337583194,
          34.105294749836546
        ]
      }
    },
    {
      "type": "Feature",
      "properties": {
        "id": "0000642",
        "time_start": "1979-01-01",
        "time_end": "2024-12-31",
        "trend_wl": 3.74923285206696,
        "quantile_99_wl": 0.9556571564996668,
        "quantile_1_wl": -0.8811143448002448,
        "trend_ss": -0.08662878277997689,
        "quantile_99_ss": 0.3857618417483738,
        "quantile_1_ss": -0.33754435187107157
      },
      "geometry": {
        "type": "Point",
        "coordinates": [
          -77.83315342683805,
          34.10942912555711
        ]
      }
    },
    {
      "type": "Feature",
      "properties": {
        "id": "0000643",
        "time_start": "1979-01-01",
        "time_end": "2024-12-31",
        "trend_wl": 3.7532495719481065,
        "quantile_99_wl": 0.9557281927060312,
        "quantile_1_wl": -0.881286498653357,
        "trend_ss": -0.08662866928051888,
        "quantile_99_ss": 0.38580697836001576,
        "quantile_1_ss": -0.3376443151657509
      },
      "geometry": {
        "type": "Point",
        "coordinates": [
          -77.83099347784415,
          34.113563501277675
        ]
      }
    },
    {
      "type": "Feature",
      "properties": {
        "id": "0000644",
        "time_start": "1979-01-01",
        "time_end": "2024-12-31",
        "trend_wl": 3.757944090619245,
        "quantile_99_wl": 0.9558216731428395,
        "quantile_1_wl": -0.8814506429064877,
        "trend_ss": -0.08662854841654494,
        "quantile_99_ss": 0.38576563028926647,
        "quantile_1_ss": -0.33777198617666676
      },
      "geometry": {
        "type": "Point",
        "coordinates": [
          -77.82883352885025,
          34.117697876998236
        ]
      }
    },
    {
      "type": "Feature",
      "properties": {
        "id": "0000645",
        "time_start": "1979-01-01",
        "time_end": "2024-12-31",
        "trend_wl": 3.763234393172351,
        "quantile_99_wl": 0.9559153288154806,
        "quantile_1_wl": -0.8817430436051443,
        "trend_ss": -0.08662812425643597,
        "quantile_99_ss": 0.3859829445829953,
        "quantile_1_ss": -0.3378809007943562
      },
      "geometry": {
        "type": "Point",
        "coordinates": [
          -77.82667357985635,
          34.1218322527188
        ]
      }
    },
    {
      "type": "Feature",
      "properties": {
        "id": "0000646",
        "time_start": "1979-01-01",
        "time_end": "2024-12-31",
        "trend_wl": 3.7701485341162413,
        "quantile_99_wl": 0.9560467767708359,
        "quantile_1_wl": -0.8820439457834418,
        "trend_ss": -0.0866279917534439,
        "quantile_99_ss": 0.38568065081745717,
        "quantile_1_ss": -0.3377676666100617
      },
      "geometry": {
        "type": "Point",
        "coordinates": [
          -77.82451363086246,
          34.125966628439365
        ]
      }
    },
    {
      "type": "Feature",
      "properties": {
        "id": "0000647",
        "time_start": "1979-01-01",
        "time_end": "2024-12-31",
        "trend_wl": 3.7758312518122086,
        "quantile_99_wl": 0.9563249054988007,
        "quantile_1_wl": -0.8823251268532312,
        "trend_ss": -0.08662828153615139,
        "quantile_99_ss": 0.38566843402361284,
        "quantile_1_ss": -0.3379874794837648
      },
      "geometry": {
        "type": "Point",
        "coordinates": [
          -77.82235368186855,
          34.130101004159926
        ]
      }
    },
    {
      "type": "Feature",
      "properties": {
        "id": "0000648",
        "time_start": "1979-01-01",
        "time_end": "2024-12-31",
        "trend_wl": 3.780700336310572,
        "quantile_99_wl": 0.9565504732842806,
        "quantile_1_wl": -0.8825024280374351,
        "trend_ss": -0.0866278146444094,
        "quantile_99_ss": 0.38564084686927474,
        "quantile_1_ss": -0.33803856569899143
      },
      "geometry": {
        "type": "Point",
        "coordinates": [
          -77.82019373287466,
          34.13423537988049
        ]
      }
    },
    {
      "type": "Feature",
      "properties": {
        "id": "0000649",
        "time_start": "1979-01-01",
        "time_end": "2024-12-31",
        "trend_wl": 3.78602519601748,
        "quantile_99_wl": 0.9567135788083241,
        "quantile_1_wl": -0.8826937803317285,
        "trend_ss": -0.08662765042921741,
        "quantile_99_ss": 0.3857733737696754,
        "quantile_1_ss": -0.33818754997431727
      },
      "geometry": {
        "type": "Point",
        "coordinates": [
          -77.81784876765371,
          34.13829306713797
        ]
      }
    },
    {
      "type": "Feature",
      "properties": {
        "id": "0000650",
        "time_start": "1979-01-01",
        "time_end": "2024-12-31",
        "trend_wl": 3.7910697858124394,
        "quantile_99_wl": 0.9568403225038086,
        "quantile_1_wl": -0.8829460732615884,
        "trend_ss": -0.08662793904563197,
        "quantile_99_ss": 0.3857534388779719,
        "quantile_1_ss": -0.33840235782359246
      },
      "geometry": {
        "type": "Point",
        "coordinates": [
          -77.81513085074661,
          34.14219616745965
        ]
      }
    },
    {
      "type": "Feature",
      "properties": {
        "id": "0000651",
        "time_start": "1979-01-01",
        "time_end": "2024-12-31",
        "trend_wl": 3.795697111161552,
        "quantile_99_wl": 0.9571799527377358,
        "quantile_1_wl": -0.8832199345206775,
        "trend_ss": -0.08663932318564553,
        "quantile_99_ss": 0.3857728174171652,
        "quantile_1_ss": -0.338571964720743
      },
      "geometry": {
        "type": "Point",
        "coordinates": [
          -77.81241293383951,
          34.14609926778133
        ]
      }
    },
    {
      "type": "Feature",
      "properties": {
        "id": "0000652",
        "time_start": "1979-01-01",
        "time_end": "2024-12-31",
        "trend_wl": 3.800392755477489,
        "quantile_99_wl": 0.9572545378199881,
        "quantile_1_wl": -0.8834762965529039,
        "trend_ss": -0.08662780331218539,
        "quantile_99_ss": 0.38570577408193335,
        "quantile_1_ss": -0.3385653171942911
      },
      "geometry": {
        "type": "Point",
        "coordinates": [
          -77.80969501693241,
          34.150002368103
        ]
      }
    },
    {
      "type": "Feature",
      "properties": {
        "id": "0000653",
        "time_start": "1979-01-01",
        "time_end": "2024-12-31",
        "trend_wl": 3.8047697413480384,
        "quantile_99_wl": 0.9574250471580029,
        "quantile_1_wl": -0.8837975693323711,
        "trend_ss": -0.08662739671286226,
        "quantile_99_ss": 0.38590836067179235,
        "quantile_1_ss": -0.338682871191579
      },
      "geometry": {
        "type": "Point",
        "coordinates": [
          -77.8069771000253,
          34.15390546842468
        ]
      }
    },
    {
      "type": "Feature",
      "properties": {
        "id": "0000654",
        "time_start": "1979-01-01",
        "time_end": "2024-12-31",
        "trend_wl": 3.814145251579135,
        "quantile_99_wl": 0.9573332495909163,
        "quantile_1_wl": -0.8841051513357917,
        "trend_ss": -0.08554310123281895,
        "quantile_99_ss": 0.3860815884850526,
        "quantile_1_ss": -0.33848843158613046
      },
      "geometry": {
        "type": "Point",
        "coordinates": [
          -77.8042591831182,
          34.15780856874636
        ]
      }
    },
    {
      "type": "Feature",
      "properties": {
        "id": "0000655",
        "time_start": "1979-01-01",
        "time_end": "2024-12-31",
        "trend_wl": 3.8187275661696853,
        "quantile_99_wl": 0.9574825679335403,
        "quantile_1_wl": -0.8846412019952374,
        "trend_ss": -0.08554302723321498,
        "quantile_99_ss": 0.3862240391007978,
        "quantile_1_ss": -0.3388767849219361
      },
      "geometry": {
        "type": "Point",
        "coordinates": [
          -77.8015412662111,
          34.16171166906804
        ]
      }
    },
    {
      "type": "Feature",
      "properties": {
        "id": "0000656",
        "time_start": "1979-01-01",
        "time_end": "2024-12-31",
        "trend_wl": 3.8215704725192916,
        "quantile_99_wl": 0.957726070667372,
        "quantile_1_wl": -0.8846212240259282,
        "trend_ss": -0.08554335071494826,
        "quantile_99_ss": 0.3863911805198689,
        "quantile_1_ss": -0.33900194518690113
      },
      "geometry": {
        "type": "Point",
        "coordinates": [
          -77.798823349304,
          34.16561476938971
        ]
      }
    },
    {
      "type": "Feature",
      "properties": {
        "id": "0000657",
        "time_start": "1979-01-01",
        "time_end": "2024-12-31",
        "trend_wl": 3.824940059017551,
        "quantile_99_wl": 0.9578051277392391,
        "quantile_1_wl": -0.8847222132655357,
        "trend_ss": -0.08554331606036693,
        "quantile_99_ss": 0.3862716110737929,
        "quantile_1_ss": -0.33895325247775004
      },
      "geometry": {
        "type": "Point",
        "coordinates": [
          -77.7961054323969,
          34.16951786971139
        ]
      }
    },
    {
      "type": "Feature",
      "properties": {
        "id": "0000658",
        "time_start": "1979-01-01",
        "time_end": "2024-12-31",
        "trend_wl": 3.8286674717719116,
        "quantile_99_wl": 0.9580142073484904,
        "quantile_1_wl": -0.8848286159630862,
        "trend_ss": -0.08554329007752587,
        "quantile_99_ss": 0.3864528331304689,
        "quantile_1_ss": -0.3391867255492445
      },
      "geometry": {
        "type": "Point",
        "coordinates": [
          -77.7933875154898,
          34.17342097003307
        ]
      }
    },
    {
      "type": "Feature",
      "properties": {
        "id": "0000659",
        "time_start": "1979-01-01",
        "time_end": "2024-12-31",
        "trend_wl": 3.837470559714405,
        "quantile_99_wl": 0.9584489530577195,
        "quantile_1_wl": -0.8855082434852108,
        "trend_ss": -0.0855428624355442,
        "quantile_99_ss": 0.38679587223384804,
        "quantile_1_ss": -0.3395795904993513
      },
      "geometry": {
        "type": "Point",
        "coordinates": [
          -77.7906695985827,
          34.17732407035475
        ]
      }
    },
    {
      "type": "Feature",
      "properties": {
        "id": "0000660",
        "time_start": "1979-01-01",
        "time_end": "2024-12-31",
        "trend_wl": 3.840713038340209,
        "quantile_99_wl": 0.9584848833152059,
        "quantile_1_wl": -0.8857128949854824,
        "trend_ss": -0.08554283232019134,
        "quantile_99_ss": 0.38669717751427957,
        "quantile_1_ss": -0.3397577112038136
      },
      "geometry": {
        "type": "Point",
        "coordinates": [
          -77.7879516816756,
          34.18122717067642
        ]
      }
    },
    {
      "type": "Feature",
      "properties": {
        "id": "0000661",
        "time_start": "1979-01-01",
        "time_end": "2024-12-31",
        "trend_wl": 3.84431042875836,
        "quantile_99_wl": 0.9586793471362278,
        "quantile_1_wl": -0.8857738469601688,
        "trend_ss": -0.08554236345860182,
        "quantile_99_ss": 0.3867965674948384,
        "quantile_1_ss": -0.33977696878263597
      },
      "geometry": {
        "type": "Point",
        "coordinates": [
          -77.78523376476849,
          34.1851302709981
        ]
      }
    },
    {
      "type": "Feature",
      "properties": {
        "id": "0000662",
        "time_start": "1979-01-01",
        "time_end": "2024-12-31",
        "trend_wl": 3.8479889978935566,
        "quantile_99_wl": 0.9587064122472257,
        "quantile_1_wl": -0.8857590647043176,
        "trend_ss": -0.085542709890572,
        "quantile_99_ss": 0.3866530468588441,
        "quantile_1_ss": -0.3398663263638478
      },
      "geometry": {
        "type": "Point",
        "coordinates": [
          -77.78251584786139,
          34.18903337131978
        ]
      }
    },
    {
      "type": "Feature",
      "properties": {
        "id": "0000663",
        "time_start": "1979-01-01",
        "time_end": "2024-12-31",
        "trend_wl": 3.852012580031465,
        "quantile_99_wl": 0.958881101517231,
        "quantile_1_wl": -0.8859713114820434,
        "trend_ss": -0.0855423704006291,
        "quantile_99_ss": 0.38663577547595146,
        "quantile_1_ss": -0.3398676240311041
      },
      "geometry": {
        "type": "Point",
        "coordinates": [
          -77.77979793095429,
          34.19293647164146
        ]
      }
    },
    {
      "type": "Feature",
      "properties": {
        "id": "0000664",
        "time_start": "1979-01-01",
        "time_end": "2024-12-31",
        "trend_wl": 3.856205505292321,
        "quantile_99_wl": 0.9588555255685937,
        "quantile_1_wl": -0.8861749507341519,
        "trend_ss": -0.08554238273430997,
        "quantile_99_ss": 0.3865576084064025,
        "quantile_1_ss": -0.33981692239472866
      },
      "geometry": {
        "type": "Point",
        "coordinates": [
          -77.77708001404719,
          34.19683957196313
        ]
      }
    },
    {
      "type": "Feature",
      "properties": {
        "id": "0000665",
        "time_start": "1979-01-01",
        "time_end": "2024-12-31",
        "trend_wl": 3.864181829511149,
        "quantile_99_wl": 0.959343216957221,
        "quantile_1_wl": -0.8866518046758752,
        "trend_ss": -0.08554230827168588,
        "quantile_99_ss": 0.38669481041705034,
        "quantile_1_ss": -0.34040818555333774
      },
      "geometry": {
        "type": "Point",
        "coordinates": [
          -77.77436209714008,
          34.20074267228481
        ]
      }
    },
    {
      "type": "Feature",
      "properties": {
        "id": "0000666",
        "time_start": "1979-01-01",
        "time_end": "2024-12-31",
        "trend_wl": 3.8685455532831647,
        "quantile_99_wl": 0.9590790361995615,
        "quantile_1_wl": -0.8863599383752168,
        "trend_ss": -0.08554300650184243,
        "quantile_99_ss": 0.3859839810628936,
        "quantile_1_ss": -0.3395640283844528
      },
      "geometry": {
        "type": "Point",
        "coordinates": [
          -77.77164418023298,
          34.20464577260649
        ]
      }
    },
    {
      "type": "Feature",
      "properties": {
        "id": "0000667",
        "time_start": "1979-01-01",
        "time_end": "2024-12-31",
        "trend_wl": 3.8727343456753895,
        "quantile_99_wl": 0.9591290605169674,
        "quantile_1_wl": -0.8863351722968663,
        "trend_ss": -0.08554313830878514,
        "quantile_99_ss": 0.3859891902018228,
        "quantile_1_ss": -0.3394583457156201
      },
      "geometry": {
        "type": "Point",
        "coordinates": [
          -77.76892626332588,
          34.20854887292817
        ]
      }
    },
    {
      "type": "Feature",
      "properties": {
        "id": "0000668",
        "time_start": "1979-01-01",
        "time_end": "2024-12-31",
        "trend_wl": 3.876954305089954,
        "quantile_99_wl": 0.9590619065985374,
        "quantile_1_wl": -0.8865163117602164,
        "trend_ss": -0.08554330467472251,
        "quantile_99_ss": 0.3856350141766345,
        "quantile_1_ss": -0.3392066448273054
      },
      "geometry": {
        "type": "Point",
        "coordinates": [
          -77.76587833314083,
          34.212268888990685
        ]
      }
    },
    {
      "type": "Feature",
      "properties": {
        "id": "0000669",
        "time_start": "1979-01-01",
        "time_end": "2024-12-31",
        "trend_wl": 3.8812665876028367,
        "quantile_99_wl": 0.9587958630179179,
        "quantile_1_wl": -0.8864760005879585,
        "trend_ss": -0.08554309993105898,
        "quantile_99_ss": 0.3851345562729223,
        "quantile_1_ss": -0.3388620088766186
      },
      "geometry": {
        "type": "Point",
        "coordinates": [
          -77.76252755092392,
          34.2158208892684
        ]
      }
    },
    {
      "type": "Feature",
      "properties": {
        "id": "0000670",
        "time_start": "1979-01-01",
        "time_end": "2024-12-31",
        "trend_wl": 3.885347762594138,
        "quantile_99_wl": 0.9588671541276991,
        "quantile_1_wl": -0.8864531538928254,
        "trend_ss": -0.08554408926699911,
        "quantile_99_ss": 0.38477178713493654,
        "quantile_1_ss": -0.33857591268167186
      },
      "geometry": {
        "type": "Point",
        "coordinates": [
          -77.75917676870701,
          34.219372889546115
        ]
      }
    },
    {
      "type": "Feature",
      "properties": {
        "id": "0000671",
        "time_start": "1979-01-01",
        "time_end": "2024-12-31",
        "trend_wl": 3.8901662824088454,
        "quantile_99_wl": 0.9581927080024648,
        "quantile_1_wl": -0.8861082047552529,
        "trend_ss": -0.08554426168980334,
        "quantile_99_ss": 0.38387321433263516,
        "quantile_1_ss": -0.33743945346871396
      },
      "geometry": {
        "type": "Point",
        "coordinates": [
          -77.75582598649011,
          34.22292488982383
        ]
      }
    },
    {
      "type": "Feature",
      "properties": {
        "id": "0000672",
        "time_start": "1979-01-01",
        "time_end": "2024-12-31",
        "trend_wl": 3.893948158719668,
        "quantile_99_wl": 0.9580361759388357,
        "quantile_1_wl": -0.8860147056005564,
        "trend_ss": -0.08554456695014664,
        "quantile_99_ss": 0.3832559229888432,
        "quantile_1_ss": -0.3369354138594563
      },
      "geometry": {
        "type": "Point",
        "coordinates": [
          -77.7524752042732,
          34.226476890101544
        ]
      }
    },
    {
      "type": "Feature",
      "properties": {
        "id": "0000673",
        "time_start": "1979-01-01",
        "time_end": "2024-12-31",
        "trend_wl": 3.8977620489079525,
        "quantile_99_wl": 0.9578714035824744,
        "quantile_1_wl": -0.8859278452204367,
        "trend_ss": -0.08554441550014928,
        "quantile_99_ss": 0.3827170663895784,
        "quantile_1_ss": -0.33639995609130896
      },
      "geometry": {
        "type": "Point",
        "coordinates": [
          -77.74912442205628,
          34.23002889037926
        ]
      }
    },
    {
      "type": "Feature",
      "properties": {
        "id": "0000674",
        "time_start": "1979-01-01",
        "time_end": "2024-12-31",
        "trend_wl": 3.9016190994250346,
        "quantile_99_wl": 0.9575441167910682,
        "quantile_1_wl": -0.8857387612888017,
        "trend_ss": -0.08554509528448459,
        "quantile_99_ss": 0.3822152338248565,
        "quantile_1_ss": -0.3359202891966309
      },
      "geometry": {
        "type": "Point",
        "coordinates": [
          -77.74577363983937,
          34.23358089065698
        ]
      }
    },
    {
      "type": "Feature",
      "properties": {
        "id": "0000675",
        "time_start": "1979-01-01",
        "time_end": "2024-12-31",
        "trend_wl": 3.9096746115148164,
        "quantile_99_wl": 0.9575754179127598,
        "quantile_1_wl": -0.8858002983199538,
        "trend_ss": -0.08554577119046264,
        "quantile_99_ss": 0.38164006070651874,
        "quantile_1_ss": -0.3352544762816219
      },
      "geometry": {
        "type": "Point",
        "coordinates": [
          -77.74242285762247,
          34.237132890934696
        ]
      }
    },
    {
      "type": "Feature",
      "properties": {
        "id": "0000676",
        "time_start": "1979-01-01",
        "time_end": "2024-12-31",
        "trend_wl": 3.913615469141704,
        "quantile_99_wl": 0.957447855741295,
        "quantile_1_wl": -0.8856330048593438,
        "trend_ss": -0.0855460086641798,
        "quantile_99_ss": 0.38100399747028874,
        "quantile_1_ss": -0.3350708160558299
      },
      "geometry": {
        "type": "Point",
        "coordinates": [
          -77.73907207540556,
          34.24068489121241
        ]
      }
    },
    {
      "type": "Feature",
      "properties": {
        "id": "0000677",
        "time_start": "1979-01-01",
        "time_end": "2024-12-31",
        "trend_wl": 3.9179960710903967,
        "quantile_99_wl": 0.9573432717214726,
        "quantile_1_wl": -0.8855213183806431,
        "trend_ss": -0.08554590770725552,
        "quantile_99_ss": 0.38038804943430177,
        "quantile_1_ss": -0.3345957323754397
      },
      "geometry": {
        "type": "Point",
        "coordinates": [
          -77.73572129318865,
          34.244236891490125
        ]
      }
    },
    {
      "type": "Feature",
      "properties": {
        "id": "0000678",
        "time_start": "1979-01-01",
        "time_end": "2024-12-31",
        "trend_wl": 3.922532117707873,
        "quantile_99_wl": 0.9572854680979529,
        "quantile_1_wl": -0.8853993491902958,
        "trend_ss": -0.08554579862052265,
        "quantile_99_ss": 0.379989303422302,
        "quantile_1_ss": -0.33405409766720096
      },
      "geometry": {
        "type": "Point",
        "coordinates": [
          -77.73237051097173,
          34.24778889176784
        ]
      }
    },
    {
      "type": "Feature",
      "properties": {
        "id": "0000679",
        "time_start": "1979-01-01",
        "time_end": "2024-12-31",
        "trend_wl": 3.927241297332131,
        "quantile_99_wl": 0.9570453355719575,
        "quantile_1_wl": -0.8854533140835099,
        "trend_ss": -0.08554602972168115,
        "quantile_99_ss": 0.37965214641389783,
        "quantile_1_ss": -0.3338218722158501
      },
      "geometry": {
        "type": "Point",
        "coordinates": [
          -77.72901972875484,
          34.251340892045555
        ]
      }
    },
    {
      "type": "Feature",
      "properties": {
        "id": "0000680",
        "time_start": "1979-01-01",
        "time_end": "2024-12-31",
        "trend_wl": 3.9311177673554765,
        "quantile_99_wl": 0.9566994401465065,
        "quantile_1_wl": -0.8853479026511376,
        "trend_ss": -0.08554667371839025,
        "quantile_99_ss": 0.3793340209892301,
        "quantile_1_ss": -0.3333285484066163
      },
      "geometry": {
        "type": "Point",
        "coordinates": [
          -77.72566894653792,
          34.25489289232328
        ]
      }
    },
    {
      "type": "Feature",
      "properties": {
        "id": "0000681",
        "time_start": "1979-01-01",
        "time_end": "2024-12-31",
        "trend_wl": 3.9405702412188695,
        "quantile_99_wl": 0.9566704050799743,
        "quantile_1_wl": -0.8852895033557414,
        "trend_ss": -0.08554676092491402,
        "quantile_99_ss": 0.37819416623937335,
        "quantile_1_ss": -0.3323701961151018
      },
      "geometry": {
        "type": "Point",
        "coordinates": [
          -77.72231816432101,
          34.25844489260099
        ]
      }
    },
    {
      "type": "Feature",
      "properties": {
        "id": "0000682",
        "time_start": "1979-01-01",
        "time_end": "2024-12-31",
        "trend_wl": 3.9451254671056293,
        "quantile_99_wl": 0.9566728261429738,
        "quantile_1_wl": -0.8852154904948816,
        "trend_ss": -0.08554736378736623,
        "quantile_99_ss": 0.3777163396447929,
        "quantile_1_ss": -0.331756157053029
      },
      "geometry": {
        "type": "Point",
        "coordinates": [
          -77.7189673821041,
          34.261996892878706
        ]
      }
    },
    {
      "type": "Feature",
      "properties": {
        "id": "0000683",
        "time_start": "1979-01-01",
        "time_end": "2024-12-31",
        "trend_wl": 3.9492774996985838,
        "quantile_99_wl": 0.9565241369957045,
        "quantile_1_wl": -0.8850169366956079,
        "trend_ss": -0.08554728049878854,
        "quantile_99_ss": 0.3772966244187078,
        "quantile_1_ss": -0.3313390982358001
      },
      "geometry": {
        "type": "Point",
        "coordinates": [
          -77.71525006807364,
          34.26529015640793
        ]
      }
    },
    {
      "type": "Feature",
      "properties": {
        "id": "0000684",
        "time_start": "1979-01-01",
        "time_end": "2024-12-31",
        "trend_wl": 3.9542718613163697,
        "quantile_99_wl": 0.9560099720488578,
        "quantile_1_wl": -0.8848393707791516,
        "trend_ss": -0.08448655469031667,
        "quantile_99_ss": 0.376398151480171,
        "quantile_1_ss": -0.33059582974284146
      },
      "geometry": {
        "type": "Point",
        "coordinates": [
          -77.71150732560953,
          34.26856546987117
        ]
      }
    },
    {
      "type": "Feature",
      "properties": {
        "id": "0000685",
        "time_start": "1979-01-01",
        "time_end": "2024-12-31",
        "trend_wl": 3.96018595578973,
        "quantile_99_wl": 0.9563073033970257,
        "quantile_1_wl": -0.8850352608792476,
        "trend_ss": -0.08448670675032348,
        "quantile_99_ss": 0.37642027073254797,
        "quantile_1_ss": -0.3306024972508823
      },
      "geometry": {
        "type": "Point",
        "coordinates": [
          -77.70776458314542,
          34.271840783334405
        ]
      }
    },
    {
      "type": "Feature",
      "properties": {
        "id": "0000686",
        "time_start": "1979-01-01",
        "time_end": "2024-12-31",
        "trend_wl": 3.963115211419817,
        "quantile_99_wl": 0.956080976324744,
        "quantile_1_wl": -0.8849681199097085,
        "trend_ss": -0.08448695859638462,
        "quantile_99_ss": 0.37596207702901424,
        "quantile_1_ss": -0.3301302987960668
      },
      "geometry": {
        "type": "Point",
        "coordinates": [
          -77.7040218406813,
          34.27511609679764
        ]
      }
    },
    {
      "type": "Feature",
      "properties": {
        "id": "0000687",
        "time_start": "1979-01-01",
        "time_end": "2024-12-31",
        "trend_wl": 3.966536807909068,
        "quantile_99_wl": 0.9555845473476011,
        "quantile_1_wl": -0.8844232123330477,
        "trend_ss": -0.08448748074785838,
        "quantile_99_ss": 0.37503644112581724,
        "quantile_1_ss": -0.3293080362789711
      },
      "geometry": {
        "type": "Point",
        "coordinates": [
          -77.7002790982172,
          34.27839141026087
        ]
      }
    },
    {
      "type": "Feature",
      "properties": {
        "id": "0000688",
        "time_start": "1979-01-01",
        "time_end": "2024-12-31",
        "trend_wl": 3.968982825169873,
        "quantile_99_wl": 0.9550743217477804,
        "quantile_1_wl": -0.8842588300837381,
        "trend_ss": -0.08448808238670147,
        "quantile_99_ss": 0.37446907233840226,
        "quantile_1_ss": -0.328690925340197
      },
      "geometry": {
        "type": "Point",
        "coordinates": [
          -77.69653635575308,
          34.281666723724115
        ]
      }
    },
    {
      "type": "Feature",
      "properties": {
        "id": "0000689",
        "time_start": "1979-01-01",
        "time_end": "2024-12-31",
        "trend_wl": 3.9745294481520217,
        "quantile_99_wl": 0.9552047984401244,
        "quantile_1_wl": -0.8844610548758335,
        "trend_ss": -0.0844879769256247,
        "quantile_99_ss": 0.3741736696256776,
        "quantile_1_ss": -0.328651361999066
      },
      "geometry": {
        "type": "Point",
        "coordinates": [
          -77.69279361328897,
          34.28494203718735
        ]
      }
    },
    {
      "type": "Feature",
      "properties": {
        "id": "0000690",
        "time_start": "1979-01-01",
        "time_end": "2024-12-31",
        "trend_wl": 3.9764850002737187,
        "quantile_99_wl": 0.9549484101343523,
        "quantile_1_wl": -0.8841740721750262,
        "trend_ss": -0.08448900262237956,
        "quantile_99_ss": 0.37347576857638753,
        "quantile_1_ss": -0.3280196658498419
      },
      "geometry": {
        "type": "Point",
        "coordinates": [
          -77.68905087082486,
          34.288217350650584
        ]
      }
    },
    {
      "type": "Feature",
      "properties": {
        "id": "0000691",
        "time_start": "1979-01-01",
        "time_end": "2024-12-31",
        "trend_wl": 3.9790648043083663,
        "quantile_99_wl": 0.9546579067192585,
        "quantile_1_wl": -0.8839311106691254,
        "trend_ss": -0.08448900189656569,
        "quantile_99_ss": 0.3727507501554028,
        "quantile_1_ss": -0.32756671801063364
      },
      "geometry": {
        "type": "Point",
        "coordinates": [
          -77.68530812836075,
          34.29149266411382
        ]
      }
    },
    {
      "type": "Feature",
      "properties": {
        "id": "0000692",
        "time_start": "1979-01-01",
        "time_end": "2024-12-31",
        "trend_wl": 3.9866248470666696,
        "quantile_99_wl": 0.9540700607256701,
        "quantile_1_wl": -0.883778466039966,
        "trend_ss": -0.08448965511451477,
        "quantile_99_ss": 0.3719388685019273,
        "quantile_1_ss": -0.32663868259810946
      },
      "geometry": {
        "type": "Point",
        "coordinates": [
          -77.68156538589663,
          34.29476797757706
        ]
      }
    },
    {
      "type": "Feature",
      "properties": {
        "id": "0000693",
        "time_start": "1979-01-01",
        "time_end": "2024-12-31",
        "trend_wl": 3.9914665122365562,
        "quantile_99_wl": 0.9537903680875074,
        "quantile_1_wl": -0.8839398937300531,
        "trend_ss": -0.08448957483214253,
        "quantile_99_ss": 0.3715654448677131,
        "quantile_1_ss": -0.3263388266581041
      },
      "geometry": {
        "type": "Point",
        "coordinates": [
          -77.67782264343252,
          34.298043291040294
        ]
      }
    },
    {
      "type": "Feature",
      "properties": {
        "id": "0000694",
        "time_start": "1979-01-01",
        "time_end": "2024-12-31",
        "trend_wl": 3.994308462283586,
        "quantile_99_wl": 0.953554186137218,
        "quantile_1_wl": -0.883451082003193,
        "trend_ss": -0.0844901332473647,
        "quantile_99_ss": 0.371045501759122,
        "quantile_1_ss": -0.3259156739881966
      },
      "geometry": {
        "type": "Point",
        "coordinates": [
          -77.67407990096841,
          34.30131860450353
        ]
      }
    },
    {
      "type": "Feature",
      "properties": {
        "id": "0000695",
        "time_start": "1979-01-01",
        "time_end": "2024-12-31",
        "trend_wl": 3.99762812740343,
        "quantile_99_wl": 0.9534049235940311,
        "quantile_1_wl": -0.8832111476182026,
        "trend_ss": -0.08449041847155278,
        "quantile_99_ss": 0.37059946237191665,
        "quantile_1_ss": -0.3251707760755532
      },
      "geometry": {
        "type": "Point",
        "coordinates": [
          -77.6703371585043,
          34.30459391796677
        ]
      }
    },
    {
      "type": "Feature",
      "properties": {
        "id": "0000696",
        "time_start": "1979-01-01",
        "time_end": "2024-12-31",
        "trend_wl": 4.00110830896263,
        "quantile_99_wl": 0.9530583511138785,
        "quantile_1_wl": -0.8829543218206324,
        "trend_ss": -0.0844906878374554,
        "quantile_99_ss": 0.36994790631491836,
        "quantile_1_ss": -0.3245950594748881
      },
      "geometry": {
        "type": "Point",
        "coordinates": [
          -77.66659441604018,
          34.307869231430004
        ]
      }
    },
    {
      "type": "Feature",
      "properties": {
        "id": "0000697",
        "time_start": "1979-01-01",
        "time_end": "2024-12-31",
        "trend_wl": 4.005278333569722,
        "quantile_99_wl": 0.9530097894307737,
        "quantile_1_wl": -0.8826559319431262,
        "trend_ss": -0.08449066151569981,
        "quantile_99_ss": 0.3692430555851896,
        "quantile_1_ss": -0.32408513541164086
      },
      "geometry": {
        "type": "Point",
        "coordinates": [
          -77.66253619819405,
          34.31084764207304
        ]
      }
    },
    {
      "type": "Feature",
      "properties": {
        "id": "0000698",
        "time_start": "1979-01-01",
        "time_end": "2024-12-31",
        "trend_wl": 4.010403963494412,
        "quantile_99_wl": 0.952701322104941,
        "quantile_1_wl": -0.8825681423054441,
        "trend_ss": -0.0844912403265792,
        "quantile_99_ss": 0.36876086595561103,
        "quantile_1_ss": -0.3236519746923191
      },
      "geometry": {
        "type": "Point",
        "coordinates": [
          -77.65811159943355,
          34.313481241257136
        ]
      }
    },
    {
      "type": "Feature",
      "properties": {
        "id": "0000699",
        "time_start": "1979-01-01",
        "time_end": "2024-12-31",
        "trend_wl": 4.010533565855545,
        "quantile_99_wl": 0.9522740753239827,
        "quantile_1_wl": -0.8820748009946543,
        "trend_ss": -0.08449143461862911,
        "quantile_99_ss": 0.3680158557153567,
        "quantile_1_ss": -0.3230646043107182
      },
      "geometry": {
        "type": "Point",
        "coordinates": [
          -77.65368700067306,
          34.31611484044123
        ]
      }
    },
    {
      "type": "Feature",
      "properties": {
        "id": "0000700",
        "time_start": "1979-01-01",
        "time_end": "2024-12-31",
        "trend_wl": 4.014857667737073,
        "quantile_99_wl": 0.9518097226247786,
        "quantile_1_wl": -0.881947724235289,
        "trend_ss": -0.08449147632999282,
        "quantile_99_ss": 0.3675908358643639,
        "quantile_1_ss": -0.3224394114860849
      },
      "geometry": {
        "type": "Point",
        "coordinates": [
          -77.64926240191257,
          34.31874843962533
        ]
      }
    },
    {
      "type": "Feature",
      "properties": {
        "id": "0000701",
        "time_start": "1979-01-01",
        "time_end": "2024-12-31",
        "trend_wl": 4.018839576867084,
        "quantile_99_wl": 0.9516038214565863,
        "quantile_1_wl": -0.8818435717924987,
        "trend_ss": -0.08449185633758945,
        "quantile_99_ss": 0.3669033125263874,
        "quantile_1_ss": -0.3219664572020411
      },
      "geometry": {
        "type": "Point",
        "coordinates": [
          -77.64483780315207,
          34.321382038809425
        ]
      }
    },
    {
      "type": "Feature",
      "properties": {
        "id": "0000702",
        "time_start": "1979-01-01",
        "time_end": "2024-12-31",
        "trend_wl": 4.023482178758665,
        "quantile_99_wl": 0.9515319176090783,
        "quantile_1_wl": -0.8817401240029317,
        "trend_ss": -0.08449243423513036,
        "quantile_99_ss": 0.36634318386729803,
        "quantile_1_ss": -0.3216640495076377
      },
      "geometry": {
        "type": "Point",
        "coordinates": [
          -77.64041320439158,
          34.32401563799352
        ]
      }
    },
    {
      "type": "Feature",
      "properties": {
        "id": "0000703",
        "time_start": "1979-01-01",
        "time_end": "2024-12-31",
        "trend_wl": 4.028056520081252,
        "quantile_99_wl": 0.9512759581581938,
        "quantile_1_wl": -0.8815714700648347,
        "trend_ss": -0.0844927812145914,
        "quantile_99_ss": 0.3658557279212493,
        "quantile_1_ss": -0.3212181864687655
      },
      "geometry": {
        "type": "Point",
        "coordinates": [
          -77.63652202052431,
          34.3271557737293
        ]
      }
    },
    {
      "type": "Feature",
      "properties": {
        "id": "0000704",
        "time_start": "1979-01-01",
        "time_end": "2024-12-31",
        "trend_wl": 4.0325171883873425,
        "quantile_99_wl": 0.9513165763165041,
        "quantile_1_wl": -0.8815296546978385,
        "trend_ss": -0.08449277569268858,
        "quantile_99_ss": 0.36541805851782905,
        "quantile_1_ss": -0.3208251412514817
      },
      "geometry": {
        "type": "Point",
        "coordinates": [
          -77.63275397966497,
          34.330412847397255
        ]
      }
    },
    {
      "type": "Feature",
      "properties": {
        "id": "0000705",
        "time_start": "1979-01-01",
        "time_end": "2024-12-31",
        "trend_wl": 4.0399045700165015,
        "quantile_99_wl": 0.9506017124971218,
        "quantile_1_wl": -0.8810874406062997,
        "trend_ss": -0.08449360169791317,
        "quantile_99_ss": 0.3645215330337444,
        "quantile_1_ss": -0.3196930769750236
      },
      "geometry": {
        "type": "Point",
        "coordinates": [
          -77.62898593880563,
          34.33366992106521
        ]
      }
    },
    {
      "type": "Feature",
      "properties": {
        "id": "0000706",
        "time_start": "1979-01-01",
        "time_end": "2024-12-31",
        "trend_wl": 4.03990428576867,
        "quantile_99_wl": 0.9506017124971218,
        "quantile_1_wl": -0.8810874406062997,
        "trend_ss": -0.0844936848289851,
        "quantile_99_ss": 0.3644387636689331,
        "quantile_1_ss": -0.31975470979818726
      },
      "geometry": {
        "type": "Point",
        "coordinates": [
          -77.62521789794629,
          34.336926994733155
        ]
      }
    },
    {
      "type": "Feature",
      "properties": {
        "id": "0000707",
        "time_start": "1979-01-01",
        "time_end": "2024-12-31",
        "trend_wl": 4.044622841605728,
        "quantile_99_wl": 0.9504125521444504,
        "quantile_1_wl": -0.8809197196380922,
        "trend_ss": -0.08449394248896086,
        "quantile_99_ss": 0.3639262621461402,
        "quantile_1_ss": -0.3192587991992913
      },
      "geometry": {
        "type": "Point",
        "coordinates": [
          -77.62126880226212,
          34.34002242748087
        ]
      }
    },
    {
      "type": "Feature",
      "properties": {
        "id": "0000708",
        "time_start": "1979-01-01",
        "time_end": "2024-12-31",
        "trend_wl": 4.049268531686771,
        "quantile_99_wl": 0.9501246254057417,
        "quantile_1_wl": -0.8807248853437664,
        "trend_ss": -0.08449429093634209,
        "quantile_99_ss": 0.3633440861738998,
        "quantile_1_ss": -0.31884071828285837
      },
      "geometry": {
        "type": "Point",
        "coordinates": [
          -77.6170356553746,
          34.34286426688772
        ]
      }
    },
    {
      "type": "Feature",
      "properties": {
        "id": "0000709",
        "time_start": "1979-01-01",
        "time_end": "2024-12-31",
        "trend_wl": 4.0519497838763705,
        "quantile_99_wl": 0.949392524290747,
        "quantile_1_wl": -0.8798918506663806,
        "trend_ss": -0.08449411088432214,
        "quantile_99_ss": 0.3622424037167804,
        "quantile_1_ss": -0.31770250683281104
      },
      "geometry": {
        "type": "Point",
        "coordinates": [
          -77.61280250848705,
          34.34570610629458
        ]
      }
    },
    {
      "type": "Feature",
      "properties": {
        "id": "0000710",
        "time_start": "1979-01-01",
        "time_end": "2024-12-31",
        "trend_wl": 4.056647701162366,
        "quantile_99_wl": 0.9491232155478181,
        "quantile_1_wl": -0.8795910219688191,
        "trend_ss": -0.08449500299548203,
        "quantile_99_ss": 0.3617020369360708,
        "quantile_1_ss": -0.31719087280206915
      },
      "geometry": {
        "type": "Point",
        "coordinates": [
          -77.60856936159952,
          34.34854794570144
        ]
      }
    },
    {
      "type": "Feature",
      "properties": {
        "id": "0000711",
        "time_start": "1979-01-01",
        "time_end": "2024-12-31",
        "trend_wl": 4.060964447374991,
        "quantile_99_wl": 0.9487587688306264,
        "quantile_1_wl": -0.8794906463740634,
        "trend_ss": -0.08449542345675183,
        "quantile_99_ss": 0.36111101586163213,
        "quantile_1_ss": -0.31680003435508225
      },
      "geometry": {
        "type": "Point",
        "coordinates": [
          -77.60433621471199,
          34.351389785108296
        ]
      }
    },
    {
      "type": "Feature",
      "properties": {
        "id": "0000712",
        "time_start": "1979-01-01",
        "time_end": "2024-12-31",
        "trend_wl": 4.064899372510069,
        "quantile_99_wl": 0.9483800450886465,
        "quantile_1_wl": -0.8791372432083993,
        "trend_ss": -0.08449544448391363,
        "quantile_99_ss": 0.3605303897404025,
        "quantile_1_ss": -0.3162953705754924
      },
      "geometry": {
        "type": "Point",
        "coordinates": [
          -77.60010306782446,
          34.35423162451515
        ]
      }
    },
    {
      "type": "Feature",
      "properties": {
        "id": "0000713",
        "time_start": "1979-01-01",
        "time_end": "2024-12-31",
        "trend_wl": 4.068511855368348,
        "quantile_99_wl": 0.9479557143256429,
        "quantile_1_wl": -0.8786947956459371,
        "trend_ss": -0.08449578059484526,
        "quantile_99_ss": 0.35993747213524757,
        "quantile_1_ss": -0.3158344903927977
      },
      "geometry": {
        "type": "Point",
        "coordinates": [
          -77.59586992093692,
          34.357073463922006
        ]
      }
    },
    {
      "type": "Feature",
      "properties": {
        "id": "0000714",
        "time_start": "1979-01-01",
        "time_end": "2024-12-31",
        "trend_wl": 4.072091888250102,
        "quantile_99_wl": 0.9477301074440647,
        "quantile_1_wl": -0.8785014743919513,
        "trend_ss": -0.0844961118876932,
        "quantile_99_ss": 0.3593648585157984,
        "quantile_1_ss": -0.31527356403242884
      },
      "geometry": {
        "type": "Point",
        "coordinates": [
          -77.59163677404939,
          34.35991530332886
        ]
      }
    },
    {
      "type": "Feature",
      "properties": {
        "id": "0000715",
        "time_start": "1979-01-01",
        "time_end": "2024-12-31",
        "trend_wl": 4.075668239221785,
        "quantile_99_wl": 0.9473873045110013,
        "quantile_1_wl": -0.8782156499877041,
        "trend_ss": -0.08449676059609688,
        "quantile_99_ss": 0.35861348005549765,
        "quantile_1_ss": -0.314613311108589
      },
      "geometry": {
        "type": "Point",
        "coordinates": [
          -77.58694636571242,
          34.36219613395443
        ]
      }
    },
    {
      "type": "Feature",
      "properties": {
        "id": "0000716",
        "time_start": "1979-01-01",
        "time_end": "2024-12-31",
        "trend_wl": 4.079212661722984,
        "quantile_99_wl": 0.9470414750216354,
        "quantile_1_wl": -0.8778174017965179,
        "trend_ss": -0.08449695597168459,
        "quantile_99_ss": 0.35815689102246095,
        "quantile_1_ss": -0.31404752564640265
      },
      "geometry": {
        "type": "Point",
        "coordinates": [
          -77.58215800545464,
          34.36435678850177
        ]
      }
    },
    {
      "type": "Feature",
      "properties": {
        "id": "0000717",
        "time_start": "1979-01-01",
        "time_end": "2024-12-31",
        "trend_wl": 4.082667644136556,
        "quantile_99_wl": 0.946703743238961,
        "quantile_1_wl": -0.8776129099701663,
        "trend_ss": -0.08449708525105633,
        "quantile_99_ss": 0.357686101557387,
        "quantile_1_ss": -0.3135100051314083
      },
      "geometry": {
        "type": "Point",
        "coordinates": [
          -77.57736964519688,
          34.366517443049126
        ]
      }
    },
    {
      "type": "Feature",
      "properties": {
        "id": "0000718",
        "time_start": "1979-01-01",
        "time_end": "2024-12-31",
        "trend_wl": 4.086220736422632,
        "quantile_99_wl": 0.9462994551431656,
        "quantile_1_wl": -0.8773374395741949,
        "trend_ss": -0.08449790797797051,
        "quantile_99_ss": 0.3572272192275269,
        "quantile_1_ss": -0.3129914759764852
      },
      "geometry": {
        "type": "Point",
        "coordinates": [
          -77.57258128493912,
          34.36867809759648
        ]
      }
    },
    {
      "type": "Feature",
      "properties": {
        "id": "0000719",
        "time_start": "1979-01-01",
        "time_end": "2024-12-31",
        "trend_wl": 4.0898319106774474,
        "quantile_99_wl": 0.9458000193126654,
        "quantile_1_wl": -0.8769578599787615,
        "trend_ss": -0.08449770814944636,
        "quantile_99_ss": 0.3566110129935509,
        "quantile_1_ss": -0.3124400064848937
      },
      "geometry": {
        "type": "Point",
        "coordinates": [
          -77.56779292468134,
          34.37083875214383
        ]
      }
    },
    {
      "type": "Feature",
      "properties": {
        "id": "0000720",
        "time_start": "1979-01-01",
        "time_end": "2024-12-31",
        "trend_wl": 4.087338500452063,
        "quantile_99_wl": 0.9452895748523458,
        "quantile_1_wl": -0.8764137789215279,
        "trend_ss": -0.08449794037627642,
        "quantile_99_ss": 0.35616889109027555,
        "quantile_1_ss": -0.31162646867994853
      },
      "geometry": {
        "type": "Point",
        "coordinates": [
          -77.56300456442358,
          34.37299940669118
        ]
      }
    },
    {
      "type": "Feature",
      "properties": {
        "id": "0000721",
        "time_start": "1979-01-01",
        "time_end": "2024-12-31",
        "trend_wl": 4.093358255763849,
        "quantile_99_wl": 0.9454810581813058,
        "quantile_1_wl": -0.8766962270308131,
        "trend_ss": -0.08449835383899384,
        "quantile_99_ss": 0.3560993648311035,
        "quantile_1_ss": -0.31196310679925315
      },
      "geometry": {
        "type": "Point",
        "coordinates": [
          -77.558954714339,
          34.37584920193739
        ]
      }
    },
    {
      "type": "Feature",
      "properties": {
        "id": "0000722",
        "time_start": "1979-01-01",
        "time_end": "2024-12-31",
        "trend_wl": 4.097030658973032,
        "quantile_99_wl": 0.9450444583365314,
        "quantile_1_wl": -0.8762318034215699,
        "trend_ss": -0.08449836568606145,
        "quantile_99_ss": 0.35561152344910735,
        "quantile_1_ss": -0.31127707415253014
      },
      "geometry": {
        "type": "Point",
        "coordinates": [
          -77.55577340385459,
          34.37950947483004
        ]
      }
    },
    {
      "type": "Feature",
      "properties": {
        "id": "0000723",
        "time_start": "1979-01-01",
        "time_end": "2024-12-31",
        "trend_wl": 4.1006563896521335,
        "quantile_99_wl": 0.9447144577803357,
        "quantile_1_wl": -0.8757836250848586,
        "trend_ss": -0.08449881580288134,
        "quantile_99_ss": 0.3550501202325082,
        "quantile_1_ss": -0.3109130785578707
      },
      "geometry": {
        "type": "Point",
        "coordinates": [
          -77.55259209337017,
          34.38316974772268
        ]
      }
    },
    {
      "type": "Feature",
      "properties": {
        "id": "0000724",
        "time_start": "1979-01-01",
        "time_end": "2024-12-31",
        "trend_wl": 4.1097496698122775,
        "quantile_99_wl": 0.9445007569358753,
        "quantile_1_wl": -0.8758038042385541,
        "trend_ss": -0.08449874104620726,
        "quantile_99_ss": 0.3544995237209682,
        "quantile_1_ss": -0.31046921638271135
      },
      "geometry": {
        "type": "Point",
        "coordinates": [
          -77.54941078288576,
          34.38683002061532
        ]
      }
    },
    {
      "type": "Feature",
      "properties": {
        "id": "0000725",
        "time_start": "1979-01-01",
        "time_end": "2024-12-31",
        "trend_wl": 4.11371561023374,
        "quantile_99_wl": 0.9442347226441633,
        "quantile_1_wl": -0.8755694906970526,
        "trend_ss": -0.08449966670830318,
        "quantile_99_ss": 0.3540978884895289,
        "quantile_1_ss": -0.310080759444455
      },
      "geometry": {
        "type": "Point",
        "coordinates": [
          -77.54622947240134,
          34.390490293507966
        ]
      }
    },
    {
      "type": "Feature",
      "properties": {
        "id": "0000726",
        "time_start": "1979-01-01",
        "time_end": "2024-12-31",
        "trend_wl": 4.116335512281477,
        "quantile_99_wl": 0.9437403946082927,
        "quantile_1_wl": -0.8753973023787424,
        "trend_ss": -0.08449993709797736,
        "quantile_99_ss": 0.35347465124365207,
        "quantile_1_ss": -0.3096286207698488
      },
      "geometry": {
        "type": "Point",
        "coordinates": [
          -77.54292809337184,
          34.394056191493775
        ]
      }
    },
    {
      "type": "Feature",
      "properties": {
        "id": "0000727",
        "time_start": "1979-01-01",
        "time_end": "2024-12-31",
        "trend_wl": 4.125274582245526,
        "quantile_99_wl": 0.9436287388752362,
        "quantile_1_wl": -0.8753404445723506,
        "trend_ss": -0.08270307261057294,
        "quantile_99_ss": 0.35283542941022944,
        "quantile_1_ss": -0.30951931991525483
      },
      "geometry": {
        "type": "Point",
        "coordinates": [
          -77.53864962735935,
          34.396854090725725
        ]
      }
    },
    {
      "type": "Feature",
      "properties": {
        "id": "0000728",
        "time_start": "1979-01-01",
        "time_end": "2024-12-31",
        "trend_wl": 4.129109758798298,
        "quantile_99_wl": 0.9433143329956672,
        "quantile_1_wl": -0.8748552120462916,
        "trend_ss": -0.08270338303477458,
        "quantile_99_ss": 0.3521988737240221,
        "quantile_1_ss": -0.3090297623900406
      },
      "geometry": {
        "type": "Point",
        "coordinates": [
          -77.53437116134685,
          34.399651989957675
        ]
      }
    },
    {
      "type": "Feature",
      "properties": {
        "id": "0000729",
        "time_start": "1979-01-01",
        "time_end": "2024-12-31",
        "trend_wl": 4.1330540861727085,
        "quantile_99_wl": 0.9429703064257123,
        "quantile_1_wl": -0.874722760396463,
        "trend_ss": -0.08270304599594769,
        "quantile_99_ss": 0.35157592467904186,
        "quantile_1_ss": -0.3085445252082981
      },
      "geometry": {
        "type": "Point",
        "coordinates": [
          -77.53009269533437,
          34.402449889189626
        ]
      }
    },
    {
      "type": "Feature",
      "properties": {
        "id": "0000730",
        "time_start": "1979-01-01",
        "time_end": "2024-12-31",
        "trend_wl": 4.137056136186957,
        "quantile_99_wl": 0.9427417409119616,
        "quantile_1_wl": -0.8746257407870093,
        "trend_ss": -0.08277373066299842,
        "quantile_99_ss": 0.3513476672622472,
        "quantile_1_ss": -0.3082756163737564
      },
      "geometry": {
        "type": "Point",
        "coordinates": [
          -77.52581422932188,
          34.40524778842157
        ]
      }
    },
    {
      "type": "Feature",
      "properties": {
        "id": "0000731",
        "time_start": "1979-01-01",
        "time_end": "2024-12-31",
        "trend_wl": 4.141053388568073,
        "quantile_99_wl": 0.942423504956569,
        "quantile_1_wl": -0.8742200542217512,
        "trend_ss": -0.08270437019879409,
        "quantile_99_ss": 0.35072199848180086,
        "quantile_1_ss": -0.3076996641623756
      },
      "geometry": {
        "type": "Point",
        "coordinates": [
          -77.52167646448297,
          34.408175592060374
        ]
      }
    },
    {
      "type": "Feature",
      "properties": {
        "id": "0000732",
        "time_start": "1979-01-01",
        "time_end": "2024-12-31",
        "trend_wl": 4.145096508610738,
        "quantile_99_wl": 0.9418964111418405,
        "quantile_1_wl": -0.8739902514153758,
        "trend_ss": -0.08270462837887281,
        "quantile_99_ss": 0.35033988664362914,
        "quantile_1_ss": -0.3072101316432702
      },
      "geometry": {
        "type": "Point",
        "coordinates": [
          -77.51783393425546,
          34.41137597535222
        ]
      }
    },
    {
      "type": "Feature",
      "properties": {
        "id": "0000733",
        "time_start": "1979-01-01",
        "time_end": "2024-12-31",
        "trend_wl": 4.149121825438326,
        "quantile_99_wl": 0.9415246097293005,
        "quantile_1_wl": -0.8737060434820747,
        "trend_ss": -0.08277526758811446,
        "quantile_99_ss": 0.3497648896038931,
        "quantile_1_ss": -0.3068873767321931
      },
      "geometry": {
        "type": "Point",
        "coordinates": [
          -77.51399140402798,
          34.41457635864408
        ]
      }
    },
    {
      "type": "Feature",
      "properties": {
        "id": "0000734",
        "time_start": "1979-01-01",
        "time_end": "2024-12-31",
        "trend_wl": 4.153101327587164,
        "quantile_99_wl": 0.9410414749694179,
        "quantile_1_wl": -0.8733831631235563,
        "trend_ss": -0.08270494392319146,
        "quantile_99_ss": 0.34922958869199283,
        "quantile_1_ss": -0.3063990408675557
      },
      "geometry": {
        "type": "Point",
        "coordinates": [
          -77.51014887380047,
          34.41777674193593
        ]
      }
    },
    {
      "type": "Feature",
      "properties": {
        "id": "0000735",
        "time_start": "1979-01-01",
        "time_end": "2024-12-31",
        "trend_wl": 4.161014118109738,
        "quantile_99_wl": 0.9411457966724922,
        "quantile_1_wl": -0.8737420348633141,
        "trend_ss": -0.08277715862156887,
        "quantile_99_ss": 0.3491030331392056,
        "quantile_1_ss": -0.30627874639388913
      },
      "geometry": {
        "type": "Point",
        "coordinates": [
          -77.50630634357299,
          34.420977125227786
        ]
      }
    },
    {
      "type": "Feature",
      "properties": {
        "id": "0000736",
        "time_start": "1979-01-01",
        "time_end": "2024-12-31",
        "trend_wl": 4.164833346975427,
        "quantile_99_wl": 0.9406941898392895,
        "quantile_1_wl": -0.8732478245313002,
        "trend_ss": -0.08270558405516112,
        "quantile_99_ss": 0.34863485861462035,
        "quantile_1_ss": -0.30588172428633614
      },
      "geometry": {
        "type": "Point",
        "coordinates": [
          -77.50246381334549,
          34.42417750851964
        ]
      }
    },
    {
      "type": "Feature",
      "properties": {
        "id": "0000737",
        "time_start": "1979-01-01",
        "time_end": "2024-12-31",
        "trend_wl": 4.168487381075019,
        "quantile_99_wl": 0.9405164319443831,
        "quantile_1_wl": -0.8727872279340566,
        "trend_ss": -0.0827783179621244,
        "quantile_99_ss": 0.3479987211417303,
        "quantile_1_ss": -0.30539765163248345
      },
      "geometry": {
        "type": "Point",
        "coordinates": [
          -77.49853041808683,
          34.4272769111544
        ]
      }
    },
    {
      "type": "Feature",
      "properties": {
        "id": "0000738",
        "time_start": "1979-01-01",
        "time_end": "2024-12-31",
        "trend_wl": 4.1719732400662215,
        "quantile_99_wl": 0.9403633534843425,
        "quantile_1_wl": -0.8724124722133535,
        "trend_ss": -0.08277898501327871,
        "quantile_99_ss": 0.34766111281358,
        "quantile_1_ss": -0.30501068061919717
      },
      "geometry": {
        "type": "Point",
        "coordinates": [
          -77.49370063762173,
          34.42938013774656
        ]
      }
    },
    {
      "type": "Feature",
      "properties": {
        "id": "0000739",
        "time_start": "1979-01-01",
        "time_end": "2024-12-31",
        "trend_wl": 4.1752176848444345,
        "quantile_99_wl": 0.9399880478781754,
        "quantile_1_wl": -0.8720498903276814,
        "trend_ss": -0.08277989712964914,
        "quantile_99_ss": 0.3473356318823597,
        "quantile_1_ss": -0.3047775266186399
      },
      "geometry": {
        "type": "Point",
        "coordinates": [
          -77.48887085715664,
          34.43148336433873
        ]
      }
    },
    {
      "type": "Feature",
      "properties": {
        "id": "0000740",
        "time_start": "1979-01-01",
        "time_end": "2024-12-31",
        "trend_wl": 4.178318530530448,
        "quantile_99_wl": 0.9397433732017295,
        "quantile_1_wl": -0.8716869175730031,
        "trend_ss": -0.08278033211532382,
        "quantile_99_ss": 0.34687615307355774,
        "quantile_1_ss": -0.3042700756068262
      },
      "geometry": {
        "type": "Point",
        "coordinates": [
          -77.48404107669154,
          34.433586590930894
        ]
      }
    },
    {
      "type": "Feature",
      "properties": {
        "id": "0000741",
        "time_start": "1979-01-01",
        "time_end": "2024-12-31",
        "trend_wl": 4.176561942674108,
        "quantile_99_wl": 0.9388404473213896,
        "quantile_1_wl": -0.8709984823432129,
        "trend_ss": -0.08278011350515724,
        "quantile_99_ss": 0.3458937188462698,
        "quantile_1_ss": -0.30363901452859143
      },
      "geometry": {
        "type": "Point",
        "coordinates": [
          -77.47921129622644,
          34.435689817523055
        ]
      }
    },
    {
      "type": "Feature",
      "properties": {
        "id": "0000742",
        "time_start": "1979-01-01",
        "time_end": "2024-12-31",
        "trend_wl": 4.179045343863876,
        "quantile_99_wl": 0.9385303206554416,
        "quantile_1_wl": -0.8705698196812609,
        "trend_ss": -0.08278052709830176,
        "quantile_99_ss": 0.3453359810548658,
        "quantile_1_ss": -0.30317798631195947
      },
      "geometry": {
        "type": "Point",
        "coordinates": [
          -77.47438151576135,
          34.437793044115224
        ]
      }
    },
    {
      "type": "Feature",
      "properties": {
        "id": "0000743",
        "time_start": "1979-01-01",
        "time_end": "2024-12-31",
        "trend_wl": 4.181312895027142,
        "quantile_99_wl": 0.9380696591766919,
        "quantile_1_wl": -0.8702435251450323,
        "trend_ss": -0.08278156089557838,
        "quantile_99_ss": 0.345060030942663,
        "quantile_1_ss": -0.30268636458761866
      },
      "geometry": {
        "type": "Point",
        "coordinates": [
          -77.46955173529625,
          34.439896270707386
        ]
      }
    },
    {
      "type": "Feature",
      "properties": {
        "id": "0000744",
        "time_start": "1979-01-01",
        "time_end": "2024-12-31",
        "trend_wl": 4.183571661956986,
        "quantile_99_wl": 0.9376211929607938,
        "quantile_1_wl": -0.8699038840956388,
        "trend_ss": -0.08278193198593956,
        "quantile_99_ss": 0.34449954043882514,
        "quantile_1_ss": -0.30232690018716435
      },
      "geometry": {
        "type": "Point",
        "coordinates": [
          -77.46472195483115,
          34.441999497299555
        ]
      }
    },
    {
      "type": "Feature",
      "properties": {
        "id": "0000745",
        "time_start": "1979-01-01",
        "time_end": "2024-12-31",
        "trend_wl": 4.1857774673361545,
        "quantile_99_wl": 0.9369252045329639,
        "quantile_1_wl": -0.8695398531210389,
        "trend_ss": -0.08278285354031192,
        "quantile_99_ss": 0.3440409042662571,
        "quantile_1_ss": -0.30188957274149975
      },
      "geometry": {
        "type": "Point",
        "coordinates": [
          -77.45989217436605,
          34.44410272389172
        ]
      }
    },
    {
      "type": "Feature",
      "properties": {
        "id": "0000746",
        "time_start": "1979-01-01",
        "time_end": "2024-12-31",
        "trend_wl": 4.18821868279821,
        "quantile_99_wl": 0.9366067834125508,
        "quantile_1_wl": -0.86922427657943,
        "trend_ss": -0.08278377647654497,
        "quantile_99_ss": 0.3436557555160398,
        "quantile_1_ss": -0.3014893829673372
      },
      "geometry": {
        "type": "Point",
        "coordinates": [
          -77.45506239390096,
          34.44620595048388
        ]
      }
    },
    {
      "type": "Feature",
      "properties": {
        "id": "0000747",
        "time_start": "1979-01-01",
        "time_end": "2024-12-31",
        "trend_wl": 4.191108648158959,
        "quantile_99_wl": 0.9361113891709673,
        "quantile_1_wl": -0.8688496613571922,
        "trend_ss": -0.08278414072810757,
        "quantile_99_ss": 0.34336814610703165,
        "quantile_1_ss": -0.30093627913674836
      },
      "geometry": {
        "type": "Point",
        "coordinates": [
          -77.4504301193785,
          34.448562023267236
        ]
      }
    },
    {
      "type": "Feature",
      "properties": {
        "id": "0000748",
        "time_start": "1979-01-01",
        "time_end": "2024-12-31",
        "trend_wl": 4.194443434834241,
        "quantile_99_wl": 0.9357745229148142,
        "quantile_1_wl": -0.8685585248272106,
        "trend_ss": -0.08277263124405977,
        "quantile_99_ss": 0.342715232983198,
        "quantile_1_ss": -0.30039653279287226
      },
      "geometry": {
        "type": "Point",
        "coordinates": [
          -77.44611576555619,
          34.45132509665554
        ]
      }
    },
    {
      "type": "Feature",
      "properties": {
        "id": "0000749",
        "time_start": "1979-01-01",
        "time_end": "2024-12-31",
        "trend_wl": 4.198273296112617,
        "quantile_99_wl": 0.9352019201583218,
        "quantile_1_wl": -0.8682104985271919,
        "trend_ss": -0.08270998217801281,
        "quantile_99_ss": 0.34259950668574624,
        "quantile_1_ss": -0.29992821851616724
      },
      "geometry": {
        "type": "Point",
        "coordinates": [
          -77.44180141173388,
          34.45408817004384
        ]
      }
    },
    {
      "type": "Feature",
      "properties": {
        "id": "0000750",
        "time_start": "1979-01-01",
        "time_end": "2024-12-31",
        "trend_wl": 4.202342938143485,
        "quantile_99_wl": 0.9346132423913072,
        "quantile_1_wl": -0.8678864395654354,
        "trend_ss": -0.0827860278993261,
        "quantile_99_ss": 0.3421893115102151,
        "quantile_1_ss": -0.29958641993880397
      },
      "geometry": {
        "type": "Point",
        "coordinates": [
          -77.43748705791158,
          34.45685124343214
        ]
      }
    },
    {
      "type": "Feature",
      "properties": {
        "id": "0000751",
        "time_start": "1979-01-01",
        "time_end": "2024-12-31",
        "trend_wl": 4.215250394429123,
        "quantile_99_wl": 0.9344520212994315,
        "quantile_1_wl": -0.8676435317762318,
        "trend_ss": -0.08278687115285206,
        "quantile_99_ss": 0.34169717119379134,
        "quantile_1_ss": -0.2991975315016732
      },
      "geometry": {
        "type": "Point",
        "coordinates": [
          -77.43317270408927,
          34.45961431682044
        ]
      }
    },
    {
      "type": "Feature",
      "properties": {
        "id": "0000752",
        "time_start": "1979-01-01",
        "time_end": "2024-12-31",
        "trend_wl": 4.2107133087859205,
        "quantile_99_wl": 0.9341688469021316,
        "quantile_1_wl": -0.8670437946405599,
        "trend_ss": -0.08277284960754215,
        "quantile_99_ss": 0.3412384310100184,
        "quantile_1_ss": -0.29864542958886325
      },
      "geometry": {
        "type": "Point",
        "coordinates": [
          -77.42830204763636,
          34.46141844764859
        ]
      }
    },
    {
      "type": "Feature",
      "properties": {
        "id": "0000753",
        "time_start": "1979-01-01",
        "time_end": "2024-12-31",
        "trend_wl": 4.2147991590949285,
        "quantile_99_wl": 0.9337766468818827,
        "quantile_1_wl": -0.866710928772882,
        "trend_ss": -0.08271104392212067,
        "quantile_99_ss": 0.34086927731924466,
        "quantile_1_ss": -0.29833855022256295
      },
      "geometry": {
        "type": "Point",
        "coordinates": [
          -77.4229841662709,
          34.4624516617508
        ]
      }
    },
    {
      "type": "Feature",
      "properties": {
        "id": "0000754",
        "time_start": "1979-01-01",
        "time_end": "2024-12-31",
        "trend_wl": 4.218356498814456,
        "quantile_99_wl": 0.9335367639659274,
        "quantile_1_wl": -0.8664093163587523,
        "trend_ss": -0.0827737100206907,
        "quantile_99_ss": 0.3404119884310624,
        "quantile_1_ss": -0.2978000171477755
      },
      "geometry": {
        "type": "Point",
        "coordinates": [
          -77.41766628490542,
          34.46348487585301
        ]
      }
    },
    {
      "type": "Feature",
      "properties": {
        "id": "0000755",
        "time_start": "1979-01-01",
        "time_end": "2024-12-31",
        "trend_wl": 4.222231509656016,
        "quantile_99_wl": 0.9331499106347764,
        "quantile_1_wl": -0.8660434213099432,
        "trend_ss": -0.08278797716023979,
        "quantile_99_ss": 0.33993749907256815,
        "quantile_1_ss": -0.2974104871743546
      },
      "geometry": {
        "type": "Point",
        "coordinates": [
          -77.41234840353995,
          34.46451808995523
        ]
      }
    },
    {
      "type": "Feature",
      "properties": {
        "id": "0000756",
        "time_start": "1979-01-01",
        "time_end": "2024-12-31",
        "trend_wl": 4.219140419669383,
        "quantile_99_wl": 0.9323592918292504,
        "quantile_1_wl": -0.8653583764621906,
        "trend_ss": -0.08278858983028652,
        "quantile_99_ss": 0.33909842041728466,
        "quantile_1_ss": -0.29667979588087623
      },
      "geometry": {
        "type": "Point",
        "coordinates": [
          -77.40703052217448,
          34.46555130405744
        ]
      }
    },
    {
      "type": "Feature",
      "properties": {
        "id": "0000757",
        "time_start": "1979-01-01",
        "time_end": "2024-12-31",
        "trend_wl": 4.222028974719257,
        "quantile_99_wl": 0.9319164457914855,
        "quantile_1_wl": -0.8650219688781281,
        "trend_ss": -0.08277499026437,
        "quantile_99_ss": 0.3388053652506131,
        "quantile_1_ss": -0.29612854872329475
      },
      "geometry": {
        "type": "Point",
        "coordinates": [
          -77.40171264080901,
          34.46658451815966
        ]
      }
    },
    {
      "type": "Feature",
      "properties": {
        "id": "0000758",
        "time_start": "1979-01-01",
        "time_end": "2024-12-31",
        "trend_wl": 4.224667276366788,
        "quantile_99_wl": 0.9316270986915606,
        "quantile_1_wl": -0.8647545226725367,
        "trend_ss": -0.0827744962359375,
        "quantile_99_ss": 0.3381953542588376,
        "quantile_1_ss": -0.29575608574397955
      },
      "geometry": {
        "type": "Point",
        "coordinates": [
          -77.39639475944354,
          34.467617732261864
        ]
      }
    },
    {
      "type": "Feature",
      "properties": {
        "id": "0000759",
        "time_start": "1979-01-01",
        "time_end": "2024-12-31",
        "trend_wl": 4.227267307303402,
        "quantile_99_wl": 0.9311788549411846,
        "quantile_1_wl": -0.864339131047134,
        "trend_ss": -0.08277504601765835,
        "quantile_99_ss": 0.33788937049039464,
        "quantile_1_ss": -0.2953519216942654
      },
      "geometry": {
        "type": "Point",
        "coordinates": [
          -77.39107687807807,
          34.46865094636408
        ]
      }
    },
    {
      "type": "Feature",
      "properties": {
        "id": "0000760",
        "time_start": "1979-01-01",
        "time_end": "2024-12-31",
        "trend_wl": 4.225962865837073,
        "quantile_99_wl": 0.9301864323534995,
        "quantile_1_wl": -0.863506639561054,
        "trend_ss": -0.08277555641697554,
        "quantile_99_ss": 0.33727714325550845,
        "quantile_1_ss": -0.29436307214115476
      },
      "geometry": {
        "type": "Point",
        "coordinates": [
          -77.3857589967126,
          34.469684160466294
        ]
      }
    },
    {
      "type": "Feature",
      "properties": {
        "id": "0000761",
        "time_start": "1979-01-01",
        "time_end": "2024-12-31",
        "trend_wl": 4.228902533980366,
        "quantile_99_wl": 0.9296678290021352,
        "quantile_1_wl": -0.8630234516858505,
        "trend_ss": -0.08277588375184615,
        "quantile_99_ss": 0.33693923579054,
        "quantile_1_ss": -0.29397871149588106
      },
      "geometry": {
        "type": "Point",
        "coordinates": [
          -77.38056717060567,
          34.47095090955399
        ]
      }
    },
    {
      "type": "Feature",
      "properties": {
        "id": "0000762",
        "time_start": "1979-01-01",
        "time_end": "2024-12-31",
        "trend_wl": 4.231779694375299,
        "quantile_99_wl": 0.929339706785155,
        "quantile_1_wl": -0.8628053892887739,
        "trend_ss": -0.08277568450784674,
        "quantile_99_ss": 0.33640047246087523,
        "quantile_1_ss": -0.2935328820119037
      },
      "geometry": {
        "type": "Point",
        "coordinates": [
          -77.37607801915628,
          34.473519461659016
        ]
      }
    },
    {
      "type": "Feature",
      "properties": {
        "id": "0000763",
        "time_start": "1979-01-01",
        "time_end": "2024-12-31",
        "trend_wl": 4.234740943009682,
        "quantile_99_wl": 0.9289703882220567,
        "quantile_1_wl": -0.862314882329571,
        "trend_ss": -0.0827756425925524,
        "quantile_99_ss": 0.3359074435713124,
        "quantile_1_ss": -0.29318407317741696
      },
      "geometry": {
        "type": "Point",
        "coordinates": [
          -77.37158886770688,
          34.47608801376404
        ]
      }
    },
    {
      "type": "Feature",
      "properties": {
        "id": "0000764",
        "time_start": "1979-01-01",
        "time_end": "2024-12-31",
        "trend_wl": 4.237744991384533,
        "quantile_99_wl": 0.9287120910698557,
        "quantile_1_wl": -0.8619188477735883,
        "trend_ss": -0.08269700737922515,
        "quantile_99_ss": 0.33564199848137727,
        "quantile_1_ss": -0.29303303919242296
      },
      "geometry": {
        "type": "Point",
        "coordinates": [
          -77.36709971625748,
          34.47865656586907
        ]
      }
    },
    {
      "type": "Feature",
      "properties": {
        "id": "0000765",
        "time_start": "1979-01-01",
        "time_end": "2024-12-31",
        "trend_wl": 4.240714213110009,
        "quantile_99_wl": 0.9283408506722858,
        "quantile_1_wl": -0.8616252775429255,
        "trend_ss": -0.08277642088692634,
        "quantile_99_ss": 0.3350609153247963,
        "quantile_1_ss": -0.29266185853952414
      },
      "geometry": {
        "type": "Point",
        "coordinates": [
          -77.36261056480808,
          34.4812251179741
        ]
      }
    },
    {
      "type": "Feature",
      "properties": {
        "id": "0000766",
        "time_start": "1979-01-01",
        "time_end": "2024-12-31",
        "trend_wl": 4.2440421488233095,
        "quantile_99_wl": 0.9279325274010942,
        "quantile_1_wl": -0.8613883485052903,
        "trend_ss": -0.08269710342738126,
        "quantile_99_ss": 0.3349108568214255,
        "quantile_1_ss": -0.2922006449810355
      },
      "geometry": {
        "type": "Point",
        "coordinates": [
          -77.35812141335867,
          34.48379367007913
        ]
      }
    },
    {
      "type": "Feature",
      "properties": {
        "id": "0000767",
        "time_start": "1979-01-01",
        "time_end": "2024-12-31",
        "trend_wl": 4.247407725918145,
        "quantile_99_wl": 0.9273829791215262,
        "quantile_1_wl": -0.8609101433071619,
        "trend_ss": -0.08277764251160818,
        "quantile_99_ss": 0.33446474959499745,
        "quantile_1_ss": -0.2917447588356627
      },
      "geometry": {
        "type": "Point",
        "coordinates": [
          -77.35363226190928,
          34.486362222184155
        ]
      }
    },
    {
      "type": "Feature",
      "properties": {
        "id": "0000768",
        "time_start": "1979-01-01",
        "time_end": "2024-12-31",
        "trend_wl": 4.257170628348581,
        "quantile_99_wl": 0.9267397044098882,
        "quantile_1_wl": -0.8607088133157877,
        "trend_ss": -0.08277869483797654,
        "quantile_99_ss": 0.33423797837108954,
        "quantile_1_ss": -0.29141540215045847
      },
      "geometry": {
        "type": "Point",
        "coordinates": [
          -77.34914311045988,
          34.48893077428918
        ]
      }
    },
    {
      "type": "Feature",
      "properties": {
        "id": "0000769",
        "time_start": "1979-01-01",
        "time_end": "2024-12-31",
        "trend_wl": 4.2606020102103495,
        "quantile_99_wl": 0.9264383465317279,
        "quantile_1_wl": -0.8603240160987484,
        "trend_ss": -0.08269678075189638,
        "quantile_99_ss": 0.33409399061534073,
        "quantile_1_ss": -0.290916989629246
      },
      "geometry": {
        "type": "Point",
        "coordinates": [
          -77.34465395901049,
          34.49149932639421
        ]
      }
    },
    {
      "type": "Feature",
      "properties": {
        "id": "0000770",
        "time_start": "1979-01-01",
        "time_end": "2024-12-31",
        "trend_wl": 4.263667342132913,
        "quantile_99_wl": 0.9260247351481501,
        "quantile_1_wl": -0.8600784381760663,
        "trend_ss": -0.08277915851185537,
        "quantile_99_ss": 0.3334441393990672,
        "quantile_1_ss": -0.2904659825817171
      },
      "geometry": {
        "type": "Point",
        "coordinates": [
          -77.34010626768489,
          34.49398378885852
        ]
      }
    },
    {
      "type": "Feature",
      "properties": {
        "id": "0000771",
        "time_start": "1979-01-01",
        "time_end": "2024-12-31",
        "trend_wl": 4.268092608252912,
        "quantile_99_wl": 0.9256539642729982,
        "quantile_1_wl": -0.8597138922573317,
        "trend_ss": -0.08152914456696615,
        "quantile_99_ss": 0.33288754106798774,
        "quantile_1_ss": -0.289990376978798
      },
      "geometry": {
        "type": "Point",
        "coordinates": [
          -77.33514409675608,
          34.49587287184504
        ]
      }
    },
    {
      "type": "Feature",
      "properties": {
        "id": "0000772",
        "time_start": "1979-01-01",
        "time_end": "2024-12-31",
        "trend_wl": 4.271197995050582,
        "quantile_99_wl": 0.925173165254141,
        "quantile_1_wl": -0.8595225410807034,
        "trend_ss": -0.08144677795970812,
        "quantile_99_ss": 0.3331462776387933,
        "quantile_1_ss": -0.2898508473597381
      },
      "geometry": {
        "type": "Point",
        "coordinates": [
          -77.33018192582728,
          34.49776195483155
        ]
      }
    },
    {
      "type": "Feature",
      "properties": {
        "id": "0000773",
        "time_start": "1979-01-01",
        "time_end": "2024-12-31",
        "trend_wl": 4.268168609415063,
        "quantile_99_wl": 0.9245079456074432,
        "quantile_1_wl": -0.8590572725418872,
        "trend_ss": -0.08152915916051134,
        "quantile_99_ss": 0.3322875035621967,
        "quantile_1_ss": -0.28912039983760507
      },
      "geometry": {
        "type": "Point",
        "coordinates": [
          -77.32521975489847,
          34.49965103781807
        ]
      }
    },
    {
      "type": "Feature",
      "properties": {
        "id": "0000774",
        "time_start": "1979-01-01",
        "time_end": "2024-12-31",
        "trend_wl": 4.27182297334584,
        "quantile_99_wl": 0.9241765642434356,
        "quantile_1_wl": -0.8587797752278036,
        "trend_ss": -0.08144679811718508,
        "quantile_99_ss": 0.33213865572369417,
        "quantile_1_ss": -0.28894047918699833
      },
      "geometry": {
        "type": "Point",
        "coordinates": [
          -77.32025758396966,
          34.50154012080458
        ]
      }
    },
    {
      "type": "Feature",
      "properties": {
        "id": "0000775",
        "time_start": "1979-01-01",
        "time_end": "2024-12-31",
        "trend_wl": 4.2745092880920375,
        "quantile_99_wl": 0.9235836412951385,
        "quantile_1_wl": -0.8583140810726704,
        "trend_ss": -0.0814467947844873,
        "quantile_99_ss": 0.3318065022644617,
        "quantile_1_ss": -0.28850656539200903
      },
      "geometry": {
        "type": "Point",
        "coordinates": [
          -77.31529541304086,
          34.50342920379109
        ]
      }
    },
    {
      "type": "Feature",
      "properties": {
        "id": "0000776",
        "time_start": "1979-01-01",
        "time_end": "2024-12-31",
        "trend_wl": 4.277390524380786,
        "quantile_99_wl": 0.923167858065791,
        "quantile_1_wl": -0.85782326534103,
        "trend_ss": -0.08144679982846924,
        "quantile_99_ss": 0.3315196318200628,
        "quantile_1_ss": -0.2880168058227496
      },
      "geometry": {
        "type": "Point",
        "coordinates": [
          -77.31033324211205,
          34.50531828677761
        ]
      }
    },
    {
      "type": "Feature",
      "properties": {
        "id": "0000777",
        "time_start": "1979-01-01",
        "time_end": "2024-12-31",
        "trend_wl": 4.280079373757841,
        "quantile_99_wl": 0.9226753272486692,
        "quantile_1_wl": -0.8573145194125587,
        "trend_ss": -0.08153029463944783,
        "quantile_99_ss": 0.33088056937946214,
        "quantile_1_ss": -0.28749792968687193
      },
      "geometry": {
        "type": "Point",
        "coordinates": [
          -77.30537107118325,
          34.507207369764124
        ]
      }
    },
    {
      "type": "Feature",
      "properties": {
        "id": "0000778",
        "time_start": "1979-01-01",
        "time_end": "2024-12-31",
        "trend_wl": 4.283055705265404,
        "quantile_99_wl": 0.922287149853067,
        "quantile_1_wl": -0.8568197456210467,
        "trend_ss": -0.08144680329089089,
        "quantile_99_ss": 0.33071801779961707,
        "quantile_1_ss": -0.28701901712061906
      },
      "geometry": {
        "type": "Point",
        "coordinates": [
          -77.30040890025444,
          34.50909645275064
        ]
      }
    },
    {
      "type": "Feature",
      "properties": {
        "id": "0000779",
        "time_start": "1979-01-01",
        "time_end": "2024-12-31",
        "trend_wl": 4.285611807699579,
        "quantile_99_wl": 0.9218004243050001,
        "quantile_1_wl": -0.8564913223337558,
        "trend_ss": -0.08144679492537811,
        "quantile_99_ss": 0.33032256029330964,
        "quantile_1_ss": -0.2864164583289686
      },
      "geometry": {
        "type": "Point",
        "coordinates": [
          -77.29544672932563,
          34.510985535737156
        ]
      }
    },
    {
      "type": "Feature",
      "properties": {
        "id": "0000780",
        "time_start": "1979-01-01",
        "time_end": "2024-12-31",
        "trend_wl": 4.28852770452824,
        "quantile_99_wl": 0.9215466907690137,
        "quantile_1_wl": -0.8563293704786652,
        "trend_ss": -0.08144717327237369,
        "quantile_99_ss": 0.3300442296630889,
        "quantile_1_ss": -0.2862441681661602
      },
      "geometry": {
        "type": "Point",
        "coordinates": [
          -77.29048455839683,
          34.51287461872367
        ]
      }
    },
    {
      "type": "Feature",
      "properties": {
        "id": "0000781",
        "time_start": "1979-01-01",
        "time_end": "2024-12-31",
        "trend_wl": 4.292728371176053,
        "quantile_99_wl": 0.9207548424622503,
        "quantile_1_wl": -0.855466218963658,
        "trend_ss": -0.08144718696235762,
        "quantile_99_ss": 0.32916625409058425,
        "quantile_1_ss": -0.28553511235963724
      },
      "geometry": {
        "type": "Point",
        "coordinates": [
          -77.28552238746802,
          34.51476370171019
        ]
      }
    },
    {
      "type": "Feature",
      "properties": {
        "id": "0000782",
        "time_start": "1979-01-01",
        "time_end": "2024-12-31",
        "trend_wl": 4.299881396542382,
        "quantile_99_wl": 0.9206997461265719,
        "quantile_1_wl": -0.8554805313749567,
        "trend_ss": -0.08144719134446822,
        "quantile_99_ss": 0.32906033648547983,
        "quantile_1_ss": -0.2855182010049079
      },
      "geometry": {
        "type": "Point",
        "coordinates": [
          -77.28150968336993,
          34.51781609809092
        ]
      }
    },
    {
      "type": "Feature",
      "properties": {
        "id": "0000783",
        "time_start": "1979-01-01",
        "time_end": "2024-12-31",
        "trend_wl": 4.3026845354137135,
        "quantile_99_wl": 0.9204781647858563,
        "quantile_1_wl": -0.8550264363838727,
        "trend_ss": -0.08144678560467894,
        "quantile_99_ss": 0.3288294509475082,
        "quantile_1_ss": -0.2850607983832002
      },
      "geometry": {
        "type": "Point",
        "coordinates": [
          -77.27751764835968,
          34.52089381881783
        ]
      }
    },
    {
      "type": "Feature",
      "properties": {
        "id": "0000784",
        "time_start": "1979-01-01",
        "time_end": "2024-12-31",
        "trend_wl": 4.306031762531518,
        "quantile_99_wl": 0.9200769598737971,
        "quantile_1_wl": -0.8544977866311084,
        "trend_ss": -0.08144678668839415,
        "quantile_99_ss": 0.32850257501047975,
        "quantile_1_ss": -0.28456204899916543
      },
      "geometry": {
        "type": "Point",
        "coordinates": [
          -77.27352561334942,
          34.52397153954475
        ]
      }
    },
    {
      "type": "Feature",
      "properties": {
        "id": "0000785",
        "time_start": "1979-01-01",
        "time_end": "2024-12-31",
        "trend_wl": 4.3133712953382854,
        "quantile_99_wl": 0.9200166818720186,
        "quantile_1_wl": -0.8543220960318908,
        "trend_ss": -0.08144681731100828,
        "quantile_99_ss": 0.3283410640531765,
        "quantile_1_ss": -0.28425683766232057
      },
      "geometry": {
        "type": "Point",
        "coordinates": [
          -77.26953357833916,
          34.527049260271674
        ]
      }
    },
    {
      "type": "Feature",
      "properties": {
        "id": "0000786",
        "time_start": "1979-01-01",
        "time_end": "2024-12-31",
        "trend_wl": 4.315905572448262,
        "quantile_99_wl": 0.9194766977670361,
        "quantile_1_wl": -0.8538023760134474,
        "trend_ss": -0.08144682371576,
        "quantile_99_ss": 0.3280428549478882,
        "quantile_1_ss": -0.2838365154549676
      },
      "geometry": {
        "type": "Point",
        "coordinates": [
          -77.26622831016348,
          34.530618517464625
        ]
      }
    },
    {
      "type": "Feature",
      "properties": {
        "id": "0000787",
        "time_start": "1979-01-01",
        "time_end": "2024-12-31",
        "trend_wl": 4.323186064675441,
        "quantile_99_wl": 0.9190807659800803,
        "quantile_1_wl": -0.8536222407548224,
        "trend_ss": -0.0814468224407317,
        "quantile_99_ss": 0.32794499970008933,
        "quantile_1_ss": -0.2836839514074284
      },
      "geometry": {
        "type": "Point",
        "coordinates": [
          -77.26309076612151,
          34.53430781907992
        ]
      }
    },
    {
      "type": "Feature",
      "properties": {
        "id": "0000788",
        "time_start": "1979-01-01",
        "time_end": "2024-12-31",
        "trend_wl": 4.325617094728534,
        "quantile_99_wl": 0.91854998559925,
        "quantile_1_wl": -0.8533003069064551,
        "trend_ss": -0.08144679705703496,
        "quantile_99_ss": 0.3275627506110705,
        "quantile_1_ss": -0.28325925993282053
      },
      "geometry": {
        "type": "Point",
        "coordinates": [
          -77.25995322207952,
          34.53799712069522
        ]
      }
    },
    {
      "type": "Feature",
      "properties": {
        "id": "0000789",
        "time_start": "1979-01-01",
        "time_end": "2024-12-31",
        "trend_wl": 4.331996727664041,
        "quantile_99_wl": 0.918368680161605,
        "quantile_1_wl": -0.8531705395784834,
        "trend_ss": -0.08144683192442181,
        "quantile_99_ss": 0.32755669814213023,
        "quantile_1_ss": -0.2831608950119212
      },
      "geometry": {
        "type": "Point",
        "coordinates": [
          -77.25681567803753,
          34.54168642231052
        ]
      }
    },
    {
      "type": "Feature",
      "properties": {
        "id": "0000790",
        "time_start": "1979-01-01",
        "time_end": "2024-12-31",
        "trend_wl": 4.334440676644481,
        "quantile_99_wl": 0.91801812230728,
        "quantile_1_wl": -0.852703893048437,
        "trend_ss": -0.08144682855760944,
        "quantile_99_ss": 0.32724931986029926,
        "quantile_1_ss": -0.28260919625173103
      },
      "geometry": {
        "type": "Point",
        "coordinates": [
          -77.25367813399554,
          34.545375723925815
        ]
      }
    },
    {
      "type": "Feature",
      "properties": {
        "id": "0000791",
        "time_start": "1979-01-01",
        "time_end": "2024-12-31",
        "trend_wl": 4.34045122089894,
        "quantile_99_wl": 0.917840512935767,
        "quantile_1_wl": -0.852659953951699,
        "trend_ss": -0.08144682367324689,
        "quantile_99_ss": 0.32714326835679514,
        "quantile_1_ss": -0.2825442349121744
      },
      "geometry": {
        "type": "Point",
        "coordinates": [
          -77.25054058995354,
          34.54906502554111
        ]
      }
    },
    {
      "type": "Feature",
      "properties": {
        "id": "0000792",
        "time_start": "1979-01-01",
        "time_end": "2024-12-31",
        "trend_wl": 4.348564940265569,
        "quantile_99_wl": 0.9173604472310813,
        "quantile_1_wl": -0.8521891657133911,
        "trend_ss": -0.08144682277630794,
        "quantile_99_ss": 0.3266952759841301,
        "quantile_1_ss": -0.282179969054043
      },
      "geometry": {
        "type": "Point",
        "coordinates": [
          -77.24723576486598,
          34.55263275706452
        ]
      }
    },
    {
      "type": "Feature",
      "properties": {
        "id": "0000793",
        "time_start": "1979-01-01",
        "time_end": "2024-12-31",
        "trend_wl": 4.351015987305466,
        "quantile_99_wl": 0.9170118191724261,
        "quantile_1_wl": -0.8518788466138857,
        "trend_ss": -0.08144681502047306,
        "quantile_99_ss": 0.32657336919680335,
        "quantile_1_ss": -0.28183639457407383
      },
      "geometry": {
        "type": "Point",
        "coordinates": [
          -77.24317846536508,
          34.55565363414155
        ]
      }
    },
    {
      "type": "Feature",
      "properties": {
        "id": "0000794",
        "time_start": "1979-01-01",
        "time_end": "2024-12-31",
        "trend_wl": 4.353309032963885,
        "quantile_99_wl": 0.9166998474610732,
        "quantile_1_wl": -0.8515886498456661,
        "trend_ss": -0.08144679077969408,
        "quantile_99_ss": 0.3262533043892204,
        "quantile_1_ss": -0.28153815119375536
      },
      "geometry": {
        "type": "Point",
        "coordinates": [
          -77.23912116586418,
          34.55867451121857
        ]
      }
    },
    {
      "type": "Feature",
      "properties": {
        "id": "0000795",
        "time_start": "1979-01-01",
        "time_end": "2024-12-31",
        "trend_wl": 4.355579922697367,
        "quantile_99_wl": 0.9165407562659786,
        "quantile_1_wl": -0.8514178111691201,
        "trend_ss": -0.08144718690860007,
        "quantile_99_ss": 0.32605601238123305,
        "quantile_1_ss": -0.28122969692602784
      },
      "geometry": {
        "type": "Point",
        "coordinates": [
          -77.23506386636328,
          34.5616953882956
        ]
      }
    },
    {
      "type": "Feature",
      "properties": {
        "id": "0000796",
        "time_start": "1979-01-01",
        "time_end": "2024-12-31",
        "trend_wl": 4.36372592984086,
        "quantile_99_wl": 0.9163087969914152,
        "quantile_1_wl": -0.8512230949408808,
        "trend_ss": -0.08144679821528261,
        "quantile_99_ss": 0.32581805117089796,
        "quantile_1_ss": -0.28101363793190787
      },
      "geometry": {
        "type": "Point",
        "coordinates": [
          -77.23097762172054,
          34.56468581730773
        ]
      }
    },
    {
      "type": "Feature",
      "properties": {
        "id": "0000797",
        "time_start": "1979-01-01",
        "time_end": "2024-12-31",
        "trend_wl": 4.365800191322524,
        "quantile_99_wl": 0.9159918490583349,
        "quantile_1_wl": -0.8509914223814793,
        "trend_ss": -0.08144679675048803,
        "quantile_99_ss": 0.3254201475204137,
        "quantile_1_ss": -0.280772797738178
      },
      "geometry": {
        "type": "Point",
        "coordinates": [
          -77.22643789361241,
          34.56719921656287
        ]
      }
    },
    {
      "type": "Feature",
      "properties": {
        "id": "0000798",
        "time_start": "1979-01-01",
        "time_end": "2024-12-31",
        "trend_wl": 4.368122671369568,
        "quantile_99_wl": 0.9157737530287856,
        "quantile_1_wl": -0.8508159862161883,
        "trend_ss": -0.08144679151487796,
        "quantile_99_ss": 0.3250749879115896,
        "quantile_1_ss": -0.2805192145160471
      },
      "geometry": {
        "type": "Point",
        "coordinates": [
          -77.2218981655043,
          34.569712615818005
        ]
      }
    },
    {
      "type": "Feature",
      "properties": {
        "id": "0000799",
        "time_start": "1979-01-01",
        "time_end": "2024-12-31",
        "trend_wl": 4.370831336666452,
        "quantile_99_wl": 0.9156159803934611,
        "quantile_1_wl": -0.8505920756525198,
        "trend_ss": -0.08144678274009808,
        "quantile_99_ss": 0.32472164786048896,
        "quantile_1_ss": -0.2802118636112887
      },
      "geometry": {
        "type": "Point",
        "coordinates": [
          -77.21735843739617,
          34.57222601507314
        ]
      }
    },
    {
      "type": "Feature",
      "properties": {
        "id": "0000800",
        "time_start": "1979-01-01",
        "time_end": "2024-12-31",
        "trend_wl": 4.373784116145472,
        "quantile_99_wl": 0.9153580810963906,
        "quantile_1_wl": -0.8501819781726339,
        "trend_ss": -0.08144677683852905,
        "quantile_99_ss": 0.324571994543296,
        "quantile_1_ss": -0.2799136829145954
      },
      "geometry": {
        "type": "Point",
        "coordinates": [
          -77.21281870928806,
          34.57473941432828
        ]
      }
    },
    {
      "type": "Feature",
      "properties": {
        "id": "0000801",
        "time_start": "1979-01-01",
        "time_end": "2024-12-31",
        "trend_wl": 4.379643276868411,
        "quantile_99_wl": 0.9148251970532539,
        "quantile_1_wl": -0.8494856013931574,
        "trend_ss": -0.0814467704778337,
        "quantile_99_ss": 0.3241019383368507,
        "quantile_1_ss": -0.2791776484666098
      },
      "geometry": {
        "type": "Point",
        "coordinates": [
          -77.20827898117993,
          34.577252813583414
        ]
      }
    },
    {
      "type": "Feature",
      "properties": {
        "id": "0000802",
        "time_start": "1979-01-01",
        "time_end": "2024-12-31",
        "trend_wl": 4.382437575696113,
        "quantile_99_wl": 0.9146135095734907,
        "quantile_1_wl": -0.8491321723594313,
        "trend_ss": -0.08144676119419972,
        "quantile_99_ss": 0.32380044500054006,
        "quantile_1_ss": -0.278984274106476
      },
      "geometry": {
        "type": "Point",
        "coordinates": [
          -77.20396676861587,
          34.58001109193747
        ]
      }
    },
    {
      "type": "Feature",
      "properties": {
        "id": "0000803",
        "time_start": "1979-01-01",
        "time_end": "2024-12-31",
        "trend_wl": 4.388614768818728,
        "quantile_99_wl": 0.9147285847490665,
        "quantile_1_wl": -0.8492669941619801,
        "trend_ss": -0.08144675583085438,
        "quantile_99_ss": 0.32364150200931124,
        "quantile_1_ss": -0.2790346583213427
      },
      "geometry": {
        "type": "Point",
        "coordinates": [
          -77.19983841558457,
          34.58296726163514
        ]
      }
    },
    {
      "type": "Feature",
      "properties": {
        "id": "0000804",
        "time_start": "1979-01-01",
        "time_end": "2024-12-31",
        "trend_wl": 4.391341901426079,
        "quantile_99_wl": 0.9144176371835415,
        "quantile_1_wl": -0.8490477133112103,
        "trend_ss": -0.08144676659021781,
        "quantile_99_ss": 0.32340019874953035,
        "quantile_1_ss": -0.2787502557497313
      },
      "geometry": {
        "type": "Point",
        "coordinates": [
          -77.19571006255325,
          34.58592343133281
        ]
      }
    },
    {
      "type": "Feature",
      "properties": {
        "id": "0000805",
        "time_start": "1979-01-01",
        "time_end": "2024-12-31",
        "trend_wl": 4.397033725835601,
        "quantile_99_wl": 0.9139338045317551,
        "quantile_1_wl": -0.8483960066785258,
        "trend_ss": -0.08144673690015157,
        "quantile_99_ss": 0.3229484525974483,
        "quantile_1_ss": -0.2782220019877195
      },
      "geometry": {
        "type": "Point",
        "coordinates": [
          -77.19158170952194,
          34.58887960103047
        ]
      }
    },
    {
      "type": "Feature",
      "properties": {
        "id": "0000806",
        "time_start": "1979-01-01",
        "time_end": "2024-12-31",
        "trend_wl": 4.397805161625736,
        "quantile_99_wl": 0.9133624734582501,
        "quantile_1_wl": -0.8481740291925147,
        "trend_ss": -0.08144674071974686,
        "quantile_99_ss": 0.3226763053991843,
        "quantile_1_ss": -0.27808840386384776
      },
      "geometry": {
        "type": "Point",
        "coordinates": [
          -77.18745335649062,
          34.59183577072814
        ]
      }
    },
    {
      "type": "Feature",
      "properties": {
        "id": "0000807",
        "time_start": "1979-01-01",
        "time_end": "2024-12-31",
        "trend_wl": 4.400244322602757,
        "quantile_99_wl": 0.9130530957443513,
        "quantile_1_wl": -0.8479334553670037,
        "trend_ss": -0.0814467380341206,
        "quantile_99_ss": 0.3223952945153423,
        "quantile_1_ss": -0.277756652011086
      },
      "geometry": {
        "type": "Point",
        "coordinates": [
          -77.18303050407083,
          34.594418416667494
        ]
      }
    },
    {
      "type": "Feature",
      "properties": {
        "id": "0000808",
        "time_start": "1979-01-01",
        "time_end": "2024-12-31",
        "trend_wl": 4.403823401818332,
        "quantile_99_wl": 0.9128460189823565,
        "quantile_1_wl": -0.8475177756569228,
        "trend_ss": -0.08144677267926406,
        "quantile_99_ss": 0.32225237118361016,
        "quantile_1_ss": -0.27745362725234474
      },
      "geometry": {
        "type": "Point",
        "coordinates": [
          -77.1780666040671,
          34.59631483324654
        ]
      }
    },
    {
      "type": "Feature",
      "properties": {
        "id": "0000809",
        "time_start": "1979-01-01",
        "time_end": "2024-12-31",
        "trend_wl": 4.408544811038372,
        "quantile_99_wl": 0.9124792403792449,
        "quantile_1_wl": -0.8469798901148196,
        "trend_ss": -0.08144677350832634,
        "quantile_99_ss": 0.3220600246422409,
        "quantile_1_ss": -0.2771118671293969
      },
      "geometry": {
        "type": "Point",
        "coordinates": [
          -77.17310270406337,
          34.598211249825574
        ]
      }
    },
    {
      "type": "Feature",
      "properties": {
        "id": "0000810",
        "time_start": "1979-01-01",
        "time_end": "2024-12-31",
        "trend_wl": 4.413052712805603,
        "quantile_99_wl": 0.9120892729327957,
        "quantile_1_wl": -0.8466147443790337,
        "trend_ss": -0.08144676164928473,
        "quantile_99_ss": 0.321840226467832,
        "quantile_1_ss": -0.2766641348138206
      },
      "geometry": {
        "type": "Point",
        "coordinates": [
          -77.16813880405964,
          34.60010766640462
        ]
      }
    },
    {
      "type": "Feature",
      "properties": {
        "id": "0000811",
        "time_start": "1979-01-01",
        "time_end": "2024-12-31",
        "trend_wl": 4.417937802498077,
        "quantile_99_wl": 0.9115537934221686,
        "quantile_1_wl": -0.8459833471218411,
        "trend_ss": -0.07845635530723266,
        "quantile_99_ss": 0.3213640988655668,
        "quantile_1_ss": -0.2760513651361161
      },
      "geometry": {
        "type": "Point",
        "coordinates": [
          -77.16317490405591,
          34.602004082983655
        ]
      }
    },
    {
      "type": "Feature",
      "properties": {
        "id": "0000812",
        "time_start": "1979-01-01",
        "time_end": "2024-12-31",
        "trend_wl": 4.427163807894833,
        "quantile_99_wl": 0.9112296988046259,
        "quantile_1_wl": -0.8459870026345395,
        "trend_ss": -0.07845633040191488,
        "quantile_99_ss": 0.3210924582498494,
        "quantile_1_ss": -0.2759246347907617
      },
      "geometry": {
        "type": "Point",
        "coordinates": [
          -77.15821100405218,
          34.60390049956269
        ]
      }
    },
    {
      "type": "Feature",
      "properties": {
        "id": "0000813",
        "time_start": "1979-01-01",
        "time_end": "2024-12-31",
        "trend_wl": 4.428761930329265,
        "quantile_99_wl": 0.9110891419457455,
        "quantile_1_wl": -0.8456856124517776,
        "trend_ss": -0.07845631594616617,
        "quantile_99_ss": 0.3209930689848897,
        "quantile_1_ss": -0.2757169566754377
      },
      "geometry": {
        "type": "Point",
        "coordinates": [
          -77.15324710404845,
          34.605796916141735
        ]
      }
    },
    {
      "type": "Feature",
      "properties": {
        "id": "0000814",
        "time_start": "1979-01-01",
        "time_end": "2024-12-31",
        "trend_wl": 4.430976632833806,
        "quantile_99_wl": 0.9106641467136433,
        "quantile_1_wl": -0.8455627784156698,
        "trend_ss": -0.07845630370571861,
        "quantile_99_ss": 0.3207548777320348,
        "quantile_1_ss": -0.27541067369298483
      },
      "geometry": {
        "type": "Point",
        "coordinates": [
          -77.14828320404472,
          34.60769333272077
        ]
      }
    },
    {
      "type": "Feature",
      "properties": {
        "id": "0000815",
        "time_start": "1979-01-01",
        "time_end": "2024-12-31",
        "trend_wl": 4.433024215223915,
        "quantile_99_wl": 0.9102577064605932,
        "quantile_1_wl": -0.8451550980701729,
        "trend_ss": -0.07845629047034404,
        "quantile_99_ss": 0.3204282477707731,
        "quantile_1_ss": -0.2751559209028298
      },
      "geometry": {
        "type": "Point",
        "coordinates": [
          -77.14331930404099,
          34.60958974929981
        ]
      }
    },
    {
      "type": "Feature",
      "properties": {
        "id": "0000816",
        "time_start": "1979-01-01",
        "time_end": "2024-12-31",
        "trend_wl": 4.435538100425135,
        "quantile_99_wl": 0.9100537598111411,
        "quantile_1_wl": -0.8448648213381899,
        "trend_ss": -0.0784562951206375,
        "quantile_99_ss": 0.32008786172783243,
        "quantile_1_ss": -0.2749126430951469
      },
      "geometry": {
        "type": "Point",
        "coordinates": [
          -77.13829116289867,
          34.61134973446254
        ]
      }
    },
    {
      "type": "Feature",
      "properties": {
        "id": "0000817",
        "time_start": "1979-01-01",
        "time_end": "2024-12-31",
        "trend_wl": 4.440111231288562,
        "quantile_99_wl": 0.9094363766809624,
        "quantile_1_wl": -0.8442046325509528,
        "trend_ss": -0.07845626548348006,
        "quantile_99_ss": 0.3197362246367062,
        "quantile_1_ss": -0.27446497424234656
      },
      "geometry": {
        "type": "Point",
        "coordinates": [
          -77.13306756831066,
          34.6126946275051
        ]
      }
    },
    {
      "type": "Feature",
      "properties": {
        "id": "0000818",
        "time_start": "1979-01-01",
        "time_end": "2024-12-31",
        "trend_wl": 4.4425183270741675,
        "quantile_99_wl": 0.9091391229111604,
        "quantile_1_wl": -0.8439187196024087,
        "trend_ss": -0.07845627076149539,
        "quantile_99_ss": 0.31954333720166755,
        "quantile_1_ss": -0.2742560958236539
      },
      "geometry": {
        "type": "Point",
        "coordinates": [
          -77.12784397372265,
          34.61403952054766
        ]
      }
    },
    {
      "type": "Feature",
      "properties": {
        "id": "0000819",
        "time_start": "1979-01-01",
        "time_end": "2024-12-31",
        "trend_wl": 4.444840825999965,
        "quantile_99_wl": 0.9088824911430718,
        "quantile_1_wl": -0.8434247846799842,
        "trend_ss": -0.07845626570742427,
        "quantile_99_ss": 0.3193316370205557,
        "quantile_1_ss": -0.27401693621427636
      },
      "geometry": {
        "type": "Point",
        "coordinates": [
          -77.12260963730134,
          34.61534603516767
        ]
      }
    },
    {
      "type": "Feature",
      "properties": {
        "id": "0000820",
        "time_start": "1979-01-01",
        "time_end": "2024-12-31",
        "trend_wl": 4.442158030882717,
        "quantile_99_wl": 0.9083262406551494,
        "quantile_1_wl": -0.8427034273456411,
        "trend_ss": -0.07845626989293009,
        "quantile_99_ss": 0.31894015327087427,
        "quantile_1_ss": -0.2735156953798908
      },
      "geometry": {
        "type": "Point",
        "coordinates": [
          -77.11719666254626,
          34.61601431074036
        ]
      }
    },
    {
      "type": "Feature",
      "properties": {
        "id": "0000821",
        "time_start": "1979-01-01",
        "time_end": "2024-12-31",
        "trend_wl": 4.44142335036155,
        "quantile_99_wl": 0.9080826356824924,
        "quantile_1_wl": -0.84260765697876,
        "trend_ss": -0.0784562546626407,
        "quantile_99_ss": 0.31880529882443454,
        "quantile_1_ss": -0.27319917344426164
      },
      "geometry": {
        "type": "Point",
        "coordinates": [
          -77.11178368779117,
          34.616682586313054
        ]
      }
    },
    {
      "type": "Feature",
      "properties": {
        "id": "0000822",
        "time_start": "1979-01-01",
        "time_end": "2024-12-31",
        "trend_wl": 4.443234142151491,
        "quantile_99_wl": 0.907700628886559,
        "quantile_1_wl": -0.8422326802052599,
        "trend_ss": -0.07845624525877194,
        "quantile_99_ss": 0.31860330530857545,
        "quantile_1_ss": -0.2728829144344168
      },
      "geometry": {
        "type": "Point",
        "coordinates": [
          -77.1063707130361,
          34.61735086188574
        ]
      }
    },
    {
      "type": "Feature",
      "properties": {
        "id": "0000823",
        "time_start": "1979-01-01",
        "time_end": "2024-12-31",
        "trend_wl": 4.442869614921272,
        "quantile_99_wl": 0.9073527301129555,
        "quantile_1_wl": -0.8417482933563385,
        "trend_ss": -0.07845625453843118,
        "quantile_99_ss": 0.3182741044773452,
        "quantile_1_ss": -0.2725945657966026
      },
      "geometry": {
        "type": "Point",
        "coordinates": [
          -77.10095773828101,
          34.61801913745843
        ]
      }
    },
    {
      "type": "Feature",
      "properties": {
        "id": "0000824",
        "time_start": "1979-01-01",
        "time_end": "2024-12-31",
        "trend_wl": 4.448429856690579,
        "quantile_99_wl": 0.9069650409684973,
        "quantile_1_wl": -0.8414788693995041,
        "trend_ss": -0.0784562532380262,
        "quantile_99_ss": 0.31757292095655837,
        "quantile_1_ss": -0.2722620986751962
      },
      "geometry": {
        "type": "Point",
        "coordinates": [
          -77.09554476352594,
          34.618687413031125
        ]
      }
    },
    {
      "type": "Feature",
      "properties": {
        "id": "0000825",
        "time_start": "1979-01-01",
        "time_end": "2024-12-31",
        "trend_wl": 4.445042627064219,
        "quantile_99_wl": 0.9062596644481201,
        "quantile_1_wl": -0.8407472494822451,
        "trend_ss": -0.07845623003055172,
        "quantile_99_ss": 0.317385169504497,
        "quantile_1_ss": -0.2718835080463537
      },
      "geometry": {
        "type": "Point",
        "coordinates": [
          -77.09013178877085,
          34.61935568860381
        ]
      }
    },
    {
      "type": "Feature",
      "properties": {
        "id": "0000826",
        "time_start": "1979-01-01",
        "time_end": "2024-12-31",
        "trend_wl": 4.446646803002149,
        "quantile_99_wl": 0.9058447612601502,
        "quantile_1_wl": -0.8404195292812897,
        "trend_ss": -0.07845623038165586,
        "quantile_99_ss": 0.31696315207510084,
        "quantile_1_ss": -0.2716333800129026
      },
      "geometry": {
        "type": "Point",
        "coordinates": [
          -77.08471881401577,
          34.620023964176504
        ]
      }
    },
    {
      "type": "Feature",
      "properties": {
        "id": "0000827",
        "time_start": "1979-01-01",
        "time_end": "2024-12-31",
        "trend_wl": 4.4488383746348,
        "quantile_99_wl": 0.9051959976122358,
        "quantile_1_wl": -0.8400646568652219,
        "trend_ss": -0.07845621960794343,
        "quantile_99_ss": 0.31682539485989863,
        "quantile_1_ss": -0.27138536196521534
      },
      "geometry": {
        "type": "Point",
        "coordinates": [
          -77.07951589745046,
          34.62121481973451
        ]
      }
    },
    {
      "type": "Feature",
      "properties": {
        "id": "0000828",
        "time_start": "1979-01-01",
        "time_end": "2024-12-31",
        "trend_wl": 4.45118485601232,
        "quantile_99_wl": 0.9047257042600191,
        "quantile_1_wl": -0.8395933888842768,
        "trend_ss": -0.07845620919436957,
        "quantile_99_ss": 0.31671492951362334,
        "quantile_1_ss": -0.27113265028758604
      },
      "geometry": {
        "type": "Point",
        "coordinates": [
          -77.07468777129114,
          34.62333807390586
        ]
      }
    },
    {
      "type": "Feature",
      "properties": {
        "id": "0000829",
        "time_start": "1979-01-01",
        "time_end": "2024-12-31",
        "trend_wl": 4.453399916389726,
        "quantile_99_wl": 0.9039730200017397,
        "quantile_1_wl": -0.8390315366579806,
        "trend_ss": -0.07845620207233786,
        "quantile_99_ss": 0.31632376298009274,
        "quantile_1_ss": -0.27088648821910266
      },
      "geometry": {
        "type": "Point",
        "coordinates": [
          -77.06985964513181,
          34.62546132807721
        ]
      }
    },
    {
      "type": "Feature",
      "properties": {
        "id": "0000830",
        "time_start": "1979-01-01",
        "time_end": "2024-12-31",
        "trend_wl": 4.4619765778958556,
        "quantile_99_wl": 0.9029783316396367,
        "quantile_1_wl": -0.8384138366058522,
        "trend_ss": -0.07845620605795944,
        "quantile_99_ss": 0.3160189854456064,
        "quantile_1_ss": -0.2704514513906732
      },
      "geometry": {
        "type": "Point",
        "coordinates": [
          -77.06503151897249,
          34.62758458224856
        ]
      }
    },
    {
      "type": "Feature",
      "properties": {
        "id": "0000831",
        "time_start": "1979-01-01",
        "time_end": "2024-12-31",
        "trend_wl": 4.463852726663162,
        "quantile_99_wl": 0.9024829757727119,
        "quantile_1_wl": -0.8379039496734499,
        "trend_ss": -0.07845619436481316,
        "quantile_99_ss": 0.315824954901528,
        "quantile_1_ss": -0.27016553944944244
      },
      "geometry": {
        "type": "Point",
        "coordinates": [
          -77.06020339281316,
          34.629707836419904
        ]
      }
    },
    {
      "type": "Feature",
      "properties": {
        "id": "0000832",
        "time_start": "1979-01-01",
        "time_end": "2024-12-31",
        "trend_wl": 4.4657393223612925,
        "quantile_99_wl": 0.9020683637757055,
        "quantile_1_wl": -0.8374880992110071,
        "trend_ss": -0.0784561830395961,
        "quantile_99_ss": 0.31581636889151143,
        "quantile_1_ss": -0.26983134502633416
      },
      "geometry": {
        "type": "Point",
        "coordinates": [
          -77.05537526665384,
          34.631831090591255
        ]
      }
    },
    {
      "type": "Feature",
      "properties": {
        "id": "0000833",
        "time_start": "1979-01-01",
        "time_end": "2024-12-31",
        "trend_wl": 4.4676097859375785,
        "quantile_99_wl": 0.9016597216556201,
        "quantile_1_wl": -0.8371263944691691,
        "trend_ss": -0.07845615526283214,
        "quantile_99_ss": 0.3157013873042021,
        "quantile_1_ss": -0.2696346805083716
      },
      "geometry": {
        "type": "Point",
        "coordinates": [
          -77.05054714049453,
          34.6339543447626
        ]
      }
    },
    {
      "type": "Feature",
      "properties": {
        "id": "0000834",
        "time_start": "1979-01-01",
        "time_end": "2024-12-31",
        "trend_wl": 4.4751729768400645,
        "quantile_99_wl": 0.9013481868962846,
        "quantile_1_wl": -0.8368794732712361,
        "trend_ss": -0.07845612560581737,
        "quantile_99_ss": 0.31557201941672547,
        "quantile_1_ss": -0.26928285077894326
      },
      "geometry": {
        "type": "Point",
        "coordinates": [
          -77.0457190143352,
          34.63607759893395
        ]
      }
    },
    {
      "type": "Feature",
      "properties": {
        "id": "0000835",
        "time_start": "1979-01-01",
        "time_end": "2024-12-31",
        "trend_wl": 4.47707043499897,
        "quantile_99_wl": 0.9006380886069825,
        "quantile_1_wl": -0.8364991945325739,
        "trend_ss": -0.07845611678207498,
        "quantile_99_ss": 0.3155314632962159,
        "quantile_1_ss": -0.26899113146157166
      },
      "geometry": {
        "type": "Point",
        "coordinates": [
          -77.04089088817588,
          34.638200853105296
        ]
      }
    },
    {
      "type": "Feature",
      "properties": {
        "id": "0000836",
        "time_start": "1979-01-01",
        "time_end": "2024-12-31",
        "trend_wl": 4.4788824609914135,
        "quantile_99_wl": 0.9003237092684125,
        "quantile_1_wl": -0.8361114982989268,
        "trend_ss": -0.07845610754705203,
        "quantile_99_ss": 0.31526423872104736,
        "quantile_1_ss": -0.26860303630278687
      },
      "geometry": {
        "type": "Point",
        "coordinates": [
          -77.03606276201656,
          34.64032410727665
        ]
      }
    },
    {
      "type": "Feature",
      "properties": {
        "id": "0000837",
        "time_start": "1979-01-01",
        "time_end": "2024-12-31",
        "trend_wl": 4.480577164215915,
        "quantile_99_wl": 0.8999071835913449,
        "quantile_1_wl": -0.8357178311179526,
        "trend_ss": -0.07845610117293395,
        "quantile_99_ss": 0.31504605503153904,
        "quantile_1_ss": -0.2682948278053361
      },
      "geometry": {
        "type": "Point",
        "coordinates": [
          -77.03123324732479,
          34.642444544488164
        ]
      }
    },
    {
      "type": "Feature",
      "properties": {
        "id": "0000838",
        "time_start": "1979-01-01",
        "time_end": "2024-12-31",
        "trend_wl": 4.482203881384472,
        "quantile_99_wl": 0.8994877215957089,
        "quantile_1_wl": -0.8353010102862666,
        "trend_ss": -0.07845609050775047,
        "quantile_99_ss": 0.31494400504981956,
        "quantile_1_ss": -0.2681851308259347
      },
      "geometry": {
        "type": "Point",
        "coordinates": [
          -77.02596877988066,
          34.64368257924496
        ]
      }
    },
    {
      "type": "Feature",
      "properties": {
        "id": "0000839",
        "time_start": "1979-01-01",
        "time_end": "2024-12-31",
        "trend_wl": 4.489690664617495,
        "quantile_99_wl": 0.8988024631948974,
        "quantile_1_wl": -0.8348138281840642,
        "trend_ss": -0.0784561126307046,
        "quantile_99_ss": 0.3144716779738939,
        "quantile_1_ss": -0.2682038006125556
      },
      "geometry": {
        "type": "Point",
        "coordinates": [
          -77.02070431243652,
          34.64492061400176
        ]
      }
    },
    {
      "type": "Feature",
      "properties": {
        "id": "0000840",
        "time_start": "1979-01-01",
        "time_end": "2024-12-31",
        "trend_wl": 4.491263623204095,
        "quantile_99_wl": 0.8983951846973102,
        "quantile_1_wl": -0.8344554820017207,
        "trend_ss": -0.0784561060678952,
        "quantile_99_ss": 0.31434717287014435,
        "quantile_1_ss": -0.26796460992369764
      },
      "geometry": {
        "type": "Point",
        "coordinates": [
          -77.01543984499239,
          34.646158648758565
        ]
      }
    },
    {
      "type": "Feature",
      "properties": {
        "id": "0000841",
        "time_start": "1979-01-01",
        "time_end": "2024-12-31",
        "trend_wl": 4.4928579712204915,
        "quantile_99_wl": 0.8978876278856048,
        "quantile_1_wl": -0.8340545700002534,
        "trend_ss": -0.0784560925498115,
        "quantile_99_ss": 0.3141054419933518,
        "quantile_1_ss": -0.2678590097290602
      },
      "geometry": {
        "type": "Point",
        "coordinates": [
          -77.01016668381159,
          34.64735817198425
        ]
      }
    },
    {
      "type": "Feature",
      "properties": {
        "id": "0000842",
        "time_start": "1979-01-01",
        "time_end": "2024-12-31",
        "trend_wl": 4.490172339170071,
        "quantile_99_wl": 0.8969814950683787,
        "quantile_1_wl": -0.8330865541981205,
        "trend_ss": -0.07845604005724958,
        "quantile_99_ss": 0.31398987282177887,
        "quantile_1_ss": -0.2673141918596117
      },
      "geometry": {
        "type": "Point",
        "coordinates": [
          -77.00471253564774,
          34.64775595873036
        ]
      }
    },
    {
      "type": "Feature",
      "properties": {
        "id": "0000843",
        "time_start": "1979-01-01",
        "time_end": "2024-12-31",
        "trend_wl": 4.492044192039571,
        "quantile_99_wl": 0.8964952036511356,
        "quantile_1_wl": -0.8328225948696933,
        "trend_ss": -0.07845602779038911,
        "quantile_99_ss": 0.31385901224434076,
        "quantile_1_ss": -0.2671087245722206
      },
      "geometry": {
        "type": "Point",
        "coordinates": [
          -76.9992583874839,
          34.648153745476456
        ]
      }
    },
    {
      "type": "Feature",
      "properties": {
        "id": "0000844",
        "time_start": "1979-01-01",
        "time_end": "2024-12-31",
        "trend_wl": 4.493952488292912,
        "quantile_99_wl": 0.8960168737798401,
        "quantile_1_wl": -0.8324985790233277,
        "trend_ss": -0.07845602297255648,
        "quantile_99_ss": 0.3135688597374587,
        "quantile_1_ss": -0.2670162180678281
      },
      "geometry": {
        "type": "Point",
        "coordinates": [
          -76.99380423932006,
          34.648551532222555
        ]
      }
    },
    {
      "type": "Feature",
      "properties": {
        "id": "0000845",
        "time_start": "1979-01-01",
        "time_end": "2024-12-31",
        "trend_wl": 4.496066556131588,
        "quantile_99_wl": 0.8955837876758925,
        "quantile_1_wl": -0.8320965865423083,
        "trend_ss": -0.0784560089762995,
        "quantile_99_ss": 0.31334604489068346,
        "quantile_1_ss": -0.26691067777475536
      },
      "geometry": {
        "type": "Point",
        "coordinates": [
          -76.98835470980102,
          34.64873384975143
        ]
      }
    },
    {
      "type": "Feature",
      "properties": {
        "id": "0000846",
        "time_start": "1979-01-01",
        "time_end": "2024-12-31",
        "trend_wl": 4.491900962790556,
        "quantile_99_wl": 0.8948815509576747,
        "quantile_1_wl": -0.8313983770829576,
        "trend_ss": -0.07845602757228548,
        "quantile_99_ss": 0.3132423026774838,
        "quantile_1_ss": -0.26682407726070195
      },
      "geometry": {
        "type": "Point",
        "coordinates": [
          -76.98292098809807,
          34.64817870036112
        ]
      }
    },
    {
      "type": "Feature",
      "properties": {
        "id": "0000847",
        "time_start": "1979-01-01",
        "time_end": "2024-12-31",
        "trend_wl": 4.493460306926519,
        "quantile_99_wl": 0.8943598332157392,
        "quantile_1_wl": -0.830994307098983,
        "trend_ss": -0.07845601848425687,
        "quantile_99_ss": 0.3130904600580472,
        "quantile_1_ss": -0.26645909962961395
      },
      "geometry": {
        "type": "Point",
        "coordinates": [
          -76.97748726639512,
          34.64762355097081
        ]
      }
    },
    {
      "type": "Feature",
      "properties": {
        "id": "0000848",
        "time_start": "1979-01-01",
        "time_end": "2024-12-31",
        "trend_wl": 4.494733179694173,
        "quantile_99_wl": 0.8938871156268561,
        "quantile_1_wl": -0.8305764622992531,
        "trend_ss": -0.07845600768456555,
        "quantile_99_ss": 0.3128417969677295,
        "quantile_1_ss": -0.26619977311414067
      },
      "geometry": {
        "type": "Point",
        "coordinates": [
          -76.97205354469217,
          34.647068401580505
        ]
      }
    },
    {
      "type": "Feature",
      "properties": {
        "id": "0000849",
        "time_start": "1979-01-01",
        "time_end": "2024-12-31",
        "trend_wl": 4.489594143181308,
        "quantile_99_wl": 0.893589092730344,
        "quantile_1_wl": -0.8301795782423751,
        "trend_ss": -0.07845597974994925,
        "quantile_99_ss": 0.3125309555864037,
        "quantile_1_ss": -0.26582747258434825
      },
      "geometry": {
        "type": "Point",
        "coordinates": [
          -76.96661982298922,
          34.646513252190196
        ]
      }
    },
    {
      "type": "Feature",
      "properties": {
        "id": "0000850",
        "time_start": "1979-01-01",
        "time_end": "2024-12-31",
        "trend_wl": 4.4905407852198085,
        "quantile_99_wl": 0.8929705718164072,
        "quantile_1_wl": -0.829650984214947,
        "trend_ss": -0.07845597491891888,
        "quantile_99_ss": 0.3124136509081867,
        "quantile_1_ss": -0.2656345509058823
      },
      "geometry": {
        "type": "Point",
        "coordinates": [
          -76.96118610128627,
          34.645958102799895
        ]
      }
    },
    {
      "type": "Feature",
      "properties": {
        "id": "0000851",
        "time_start": "1979-01-01",
        "time_end": "2024-12-31",
        "trend_wl": 4.491470451487871,
        "quantile_99_wl": 0.8922380057662761,
        "quantile_1_wl": -0.8293327766642616,
        "trend_ss": -0.07845595920765673,
        "quantile_99_ss": 0.3121398624344329,
        "quantile_1_ss": -0.26535320292333564
      },
      "geometry": {
        "type": "Point",
        "coordinates": [
          -76.95575237958332,
          34.64540295340959
        ]
      }
    },
    {
      "type": "Feature",
      "properties": {
        "id": "0000852",
        "time_start": "1979-01-01",
        "time_end": "2024-12-31",
        "trend_wl": 4.492480917629475,
        "quantile_99_wl": 0.891791127147408,
        "quantile_1_wl": -0.8288543900843339,
        "trend_ss": -0.07845594935347044,
        "quantile_99_ss": 0.3119768501116482,
        "quantile_1_ss": -0.26511452262858076
      },
      "geometry": {
        "type": "Point",
        "coordinates": [
          -76.95041888953878,
          34.645543506453784
        ]
      }
    },
    {
      "type": "Feature",
      "properties": {
        "id": "0000853",
        "time_start": "1979-01-01",
        "time_end": "2024-12-31",
        "trend_wl": 4.4936755490815345,
        "quantile_99_wl": 0.8911479304623259,
        "quantile_1_wl": -0.8283363094319313,
        "trend_ss": -0.0784559417449832,
        "quantile_99_ss": 0.3117377251542511,
        "quantile_1_ss": -0.26498971178511777
      },
      "geometry": {
        "type": "Point",
        "coordinates": [
          -76.9452937973556,
          34.647130537604845
        ]
      }
    },
    {
      "type": "Feature",
      "properties": {
        "id": "0000854",
        "time_start": "1979-01-01",
        "time_end": "2024-12-31",
        "trend_wl": 4.496080847040017,
        "quantile_99_wl": 0.8902231531273515,
        "quantile_1_wl": -0.8278177820412463,
        "trend_ss": -0.07739391480339924,
        "quantile_99_ss": 0.31144247880080117,
        "quantile_1_ss": -0.2646797579220442
      },
      "geometry": {
        "type": "Point",
        "coordinates": [
          -76.94016870517243,
          34.64871756875591
        ]
      }
    },
    {
      "type": "Feature",
      "properties": {
        "id": "0000855",
        "time_start": "1979-01-01",
        "time_end": "2024-12-31",
        "trend_wl": 4.499161007749267,
        "quantile_99_wl": 0.88926303000624,
        "quantile_1_wl": -0.8270070823249341,
        "trend_ss": -0.07739388247503098,
        "quantile_99_ss": 0.31117395587112023,
        "quantile_1_ss": -0.26449403770850727
      },
      "geometry": {
        "type": "Point",
        "coordinates": [
          -76.93504361298926,
          34.650304599906974
        ]
      }
    },
    {
      "type": "Feature",
      "properties": {
        "id": "0000856",
        "time_start": "1979-01-01",
        "time_end": "2024-12-31",
        "trend_wl": 4.505588935480532,
        "quantile_99_wl": 0.8891905344865854,
        "quantile_1_wl": -0.8271668888033885,
        "trend_ss": -0.07739390162115431,
        "quantile_99_ss": 0.31121004706855915,
        "quantile_1_ss": -0.2644895904632085
      },
      "geometry": {
        "type": "Point",
        "coordinates": [
          -76.92991852080608,
          34.65189163105804
        ]
      }
    },
    {
      "type": "Feature",
      "properties": {
        "id": "0000857",
        "time_start": "1979-01-01",
        "time_end": "2024-12-31",
        "trend_wl": 4.507130944274246,
        "quantile_99_wl": 0.8887547091035808,
        "quantile_1_wl": -0.8267093040348822,
        "trend_ss": -0.07739388373579748,
        "quantile_99_ss": 0.3110976082908776,
        "quantile_1_ss": -0.2643399907662383
      },
      "geometry": {
        "type": "Point",
        "coordinates": [
          -76.9247934286229,
          34.6534786622091
        ]
      }
    },
    {
      "type": "Feature",
      "properties": {
        "id": "0000858",
        "time_start": "1979-01-01",
        "time_end": "2024-12-31",
        "trend_wl": 4.508427406124769,
        "quantile_99_wl": 0.8881922035299536,
        "quantile_1_wl": -0.8264403408271351,
        "trend_ss": -0.07739387031037474,
        "quantile_99_ss": 0.3107737648516505,
        "quantile_1_ss": -0.264136584601464
      },
      "geometry": {
        "type": "Point",
        "coordinates": [
          -76.91966833643973,
          34.65506569336017
        ]
      }
    },
    {
      "type": "Feature",
      "properties": {
        "id": "0000859",
        "time_start": "1979-01-01",
        "time_end": "2024-12-31",
        "trend_wl": 4.509418550346772,
        "quantile_99_wl": 0.8876634803169543,
        "quantile_1_wl": -0.825941130421825,
        "trend_ss": -0.07739385198124932,
        "quantile_99_ss": 0.3106532512955484,
        "quantile_1_ss": -0.2639604238476534
      },
      "geometry": {
        "type": "Point",
        "coordinates": [
          -76.91454324425656,
          34.65665272451123
        ]
      }
    },
    {
      "type": "Feature",
      "properties": {
        "id": "0000860",
        "time_start": "1979-01-01",
        "time_end": "2024-12-31",
        "trend_wl": 4.510299422124852,
        "quantile_99_wl": 0.887177119165974,
        "quantile_1_wl": -0.8255465913597604,
        "trend_ss": -0.07739383984018618,
        "quantile_99_ss": 0.3103825945158511,
        "quantile_1_ss": -0.26390884928619823
      },
      "geometry": {
        "type": "Point",
        "coordinates": [
          -76.90941815207339,
          34.6582397556623
        ]
      }
    },
    {
      "type": "Feature",
      "properties": {
        "id": "0000861",
        "time_start": "1979-01-01",
        "time_end": "2024-12-31",
        "trend_wl": 4.511278754291637,
        "quantile_99_wl": 0.8869452550778653,
        "quantile_1_wl": -0.8251267963309072,
        "trend_ss": -0.07739383203764716,
        "quantile_99_ss": 0.31025792031006655,
        "quantile_1_ss": -0.2635845791995753
      },
      "geometry": {
        "type": "Point",
        "coordinates": [
          -76.90429305989021,
          34.65982678681336
        ]
      }
    },
    {
      "type": "Feature",
      "properties": {
        "id": "0000862",
        "time_start": "1979-01-01",
        "time_end": "2024-12-31",
        "trend_wl": 4.519462193943063,
        "quantile_99_wl": 0.8864667463420899,
        "quantile_1_wl": -0.8246878224036814,
        "trend_ss": -0.07739380774958125,
        "quantile_99_ss": 0.31018735594115926,
        "quantile_1_ss": -0.26325596889370523
      },
      "geometry": {
        "type": "Point",
        "coordinates": [
          -76.89916796770703,
          34.66141381796442
        ]
      }
    },
    {
      "type": "Feature",
      "properties": {
        "id": "0000863",
        "time_start": "1979-01-01",
        "time_end": "2024-12-31",
        "trend_wl": 4.520787421598926,
        "quantile_99_wl": 0.8858379779220791,
        "quantile_1_wl": -0.8243039954706992,
        "trend_ss": -0.07739379299672612,
        "quantile_99_ss": 0.31,
        "quantile_1_ss": -0.26308771638169065
      },
      "geometry": {
        "type": "Point",
        "coordinates": [
          -76.89404287552387,
          34.66300084911549
        ]
      }
    },
    {
      "type": "Feature",
      "properties": {
        "id": "0000864",
        "time_start": "1979-01-01",
        "time_end": "2024-12-31",
        "trend_wl": 4.522336430898681,
        "quantile_99_wl": 0.8852583882895395,
        "quantile_1_wl": -0.8239417786863373,
        "trend_ss": -0.07739378527668148,
        "quantile_99_ss": 0.3099713542101462,
        "quantile_1_ss": -0.26291533896691127
      },
      "geometry": {
        "type": "Point",
        "coordinates": [
          -76.88891778334069,
          34.66458788026655
        ]
      }
    },
    {
      "type": "Feature",
      "properties": {
        "id": "0000865",
        "time_start": "1979-01-01",
        "time_end": "2024-12-31",
        "trend_wl": 4.524028596688813,
        "quantile_99_wl": 0.8849341674376235,
        "quantile_1_wl": -0.8235830833976977,
        "trend_ss": -0.07739377422135174,
        "quantile_99_ss": 0.3099855483559655,
        "quantile_1_ss": -0.26278720533018196
      },
      "geometry": {
        "type": "Point",
        "coordinates": [
          -76.88379269115751,
          34.66617491141762
        ]
      }
    },
    {
      "type": "Feature",
      "properties": {
        "id": "0000866",
        "time_start": "1979-01-01",
        "time_end": "2024-12-31",
        "trend_wl": 4.525719980872769,
        "quantile_99_wl": 0.884422400534556,
        "quantile_1_wl": -0.8232053883974365,
        "trend_ss": -0.07739376732254029,
        "quantile_99_ss": 0.3097941444046632,
        "quantile_1_ss": -0.2626917013725323
      },
      "geometry": {
        "type": "Point",
        "coordinates": [
          -76.87866759897433,
          34.66776194256868
        ]
      }
    },
    {
      "type": "Feature",
      "properties": {
        "id": "0000867",
        "time_start": "1979-01-01",
        "time_end": "2024-12-31",
        "trend_wl": 4.533203473571975,
        "quantile_99_wl": 0.8838225062429462,
        "quantile_1_wl": -0.8229417586093091,
        "trend_ss": -0.0773937733065752,
        "quantile_99_ss": 0.3095633358706712,
        "quantile_1_ss": -0.2627343843684481
      },
      "geometry": {
        "type": "Point",
        "coordinates": [
          -76.87354250679117,
          34.66934897371975
        ]
      }
    },
    {
      "type": "Feature",
      "properties": {
        "id": "0000868",
        "time_start": "1979-01-01",
        "time_end": "2024-12-31",
        "trend_wl": 4.534514295073805,
        "quantile_99_wl": 0.883231796456848,
        "quantile_1_wl": -0.822508631438189,
        "trend_ss": -0.07739375892108015,
        "quantile_99_ss": 0.30935127928378636,
        "quantile_1_ss": -0.2627005381676705
      },
      "geometry": {
        "type": "Point",
        "coordinates": [
          -76.86841741460799,
          34.67093600487081
        ]
      }
    },
    {
      "type": "Feature",
      "properties": {
        "id": "0000869",
        "time_start": "1979-01-01",
        "time_end": "2024-12-31",
        "trend_wl": 4.535664701818977,
        "quantile_99_wl": 0.8826197398137766,
        "quantile_1_wl": -0.822217299184659,
        "trend_ss": -0.07739373759788684,
        "quantile_99_ss": 0.3092216717287483,
        "quantile_1_ss": -0.2626288519398231
      },
      "geometry": {
        "type": "Point",
        "coordinates": [
          -76.86321465154293,
          34.67226681827477
        ]
      }
    },
    {
      "type": "Feature",
      "properties": {
        "id": "0000870",
        "time_start": "1979-01-01",
        "time_end": "2024-12-31",
        "trend_wl": 4.536642467452707,
        "quantile_99_wl": 0.8820158387196749,
        "quantile_1_wl": -0.8218042711770811,
        "trend_ss": -0.077393719277391,
        "quantile_99_ss": 0.30921114099862346,
        "quantile_1_ss": -0.2625478856685069
      },
      "geometry": {
        "type": "Point",
        "coordinates": [
          -76.85778121926212,
          34.672836708854675
        ]
      }
    },
    {
      "type": "Feature",
      "properties": {
        "id": "0000871",
        "time_start": "1979-01-01",
        "time_end": "2024-12-31",
        "trend_wl": 4.53740246489605,
        "quantile_99_wl": 0.8815354760608493,
        "quantile_1_wl": -0.8214283426250281,
        "trend_ss": -0.07739370373463204,
        "quantile_99_ss": 0.30911997814879305,
        "quantile_1_ss": -0.2624157054310673
      },
      "geometry": {
        "type": "Point",
        "coordinates": [
          -76.8523477869813,
          34.67340659943458
        ]
      }
    },
    {
      "type": "Feature",
      "properties": {
        "id": "0000872",
        "time_start": "1979-01-01",
        "time_end": "2024-12-31",
        "trend_wl": 4.538122801334421,
        "quantile_99_wl": 0.881047503682274,
        "quantile_1_wl": -0.8210716186608351,
        "trend_ss": -0.07739369057252694,
        "quantile_99_ss": 0.30886113049151986,
        "quantile_1_ss": -0.2623233045561529
      },
      "geometry": {
        "type": "Point",
        "coordinates": [
          -76.84691435470049,
          34.67397649001448
        ]
      }
    },
    {
      "type": "Feature",
      "properties": {
        "id": "0000873",
        "time_start": "1979-01-01",
        "time_end": "2024-12-31",
        "trend_wl": 4.538844158056283,
        "quantile_99_wl": 0.8804990687746069,
        "quantile_1_wl": -0.8207806111275318,
        "trend_ss": -0.07739367611606814,
        "quantile_99_ss": 0.30871413198322384,
        "quantile_1_ss": -0.26221203356347733
      },
      "geometry": {
        "type": "Point",
        "coordinates": [
          -76.84148092241968,
          34.67454638059438
        ]
      }
    },
    {
      "type": "Feature",
      "properties": {
        "id": "0000874",
        "time_start": "1979-01-01",
        "time_end": "2024-12-31",
        "trend_wl": 4.539625219832559,
        "quantile_99_wl": 0.879999474808142,
        "quantile_1_wl": -0.820383630563647,
        "trend_ss": -0.07739365985787464,
        "quantile_99_ss": 0.30850181852220104,
        "quantile_1_ss": -0.26213516889782745
      },
      "geometry": {
        "type": "Point",
        "coordinates": [
          -76.83604749013885,
          34.67511627117428
        ]
      }
    },
    {
      "type": "Feature",
      "properties": {
        "id": "0000875",
        "time_start": "1979-01-01",
        "time_end": "2024-12-31",
        "trend_wl": 4.540245231588919,
        "quantile_99_wl": 0.8794978580869697,
        "quantile_1_wl": -0.8200611353936023,
        "trend_ss": -0.07739364554745692,
        "quantile_99_ss": 0.3084808605064722,
        "quantile_1_ss": -0.26204990207608264
      },
      "geometry": {
        "type": "Point",
        "coordinates": [
          -76.83061405785804,
          34.675686161754186
        ]
      }
    },
    {
      "type": "Feature",
      "properties": {
        "id": "0000876",
        "time_start": "1979-01-01",
        "time_end": "2024-12-31",
        "trend_wl": 4.540475644767966,
        "quantile_99_wl": 0.8790036514724979,
        "quantile_1_wl": -0.8196870902544704,
        "trend_ss": -0.07739365076156002,
        "quantile_99_ss": 0.30850694042592536,
        "quantile_1_ss": -0.2620287072858871
      },
      "geometry": {
        "type": "Point",
        "coordinates": [
          -76.82518062557723,
          34.67625605233409
        ]
      }
    },
    {
      "type": "Feature",
      "properties": {
        "id": "0000877",
        "time_start": "1979-01-01",
        "time_end": "2024-12-31",
        "trend_wl": 4.540448925466224,
        "quantile_99_wl": 0.8781709205464665,
        "quantile_1_wl": -0.8191694469151237,
        "trend_ss": -0.0773936192802451,
        "quantile_99_ss": 0.30837990355705575,
        "quantile_1_ss": -0.261835821292516
      },
      "geometry": {
        "type": "Point",
        "coordinates": [
          -76.81974719329642,
          34.676825942913986
        ]
      }
    },
    {
      "type": "Feature",
      "properties": {
        "id": "0000878",
        "time_start": "1979-01-01",
        "time_end": "2024-12-31",
        "trend_wl": 4.540646825759055,
        "quantile_99_wl": 0.8778628806875027,
        "quantile_1_wl": -0.8189641280566164,
        "trend_ss": -0.07739359474580372,
        "quantile_99_ss": 0.3083273960740042,
        "quantile_1_ss": -0.26187261148293023
      },
      "geometry": {
        "type": "Point",
        "coordinates": [
          -76.8143137610156,
          34.67739583349389
        ]
      }
    },
    {
      "type": "Feature",
      "properties": {
        "id": "0000879",
        "time_start": "1979-01-01",
        "time_end": "2024-12-31",
        "trend_wl": 4.541105005417409,
        "quantile_99_wl": 0.8776195870425547,
        "quantile_1_wl": -0.8185402756798282,
        "trend_ss": -0.07739358288049089,
        "quantile_99_ss": 0.30827198104858794,
        "quantile_1_ss": -0.2619253828833816
      },
      "geometry": {
        "type": "Point",
        "coordinates": [
          -76.80888032873479,
          34.67796572407379
        ]
      }
    },
    {
      "type": "Feature",
      "properties": {
        "id": "0000880",
        "time_start": "1979-01-01",
        "time_end": "2024-12-31",
        "trend_wl": 4.541863886747234,
        "quantile_99_wl": 0.8772539462765467,
        "quantile_1_wl": -0.8181425071905973,
        "trend_ss": -0.07739357175118598,
        "quantile_99_ss": 0.3081655473748644,
        "quantile_1_ss": -0.26171735550868785
      },
      "geometry": {
        "type": "Point",
        "coordinates": [
          -76.80344689645398,
          34.67853561465369
        ]
      }
    },
    {
      "type": "Feature",
      "properties": {
        "id": "0000881",
        "time_start": "1979-01-01",
        "time_end": "2024-12-31",
        "trend_wl": 4.5428880271063115,
        "quantile_99_wl": 0.8768554685639026,
        "quantile_1_wl": -0.8179603560689861,
        "trend_ss": -0.07739358324005052,
        "quantile_99_ss": 0.30813271667365655,
        "quantile_1_ss": -0.26165003050553876
      },
      "geometry": {
        "type": "Point",
        "coordinates": [
          -76.79801346417315,
          34.67910550523359
        ]
      }
    },
    {
      "type": "Feature",
      "properties": {
        "id": "0000882",
        "time_start": "1979-01-01",
        "time_end": "2024-12-31",
        "trend_wl": 4.544150794868865,
        "quantile_99_wl": 0.8764195161351601,
        "quantile_1_wl": -0.817683584618647,
        "trend_ss": -0.07739355533384025,
        "quantile_99_ss": 0.3080814664258299,
        "quantile_1_ss": -0.26151393979641296
      },
      "geometry": {
        "type": "Point",
        "coordinates": [
          -76.79258003189234,
          34.6796753958135
        ]
      }
    },
    {
      "type": "Feature",
      "properties": {
        "id": "0000883",
        "time_start": "1979-01-01",
        "time_end": "2024-12-31",
        "trend_wl": 4.545671349459039,
        "quantile_99_wl": 0.8760746348965557,
        "quantile_1_wl": -0.8173435066686449,
        "trend_ss": -0.07739355177666317,
        "quantile_99_ss": 0.30791014832317704,
        "quantile_1_ss": -0.26137040962581004
      },
      "geometry": {
        "type": "Point",
        "coordinates": [
          -76.78714659961153,
          34.6802452863934
        ]
      }
    },
    {
      "type": "Feature",
      "properties": {
        "id": "0000884",
        "time_start": "1979-01-01",
        "time_end": "2024-12-31",
        "trend_wl": 4.547207916838081,
        "quantile_99_wl": 0.8756524106738713,
        "quantile_1_wl": -0.817014003655129,
        "trend_ss": -0.07739355222685658,
        "quantile_99_ss": 0.3079561452447065,
        "quantile_1_ss": -0.2612938298211804
      },
      "geometry": {
        "type": "Point",
        "coordinates": [
          -76.78171316733071,
          34.6808151769733
        ]
      }
    },
    {
      "type": "Feature",
      "properties": {
        "id": "0000885",
        "time_start": "1979-01-01",
        "time_end": "2024-12-31",
        "trend_wl": 4.548611258895795,
        "quantile_99_wl": 0.875276013917961,
        "quantile_1_wl": -0.8166132609333377,
        "trend_ss": -0.07739354927690224,
        "quantile_99_ss": 0.3078026849059002,
        "quantile_1_ss": -0.2613108826627036
      },
      "geometry": {
        "type": "Point",
        "coordinates": [
          -76.7762797350499,
          34.6813850675532
        ]
      }
    },
    {
      "type": "Feature",
      "properties": {
        "id": "0000886",
        "time_start": "1979-01-01",
        "time_end": "2024-12-31",
        "trend_wl": 4.5496806631656295,
        "quantile_99_wl": 0.8748677758618335,
        "quantile_1_wl": -0.8163675382135802,
        "trend_ss": -0.07739354534074076,
        "quantile_99_ss": 0.30788774988734596,
        "quantile_1_ss": -0.26130451658154646
      },
      "geometry": {
        "type": "Point",
        "coordinates": [
          -76.77083526057437,
          34.68160974428019
        ]
      }
    },
    {
      "type": "Feature",
      "properties": {
        "id": "0000887",
        "time_start": "1979-01-01",
        "time_end": "2024-12-31",
        "trend_wl": 4.550591275982591,
        "quantile_99_wl": 0.8743527082330728,
        "quantile_1_wl": -0.8160529736707398,
        "trend_ss": -0.07739354658274611,
        "quantile_99_ss": 0.30782870732606427,
        "quantile_1_ss": -0.26135196150426515
      },
      "geometry": {
        "type": "Point",
        "coordinates": [
          -76.76537284932165,
          34.681273660748786
        ]
      }
    },
    {
      "type": "Feature",
      "properties": {
        "id": "0000888",
        "time_start": "1979-01-01",
        "time_end": "2024-12-31",
        "trend_wl": 4.551165560166132,
        "quantile_99_wl": 0.8740212142749191,
        "quantile_1_wl": -0.8157763993257605,
        "trend_ss": -0.07739354851564768,
        "quantile_99_ss": 0.3077759051184585,
        "quantile_1_ss": -0.2613687475373316
      },
      "geometry": {
        "type": "Point",
        "coordinates": [
          -76.75991043806893,
          34.68093757721738
        ]
      }
    },
    {
      "type": "Feature",
      "properties": {
        "id": "0000889",
        "time_start": "1979-01-01",
        "time_end": "2024-12-31",
        "trend_wl": 4.551488341234409,
        "quantile_99_wl": 0.8732598480884318,
        "quantile_1_wl": -0.8150406410611406,
        "trend_ss": -0.07739354539362342,
        "quantile_99_ss": 0.30775537521194224,
        "quantile_1_ss": -0.2611687315885015
      },
      "geometry": {
        "type": "Point",
        "coordinates": [
          -76.7544480268162,
          34.68060149368598
        ]
      }
    },
    {
      "type": "Feature",
      "properties": {
        "id": "0000890",
        "time_start": "1979-01-01",
        "time_end": "2024-12-31",
        "trend_wl": 4.551375950082829,
        "quantile_99_wl": 0.872892147766433,
        "quantile_1_wl": -0.8146780522508255,
        "trend_ss": -0.077393539841342,
        "quantile_99_ss": 0.3076704661631657,
        "quantile_1_ss": -0.261143696079124
      },
      "geometry": {
        "type": "Point",
        "coordinates": [
          -76.74898561556348,
          34.68026541015457
        ]
      }
    },
    {
      "type": "Feature",
      "properties": {
        "id": "0000891",
        "time_start": "1979-01-01",
        "time_end": "2024-12-31",
        "trend_wl": 4.551144896390599,
        "quantile_99_wl": 0.8725543944730503,
        "quantile_1_wl": -0.8143628440282202,
        "trend_ss": -0.0773935573732094,
        "quantile_99_ss": 0.3076258417456837,
        "quantile_1_ss": -0.2610720356099107
      },
      "geometry": {
        "type": "Point",
        "coordinates": [
          -76.74352320431076,
          34.67992932662316
        ]
      }
    },
    {
      "type": "Feature",
      "properties": {
        "id": "0000892",
        "time_start": "1979-01-01",
        "time_end": "2024-12-31",
        "trend_wl": 4.550639435045718,
        "quantile_99_wl": 0.872224352575463,
        "quantile_1_wl": -0.8141407871820483,
        "trend_ss": -0.07739355330650677,
        "quantile_99_ss": 0.3077569885917319,
        "quantile_1_ss": -0.2610376988549513
      },
      "geometry": {
        "type": "Point",
        "coordinates": [
          -76.73806079305804,
          34.67959324309176
        ]
      }
    },
    {
      "type": "Feature",
      "properties": {
        "id": "0000893",
        "time_start": "1979-01-01",
        "time_end": "2024-12-31",
        "trend_wl": 4.549686312010066,
        "quantile_99_wl": 0.8718057872350656,
        "quantile_1_wl": -0.8137706396381862,
        "trend_ss": -0.07739352498832246,
        "quantile_99_ss": 0.30791138493039644,
        "quantile_1_ss": -0.26100306874489015
      },
      "geometry": {
        "type": "Point",
        "coordinates": [
          -76.73259838180533,
          34.67925715956035
        ]
      }
    },
    {
      "type": "Feature",
      "properties": {
        "id": "0000894",
        "time_start": "1979-01-01",
        "time_end": "2024-12-31",
        "trend_wl": 4.5484085898581785,
        "quantile_99_wl": 0.8714463903293097,
        "quantile_1_wl": -0.8134327905470542,
        "trend_ss": -0.07721824394609186,
        "quantile_99_ss": 0.3077236704195883,
        "quantile_1_ss": -0.2605751233769679
      },
      "geometry": {
        "type": "Point",
        "coordinates": [
          -76.72731040439355,
          34.67816775138811
        ]
      }
    },
    {
      "type": "Feature",
      "properties": {
        "id": "0000895",
        "time_start": "1979-01-01",
        "time_end": "2024-12-31",
        "trend_wl": 4.541705466718662,
        "quantile_99_wl": 0.8708300680240961,
        "quantile_1_wl": -0.8126673976197857,
        "trend_ss": -0.07721815446725758,
        "quantile_99_ss": 0.3074740629356491,
        "quantile_1_ss": -0.2600214906756215
      },
      "geometry": {
        "type": "Point",
        "coordinates": [
          -76.72207959804007,
          34.6768314394802
        ]
      }
    },
    {
      "type": "Feature",
      "properties": {
        "id": "0000896",
        "time_start": "1979-01-01",
        "time_end": "2024-12-31",
        "trend_wl": 4.538127516005102,
        "quantile_99_wl": 0.8700135588724568,
        "quantile_1_wl": -0.8121477599449226,
        "trend_ss": -0.07721815323054333,
        "quantile_99_ss": 0.30741607254092435,
        "quantile_1_ss": -0.25991512383263704
      },
      "geometry": {
        "type": "Point",
        "coordinates": [
          -76.7168487916866,
          34.6754951275723
        ]
      }
    },
    {
      "type": "Feature",
      "properties": {
        "id": "0000897",
        "time_start": "1979-01-01",
        "time_end": "2024-12-31",
        "trend_wl": 4.535973399338573,
        "quantile_99_wl": 0.86964133341434,
        "quantile_1_wl": -0.8118684863334412,
        "trend_ss": -0.07721816821671719,
        "quantile_99_ss": 0.30737940418257914,
        "quantile_1_ss": -0.25978177189853285
      },
      "geometry": {
        "type": "Point",
        "coordinates": [
          -76.71161798533312,
          34.67415881566439
        ]
      }
    },
    {
      "type": "Feature",
      "properties": {
        "id": "0000898",
        "time_start": "1979-01-01",
        "time_end": "2024-12-31",
        "trend_wl": 4.533433853187736,
        "quantile_99_wl": 0.8689410257562306,
        "quantile_1_wl": -0.8114343283424851,
        "trend_ss": -0.07721814273394964,
        "quantile_99_ss": 0.30720540245497313,
        "quantile_1_ss": -0.25985139179276917
      },
      "geometry": {
        "type": "Point",
        "coordinates": [
          -76.70638717897964,
          34.672822503756485
        ]
      }
    },
    {
      "type": "Feature",
      "properties": {
        "id": "0000899",
        "time_start": "1979-01-01",
        "time_end": "2024-12-31",
        "trend_wl": 4.524449343745427,
        "quantile_99_wl": 0.8688684878467442,
        "quantile_1_wl": -0.8112781185039035,
        "trend_ss": -0.07721816044418715,
        "quantile_99_ss": 0.30695951643207264,
        "quantile_1_ss": -0.2596716521751914
      },
      "geometry": {
        "type": "Point",
        "coordinates": [
          -76.70141214378565,
          34.67094132394587
        ]
      }
    },
    {
      "type": "Feature",
      "properties": {
        "id": "0000900",
        "time_start": "1979-01-01",
        "time_end": "2024-12-31",
        "trend_wl": 4.5217910494482885,
        "quantile_99_wl": 0.8683247002743206,
        "quantile_1_wl": -0.8108963858884513,
        "trend_ss": -0.07721818526301383,
        "quantile_99_ss": 0.3069646776436886,
        "quantile_1_ss": -0.259615173586331
      },
      "geometry": {
        "type": "Point",
        "coordinates": [
          -76.69644399689032,
          34.669045470030255
        ]
      }
    },
    {
      "type": "Feature",
      "properties": {
        "id": "0000901",
        "time_start": "1979-01-01",
        "time_end": "2024-12-31",
        "trend_wl": 4.518670088132688,
        "quantile_99_wl": 0.8681038511432376,
        "quantile_1_wl": -0.81064437250326,
        "trend_ss": -0.07721816768148895,
        "quantile_99_ss": 0.30684010299181563,
        "quantile_1_ss": -0.25955672267322494
      },
      "geometry": {
        "type": "Point",
        "coordinates": [
          -76.691475849995,
          34.667149616114635
        ]
      }
    },
    {
      "type": "Feature",
      "properties": {
        "id": "0000902",
        "time_start": "1979-01-01",
        "time_end": "2024-12-31",
        "trend_wl": 4.508877890289611,
        "quantile_99_wl": 0.8678821729403547,
        "quantile_1_wl": -0.8102464425623512,
        "trend_ss": -0.07721818278982791,
        "quantile_99_ss": 0.30648121638366904,
        "quantile_1_ss": -0.2591201246744256
      },
      "geometry": {
        "type": "Point",
        "coordinates": [
          -76.68650770309968,
          34.66525376219902
        ]
      }
    },
    {
      "type": "Feature",
      "properties": {
        "id": "0000903",
        "time_start": "1979-01-01",
        "time_end": "2024-12-31",
        "trend_wl": 4.502790703188157,
        "quantile_99_wl": 0.8668336415043533,
        "quantile_1_wl": -0.8093674524269479,
        "trend_ss": -0.07721818113661626,
        "quantile_99_ss": 0.30627869463306656,
        "quantile_1_ss": -0.25919547122586767
      },
      "geometry": {
        "type": "Point",
        "coordinates": [
          -76.68153955620436,
          34.6633579082834
        ]
      }
    },
    {
      "type": "Feature",
      "properties": {
        "id": "0000904",
        "time_start": "1979-01-01",
        "time_end": "2024-12-31",
        "trend_wl": 4.496619914154783,
        "quantile_99_wl": 0.8663730117442635,
        "quantile_1_wl": -0.8090346520138821,
        "trend_ss": -0.07721818109833777,
        "quantile_99_ss": 0.3061555084549499,
        "quantile_1_ss": -0.258872482790773
      },
      "geometry": {
        "type": "Point",
        "coordinates": [
          -76.67627564812297,
          34.66212919247714
        ]
      }
    },
    {
      "type": "Feature",
      "properties": {
        "id": "0000905",
        "time_start": "1979-01-01",
        "time_end": "2024-12-31",
        "trend_wl": 4.488904948103334,
        "quantile_99_wl": 0.8664230927577875,
        "quantile_1_wl": -0.8088890937337304,
        "trend_ss": -0.07721817704820412,
        "quantile_99_ss": 0.30560306291698314,
        "quantile_1_ss": -0.25850095104172993
      },
      "geometry": {
        "type": "Point",
        "coordinates": [
          -76.67099343549388,
          34.66094176559557
        ]
      }
    },
    {
      "type": "Feature",
      "properties": {
        "id": "0000906",
        "time_start": "1979-01-01",
        "time_end": "2024-12-31",
        "trend_wl": 4.481276925943616,
        "quantile_99_wl": 0.865766119037591,
        "quantile_1_wl": -0.8076170620595913,
        "trend_ss": -0.07721820148709732,
        "quantile_99_ss": 0.30535186426850564,
        "quantile_1_ss": -0.25844384798111314
      },
      "geometry": {
        "type": "Point",
        "coordinates": [
          -76.6657112228648,
          34.659754338713995
        ]
      }
    },
    {
      "type": "Feature",
      "properties": {
        "id": "0000907",
        "time_start": "1979-01-01",
        "time_end": "2024-12-31",
        "trend_wl": 4.4756994276471,
        "quantile_99_wl": 0.8641338171582305,
        "quantile_1_wl": -0.8058138570940252,
        "trend_ss": -0.0772181832853769,
        "quantile_99_ss": 0.3049951508193396,
        "quantile_1_ss": -0.25742128587102264
      },
      "geometry": {
        "type": "Point",
        "coordinates": [
          -76.66042901023573,
          34.65856691183242
        ]
      }
    },
    {
      "type": "Feature",
      "properties": {
        "id": "0000908",
        "time_start": "1979-01-01",
        "time_end": "2024-12-31",
        "trend_wl": 4.467985166709781,
        "quantile_99_wl": 0.8635150840833686,
        "quantile_1_wl": -0.8050096146850949,
        "trend_ss": -0.07721816256991065,
        "quantile_99_ss": 0.304578208143643,
        "quantile_1_ss": -0.2570063243580584
      },
      "geometry": {
        "type": "Point",
        "coordinates": [
          -76.65514679760665,
          34.65737948495085
        ]
      }
    },
    {
      "type": "Feature",
      "properties": {
        "id": "0000909",
        "time_start": "1979-01-01",
        "time_end": "2024-12-31",
        "trend_wl": 4.46084518815994,
        "quantile_99_wl": 0.8626710198573738,
        "quantile_1_wl": -0.8039325897058301,
        "trend_ss": -0.07721813758322933,
        "quantile_99_ss": 0.30426358928956465,
        "quantile_1_ss": -0.25653939122451
      },
      "geometry": {
        "type": "Point",
        "coordinates": [
          -76.64986458497756,
          34.65619205806928
        ]
      }
    },
    {
      "type": "Feature",
      "properties": {
        "id": "0000910",
        "time_start": "1979-01-01",
        "time_end": "2024-12-31",
        "trend_wl": 4.456633549155514,
        "quantile_99_wl": 0.8617176075247631,
        "quantile_1_wl": -0.8031463261055773,
        "trend_ss": -0.0772181219012322,
        "quantile_99_ss": 0.30380937683571824,
        "quantile_1_ss": -0.25599430029412856
      },
      "geometry": {
        "type": "Point",
        "coordinates": [
          -76.64458237234848,
          34.65500463118771
        ]
      }
    },
    {
      "type": "Feature",
      "properties": {
        "id": "0000911",
        "time_start": "1979-01-01",
        "time_end": "2024-12-31",
        "trend_wl": 4.449517920933749,
        "quantile_99_wl": 0.8610033930707466,
        "quantile_1_wl": -0.802159162106409,
        "trend_ss": -0.07721814079893141,
        "quantile_99_ss": 0.30342487271110413,
        "quantile_1_ss": -0.2556281251280829
      },
      "geometry": {
        "type": "Point",
        "coordinates": [
          -76.6393001597194,
          34.65381720430614
        ]
      }
    },
    {
      "type": "Feature",
      "properties": {
        "id": "0000912",
        "time_start": "1979-01-01",
        "time_end": "2024-12-31",
        "trend_wl": 4.442237622679199,
        "quantile_99_wl": 0.8602791041384129,
        "quantile_1_wl": -0.8013296464343351,
        "trend_ss": -0.07721814208730593,
        "quantile_99_ss": 0.30305313975618836,
        "quantile_1_ss": -0.25522086546900863
      },
      "geometry": {
        "type": "Point",
        "coordinates": [
          -76.63401794709033,
          34.652629777424565
        ]
      }
    },
    {
      "type": "Feature",
      "properties": {
        "id": "0000913",
        "time_start": "1979-01-01",
        "time_end": "2024-12-31",
        "trend_wl": 4.434565415225939,
        "quantile_99_wl": 0.8593416877906433,
        "quantile_1_wl": -0.8004105099160707,
        "trend_ss": -0.07721813449720968,
        "quantile_99_ss": 0.3026764894777266,
        "quantile_1_ss": -0.2548193375982652
      },
      "geometry": {
        "type": "Point",
        "coordinates": [
          -76.62873573446124,
          34.65144235054299
        ]
      }
    },
    {
      "type": "Feature",
      "properties": {
        "id": "0000914",
        "time_start": "1979-01-01",
        "time_end": "2024-12-31",
        "trend_wl": 4.425429032685981,
        "quantile_99_wl": 0.8584985560756612,
        "quantile_1_wl": -0.7995178349392159,
        "trend_ss": -0.07721812612914947,
        "quantile_99_ss": 0.30217270165351956,
        "quantile_1_ss": -0.25446189452706
      },
      "geometry": {
        "type": "Point",
        "coordinates": [
          -76.62345352183216,
          34.65025492366142
        ]
      }
    },
    {
      "type": "Feature",
      "properties": {
        "id": "0000915",
        "time_start": "1979-01-01",
        "time_end": "2024-12-31",
        "trend_wl": 4.417625483428899,
        "quantile_99_wl": 0.8577254845110925,
        "quantile_1_wl": -0.7986692921081808,
        "trend_ss": -0.07721815002526913,
        "quantile_99_ss": 0.3017768683206159,
        "quantile_1_ss": -0.25396619968615974
      },
      "geometry": {
        "type": "Point",
        "coordinates": [
          -76.61817130920308,
          34.64906749677985
        ]
      }
    },
    {
      "type": "Feature",
      "properties": {
        "id": "0000916",
        "time_start": "1979-01-01",
        "time_end": "2024-12-31",
        "trend_wl": 4.409633645924999,
        "quantile_99_wl": 0.8569471798928161,
        "quantile_1_wl": -0.7977655144176269,
        "trend_ss": -0.0772181554871127,
        "quantile_99_ss": 0.3014845360064466,
        "quantile_1_ss": -0.25358919364949395
      },
      "geometry": {
        "type": "Point",
        "coordinates": [
          -76.61288909657401,
          34.64788006989828
        ]
      }
    },
    {
      "type": "Feature",
      "properties": {
        "id": "0000917",
        "time_start": "1979-01-01",
        "time_end": "2024-12-31",
        "trend_wl": 4.401871000216795,
        "quantile_99_wl": 0.8561897713376407,
        "quantile_1_wl": -0.7969440686287212,
        "trend_ss": -0.07701489908684259,
        "quantile_99_ss": 0.30097733509289976,
        "quantile_1_ss": -0.2531850658430447
      },
      "geometry": {
        "type": "Point",
        "coordinates": [
          -76.60760688394492,
          34.646692643016706
        ]
      }
    },
    {
      "type": "Feature",
      "properties": {
        "id": "0000918",
        "time_start": "1979-01-01",
        "time_end": "2024-12-31",
        "trend_wl": 4.393609860733544,
        "quantile_99_wl": 0.8555218073813268,
        "quantile_1_wl": -0.7962070735232488,
        "trend_ss": -0.07701489805087147,
        "quantile_99_ss": 0.3006096227295654,
        "quantile_1_ss": -0.2528369927851486
      },
      "geometry": {
        "type": "Point",
        "coordinates": [
          -76.60232467131584,
          34.645505216135135
        ]
      }
    },
    {
      "type": "Feature",
      "properties": {
        "id": "0000919",
        "time_start": "1979-01-01",
        "time_end": "2024-12-31",
        "trend_wl": 4.385373724413554,
        "quantile_99_wl": 0.854800548931533,
        "quantile_1_wl": -0.7953036382842134,
        "trend_ss": -0.07701489290330345,
        "quantile_99_ss": 0.30026899565179277,
        "quantile_1_ss": -0.2523041254760583
      },
      "geometry": {
        "type": "Point",
        "coordinates": [
          -76.59704245868676,
          34.64431778925356
        ]
      }
    },
    {
      "type": "Feature",
      "properties": {
        "id": "0000920",
        "time_start": "1979-01-01",
        "time_end": "2024-12-31",
        "trend_wl": 4.376792268383412,
        "quantile_99_wl": 0.8542268553248925,
        "quantile_1_wl": -0.7945339974703713,
        "trend_ss": -0.077014933761081,
        "quantile_99_ss": 0.2999777393083507,
        "quantile_1_ss": -0.25191614663413103
      },
      "geometry": {
        "type": "Point",
        "coordinates": [
          -76.59197258738183,
          34.64268027254816
        ]
      }
    },
    {
      "type": "Feature",
      "properties": {
        "id": "0000921",
        "time_start": "1979-01-01",
        "time_end": "2024-12-31",
        "trend_wl": 4.367734411500123,
        "quantile_99_wl": 0.8536261873021193,
        "quantile_1_wl": -0.7938262228644407,
        "trend_ss": -0.07701493196366084,
        "quantile_99_ss": 0.29948183491548047,
        "quantile_1_ss": -0.2515216939860532
      },
      "geometry": {
        "type": "Point",
        "coordinates": [
          -76.58709728967362,
          34.640630327427246
        ]
      }
    },
    {
      "type": "Feature",
      "properties": {
        "id": "0000922",
        "time_start": "1979-01-01",
        "time_end": "2024-12-31",
        "trend_wl": 4.3497344938375635,
        "quantile_99_wl": 0.8529093784056152,
        "quantile_1_wl": -0.7926825686411307,
        "trend_ss": -0.0770150257092813,
        "quantile_99_ss": 0.2988841342153924,
        "quantile_1_ss": -0.251072954978312
      },
      "geometry": {
        "type": "Point",
        "coordinates": [
          -76.58303686108856,
          34.63779796153688
        ]
      }
    },
    {
      "type": "Feature",
      "properties": {
        "id": "0000923",
        "time_start": "1979-01-01",
        "time_end": "2024-12-31",
        "trend_wl": 4.340229159115544,
        "quantile_99_wl": 0.8524329653154393,
        "quantile_1_wl": -0.7921305735785574,
        "trend_ss": -0.07701497778623947,
        "quantile_99_ss": 0.29857029151297443,
        "quantile_1_ss": -0.25069829891956164
      },
      "geometry": {
        "type": "Point",
        "coordinates": [
          -76.58045852970649,
          34.63390310469513
        ]
      }
    },
    {
      "type": "Feature",
      "properties": {
        "id": "0000924",
        "time_start": "1979-01-01",
        "time_end": "2024-12-31",
        "trend_wl": 4.331929389468545,
        "quantile_99_wl": 0.8520359618449335,
        "quantile_1_wl": -0.7914652958884864,
        "trend_ss": -0.0770149723732424,
        "quantile_99_ss": 0.2984951082375004,
        "quantile_1_ss": -0.2505037153917731
      },
      "geometry": {
        "type": "Point",
        "coordinates": [
          -76.57906618598601,
          34.62954674930518
        ]
      }
    },
    {
      "type": "Feature",
      "properties": {
        "id": "0000925",
        "time_start": "1979-01-01",
        "time_end": "2024-12-31",
        "trend_wl": 4.321196509186634,
        "quantile_99_wl": 0.8514899253737811,
        "quantile_1_wl": -0.790694977803896,
        "trend_ss": -0.07701498419661375,
        "quantile_99_ss": 0.29827829667626676,
        "quantile_1_ss": -0.25030271826953987
      },
      "geometry": {
        "type": "Point",
        "coordinates": [
          -76.57767384226554,
          34.625190393915226
        ]
      }
    },
    {
      "type": "Feature",
      "properties": {
        "id": "0000926",
        "time_start": "1979-01-01",
        "time_end": "2024-12-31",
        "trend_wl": 4.31232577045494,
        "quantile_99_wl": 0.8509337008934481,
        "quantile_1_wl": -0.7898756158836525,
        "trend_ss": -0.07701498540954457,
        "quantile_99_ss": 0.29833842621174284,
        "quantile_1_ss": -0.2500953710477423
      },
      "geometry": {
        "type": "Point",
        "coordinates": [
          -76.57628149854506,
          34.620834038525274
        ]
      }
    },
    {
      "type": "Feature",
      "properties": {
        "id": "0000927",
        "time_start": "1979-01-01",
        "time_end": "2024-12-31",
        "trend_wl": 4.301509501849106,
        "quantile_99_wl": 0.8501861446992933,
        "quantile_1_wl": -0.7889815493497848,
        "trend_ss": -0.07701476795960835,
        "quantile_99_ss": 0.2979619255240547,
        "quantile_1_ss": -0.24969013644710267
      },
      "geometry": {
        "type": "Point",
        "coordinates": [
          -76.57488915482459,
          34.616477683135315
        ]
      }
    },
    {
      "type": "Feature",
      "properties": {
        "id": "0000928",
        "time_start": "1979-01-01",
        "time_end": "2024-12-31",
        "trend_wl": 4.291327570452037,
        "quantile_99_wl": 0.8491992955597911,
        "quantile_1_wl": -0.787887200937215,
        "trend_ss": -0.07701500002543471,
        "quantile_99_ss": 0.297684602402237,
        "quantile_1_ss": -0.24949149644132604
      },
      "geometry": {
        "type": "Point",
        "coordinates": [
          -76.57289070434068,
          34.61231043341271
        ]
      }
    },
    {
      "type": "Feature",
      "properties": {
        "id": "0000929",
        "time_start": "1979-01-01",
        "time_end": "2024-12-31",
        "trend_wl": 4.28080858457445,
        "quantile_99_wl": 0.8481738246668197,
        "quantile_1_wl": -0.786603298792887,
        "trend_ss": -0.07701478531177168,
        "quantile_99_ss": 0.2974555478806024,
        "quantile_1_ss": -0.24906491147295987
      },
      "geometry": {
        "type": "Point",
        "coordinates": [
          -76.57042589495293,
          34.60828868794291
        ]
      }
    },
    {
      "type": "Feature",
      "properties": {
        "id": "0000930",
        "time_start": "1979-01-01",
        "time_end": "2024-12-31",
        "trend_wl": 4.269097732558663,
        "quantile_99_wl": 0.8470677198822004,
        "quantile_1_wl": -0.785224651688663,
        "trend_ss": -0.0770147963654908,
        "quantile_99_ss": 0.2970979418260866,
        "quantile_1_ss": -0.24864658094705486
      },
      "geometry": {
        "type": "Point",
        "coordinates": [
          -76.56796108556519,
          34.60426694247312
        ]
      }
    },
    {
      "type": "Feature",
      "properties": {
        "id": "0000931",
        "time_start": "1979-01-01",
        "time_end": "2024-12-31",
        "trend_wl": 4.260995240107515,
        "quantile_99_wl": 0.846167107687536,
        "quantile_1_wl": -0.7843832647109028,
        "trend_ss": -0.07701503359194024,
        "quantile_99_ss": 0.2966272010450825,
        "quantile_1_ss": -0.24831756433481517
      },
      "geometry": {
        "type": "Point",
        "coordinates": [
          -76.56549627617744,
          34.60024519700332
        ]
      }
    },
    {
      "type": "Feature",
      "properties": {
        "id": "0000932",
        "time_start": "1979-01-01",
        "time_end": "2024-12-31",
        "trend_wl": 4.249783295488631,
        "quantile_99_wl": 0.8448735270814167,
        "quantile_1_wl": -0.7828974589807303,
        "trend_ss": -0.07701504287652143,
        "quantile_99_ss": 0.2962575956245063,
        "quantile_1_ss": -0.2478009786533025
      },
      "geometry": {
        "type": "Point",
        "coordinates": [
          -76.56303146678968,
          34.59622345153352
        ]
      }
    },
    {
      "type": "Feature",
      "properties": {
        "id": "0000933",
        "time_start": "1979-01-01",
        "time_end": "2024-12-31",
        "trend_wl": 4.234201455042296,
        "quantile_99_wl": 0.8429530018457453,
        "quantile_1_wl": -0.7808535895155484,
        "trend_ss": -0.07701482329228253,
        "quantile_99_ss": 0.29579439044188394,
        "quantile_1_ss": -0.24689399397507103
      },
      "geometry": {
        "type": "Point",
        "coordinates": [
          -76.56056665740194,
          34.59220170606372
        ]
      }
    },
    {
      "type": "Feature",
      "properties": {
        "id": "0000934",
        "time_start": "1979-01-01",
        "time_end": "2024-12-31",
        "trend_wl": 4.223129280076694,
        "quantile_99_wl": 0.8416948291465429,
        "quantile_1_wl": -0.7794775528043126,
        "trend_ss": -0.07701506947746918,
        "quantile_99_ss": 0.29553425009799045,
        "quantile_1_ss": -0.24648449776345202
      },
      "geometry": {
        "type": "Point",
        "coordinates": [
          -76.55843609575159,
          34.58807231105644
        ]
      }
    },
    {
      "type": "Feature",
      "properties": {
        "id": "0000935",
        "time_start": "1979-01-01",
        "time_end": "2024-12-31",
        "trend_wl": 4.223129280370819,
        "quantile_99_wl": 0.8416948291465429,
        "quantile_1_wl": -0.7794775528043126,
        "trend_ss": -0.07701506947111836,
        "quantile_99_ss": 0.2955343290881677,
        "quantile_1_ss": -0.24648445253362133
      },
      "geometry": {
        "type": "Point",
        "coordinates": [
          -76.55692916397251,
          34.58374206662017
        ]
      }
    },
    {
      "type": "Feature",
      "properties": {
        "id": "0000936",
        "time_start": "1979-01-01",
        "time_end": "2024-12-31",
        "trend_wl": 4.20160924601143,
        "quantile_99_wl": 0.8392510945137238,
        "quantile_1_wl": -0.7770693061700072,
        "trend_ss": -0.0770151173186123,
        "quantile_99_ss": 0.29465115431453237,
        "quantile_1_ss": -0.24582683918915152
      },
      "geometry": {
        "type": "Point",
        "coordinates": [
          -76.55542223219344,
          34.57941182218389
        ]
      }
    },
    {
      "type": "Feature",
      "properties": {
        "id": "0000937",
        "time_start": "1979-01-01",
        "time_end": "2024-12-31",
        "trend_wl": 4.201609246305305,
        "quantile_99_wl": 0.8392510945137238,
        "quantile_1_wl": -0.7770693061700072,
        "trend_ss": -0.0770151173121819,
        "quantile_99_ss": 0.29465115160099403,
        "quantile_1_ss": -0.24582687251073937
      },
      "geometry": {
        "type": "Point",
        "coordinates": [
          -76.55391530041435,
          34.57508157774762
        ]
      }
    },
    {
      "type": "Feature",
      "properties": {
        "id": "0000938",
        "time_start": "1979-01-01",
        "time_end": "2024-12-31",
        "trend_wl": 4.19138844880223,
        "quantile_99_wl": 0.8379630887663384,
        "quantile_1_wl": -0.775341337427866,
        "trend_ss": -0.07701487717447787,
        "quantile_99_ss": 0.2943983562140101,
        "quantile_1_ss": -0.2451535935160716
      },
      "geometry": {
        "type": "Point",
        "coordinates": [
          -76.55240836863527,
          34.57075133331135
        ]
      }
    },
    {
      "type": "Feature",
      "properties": {
        "id": "0000939",
        "time_start": "1979-01-01",
        "time_end": "2024-12-31",
        "trend_wl": 4.1795063204827425,
        "quantile_99_wl": 0.836540800246613,
        "quantile_1_wl": -0.7733719846224784,
        "trend_ss": -0.07701511527166952,
        "quantile_99_ss": 0.2940016115463631,
        "quantile_1_ss": -0.24480654848381964
      },
      "geometry": {
        "type": "Point",
        "coordinates": [
          -76.5509014368562,
          34.566421088875074
        ]
      }
    },
    {
      "type": "Feature",
      "properties": {
        "id": "0000940",
        "time_start": "1979-01-01",
        "time_end": "2024-12-31",
        "trend_wl": 4.168169105725849,
        "quantile_99_wl": 0.8346876512444736,
        "quantile_1_wl": -0.7715707766513052,
        "trend_ss": -0.07701514209265922,
        "quantile_99_ss": 0.2934079301520123,
        "quantile_1_ss": -0.2444644492341683
      },
      "geometry": {
        "type": "Point",
        "coordinates": [
          -76.54939450507712,
          34.5620908444388
        ]
      }
    },
    {
      "type": "Feature",
      "properties": {
        "id": "0000941",
        "time_start": "1979-01-01",
        "time_end": "2024-12-31",
        "trend_wl": 4.157697051024175,
        "quantile_99_wl": 0.8333866150376873,
        "quantile_1_wl": -0.7695648043183838,
        "trend_ss": -0.07701513633119132,
        "quantile_99_ss": 0.29320346461837166,
        "quantile_1_ss": -0.244
      },
      "geometry": {
        "type": "Point",
        "coordinates": [
          -76.54703586722594,
          34.558072794438694
        ]
      }
    },
    {
      "type": "Feature",
      "properties": {
        "id": "0000942",
        "time_start": "1979-01-01",
        "time_end": "2024-12-31",
        "trend_wl": 4.146002965115212,
        "quantile_99_wl": 0.831532271654616,
        "quantile_1_wl": -0.7673971009645603,
        "trend_ss": -0.07701515318773997,
        "quantile_99_ss": 0.2927977350242734,
        "quantile_1_ss": -0.24359145302221427
      },
      "geometry": {
        "type": "Point",
        "coordinates": [
          -76.54414038013319,
          34.55425152752114
        ]
      }
    },
    {
      "type": "Feature",
      "properties": {
        "id": "0000943",
        "time_start": "1979-01-01",
        "time_end": "2024-12-31",
        "trend_wl": 4.136355463846194,
        "quantile_99_wl": 0.8297219368127678,
        "quantile_1_wl": -0.7652262121510639,
        "trend_ss": -0.07701516756082982,
        "quantile_99_ss": 0.2921681106286967,
        "quantile_1_ss": -0.24319673149978788
      },
      "geometry": {
        "type": "Point",
        "coordinates": [
          -76.54124489304043,
          34.550430260603584
        ]
      }
    },
    {
      "type": "Feature",
      "properties": {
        "id": "0000944",
        "time_start": "1979-01-01",
        "time_end": "2024-12-31",
        "trend_wl": 4.126478317607747,
        "quantile_99_wl": 0.8285118949350925,
        "quantile_1_wl": -0.7636032910803685,
        "trend_ss": -0.07701492721868602,
        "quantile_99_ss": 0.29182650076423194,
        "quantile_1_ss": -0.24270352925402405
      },
      "geometry": {
        "type": "Point",
        "coordinates": [
          -76.53834940594767,
          34.54660899368602
        ]
      }
    },
    {
      "type": "Feature",
      "properties": {
        "id": "0000945",
        "time_start": "1979-01-01",
        "time_end": "2024-12-31",
        "trend_wl": 4.110441670294924,
        "quantile_99_wl": 0.82695644674212,
        "quantile_1_wl": -0.7614833289318056,
        "trend_ss": -0.08230821826767662,
        "quantile_99_ss": 0.2909948226731972,
        "quantile_1_ss": -0.242
      },
      "geometry": {
        "type": "Point",
        "coordinates": [
          -76.53545391885491,
          34.542787726768466
        ]
      }
    },
    {
      "type": "Feature",
      "properties": {
        "id": "0000946",
        "time_start": "1979-01-01",
        "time_end": "2024-12-31",
        "trend_wl": 4.099378611002019,
        "quantile_99_wl": 0.8250259605602517,
        "quantile_1_wl": -0.7594309320006751,
        "trend_ss": -0.08230824501713463,
        "quantile_99_ss": 0.2901195724703591,
        "quantile_1_ss": -0.24160766486120996
      },
      "geometry": {
        "type": "Point",
        "coordinates": [
          -76.53255843176215,
          34.53896645985091
        ]
      }
    },
    {
      "type": "Feature",
      "properties": {
        "id": "0000947",
        "time_start": "1979-01-01",
        "time_end": "2024-12-31",
        "trend_wl": 4.089927058988684,
        "quantile_99_wl": 0.823994383692198,
        "quantile_1_wl": -0.7580290325353647,
        "trend_ss": -0.08230845839271045,
        "quantile_99_ss": 0.29001751870880443,
        "quantile_1_ss": -0.24123715424712835
      },
      "geometry": {
        "type": "Point",
        "coordinates": [
          -76.5296629446694,
          34.53514519293335
        ]
      }
    },
    {
      "type": "Feature",
      "properties": {
        "id": "0000948",
        "time_start": "1979-01-01",
        "time_end": "2024-12-31",
        "trend_wl": 4.078696299361901,
        "quantile_99_wl": 0.8222113480836886,
        "quantile_1_wl": -0.7557868869629558,
        "trend_ss": -0.08230823151376082,
        "quantile_99_ss": 0.28934476166533907,
        "quantile_1_ss": -0.2409818444168309
      },
      "geometry": {
        "type": "Point",
        "coordinates": [
          -76.52676745757664,
          34.531323926015794
        ]
      }
    },
    {
      "type": "Feature",
      "properties": {
        "id": "0000949",
        "time_start": "1979-01-01",
        "time_end": "2024-12-31",
        "trend_wl": 4.067660968889437,
        "quantile_99_wl": 0.8202659118427875,
        "quantile_1_wl": -0.753959874682643,
        "trend_ss": -0.08230849033548808,
        "quantile_99_ss": 0.2882101472660299,
        "quantile_1_ss": -0.24032958222598255
      },
      "geometry": {
        "type": "Point",
        "coordinates": [
          -76.52387197048388,
          34.52750265909824
        ]
      }
    },
    {
      "type": "Feature",
      "properties": {
        "id": "0000950",
        "time_start": "1979-01-01",
        "time_end": "2024-12-31",
        "trend_wl": 4.058773216546755,
        "quantile_99_wl": 0.8192650612634611,
        "quantile_1_wl": -0.7523427064493807,
        "trend_ss": -0.08230846254948213,
        "quantile_99_ss": 0.28849034553857705,
        "quantile_1_ss": -0.2401072438742311
      },
      "geometry": {
        "type": "Point",
        "coordinates": [
          -76.52097648339112,
          34.52368139218068
        ]
      }
    },
    {
      "type": "Feature",
      "properties": {
        "id": "0000951",
        "time_start": "1979-01-01",
        "time_end": "2024-12-31",
        "trend_wl": 4.047273489436346,
        "quantile_99_wl": 0.8173551568956214,
        "quantile_1_wl": -0.7504172152291527,
        "trend_ss": -0.08230824939439217,
        "quantile_99_ss": 0.2874251583390652,
        "quantile_1_ss": -0.2395168007909793
      },
      "geometry": {
        "type": "Point",
        "coordinates": [
          -76.51899933990022,
          34.51950269444418
        ]
      }
    },
    {
      "type": "Feature",
      "properties": {
        "id": "0000952",
        "time_start": "1979-01-01",
        "time_end": "2024-12-31",
        "trend_wl": 4.034927753075848,
        "quantile_99_wl": 0.8151740226321763,
        "quantile_1_wl": -0.7482892848199286,
        "trend_ss": -0.0823082726918203,
        "quantile_99_ss": 0.2863530518978525,
        "quantile_1_ss": -0.23928591144939243
      },
      "geometry": {
        "type": "Point",
        "coordinates": [
          -76.51725195962538,
          34.51523456998948
        ]
      }
    },
    {
      "type": "Feature",
      "properties": {
        "id": "0000953",
        "time_start": "1979-01-01",
        "time_end": "2024-12-31",
        "trend_wl": 4.026849446721017,
        "quantile_99_wl": 0.8145876179608066,
        "quantile_1_wl": -0.7470759510644566,
        "trend_ss": -0.0823082471266739,
        "quantile_99_ss": 0.2866116534680411,
        "quantile_1_ss": -0.2390132693255858
      },
      "geometry": {
        "type": "Point",
        "coordinates": [
          -76.51550457935056,
          34.510966445534784
        ]
      }
    },
    {
      "type": "Feature",
      "properties": {
        "id": "0000954",
        "time_start": "1979-01-01",
        "time_end": "2024-12-31",
        "trend_wl": 4.016796691561861,
        "quantile_99_wl": 0.8136708167930734,
        "quantile_1_wl": -0.7457373366049916,
        "trend_ss": -0.08230824524198033,
        "quantile_99_ss": 0.28625535802952656,
        "quantile_1_ss": -0.2385156864814338
      },
      "geometry": {
        "type": "Point",
        "coordinates": [
          -76.51375719907574,
          34.506698321080094
        ]
      }
    },
    {
      "type": "Feature",
      "properties": {
        "id": "0000955",
        "time_start": "1979-01-01",
        "time_end": "2024-12-31",
        "trend_wl": 4.007005726652219,
        "quantile_99_wl": 0.8120033109767449,
        "quantile_1_wl": -0.7441505382818067,
        "trend_ss": -0.08230851777431807,
        "quantile_99_ss": 0.2849715949494604,
        "quantile_1_ss": -0.23840469280579013
      },
      "geometry": {
        "type": "Point",
        "coordinates": [
          -76.5120098188009,
          34.5024301966254
        ]
      }
    },
    {
      "type": "Feature",
      "properties": {
        "id": "0000956",
        "time_start": "1979-01-01",
        "time_end": "2024-12-31",
        "trend_wl": 3.9956566590777256,
        "quantile_99_wl": 0.8105569964232192,
        "quantile_1_wl": -0.741877530709822,
        "trend_ss": -0.08230829577862644,
        "quantile_99_ss": 0.2850110222190876,
        "quantile_1_ss": -0.2381857120422696
      },
      "geometry": {
        "type": "Point",
        "coordinates": [
          -76.51026243852608,
          34.4981620721707
        ]
      }
    },
    {
      "type": "Feature",
      "properties": {
        "id": "0000957",
        "time_start": "1979-01-01",
        "time_end": "2024-12-31",
        "trend_wl": 3.9826253285679716,
        "quantile_99_wl": 0.8092261414563439,
        "quantile_1_wl": -0.7400384673593119,
        "trend_ss": -0.08230826406644505,
        "quantile_99_ss": 0.28524297896112133,
        "quantile_1_ss": -0.2374412188246919
      },
      "geometry": {
        "type": "Point",
        "coordinates": [
          -76.50851505825126,
          34.493893947716
        ]
      }
    },
    {
      "type": "Feature",
      "properties": {
        "id": "0000958",
        "time_start": "1979-01-01",
        "time_end": "2024-12-31",
        "trend_wl": 3.972278923507017,
        "quantile_99_wl": 0.8071598483829506,
        "quantile_1_wl": -0.7377855966278273,
        "trend_ss": -0.08230828701407132,
        "quantile_99_ss": 0.28416907478390774,
        "quantile_1_ss": -0.23724037331068235
      },
      "geometry": {
        "type": "Point",
        "coordinates": [
          -76.50676767797644,
          34.489625823261306
        ]
      }
    },
    {
      "type": "Feature",
      "properties": {
        "id": "0000959",
        "time_start": "1979-01-01",
        "time_end": "2024-12-31",
        "trend_wl": 3.960305483603185,
        "quantile_99_wl": 0.8058816537983279,
        "quantile_1_wl": -0.7367504464132452,
        "trend_ss": -0.08230811803233844,
        "quantile_99_ss": 0.28261638784160575,
        "quantile_1_ss": -0.23644230829547788
      },
      "geometry": {
        "type": "Point",
        "coordinates": [
          -76.5050202977016,
          34.48535769880661
        ]
      }
    },
    {
      "type": "Feature",
      "properties": {
        "id": "0000960",
        "time_start": "1979-01-01",
        "time_end": "2024-12-31",
        "trend_wl": 3.949195713126113,
        "quantile_99_wl": 0.8049390626185098,
        "quantile_1_wl": -0.7356293936170877,
        "trend_ss": -0.08230830270407054,
        "quantile_99_ss": 0.2812567814945471,
        "quantile_1_ss": -0.23599748805302811
      },
      "geometry": {
        "type": "Point",
        "coordinates": [
          -76.50320675673754,
          34.481120181245764
        ]
      }
    },
    {
      "type": "Feature",
      "properties": {
        "id": "0000961",
        "time_start": "1979-01-01",
        "time_end": "2024-12-31",
        "trend_wl": 3.9491957133541233,
        "quantile_99_wl": 0.8049390626185098,
        "quantile_1_wl": -0.7356293936170877,
        "trend_ss": -0.08230830269825738,
        "quantile_99_ss": 0.28125669707398204,
        "quantile_1_ss": -0.2359974720495875
      },
      "geometry": {
        "type": "Point",
        "coordinates": [
          -76.49969917128949,
          34.47766635321851
        ]
      }
    },
    {
      "type": "Feature",
      "properties": {
        "id": "0000962",
        "time_start": "1979-01-01",
        "time_end": "2024-12-31",
        "trend_wl": 3.9388778313027077,
        "quantile_99_wl": 0.8035055446949096,
        "quantile_1_wl": -0.7335395675081157,
        "trend_ss": -0.08230831886617518,
        "quantile_99_ss": 0.28089416671474243,
        "quantile_1_ss": -0.23559869913076184
      },
      "geometry": {
        "type": "Point",
        "coordinates": [
          -76.49619158584144,
          34.47421252519125
        ]
      }
    },
    {
      "type": "Feature",
      "properties": {
        "id": "0000963",
        "time_start": "1979-01-01",
        "time_end": "2024-12-31",
        "trend_wl": 3.9215373018330744,
        "quantile_99_wl": 0.8001667202556575,
        "quantile_1_wl": -0.7293170914405323,
        "trend_ss": -0.08230832072445568,
        "quantile_99_ss": 0.28179637378144146,
        "quantile_1_ss": -0.2363096787033586
      },
      "geometry": {
        "type": "Point",
        "coordinates": [
          -76.49268400039338,
          34.470758697163994
        ]
      }
    },
    {
      "type": "Feature",
      "properties": {
        "id": "0000964",
        "time_start": "1979-01-01",
        "time_end": "2024-12-31",
        "trend_wl": 3.908244008236049,
        "quantile_99_wl": 0.7980615635959112,
        "quantile_1_wl": -0.7269362091351528,
        "trend_ss": -0.08230832047500361,
        "quantile_99_ss": 0.28102546827678754,
        "quantile_1_ss": -0.23501337171634376
      },
      "geometry": {
        "type": "Point",
        "coordinates": [
          -76.48917641494533,
          34.46730486913674
        ]
      }
    },
    {
      "type": "Feature",
      "properties": {
        "id": "0000965",
        "time_start": "1979-01-01",
        "time_end": "2024-12-31",
        "trend_wl": 3.8907374502861924,
        "quantile_99_wl": 0.7943318209789978,
        "quantile_1_wl": -0.7228108614767933,
        "trend_ss": -0.08230835797023893,
        "quantile_99_ss": 0.2792744269598006,
        "quantile_1_ss": -0.23561148224161754
      },
      "geometry": {
        "type": "Point",
        "coordinates": [
          -76.48566882949727,
          34.463851041109486
        ]
      }
    },
    {
      "type": "Feature",
      "properties": {
        "id": "0000966",
        "time_start": "1979-01-01",
        "time_end": "2024-12-31",
        "trend_wl": 3.890737450444467,
        "quantile_99_wl": 0.7943318209789978,
        "quantile_1_wl": -0.7228108614767933,
        "trend_ss": -0.08230835796640383,
        "quantile_99_ss": 0.2792744507572085,
        "quantile_1_ss": -0.2356114364865997
      },
      "geometry": {
        "type": "Point",
        "coordinates": [
          -76.48108862993791,
          34.46142470059711
        ]
      }
    },
    {
      "type": "Feature",
      "properties": {
        "id": "0000967",
        "time_start": "1979-01-01",
        "time_end": "2024-12-31",
        "trend_wl": 3.8781039090270446,
        "quantile_99_wl": 0.7928429317732546,
        "quantile_1_wl": -0.72072828380957,
        "trend_ss": -0.08230838141200068,
        "quantile_99_ss": 0.27808638448067613,
        "quantile_1_ss": -0.23342259525036493
      },
      "geometry": {
        "type": "Point",
        "coordinates": [
          -76.47631962431322,
          34.459495386743065
        ]
      }
    },
    {
      "type": "Feature",
      "properties": {
        "id": "0000968",
        "time_start": "1979-01-01",
        "time_end": "2024-12-31",
        "trend_wl": 3.867027316294532,
        "quantile_99_wl": 0.7885260499909555,
        "quantile_1_wl": -0.7156434577229426,
        "trend_ss": -0.08230838819708415,
        "quantile_99_ss": 0.28097040439632176,
        "quantile_1_ss": -0.23958960194073645
      },
      "geometry": {
        "type": "Point",
        "coordinates": [
          -76.47090706732203,
          34.460107101665
        ]
      }
    },
    {
      "type": "Feature",
      "properties": {
        "id": "0000969",
        "time_start": "1979-01-01",
        "time_end": "2024-12-31",
        "trend_wl": 3.8670273789432112,
        "quantile_99_wl": 0.7885260499909555,
        "quantile_1_wl": -0.7156434577229426,
        "trend_ss": -0.08230839668873974,
        "quantile_99_ss": 0.28094725984448693,
        "quantile_1_ss": -0.2395897847214838
      },
      "geometry": {
        "type": "Point",
        "coordinates": [
          -76.4670679629779,
          34.46267842192828
        ]
      }
    },
    {
      "type": "Feature",
      "properties": {
        "id": "0000970",
        "time_start": "1979-01-01",
        "time_end": "2024-12-31",
        "trend_wl": 3.8697022098319795,
        "quantile_99_wl": 0.7837529357771227,
        "quantile_1_wl": -0.70997662729814,
        "trend_ss": -0.08230858744194312,
        "quantile_99_ss": 0.2860619510574837,
        "quantile_1_ss": -0.24041846098057051
      },
      "geometry": {
        "type": "Point",
        "coordinates": [
          -76.46427141862708,
          34.46654816457206
        ]
      }
    },
    {
      "type": "Feature",
      "properties": {
        "id": "0000971",
        "time_start": "1979-01-01",
        "time_end": "2024-12-31",
        "trend_wl": 3.869702240167879,
        "quantile_99_wl": 0.7837430009808471,
        "quantile_1_wl": -0.70997662729814,
        "trend_ss": -0.08230883152890042,
        "quantile_99_ss": 0.28600000000000003,
        "quantile_1_ss": -0.2404048350247286
      },
      "geometry": {
        "type": "Point",
        "coordinates": [
          -76.46147487427626,
          34.47041790721583
        ]
      }
    },
    {
      "type": "Feature",
      "properties": {
        "id": "0000972",
        "time_start": "1979-01-01",
        "time_end": "2024-12-31",
        "trend_wl": 3.8764106218026746,
        "quantile_99_wl": 0.7810512303074865,
        "quantile_1_wl": -0.7063786628253063,
        "trend_ss": -0.08230885385387024,
        "quantile_99_ss": 0.2905701282980197,
        "quantile_1_ss": -0.24015381816080908
      },
      "geometry": {
        "type": "Point",
        "coordinates": [
          -76.45867832992545,
          34.474287649859605
        ]
      }
    },
    {
      "type": "Feature",
      "properties": {
        "id": "0000973",
        "time_start": "1979-01-01",
        "time_end": "2024-12-31",
        "trend_wl": 3.876410621546819,
        "quantile_99_wl": 0.7810512303074865,
        "quantile_1_wl": -0.7063786628253063,
        "trend_ss": -0.08230885385193504,
        "quantile_99_ss": 0.29057012055482584,
        "quantile_1_ss": -0.24015385766078906
      },
      "geometry": {
        "type": "Point",
        "coordinates": [
          -76.45651693472932,
          34.478328155808285
        ]
      }
    },
    {
      "type": "Feature",
      "properties": {
        "id": "0000974",
        "time_start": "1979-01-01",
        "time_end": "2024-12-31",
        "trend_wl": 3.876410591025419,
        "quantile_99_wl": 0.7810756791480294,
        "quantile_1_wl": -0.7063786628253063,
        "trend_ss": -0.08230860949095123,
        "quantile_99_ss": 0.29059296025100717,
        "quantile_1_ss": -0.24018486973809774
      },
      "geometry": {
        "type": "Point",
        "coordinates": [
          -76.45600877805545,
          34.48281314392586
        ]
      }
    },
    {
      "type": "Feature",
      "properties": {
        "id": "0000975",
        "time_start": "1979-01-01",
        "time_end": "2024-12-31",
        "trend_wl": 3.8950660603203495,
        "quantile_99_wl": 0.7815346961688179,
        "quantile_1_wl": -0.7069074714095218,
        "trend_ss": -0.0823085792757384,
        "quantile_99_ss": 0.2914853524863384,
        "quantile_1_ss": -0.24107137814977192
      },
      "geometry": {
        "type": "Point",
        "coordinates": [
          -76.45550062138157,
          34.487298132043435
        ]
      }
    },
    {
      "type": "Feature",
      "properties": {
        "id": "0000976",
        "time_start": "1979-01-01",
        "time_end": "2024-12-31",
        "trend_wl": 3.8974862511285515,
        "quantile_99_wl": 0.7794249839721712,
        "quantile_1_wl": -0.704383360776009,
        "trend_ss": -0.08230883270562021,
        "quantile_99_ss": 0.2939006244652534,
        "quantile_1_ss": -0.2417102799470061
      },
      "geometry": {
        "type": "Point",
        "coordinates": [
          -76.45499246470771,
          34.49178312016101
        ]
      }
    },
    {
      "type": "Feature",
      "properties": {
        "id": "0000977",
        "time_start": "1979-01-01",
        "time_end": "2024-12-31",
        "trend_wl": 3.8974862211273966,
        "quantile_99_wl": 0.7794249839721712,
        "quantile_1_wl": -0.704383360776009,
        "trend_ss": -0.0823085886470509,
        "quantile_99_ss": 0.2938549459778671,
        "quantile_1_ss": -0.24174535415957732
      },
      "geometry": {
        "type": "Point",
        "coordinates": [
          -76.4559879197152,
          34.49607126768749
        ]
      }
    },
    {
      "type": "Feature",
      "properties": {
        "id": "0000978",
        "time_start": "1979-01-01",
        "time_end": "2024-12-31",
        "trend_wl": 3.913410369463121,
        "quantile_99_wl": 0.780381620191562,
        "quantile_1_wl": -0.7048628945505577,
        "trend_ss": -0.08230881789943398,
        "quantile_99_ss": 0.29506497128278814,
        "quantile_1_ss": -0.24241766275984344
      },
      "geometry": {
        "type": "Point",
        "coordinates": [
          -76.45815783712642,
          34.50020566416465
        ]
      }
    },
    {
      "type": "Feature",
      "properties": {
        "id": "0000979",
        "time_start": "1979-01-01",
        "time_end": "2024-12-31",
        "trend_wl": 3.9248311082494807,
        "quantile_99_wl": 0.7823769825374465,
        "quantile_1_wl": -0.7063387783098001,
        "trend_ss": -0.0823085037901109,
        "quantile_99_ss": 0.296293675154168,
        "quantile_1_ss": -0.24331626499719577
      },
      "geometry": {
        "type": "Point",
        "coordinates": [
          -76.46032775453764,
          34.504340060641816
        ]
      }
    },
    {
      "type": "Feature",
      "properties": {
        "id": "0000980",
        "time_start": "1979-01-01",
        "time_end": "2024-12-31",
        "trend_wl": 3.937232789306153,
        "quantile_99_wl": 0.7818925039564262,
        "quantile_1_wl": -0.7052786206501104,
        "trend_ss": -0.08230871159845937,
        "quantile_99_ss": 0.29849459254450234,
        "quantile_1_ss": -0.24471138525807942
      },
      "geometry": {
        "type": "Point",
        "coordinates": [
          -76.46249767194887,
          34.50847445711898
        ]
      }
    },
    {
      "type": "Feature",
      "properties": {
        "id": "0000981",
        "time_start": "1979-01-01",
        "time_end": "2024-12-31",
        "trend_wl": 3.937232949597379,
        "quantile_99_wl": 0.7818925039564262,
        "quantile_1_wl": -0.7052936014655691,
        "trend_ss": -0.08230854415590086,
        "quantile_99_ss": 0.29847995105171654,
        "quantile_1_ss": -0.24473670132582884
      },
      "geometry": {
        "type": "Point",
        "coordinates": [
          -76.46466758936009,
          34.51260885359614
        ]
      }
    },
    {
      "type": "Feature",
      "properties": {
        "id": "0000982",
        "time_start": "1979-01-01",
        "time_end": "2024-12-31",
        "trend_wl": 3.9489676772638562,
        "quantile_99_wl": 0.7812963739389924,
        "quantile_1_wl": -0.704135705281471,
        "trend_ss": -0.0823086729955899,
        "quantile_99_ss": 0.3013035269444501,
        "quantile_1_ss": -0.24604922648660055
      },
      "geometry": {
        "type": "Point",
        "coordinates": [
          -76.46683750677131,
          34.516743250073304
        ]
      }
    },
    {
      "type": "Feature",
      "properties": {
        "id": "0000983",
        "time_start": "1979-01-01",
        "time_end": "2024-12-31",
        "trend_wl": 3.961434451870142,
        "quantile_99_wl": 0.7815332040666958,
        "quantile_1_wl": -0.7039897283340044,
        "trend_ss": -0.08230865329675352,
        "quantile_99_ss": 0.30225498049815225,
        "quantile_1_ss": -0.24642793407725086
      },
      "geometry": {
        "type": "Point",
        "coordinates": [
          -76.46900742418254,
          34.52087764655047
        ]
      }
    },
    {
      "type": "Feature",
      "properties": {
        "id": "0000984",
        "time_start": "1979-01-01",
        "time_end": "2024-12-31",
        "trend_wl": 3.9716555175104844,
        "quantile_99_wl": 0.7810682043329782,
        "quantile_1_wl": -0.7037481560791429,
        "trend_ss": -0.08230873816571094,
        "quantile_99_ss": 0.30350319248308877,
        "quantile_1_ss": -0.24719603577671262
      },
      "geometry": {
        "type": "Point",
        "coordinates": [
          -76.47087166719754,
          34.5251039116713
        ]
      }
    },
    {
      "type": "Feature",
      "properties": {
        "id": "0000985",
        "time_start": "1979-01-01",
        "time_end": "2024-12-31",
        "trend_wl": 3.982294287795331,
        "quantile_99_wl": 0.7806147268089992,
        "quantile_1_wl": -0.7033841552936819,
        "trend_ss": -0.08230861792165299,
        "quantile_99_ss": 0.30439992521596204,
        "quantile_1_ss": -0.24768140824664583
      },
      "geometry": {
        "type": "Point",
        "coordinates": [
          -76.47243845708934,
          34.529419574580515
        ]
      }
    },
    {
      "type": "Feature",
      "properties": {
        "id": "0000986",
        "time_start": "1979-01-01",
        "time_end": "2024-12-31",
        "trend_wl": 3.98229428753019,
        "quantile_99_wl": 0.7806147268089992,
        "quantile_1_wl": -0.7033841552936819,
        "trend_ss": -0.08230861791958409,
        "quantile_99_ss": 0.30439994182036073,
        "quantile_1_ss": -0.24768146054852114
      },
      "geometry": {
        "type": "Point",
        "coordinates": [
          -76.47400524698115,
          34.53373523748972
        ]
      }
    },
    {
      "type": "Feature",
      "properties": {
        "id": "0000987",
        "time_start": "1979-01-01",
        "time_end": "2024-12-31",
        "trend_wl": 3.9926132229777194,
        "quantile_99_wl": 0.7801589590548276,
        "quantile_1_wl": -0.7030089869647079,
        "trend_ss": -0.08230859597731889,
        "quantile_99_ss": 0.305620268619833,
        "quantile_1_ss": -0.24827730439136717
      },
      "geometry": {
        "type": "Point",
        "coordinates": [
          -76.47557203687295,
          34.53805090039893
        ]
      }
    },
    {
      "type": "Feature",
      "properties": {
        "id": "0000988",
        "time_start": "1979-01-01",
        "time_end": "2024-12-31",
        "trend_wl": 4.0035397282617415,
        "quantile_99_wl": 0.7797951626252183,
        "quantile_1_wl": -0.7026608312282634,
        "trend_ss": -0.08230857435836161,
        "quantile_99_ss": 0.3069867456515572,
        "quantile_1_ss": -0.24871669269505803
      },
      "geometry": {
        "type": "Point",
        "coordinates": [
          -76.47713882676474,
          34.54236656330814
        ]
      }
    },
    {
      "type": "Feature",
      "properties": {
        "id": "0000989",
        "time_start": "1979-01-01",
        "time_end": "2024-12-31",
        "trend_wl": 4.015447060572037,
        "quantile_99_wl": 0.7792803787168675,
        "quantile_1_wl": -0.7020691296232554,
        "trend_ss": -0.08230856343900235,
        "quantile_99_ss": 0.3082746354857083,
        "quantile_1_ss": -0.24906520537125387
      },
      "geometry": {
        "type": "Point",
        "coordinates": [
          -76.47870561665655,
          34.54668222621735
        ]
      }
    },
    {
      "type": "Feature",
      "properties": {
        "id": "0000990",
        "time_start": "1979-01-01",
        "time_end": "2024-12-31",
        "trend_wl": 4.027319375245604,
        "quantile_99_wl": 0.7786940601211583,
        "quantile_1_wl": -0.7017571481608995,
        "trend_ss": -0.08230855227507845,
        "quantile_99_ss": 0.309480460625229,
        "quantile_1_ss": -0.24959182305764283
      },
      "geometry": {
        "type": "Point",
        "coordinates": [
          -76.48027240654835,
          34.550997889126556
        ]
      }
    },
    {
      "type": "Feature",
      "properties": {
        "id": "0000991",
        "time_start": "1979-01-01",
        "time_end": "2024-12-31",
        "trend_wl": 4.038403792272633,
        "quantile_99_wl": 0.7784909632558709,
        "quantile_1_wl": -0.7016200720728246,
        "trend_ss": -0.08230867405345603,
        "quantile_99_ss": 0.31039588135752155,
        "quantile_1_ss": -0.24983695766156672
      },
      "geometry": {
        "type": "Point",
        "coordinates": [
          -76.48183919644015,
          34.55531355203577
        ]
      }
    },
    {
      "type": "Feature",
      "properties": {
        "id": "0000992",
        "time_start": "1979-01-01",
        "time_end": "2024-12-31",
        "trend_wl": 4.0469575769310655,
        "quantile_99_wl": 0.7795103462222016,
        "quantile_1_wl": -0.7021830822266772,
        "trend_ss": -0.08230828605737998,
        "quantile_99_ss": 0.3114958047622386,
        "quantile_1_ss": -0.2504080476431707
      },
      "geometry": {
        "type": "Point",
        "coordinates": [
          -76.48340598633196,
          34.55962921494498
        ]
      }
    },
    {
      "type": "Feature",
      "properties": {
        "id": "0000993",
        "time_start": "1979-01-01",
        "time_end": "2024-12-31",
        "trend_wl": 4.049428113605063,
        "quantile_99_wl": 0.7784035187965797,
        "quantile_1_wl": -0.7012540682979544,
        "trend_ss": -0.08230866545701349,
        "quantile_99_ss": 0.31125567487796657,
        "quantile_1_ss": -0.25010709618549304
      },
      "geometry": {
        "type": "Point",
        "coordinates": [
          -76.48410826994355,
          34.56408326672737
        ]
      }
    },
    {
      "type": "Feature",
      "properties": {
        "id": "0000994",
        "time_start": "1979-01-01",
        "time_end": "2024-12-31",
        "trend_wl": 4.0597663294011745,
        "quantile_99_wl": 0.7782730497257337,
        "quantile_1_wl": -0.701051020506107,
        "trend_ss": -0.08230850918488011,
        "quantile_99_ss": 0.3123092998338374,
        "quantile_1_ss": -0.25070420647205344
      },
      "geometry": {
        "type": "Point",
        "coordinates": [
          -76.48461760678337,
          34.56856820514061
        ]
      }
    },
    {
      "type": "Feature",
      "properties": {
        "id": "0000995",
        "time_start": "1979-01-01",
        "time_end": "2024-12-31",
        "trend_wl": 4.070362422690447,
        "quantile_99_wl": 0.7779312999609456,
        "quantile_1_wl": -0.7007136954672601,
        "trend_ss": -0.08230849167607308,
        "quantile_99_ss": 0.3129114943323499,
        "quantile_1_ss": -0.25113138002263014
      },
      "geometry": {
        "type": "Point",
        "coordinates": [
          -76.4851269436232,
          34.573053143553835
        ]
      }
    },
    {
      "type": "Feature",
      "properties": {
        "id": "0000996",
        "time_start": "1979-01-01",
        "time_end": "2024-12-31",
        "trend_wl": 4.082532220161819,
        "quantile_99_wl": 0.7772952308260686,
        "quantile_1_wl": -0.7003899940386366,
        "trend_ss": -0.08230847656081494,
        "quantile_99_ss": 0.313622891862657,
        "quantile_1_ss": -0.25169684101497747
      },
      "geometry": {
        "type": "Point",
        "coordinates": [
          -76.48563628046303,
          34.57753808196707
        ]
      }
    },
    {
      "type": "Feature",
      "properties": {
        "id": "0000997",
        "time_start": "1979-01-01",
        "time_end": "2024-12-31",
        "trend_wl": 4.0825322198912,
        "quantile_99_wl": 0.7772952308260686,
        "quantile_1_wl": -0.7003899940386366,
        "trend_ss": -0.08230847656008883,
        "quantile_99_ss": 0.31362289552524697,
        "quantile_1_ss": -0.2516968183720874
      },
      "geometry": {
        "type": "Point",
        "coordinates": [
          -76.48614561730285,
          34.5820230203803
        ]
      }
    },
    {
      "type": "Feature",
      "properties": {
        "id": "0000998",
        "time_start": "1979-01-01",
        "time_end": "2024-12-31",
        "trend_wl": 4.09340171615597,
        "quantile_99_wl": 0.77581127790145,
        "quantile_1_wl": -0.6995654290858869,
        "trend_ss": -0.0823085009579027,
        "quantile_99_ss": 0.31342012078177717,
        "quantile_1_ss": -0.25135614750104196
      },
      "geometry": {
        "type": "Point",
        "coordinates": [
          -76.48629738713743,
          34.586495720692795
        ]
      }
    },
    {
      "type": "Feature",
      "properties": {
        "id": "0000999",
        "time_start": "1979-01-01",
        "time_end": "2024-12-31",
        "trend_wl": 4.097571525025652,
        "quantile_99_wl": 0.7752584087407903,
        "quantile_1_wl": -0.6990592808696106,
        "trend_ss": -0.08230850982837816,
        "quantile_99_ss": 0.31320158963741856,
        "quantile_1_ss": -0.2512028595330376
      },
      "geometry": {
        "type": "Point",
        "coordinates": [
          -76.48533721278257,
          34.590930363564866
        ]
      }
    },
    {
      "type": "Feature",
      "properties": {
        "id": "0001000",
        "time_start": "1979-01-01",
        "time_end": "2024-12-31",
        "trend_wl": 4.1082056044150255,
        "quantile_99_wl": 0.7747569329208808,
        "quantile_1_wl": -0.6988995763958127,
        "trend_ss": -0.08230864279200571,
        "quantile_99_ss": 0.31381802134191095,
        "quantile_1_ss": -0.25165145658013394
      },
      "geometry": {
        "type": "Point",
        "coordinates": [
          -76.4843770384277,
          34.59536500643693
        ]
      }
    },
    {
      "type": "Feature",
      "properties": {
        "id": "0001001",
        "time_start": "1979-01-01",
        "time_end": "2024-12-31",
        "trend_wl": 4.112327410285308,
        "quantile_99_wl": 0.7738910873884564,
        "quantile_1_wl": -0.6982325169139962,
        "trend_ss": -0.08230851493369816,
        "quantile_99_ss": 0.3131959841551939,
        "quantile_1_ss": -0.2513100105006056
      },
      "geometry": {
        "type": "Point",
        "coordinates": [
          -76.48341686407284,
          34.599799649309
        ]
      }
    },
    {
      "type": "Feature",
      "properties": {
        "id": "0001002",
        "time_start": "1979-01-01",
        "time_end": "2024-12-31",
        "trend_wl": 4.116195572808698,
        "quantile_99_wl": 0.7732974021618207,
        "quantile_1_wl": -0.6975312520291096,
        "trend_ss": -0.08230867637665218,
        "quantile_99_ss": 0.3122677017735138,
        "quantile_1_ss": -0.25074909635048354
      },
      "geometry": {
        "type": "Point",
        "coordinates": [
          -76.48245668971796,
          34.60423429218106
        ]
      }
    },
    {
      "type": "Feature",
      "properties": {
        "id": "0001003",
        "time_start": "1979-01-01",
        "time_end": "2024-12-31",
        "trend_wl": 4.126903797729446,
        "quantile_99_wl": 0.7730039515609813,
        "quantile_1_wl": -0.6975183821130249,
        "trend_ss": -0.08230848653058223,
        "quantile_99_ss": 0.3126552382687303,
        "quantile_1_ss": -0.2511560903097238
      },
      "geometry": {
        "type": "Point",
        "coordinates": [
          -76.4814965153631,
          34.60866893505313
        ]
      }
    },
    {
      "type": "Feature",
      "properties": {
        "id": "0001004",
        "time_start": "1979-01-01",
        "time_end": "2024-12-31",
        "trend_wl": 4.130867658529943,
        "quantile_99_wl": 0.7723968972065682,
        "quantile_1_wl": -0.6968561341058771,
        "trend_ss": -0.08230855780723106,
        "quantile_99_ss": 0.3123917563919465,
        "quantile_1_ss": -0.250744451703388
      },
      "geometry": {
        "type": "Point",
        "coordinates": [
          -76.48053634100823,
          34.613103577925195
        ]
      }
    },
    {
      "type": "Feature",
      "properties": {
        "id": "0001005",
        "time_start": "1979-01-01",
        "time_end": "2024-12-31",
        "trend_wl": 4.142382410364856,
        "quantile_99_wl": 0.7723294236838798,
        "quantile_1_wl": -0.6968958095718881,
        "trend_ss": -0.08230863895250995,
        "quantile_99_ss": 0.3125965516926298,
        "quantile_1_ss": -0.25106065047895004
      },
      "geometry": {
        "type": "Point",
        "coordinates": [
          -76.47957616665337,
          34.617538220797265
        ]
      }
    },
    {
      "type": "Feature",
      "properties": {
        "id": "0001006",
        "time_start": "1979-01-01",
        "time_end": "2024-12-31",
        "trend_wl": 4.146122316684285,
        "quantile_99_wl": 0.7715756642785085,
        "quantile_1_wl": -0.6963008211653637,
        "trend_ss": -0.08230856407433025,
        "quantile_99_ss": 0.3122038437531396,
        "quantile_1_ss": -0.2507544619465208
      },
      "geometry": {
        "type": "Point",
        "coordinates": [
          -76.4786159922985,
          34.621972863669335
        ]
      }
    },
    {
      "type": "Feature",
      "properties": {
        "id": "0001007",
        "time_start": "1979-01-01",
        "time_end": "2024-12-31",
        "trend_wl": 4.14612244621598,
        "quantile_99_wl": 0.7715756642785085,
        "quantile_1_wl": -0.6963008211653637,
        "trend_ss": -0.08230868436218614,
        "quantile_99_ss": 0.3122228869277886,
        "quantile_1_ss": -0.2507428184707827
      },
      "geometry": {
        "type": "Point",
        "coordinates": [
          -76.47765581794363,
          34.6264075065414
        ]
      }
    },
    {
      "type": "Feature",
      "properties": {
        "id": "0001008",
        "time_start": "1979-01-01",
        "time_end": "2024-12-31",
        "trend_wl": 4.149840824534674,
        "quantile_99_wl": 0.770973657590857,
        "quantile_1_wl": -0.6959543817348449,
        "trend_ss": -0.0823085345032813,
        "quantile_99_ss": 0.31174915290309435,
        "quantile_1_ss": -0.25034757551286035
      },
      "geometry": {
        "type": "Point",
        "coordinates": [
          -76.47669564358877,
          34.63084214941347
        ]
      }
    },
    {
      "type": "Feature",
      "properties": {
        "id": "0001009",
        "time_start": "1979-01-01",
        "time_end": "2024-12-31",
        "trend_wl": 4.163103747112084,
        "quantile_99_wl": 0.7706118595491738,
        "quantile_1_wl": -0.6957913948904125,
        "trend_ss": -0.0823086061262802,
        "quantile_99_ss": 0.31196157481013337,
        "quantile_1_ss": -0.25050956096294197
      },
      "geometry": {
        "type": "Point",
        "coordinates": [
          -76.4757354692339,
          34.63527679228553
        ]
      }
    },
    {
      "type": "Feature",
      "properties": {
        "id": "0001010",
        "time_start": "1979-01-01",
        "time_end": "2024-12-31",
        "trend_wl": 4.163103746855617,
        "quantile_99_wl": 0.7706118595491738,
        "quantile_1_wl": -0.6957913948904125,
        "trend_ss": -0.08230860612610327,
        "quantile_99_ss": 0.3119615517877429,
        "quantile_1_ss": -0.2505095265168034
      },
      "geometry": {
        "type": "Point",
        "coordinates": [
          -76.47396012604504,
          34.63953612613974
        ]
      }
    },
    {
      "type": "Feature",
      "properties": {
        "id": "0001011",
        "time_start": "1979-01-01",
        "time_end": "2024-12-31",
        "trend_wl": 4.165815999891013,
        "quantile_99_wl": 0.7701446875313787,
        "quantile_1_wl": -0.6956524553804453,
        "trend_ss": -0.08230850019524126,
        "quantile_99_ss": 0.3113830695406229,
        "quantile_1_ss": -0.25014858660452777
      },
      "geometry": {
        "type": "Point",
        "coordinates": [
          -76.47215823398949,
          34.64378975043347
        ]
      }
    },
    {
      "type": "Feature",
      "properties": {
        "id": "0001012",
        "time_start": "1979-01-01",
        "time_end": "2024-12-31",
        "trend_wl": 4.168000577410902,
        "quantile_99_wl": 0.769622429111892,
        "quantile_1_wl": -0.6952755202274635,
        "trend_ss": -0.08230887838975036,
        "quantile_99_ss": 0.3107881123101747,
        "quantile_1_ss": -0.24986859631619082
      },
      "geometry": {
        "type": "Point",
        "coordinates": [
          -76.47035634193394,
          34.64804337472721
        ]
      }
    },
    {
      "type": "Feature",
      "properties": {
        "id": "0001013",
        "time_start": "1979-01-01",
        "time_end": "2024-12-31",
        "trend_wl": 4.179325334862758,
        "quantile_99_wl": 0.7694752526320561,
        "quantile_1_wl": -0.6952536698182574,
        "trend_ss": -0.08230861326585613,
        "quantile_99_ss": 0.31079499456386994,
        "quantile_1_ss": -0.25
      },
      "geometry": {
        "type": "Point",
        "coordinates": [
          -76.46855444987838,
          34.65229699902095
        ]
      }
    },
    {
      "type": "Feature",
      "properties": {
        "id": "0001014",
        "time_start": "1979-01-01",
        "time_end": "2024-12-31",
        "trend_wl": 4.18079059886132,
        "quantile_99_wl": 0.7690126910164587,
        "quantile_1_wl": -0.6949253395401226,
        "trend_ss": -0.08230874456257267,
        "quantile_99_ss": 0.3102086979318315,
        "quantile_1_ss": -0.2497837853855266
      },
      "geometry": {
        "type": "Point",
        "coordinates": [
          -76.46675255782283,
          34.656550623314686
        ]
      }
    },
    {
      "type": "Feature",
      "properties": {
        "id": "0001015",
        "time_start": "1979-01-01",
        "time_end": "2024-12-31",
        "trend_wl": 4.180790598604935,
        "quantile_99_wl": 0.7690126910164587,
        "quantile_1_wl": -0.6949253395401226,
        "trend_ss": -0.08230874456240692,
        "quantile_99_ss": 0.310208730280398,
        "quantile_1_ss": -0.2497838288998964
      },
      "geometry": {
        "type": "Point",
        "coordinates": [
          -76.46495066576728,
          34.660804247608425
        ]
      }
    },
    {
      "type": "Feature",
      "properties": {
        "id": "0001016",
        "time_start": "1979-01-01",
        "time_end": "2024-12-31",
        "trend_wl": 4.1906905635988325,
        "quantile_99_wl": 0.7687084855141497,
        "quantile_1_wl": -0.6948750673896007,
        "trend_ss": -0.08230890915636291,
        "quantile_99_ss": 0.31035533431619117,
        "quantile_1_ss": -0.2498401320458438
      },
      "geometry": {
        "type": "Point",
        "coordinates": [
          -76.46308067923643,
          34.665034500224536
        ]
      }
    },
    {
      "type": "Feature",
      "properties": {
        "id": "0001017",
        "time_start": "1979-01-01",
        "time_end": "2024-12-31",
        "trend_wl": 4.1915133096399515,
        "quantile_99_wl": 0.7683479405980074,
        "quantile_1_wl": -0.6945689962857383,
        "trend_ss": -0.08230864853556438,
        "quantile_99_ss": 0.3099243009317824,
        "quantile_1_ss": -0.2495485171089084
      },
      "geometry": {
        "type": "Point",
        "coordinates": [
          -76.46066840831304,
          34.66907862766755
        ]
      }
    },
    {
      "type": "Feature",
      "properties": {
        "id": "0001018",
        "time_start": "1979-01-01",
        "time_end": "2024-12-31",
        "trend_wl": 4.192330962104774,
        "quantile_99_wl": 0.7679119707039596,
        "quantile_1_wl": -0.6942310370119695,
        "trend_ss": -0.08230874605067687,
        "quantile_99_ss": 0.3092743452304706,
        "quantile_1_ss": -0.24923636457527906
      },
      "geometry": {
        "type": "Point",
        "coordinates": [
          -76.45825613738965,
          34.67312275511056
        ]
      }
    },
    {
      "type": "Feature",
      "properties": {
        "id": "0001019",
        "time_start": "1979-01-01",
        "time_end": "2024-12-31",
        "trend_wl": 4.19287500269373,
        "quantile_99_wl": 0.76743491970608,
        "quantile_1_wl": -0.6938486116968559,
        "trend_ss": -0.08230888508480884,
        "quantile_99_ss": 0.30886499678220974,
        "quantile_1_ss": -0.24889826272381702
      },
      "geometry": {
        "type": "Point",
        "coordinates": [
          -76.45584386646627,
          34.67716688255357
        ]
      }
    },
    {
      "type": "Feature",
      "properties": {
        "id": "0001020",
        "time_start": "1979-01-01",
        "time_end": "2024-12-31",
        "trend_wl": 4.193395115653621,
        "quantile_99_wl": 0.7669288190982454,
        "quantile_1_wl": -0.6936022876603636,
        "trend_ss": -0.08230875412371953,
        "quantile_99_ss": 0.30838359434206186,
        "quantile_1_ss": -0.24854695686534237
      },
      "geometry": {
        "type": "Point",
        "coordinates": [
          -76.45343159554288,
          34.68121100999659
        ]
      }
    },
    {
      "type": "Feature",
      "properties": {
        "id": "0001021",
        "time_start": "1979-01-01",
        "time_end": "2024-12-31",
        "trend_wl": 4.201453308196646,
        "quantile_99_wl": 0.7672633922082023,
        "quantile_1_wl": -0.6941786582266581,
        "trend_ss": -0.08230869591330617,
        "quantile_99_ss": 0.30851728947945445,
        "quantile_1_ss": -0.24924286764806156
      },
      "geometry": {
        "type": "Point",
        "coordinates": [
          -76.45101932461948,
          34.6852551374396
        ]
      }
    },
    {
      "type": "Feature",
      "properties": {
        "id": "0001022",
        "time_start": "1979-01-01",
        "time_end": "2024-12-31",
        "trend_wl": 4.201970365574809,
        "quantile_99_wl": 0.7668149285256121,
        "quantile_1_wl": -0.6938706136702188,
        "trend_ss": -0.08230867728504192,
        "quantile_99_ss": 0.30797352985323406,
        "quantile_1_ss": -0.24886814345255895
      },
      "geometry": {
        "type": "Point",
        "coordinates": [
          -76.44789642156029,
          34.68895425270056
        ]
      }
    },
    {
      "type": "Feature",
      "properties": {
        "id": "0001023",
        "time_start": "1979-01-01",
        "time_end": "2024-12-31",
        "trend_wl": 4.202101598216204,
        "quantile_99_wl": 0.7663776253709684,
        "quantile_1_wl": -0.6936369138460653,
        "trend_ss": -0.08230870508433293,
        "quantile_99_ss": 0.30768962710423214,
        "quantile_1_ss": -0.2486282606423249
      },
      "geometry": {
        "type": "Point",
        "coordinates": [
          -76.44474395379899,
          34.69263901428701
        ]
      }
    },
    {
      "type": "Feature",
      "properties": {
        "id": "0001024",
        "time_start": "1979-01-01",
        "time_end": "2024-12-31",
        "trend_wl": 4.202625315081813,
        "quantile_99_wl": 0.7660604893064594,
        "quantile_1_wl": -0.6933701811591959,
        "trend_ss": -0.08230878862578099,
        "quantile_99_ss": 0.30702210040544786,
        "quantile_1_ss": -0.2482937462562669
      },
      "geometry": {
        "type": "Point",
        "coordinates": [
          -76.4415914860377,
          34.69632377587345
        ]
      }
    },
    {
      "type": "Feature",
      "properties": {
        "id": "0001025",
        "time_start": "1979-01-01",
        "time_end": "2024-12-31",
        "trend_wl": 4.202617643540332,
        "quantile_99_wl": 0.7656984305309786,
        "quantile_1_wl": -0.6931917217727045,
        "trend_ss": -0.08230874058134864,
        "quantile_99_ss": 0.30674911936649596,
        "quantile_1_ss": -0.24806106164690767
      },
      "geometry": {
        "type": "Point",
        "coordinates": [
          -76.4384390182764,
          34.7000085374599
        ]
      }
    },
    {
      "type": "Feature",
      "properties": {
        "id": "0001026",
        "time_start": "1979-01-01",
        "time_end": "2024-12-31",
        "trend_wl": 4.202832007695259,
        "quantile_99_wl": 0.7654747358190124,
        "quantile_1_wl": -0.6928027347211348,
        "trend_ss": -0.08230892524870481,
        "quantile_99_ss": 0.30642344903197194,
        "quantile_1_ss": -0.24780292866517667
      },
      "geometry": {
        "type": "Point",
        "coordinates": [
          -76.4352865505151,
          34.70369329904634
        ]
      }
    },
    {
      "type": "Feature",
      "properties": {
        "id": "0001027",
        "time_start": "1979-01-01",
        "time_end": "2024-12-31",
        "trend_wl": 4.202968174482169,
        "quantile_99_wl": 0.7650859472816475,
        "quantile_1_wl": -0.692584362230727,
        "trend_ss": -0.08230888724825373,
        "quantile_99_ss": 0.3060615851187236,
        "quantile_1_ss": -0.24754463796202553
      },
      "geometry": {
        "type": "Point",
        "coordinates": [
          -76.4321340827538,
          34.707378060632784
        ]
      }
    },
    {
      "type": "Feature",
      "properties": {
        "id": "0001028",
        "time_start": "1979-01-01",
        "time_end": "2024-12-31",
        "trend_wl": 4.203187441921805,
        "quantile_99_wl": 0.7646086956725724,
        "quantile_1_wl": -0.6923671773647728,
        "trend_ss": -0.08230876645804186,
        "quantile_99_ss": 0.30553997429281193,
        "quantile_1_ss": -0.2472771750749095
      },
      "geometry": {
        "type": "Point",
        "coordinates": [
          -76.42898161499251,
          34.71106282221923
        ]
      }
    },
    {
      "type": "Feature",
      "properties": {
        "id": "0001029",
        "time_start": "1979-01-01",
        "time_end": "2024-12-31",
        "trend_wl": 4.203256711612481,
        "quantile_99_wl": 0.7643036887873034,
        "quantile_1_wl": -0.6920844528726925,
        "trend_ss": -0.08230870216330799,
        "quantile_99_ss": 0.3049205200005419,
        "quantile_1_ss": -0.24695879495308815
      },
      "geometry": {
        "type": "Point",
        "coordinates": [
          -76.42582914723123,
          34.714747583805675
        ]
      }
    },
    {
      "type": "Feature",
      "properties": {
        "id": "0001030",
        "time_start": "1979-01-01",
        "time_end": "2024-12-31",
        "trend_wl": 4.2032040667537105,
        "quantile_99_wl": 0.7639510342578306,
        "quantile_1_wl": -0.6917808493076861,
        "trend_ss": -0.08230877564509675,
        "quantile_99_ss": 0.3044951635467695,
        "quantile_1_ss": -0.2467289758585462
      },
      "geometry": {
        "type": "Point",
        "coordinates": [
          -76.42267667946993,
          34.718432345392124
        ]
      }
    },
    {
      "type": "Feature",
      "properties": {
        "id": "0001031",
        "time_start": "1979-01-01",
        "time_end": "2024-12-31",
        "trend_wl": 4.20272945218157,
        "quantile_99_wl": 0.7636693311170534,
        "quantile_1_wl": -0.6914674080717949,
        "trend_ss": -0.08230883938657206,
        "quantile_99_ss": 0.30378997666593005,
        "quantile_1_ss": -0.24641607682265032
      },
      "geometry": {
        "type": "Point",
        "coordinates": [
          -76.41952421170863,
          34.722117106978565
        ]
      }
    },
    {
      "type": "Feature",
      "properties": {
        "id": "0001032",
        "time_start": "1979-01-01",
        "time_end": "2024-12-31",
        "trend_wl": 4.201888914357784,
        "quantile_99_wl": 0.7633290205077119,
        "quantile_1_wl": -0.6913172642154398,
        "trend_ss": -0.08230889132707443,
        "quantile_99_ss": 0.30342981716294015,
        "quantile_1_ss": -0.24618619641627867
      },
      "geometry": {
        "type": "Point",
        "coordinates": [
          -76.41637174394734,
          34.725801868565014
        ]
      }
    },
    {
      "type": "Feature",
      "properties": {
        "id": "0001033",
        "time_start": "1979-01-01",
        "time_end": "2024-12-31",
        "trend_wl": 4.20121503125128,
        "quantile_99_wl": 0.7630164575961735,
        "quantile_1_wl": -0.6910575283380883,
        "trend_ss": -0.082308769083897,
        "quantile_99_ss": 0.3027843848260894,
        "quantile_1_ss": -0.246
      },
      "geometry": {
        "type": "Point",
        "coordinates": [
          -76.41321927618604,
          34.729486630151456
        ]
      }
    },
    {
      "type": "Feature",
      "properties": {
        "id": "0001034",
        "time_start": "1979-01-01",
        "time_end": "2024-12-31",
        "trend_wl": 4.200550880679599,
        "quantile_99_wl": 0.7627581357155533,
        "quantile_1_wl": -0.6907874423389442,
        "trend_ss": -0.08230867362134528,
        "quantile_99_ss": 0.3023771965307913,
        "quantile_1_ss": -0.24593353188012124
      },
      "geometry": {
        "type": "Point",
        "coordinates": [
          -76.41006680842474,
          34.733171391737905
        ]
      }
    },
    {
      "type": "Feature",
      "properties": {
        "id": "0001035",
        "time_start": "1979-01-01",
        "time_end": "2024-12-31",
        "trend_wl": 4.200183938723112,
        "quantile_99_wl": 0.762522068157166,
        "quantile_1_wl": -0.6904177184963425,
        "trend_ss": -0.08230856227819582,
        "quantile_99_ss": 0.3020949495996937,
        "quantile_1_ss": -0.24574342541720615
      },
      "geometry": {
        "type": "Point",
        "coordinates": [
          -76.40691434066345,
          34.73685615332435
        ]
      }
    },
    {
      "type": "Feature",
      "properties": {
        "id": "0001036",
        "time_start": "1979-01-01",
        "time_end": "2024-12-31",
        "trend_wl": 4.1995710978967615,
        "quantile_99_wl": 0.7621976875572889,
        "quantile_1_wl": -0.6900955995877311,
        "trend_ss": -0.0823088509425592,
        "quantile_99_ss": 0.3018148446073444,
        "quantile_1_ss": -0.24551340454315088
      },
      "geometry": {
        "type": "Point",
        "coordinates": [
          -76.40376187290215,
          34.74054091491079
        ]
      }
    },
    {
      "type": "Feature",
      "properties": {
        "id": "0001037",
        "time_start": "1979-01-01",
        "time_end": "2024-12-31",
        "trend_wl": 4.199027598417714,
        "quantile_99_wl": 0.7619400775485758,
        "quantile_1_wl": -0.6897632989583813,
        "trend_ss": -0.08230890220503782,
        "quantile_99_ss": 0.3013869604471398,
        "quantile_1_ss": -0.24527461361840283
      },
      "geometry": {
        "type": "Point",
        "coordinates": [
          -76.40060940514086,
          34.74422567649724
        ]
      }
    },
    {
      "type": "Feature",
      "properties": {
        "id": "0001038",
        "time_start": "1979-01-01",
        "time_end": "2024-12-31",
        "trend_wl": 4.1985281379942565,
        "quantile_99_wl": 0.761648715642416,
        "quantile_1_wl": -0.6894671329540545,
        "trend_ss": -0.08230854751099285,
        "quantile_99_ss": 0.3010784644875331,
        "quantile_1_ss": -0.24503770674661784
      },
      "geometry": {
        "type": "Point",
        "coordinates": [
          -76.39745693737956,
          34.74791043808368
        ]
      }
    },
    {
      "type": "Feature",
      "properties": {
        "id": "0001039",
        "time_start": "1979-01-01",
        "time_end": "2024-12-31",
        "trend_wl": 4.196324167191531,
        "quantile_99_wl": 0.7610635040742448,
        "quantile_1_wl": -0.6891592310725341,
        "trend_ss": -0.08411078606118495,
        "quantile_99_ss": 0.3006358388272738,
        "quantile_1_ss": -0.24472164730203927
      },
      "geometry": {
        "type": "Point",
        "coordinates": [
          -76.39430446961826,
          34.75159519967013
        ]
      }
    },
    {
      "type": "Feature",
      "properties": {
        "id": "0001040",
        "time_start": "1979-01-01",
        "time_end": "2024-12-31",
        "trend_wl": 4.196147107996795,
        "quantile_99_wl": 0.7607078284528815,
        "quantile_1_wl": -0.6888267492439885,
        "trend_ss": -0.08411096986568943,
        "quantile_99_ss": 0.3002881306555931,
        "quantile_1_ss": -0.2444100711551753
      },
      "geometry": {
        "type": "Point",
        "coordinates": [
          -76.39115200185697,
          34.75527996125657
        ]
      }
    },
    {
      "type": "Feature",
      "properties": {
        "id": "0001041",
        "time_start": "1979-01-01",
        "time_end": "2024-12-31",
        "trend_wl": 4.196076715615454,
        "quantile_99_wl": 0.7604130840531245,
        "quantile_1_wl": -0.6886374436468193,
        "trend_ss": -0.08411097312180794,
        "quantile_99_ss": 0.2999023718669993,
        "quantile_1_ss": -0.24413954664431492
      },
      "geometry": {
        "type": "Point",
        "coordinates": [
          -76.38799953409567,
          34.75896472284302
        ]
      }
    },
    {
      "type": "Feature",
      "properties": {
        "id": "0001042",
        "time_start": "1979-01-01",
        "time_end": "2024-12-31",
        "trend_wl": 4.195668210387457,
        "quantile_99_wl": 0.7600958279564459,
        "quantile_1_wl": -0.6882931040252368,
        "trend_ss": -0.0841108336273367,
        "quantile_99_ss": 0.29935270930746505,
        "quantile_1_ss": -0.24383951462198505
      },
      "geometry": {
        "type": "Point",
        "coordinates": [
          -76.38484706633437,
          34.76264948442946
        ]
      }
    },
    {
      "type": "Feature",
      "properties": {
        "id": "0001043",
        "time_start": "1979-01-01",
        "time_end": "2024-12-31",
        "trend_wl": 4.1947260063941805,
        "quantile_99_wl": 0.7599279789471242,
        "quantile_1_wl": -0.688171048832034,
        "trend_ss": -0.08411098597734049,
        "quantile_99_ss": 0.29924178132083834,
        "quantile_1_ss": -0.24357660470702266
      },
      "geometry": {
        "type": "Point",
        "coordinates": [
          -76.38169459857308,
          34.7663342460159
        ]
      }
    },
    {
      "type": "Feature",
      "properties": {
        "id": "0001044",
        "time_start": "1979-01-01",
        "time_end": "2024-12-31",
        "trend_wl": 4.194868559712623,
        "quantile_99_wl": 0.7597434623834074,
        "quantile_1_wl": -0.6879200891145704,
        "trend_ss": -0.08411098418735288,
        "quantile_99_ss": 0.29880055287690904,
        "quantile_1_ss": -0.24330016165286414
      },
      "geometry": {
        "type": "Point",
        "coordinates": [
          -76.37818966066561,
          34.76979611042573
        ]
      }
    },
    {
      "type": "Feature",
      "properties": {
        "id": "0001045",
        "time_start": "1979-01-01",
        "time_end": "2024-12-31",
        "trend_wl": 4.192708775869319,
        "quantile_99_wl": 0.7592033510322218,
        "quantile_1_wl": -0.6875337281243993,
        "trend_ss": -0.08411095859971639,
        "quantile_99_ss": 0.29831873717760055,
        "quantile_1_ss": -0.2429672173775708
      },
      "geometry": {
        "type": "Point",
        "coordinates": [
          -76.37462685152687,
          34.77322137788062
        ]
      }
    },
    {
      "type": "Feature",
      "properties": {
        "id": "0001046",
        "time_start": "1979-01-01",
        "time_end": "2024-12-31",
        "trend_wl": 4.191379885752457,
        "quantile_99_wl": 0.7589240419370097,
        "quantile_1_wl": -0.6872379098996807,
        "trend_ss": -0.08411096369336186,
        "quantile_99_ss": 0.29787812734845487,
        "quantile_1_ss": -0.24274480310581997
      },
      "geometry": {
        "type": "Point",
        "coordinates": [
          -76.37106404238813,
          34.776646645335504
        ]
      }
    },
    {
      "type": "Feature",
      "properties": {
        "id": "0001047",
        "time_start": "1979-01-01",
        "time_end": "2024-12-31",
        "trend_wl": 4.189885569535584,
        "quantile_99_wl": 0.7587347325019335,
        "quantile_1_wl": -0.6869935865753487,
        "trend_ss": -0.08411098945915163,
        "quantile_99_ss": 0.29742565176632857,
        "quantile_1_ss": -0.24252353455954243
      },
      "geometry": {
        "type": "Point",
        "coordinates": [
          -76.36750123324938,
          34.78007191279039
        ]
      }
    },
    {
      "type": "Feature",
      "properties": {
        "id": "0001048",
        "time_start": "1979-01-01",
        "time_end": "2024-12-31",
        "trend_wl": 4.188076336006444,
        "quantile_99_wl": 0.7583993243687667,
        "quantile_1_wl": -0.6868794440235866,
        "trend_ss": -0.08411097811447221,
        "quantile_99_ss": 0.29695967187109745,
        "quantile_1_ss": -0.24238677859310961
      },
      "geometry": {
        "type": "Point",
        "coordinates": [
          -76.36393842411066,
          34.78349718024528
        ]
      }
    },
    {
      "type": "Feature",
      "properties": {
        "id": "0001049",
        "time_start": "1979-01-01",
        "time_end": "2024-12-31",
        "trend_wl": 4.1866351559322,
        "quantile_99_wl": 0.758119073034133,
        "quantile_1_wl": -0.6866409063946626,
        "trend_ss": -0.08411098979326848,
        "quantile_99_ss": 0.29657158001837197,
        "quantile_1_ss": -0.24215348391439526
      },
      "geometry": {
        "type": "Point",
        "coordinates": [
          -76.36037561497191,
          34.78692244770016
        ]
      }
    },
    {
      "type": "Feature",
      "properties": {
        "id": "0001050",
        "time_start": "1979-01-01",
        "time_end": "2024-12-31",
        "trend_wl": 4.185058926320964,
        "quantile_99_wl": 0.7580015249158768,
        "quantile_1_wl": -0.6864215207656703,
        "trend_ss": -0.08411085061517239,
        "quantile_99_ss": 0.29613391985217546,
        "quantile_1_ss": -0.2420017490891201
      },
      "geometry": {
        "type": "Point",
        "coordinates": [
          -76.35681280583317,
          34.79034771515504
        ]
      }
    },
    {
      "type": "Feature",
      "properties": {
        "id": "0001051",
        "time_start": "1979-01-01",
        "time_end": "2024-12-31",
        "trend_wl": 4.183572333339315,
        "quantile_99_wl": 0.7576710990886472,
        "quantile_1_wl": -0.6860655031402771,
        "trend_ss": -0.0841108836242123,
        "quantile_99_ss": 0.2958070898310172,
        "quantile_1_ss": -0.2417108585390816
      },
      "geometry": {
        "type": "Point",
        "coordinates": [
          -76.35324999669443,
          34.79377298260993
        ]
      }
    },
    {
      "type": "Feature",
      "properties": {
        "id": "0001052",
        "time_start": "1979-01-01",
        "time_end": "2024-12-31",
        "trend_wl": 4.182160132021426,
        "quantile_99_wl": 0.7573438055366264,
        "quantile_1_wl": -0.6858385987259477,
        "trend_ss": -0.08411077971700893,
        "quantile_99_ss": 0.2952294385582272,
        "quantile_1_ss": -0.24149763546636124
      },
      "geometry": {
        "type": "Point",
        "coordinates": [
          -76.3496871875557,
          34.79719825006482
        ]
      }
    },
    {
      "type": "Feature",
      "properties": {
        "id": "0001053",
        "time_start": "1979-01-01",
        "time_end": "2024-12-31",
        "trend_wl": 4.180256029058707,
        "quantile_99_wl": 0.756953884976133,
        "quantile_1_wl": -0.6856110936527546,
        "trend_ss": -0.08411102891616619,
        "quantile_99_ss": 0.29475539039193405,
        "quantile_1_ss": -0.24144745098023168
      },
      "geometry": {
        "type": "Point",
        "coordinates": [
          -76.34612437841696,
          34.8006235175197
        ]
      }
    },
    {
      "type": "Feature",
      "properties": {
        "id": "0001054",
        "time_start": "1979-01-01",
        "time_end": "2024-12-31",
        "trend_wl": 4.178905778101936,
        "quantile_99_wl": 0.7566562139735482,
        "quantile_1_wl": -0.6853046642798566,
        "trend_ss": -0.08411101272234915,
        "quantile_99_ss": 0.29437589195155794,
        "quantile_1_ss": -0.24131081257742007
      },
      "geometry": {
        "type": "Point",
        "coordinates": [
          -76.34256156927822,
          34.80404878497459
        ]
      }
    },
    {
      "type": "Feature",
      "properties": {
        "id": "0001055",
        "time_start": "1979-01-01",
        "time_end": "2024-12-31",
        "trend_wl": 4.177750022844036,
        "quantile_99_wl": 0.7563954694237883,
        "quantile_1_wl": -0.6847095189341067,
        "trend_ss": -0.08411066723231486,
        "quantile_99_ss": 0.29425831517045314,
        "quantile_1_ss": -0.24100782679817484
      },
      "geometry": {
        "type": "Point",
        "coordinates": [
          -76.33899876013948,
          34.80747405242948
        ]
      }
    },
    {
      "type": "Feature",
      "properties": {
        "id": "0001056",
        "time_start": "1979-01-01",
        "time_end": "2024-12-31",
        "trend_wl": 4.17723037232883,
        "quantile_99_wl": 0.7560047473326632,
        "quantile_1_wl": -0.6844069010520163,
        "trend_ss": -0.08411101806551459,
        "quantile_99_ss": 0.29379508240604046,
        "quantile_1_ss": -0.24060253441361085
      },
      "geometry": {
        "type": "Point",
        "coordinates": [
          -76.33543595100075,
          34.81089931988436
        ]
      }
    },
    {
      "type": "Feature",
      "properties": {
        "id": "0001057",
        "time_start": "1979-01-01",
        "time_end": "2024-12-31",
        "trend_wl": 4.175471795549736,
        "quantile_99_wl": 0.7559325703983516,
        "quantile_1_wl": -0.6840683291699282,
        "trend_ss": -0.08411105696085272,
        "quantile_99_ss": 0.2936053727573493,
        "quantile_1_ss": -0.24039362890147717
      },
      "geometry": {
        "type": "Point",
        "coordinates": [
          -76.331873141862,
          34.81432458733924
        ]
      }
    },
    {
      "type": "Feature",
      "properties": {
        "id": "0001058",
        "time_start": "1979-01-01",
        "time_end": "2024-12-31",
        "trend_wl": 4.174028107576369,
        "quantile_99_wl": 0.7555633219923634,
        "quantile_1_wl": -0.6836861690491399,
        "trend_ss": -0.08411101743368431,
        "quantile_99_ss": 0.2931218534825488,
        "quantile_1_ss": -0.24009976540637248
      },
      "geometry": {
        "type": "Point",
        "coordinates": [
          -76.32831033272326,
          34.81774985479413
        ]
      }
    },
    {
      "type": "Feature",
      "properties": {
        "id": "0001059",
        "time_start": "1979-01-01",
        "time_end": "2024-12-31",
        "trend_wl": 4.1746888599212895,
        "quantile_99_wl": 0.7553826747531719,
        "quantile_1_wl": -0.6839931684906491,
        "trend_ss": -0.08411086201034634,
        "quantile_99_ss": 0.29263774691665245,
        "quantile_1_ss": -0.23990936275448274
      },
      "geometry": {
        "type": "Point",
        "coordinates": [
          -76.32474752358452,
          34.82117512224902
        ]
      }
    },
    {
      "type": "Feature",
      "properties": {
        "id": "0001060",
        "time_start": "1979-01-01",
        "time_end": "2024-12-31",
        "trend_wl": 4.171752231503386,
        "quantile_99_wl": 0.7545318066191168,
        "quantile_1_wl": -0.6829996007025929,
        "trend_ss": -0.08411062195506483,
        "quantile_99_ss": 0.29218716940477885,
        "quantile_1_ss": -0.23979949667093953
      },
      "geometry": {
        "type": "Point",
        "coordinates": [
          -76.32118471444579,
          34.8246003897039
        ]
      }
    },
    {
      "type": "Feature",
      "properties": {
        "id": "0001061",
        "time_start": "1979-01-01",
        "time_end": "2024-12-31",
        "trend_wl": 4.169288418235205,
        "quantile_99_wl": 0.7541887174660906,
        "quantile_1_wl": -0.6829355764883717,
        "trend_ss": -0.08411094326888204,
        "quantile_99_ss": 0.292110395773956,
        "quantile_1_ss": -0.23988823575378018
      },
      "geometry": {
        "type": "Point",
        "coordinates": [
          -76.31762190530705,
          34.82802565715879
        ]
      }
    },
    {
      "type": "Feature",
      "properties": {
        "id": "0001062",
        "time_start": "1979-01-01",
        "time_end": "2024-12-31",
        "trend_wl": 4.168477570629532,
        "quantile_99_wl": 0.7546103152921035,
        "quantile_1_wl": -0.6830441838553954,
        "trend_ss": -0.08411088842738401,
        "quantile_99_ss": 0.29172949875273396,
        "quantile_1_ss": -0.2397683357655026
      },
      "geometry": {
        "type": "Point",
        "coordinates": [
          -76.31405909616831,
          34.83145092461368
        ]
      }
    },
    {
      "type": "Feature",
      "properties": {
        "id": "0001063",
        "time_start": "1979-01-01",
        "time_end": "2024-12-31",
        "trend_wl": 4.166698729812418,
        "quantile_99_wl": 0.754994525808777,
        "quantile_1_wl": -0.6830442916859052,
        "trend_ss": -0.0841108336869157,
        "quantile_99_ss": 0.29195989200508254,
        "quantile_1_ss": -0.23958431425621143
      },
      "geometry": {
        "type": "Point",
        "coordinates": [
          -76.31049628702957,
          34.83487619206856
        ]
      }
    },
    {
      "type": "Feature",
      "properties": {
        "id": "0001064",
        "time_start": "1979-01-01",
        "time_end": "2024-12-31",
        "trend_wl": 4.163482552119035,
        "quantile_99_wl": 0.754164737236207,
        "quantile_1_wl": -0.6825210007366657,
        "trend_ss": -0.08411091912941676,
        "quantile_99_ss": 0.29087472020022853,
        "quantile_1_ss": -0.2392532472300377
      },
      "geometry": {
        "type": "Point",
        "coordinates": [
          -76.30693347789084,
          34.83830145952344
        ]
      }
    },
    {
      "type": "Feature",
      "properties": {
        "id": "0001065",
        "time_start": "1979-01-01",
        "time_end": "2024-12-31",
        "trend_wl": 4.15942258167163,
        "quantile_99_wl": 0.753889478109333,
        "quantile_1_wl": -0.682458490654571,
        "trend_ss": -0.08411082950608993,
        "quantile_99_ss": 0.29069970379601506,
        "quantile_1_ss": -0.239219210619255
      },
      "geometry": {
        "type": "Point",
        "coordinates": [
          -76.3033706687521,
          34.84172672697833
        ]
      }
    },
    {
      "type": "Feature",
      "properties": {
        "id": "0001066",
        "time_start": "1979-01-01",
        "time_end": "2024-12-31",
        "trend_wl": 4.157335614680426,
        "quantile_99_wl": 0.7537651118780362,
        "quantile_1_wl": -0.682442326221896,
        "trend_ss": -0.08411104156469748,
        "quantile_99_ss": 0.2905620891204713,
        "quantile_1_ss": -0.23904336813589047
      },
      "geometry": {
        "type": "Point",
        "coordinates": [
          -76.29927403335813,
          34.84468543059211
        ]
      }
    },
    {
      "type": "Feature",
      "properties": {
        "id": "0001067",
        "time_start": "1979-01-01",
        "time_end": "2024-12-31",
        "trend_wl": 4.154892849400628,
        "quantile_99_wl": 0.7536792454169902,
        "quantile_1_wl": -0.6827623724460751,
        "trend_ss": -0.0841110249724386,
        "quantile_99_ss": 0.29024586070224573,
        "quantile_1_ss": -0.23882706073562196
      },
      "geometry": {
        "type": "Point",
        "coordinates": [
          -76.29487538900676,
          34.84738017855018
        ]
      }
    },
    {
      "type": "Feature",
      "properties": {
        "id": "0001068",
        "time_start": "1979-01-01",
        "time_end": "2024-12-31",
        "trend_wl": 4.153579907731605,
        "quantile_99_wl": 0.7535675871590402,
        "quantile_1_wl": -0.6823894087432243,
        "trend_ss": -0.08411101791756746,
        "quantile_99_ss": 0.28964274364777964,
        "quantile_1_ss": -0.23840713819887135
      },
      "geometry": {
        "type": "Point",
        "coordinates": [
          -76.2904767446554,
          34.85007492650826
        ]
      }
    },
    {
      "type": "Feature",
      "properties": {
        "id": "0001069",
        "time_start": "1979-01-01",
        "time_end": "2024-12-31",
        "trend_wl": 4.144338639993721,
        "quantile_99_wl": 0.7525412931496429,
        "quantile_1_wl": -0.6813391287729603,
        "trend_ss": -0.08411083214800111,
        "quantile_99_ss": 0.2883603267822408,
        "quantile_1_ss": -0.2372630493670507
      },
      "geometry": {
        "type": "Point",
        "coordinates": [
          -76.28607810030401,
          34.85276967446634
        ]
      }
    },
    {
      "type": "Feature",
      "properties": {
        "id": "0001070",
        "time_start": "1979-01-01",
        "time_end": "2024-12-31",
        "trend_wl": 4.141439599654347,
        "quantile_99_wl": 0.75248695308744,
        "quantile_1_wl": -0.6809334160685306,
        "trend_ss": -0.08411086116734973,
        "quantile_99_ss": 0.2880031294756058,
        "quantile_1_ss": -0.23694039434463846
      },
      "geometry": {
        "type": "Point",
        "coordinates": [
          -76.28167945595264,
          34.85546442242442
        ]
      }
    },
    {
      "type": "Feature",
      "properties": {
        "id": "0001071",
        "time_start": "1979-01-01",
        "time_end": "2024-12-31",
        "trend_wl": 4.138647139759614,
        "quantile_99_wl": 0.7523093166347296,
        "quantile_1_wl": -0.6805103491600236,
        "trend_ss": -0.08411072041039463,
        "quantile_99_ss": 0.28752075765074947,
        "quantile_1_ss": -0.23656698561835726
      },
      "geometry": {
        "type": "Point",
        "coordinates": [
          -76.27728081160126,
          34.85815917038249
        ]
      }
    },
    {
      "type": "Feature",
      "properties": {
        "id": "0001072",
        "time_start": "1979-01-01",
        "time_end": "2024-12-31",
        "trend_wl": 4.1356850489162555,
        "quantile_99_wl": 0.7521545902058047,
        "quantile_1_wl": -0.680207709615568,
        "trend_ss": -0.08411096639523008,
        "quantile_99_ss": 0.2871499406564309,
        "quantile_1_ss": -0.2362808550199811
      },
      "geometry": {
        "type": "Point",
        "coordinates": [
          -76.27288216724989,
          34.86085391834057
        ]
      }
    },
    {
      "type": "Feature",
      "properties": {
        "id": "0001073",
        "time_start": "1979-01-01",
        "time_end": "2024-12-31",
        "trend_wl": 4.132779635281252,
        "quantile_99_wl": 0.7517878892774825,
        "quantile_1_wl": -0.6800212558053881,
        "trend_ss": -0.08411081089895003,
        "quantile_99_ss": 0.28644269556207025,
        "quantile_1_ss": -0.2360190178413899
      },
      "geometry": {
        "type": "Point",
        "coordinates": [
          -76.26848352289852,
          34.86354866629865
        ]
      }
    },
    {
      "type": "Feature",
      "properties": {
        "id": "0001074",
        "time_start": "1979-01-01",
        "time_end": "2024-12-31",
        "trend_wl": 4.13002146303142,
        "quantile_99_wl": 0.7513731248414409,
        "quantile_1_wl": -0.6798142745255791,
        "trend_ss": -0.08411083631791356,
        "quantile_99_ss": 0.2861069139582983,
        "quantile_1_ss": -0.23568512768128955
      },
      "geometry": {
        "type": "Point",
        "coordinates": [
          -76.26415192197855,
          34.86630599117013
        ]
      }
    },
    {
      "type": "Feature",
      "properties": {
        "id": "0001075",
        "time_start": "1979-01-01",
        "time_end": "2024-12-31",
        "trend_wl": 4.127584666517948,
        "quantile_99_wl": 0.7509199290059744,
        "quantile_1_wl": -0.6794781348870237,
        "trend_ss": -0.08411104193212171,
        "quantile_99_ss": 0.28566448391810384,
        "quantile_1_ss": -0.2353626761059255
      },
      "geometry": {
        "type": "Point",
        "coordinates": [
          -76.26034490643488,
          34.86955295287815
        ]
      }
    },
    {
      "type": "Feature",
      "properties": {
        "id": "0001076",
        "time_start": "1979-01-01",
        "time_end": "2024-12-31",
        "trend_wl": 4.124817960995702,
        "quantile_99_wl": 0.750535852846816,
        "quantile_1_wl": -0.679075121064919,
        "trend_ss": -0.08411109747241347,
        "quantile_99_ss": 0.2854940252438892,
        "quantile_1_ss": -0.23500000000000001
      },
      "geometry": {
        "type": "Point",
        "coordinates": [
          -76.25653789089121,
          34.87279991458618
        ]
      }
    },
    {
      "type": "Feature",
      "properties": {
        "id": "0001077",
        "time_start": "1979-01-01",
        "time_end": "2024-12-31",
        "trend_wl": 4.121900224131241,
        "quantile_99_wl": 0.750216418163924,
        "quantile_1_wl": -0.6787550874012903,
        "trend_ss": -0.08411085462519322,
        "quantile_99_ss": 0.28484843450946573,
        "quantile_1_ss": -0.2348103135949224
      },
      "geometry": {
        "type": "Point",
        "coordinates": [
          -76.25273087534755,
          34.876046876294204
        ]
      }
    },
    {
      "type": "Feature",
      "properties": {
        "id": "0001078",
        "time_start": "1979-01-01",
        "time_end": "2024-12-31",
        "trend_wl": 4.125351419230881,
        "quantile_99_wl": 0.7503787313617714,
        "quantile_1_wl": -0.6790730932535264,
        "trend_ss": -0.08411107018420269,
        "quantile_99_ss": 0.2848730403925004,
        "quantile_1_ss": -0.23535511266057874
      },
      "geometry": {
        "type": "Point",
        "coordinates": [
          -76.24892385980388,
          34.87929383800223
        ]
      }
    },
    {
      "type": "Feature",
      "properties": {
        "id": "0001079",
        "time_start": "1979-01-01",
        "time_end": "2024-12-31",
        "trend_wl": 4.122914561455341,
        "quantile_99_wl": 0.7502173572327824,
        "quantile_1_wl": -0.67881339147277,
        "trend_ss": -0.08411077385501171,
        "quantile_99_ss": 0.28441521809248854,
        "quantile_1_ss": -0.23502367798798487
      },
      "geometry": {
        "type": "Point",
        "coordinates": [
          -76.24511684426022,
          34.88254079971026
        ]
      }
    },
    {
      "type": "Feature",
      "properties": {
        "id": "0001080",
        "time_start": "1979-01-01",
        "time_end": "2024-12-31",
        "trend_wl": 4.120086845699475,
        "quantile_99_wl": 0.7498585098598556,
        "quantile_1_wl": -0.6785342300460152,
        "trend_ss": -0.08411108088740382,
        "quantile_99_ss": 0.28411407233051345,
        "quantile_1_ss": -0.23479285208054065
      },
      "geometry": {
        "type": "Point",
        "coordinates": [
          -76.24130982871655,
          34.885787761418285
        ]
      }
    },
    {
      "type": "Feature",
      "properties": {
        "id": "0001081",
        "time_start": "1979-01-01",
        "time_end": "2024-12-31",
        "trend_wl": 4.1172924039337735,
        "quantile_99_wl": 0.7497603995266002,
        "quantile_1_wl": -0.6782234848181296,
        "trend_ss": -0.0841108374600337,
        "quantile_99_ss": 0.2837342478124961,
        "quantile_1_ss": -0.23457576205493033
      },
      "geometry": {
        "type": "Point",
        "coordinates": [
          -76.2375028131729,
          34.889034723126315
        ]
      }
    },
    {
      "type": "Feature",
      "properties": {
        "id": "0001082",
        "time_start": "1979-01-01",
        "time_end": "2024-12-31",
        "trend_wl": 4.114367240210099,
        "quantile_99_wl": 0.7495854764578886,
        "quantile_1_wl": -0.6779037253065616,
        "trend_ss": -0.08411081015126104,
        "quantile_99_ss": 0.2832294790280628,
        "quantile_1_ss": -0.2342833973848235
      },
      "geometry": {
        "type": "Point",
        "coordinates": [
          -76.23369579762922,
          34.892281684834344
        ]
      }
    },
    {
      "type": "Feature",
      "properties": {
        "id": "0001083",
        "time_start": "1979-01-01",
        "time_end": "2024-12-31",
        "trend_wl": 4.111875377037132,
        "quantile_99_wl": 0.7492988257076386,
        "quantile_1_wl": -0.6776673076948915,
        "trend_ss": -0.08411085372234506,
        "quantile_99_ss": 0.28308490093462174,
        "quantile_1_ss": -0.23403406006201757
      },
      "geometry": {
        "type": "Point",
        "coordinates": [
          -76.22988878208555,
          34.89552864654237
        ]
      }
    },
    {
      "type": "Feature",
      "properties": {
        "id": "0001084",
        "time_start": "1979-01-01",
        "time_end": "2024-12-31",
        "trend_wl": 4.109741724545167,
        "quantile_99_wl": 0.7489737192871929,
        "quantile_1_wl": -0.6774518196420662,
        "trend_ss": -0.08411087416456134,
        "quantile_99_ss": 0.2827716055124504,
        "quantile_1_ss": -0.23385573150719063
      },
      "geometry": {
        "type": "Point",
        "coordinates": [
          -76.2260817665419,
          34.898775608250396
        ]
      }
    },
    {
      "type": "Feature",
      "properties": {
        "id": "0001085",
        "time_start": "1979-01-01",
        "time_end": "2024-12-31",
        "trend_wl": 4.107466956902742,
        "quantile_99_wl": 0.7488090366946608,
        "quantile_1_wl": -0.677180541357074,
        "trend_ss": -0.08411079841544924,
        "quantile_99_ss": 0.28262941064416086,
        "quantile_1_ss": -0.23370733324557486
      },
      "geometry": {
        "type": "Point",
        "coordinates": [
          -76.22227475099822,
          34.902022569958426
        ]
      }
    },
    {
      "type": "Feature",
      "properties": {
        "id": "0001086",
        "time_start": "1979-01-01",
        "time_end": "2024-12-31",
        "trend_wl": 4.103215259594332,
        "quantile_99_wl": 0.748088557684726,
        "quantile_1_wl": -0.6768289722592803,
        "trend_ss": -0.08591532644620557,
        "quantile_99_ss": 0.2821460267160367,
        "quantile_1_ss": -0.2335257485229048
      },
      "geometry": {
        "type": "Point",
        "coordinates": [
          -76.21846773545457,
          34.90526953166645
        ]
      }
    },
    {
      "type": "Feature",
      "properties": {
        "id": "0001087",
        "time_start": "1979-01-01",
        "time_end": "2024-12-31",
        "trend_wl": 4.101098852409946,
        "quantile_99_wl": 0.7478222210647882,
        "quantile_1_wl": -0.6766318226446377,
        "trend_ss": -0.0859154098097857,
        "quantile_99_ss": 0.28194530780743804,
        "quantile_1_ss": -0.23341201902064973
      },
      "geometry": {
        "type": "Point",
        "coordinates": [
          -76.2146607199109,
          34.90851649337448
        ]
      }
    },
    {
      "type": "Feature",
      "properties": {
        "id": "0001088",
        "time_start": "1979-01-01",
        "time_end": "2024-12-31",
        "trend_wl": 4.099333158899025,
        "quantile_99_wl": 0.7475647501985052,
        "quantile_1_wl": -0.676312224812483,
        "trend_ss": -0.08591515747157007,
        "quantile_99_ss": 0.28167427068743056,
        "quantile_1_ss": -0.2330602508522981
      },
      "geometry": {
        "type": "Point",
        "coordinates": [
          -76.21085370436724,
          34.9117634550825
        ]
      }
    },
    {
      "type": "Feature",
      "properties": {
        "id": "0001089",
        "time_start": "1979-01-01",
        "time_end": "2024-12-31",
        "trend_wl": 4.0968791008239185,
        "quantile_99_wl": 0.7472896373561952,
        "quantile_1_wl": -0.6761317835946352,
        "trend_ss": -0.08591514530903886,
        "quantile_99_ss": 0.28151669179042976,
        "quantile_1_ss": -0.2329588082063369
      },
      "geometry": {
        "type": "Point",
        "coordinates": [
          -76.20704668882357,
          34.91501041679053
        ]
      }
    },
    {
      "type": "Feature",
      "properties": {
        "id": "0001090",
        "time_start": "1979-01-01",
        "time_end": "2024-12-31",
        "trend_wl": 4.094676626364503,
        "quantile_99_wl": 0.7469913939137017,
        "quantile_1_wl": -0.6757706836535722,
        "trend_ss": -0.08591515182350905,
        "quantile_99_ss": 0.28121824209427315,
        "quantile_1_ss": -0.23293299648512314
      },
      "geometry": {
        "type": "Point",
        "coordinates": [
          -76.2032396732799,
          34.91825737849856
        ]
      }
    },
    {
      "type": "Feature",
      "properties": {
        "id": "0001091",
        "time_start": "1979-01-01",
        "time_end": "2024-12-31",
        "trend_wl": 4.092077692448423,
        "quantile_99_wl": 0.746893170067504,
        "quantile_1_wl": -0.6756261588851111,
        "trend_ss": -0.08591510698825582,
        "quantile_99_ss": 0.2812497748321357,
        "quantile_1_ss": -0.2328581105400405
      },
      "geometry": {
        "type": "Point",
        "coordinates": [
          -76.19943265773624,
          34.92150434020658
        ]
      }
    },
    {
      "type": "Feature",
      "properties": {
        "id": "0001092",
        "time_start": "1979-01-01",
        "time_end": "2024-12-31",
        "trend_wl": 4.090308870084465,
        "quantile_99_wl": 0.7465573764903206,
        "quantile_1_wl": -0.6753763258707729,
        "trend_ss": -0.08591512828217261,
        "quantile_99_ss": 0.2808301809218661,
        "quantile_1_ss": -0.23254366142400168
      },
      "geometry": {
        "type": "Point",
        "coordinates": [
          -76.19562564219257,
          34.92475130191461
        ]
      }
    },
    {
      "type": "Feature",
      "properties": {
        "id": "0001093",
        "time_start": "1979-01-01",
        "time_end": "2024-12-31",
        "trend_wl": 4.088424439006181,
        "quantile_99_wl": 0.7462328074227731,
        "quantile_1_wl": -0.6751027109035468,
        "trend_ss": -0.08591517218467981,
        "quantile_99_ss": 0.2804674036009583,
        "quantile_1_ss": -0.23227588697890067
      },
      "geometry": {
        "type": "Point",
        "coordinates": [
          -76.19181862664891,
          34.92799826362264
        ]
      }
    },
    {
      "type": "Feature",
      "properties": {
        "id": "0001094",
        "time_start": "1979-01-01",
        "time_end": "2024-12-31",
        "trend_wl": 4.086393960324138,
        "quantile_99_wl": 0.7460259385968284,
        "quantile_1_wl": -0.6748219527812235,
        "trend_ss": -0.08591542170792772,
        "quantile_99_ss": 0.2803149028619937,
        "quantile_1_ss": -0.23200921023592683
      },
      "geometry": {
        "type": "Point",
        "coordinates": [
          -76.18801161110524,
          34.93124522533066
        ]
      }
    },
    {
      "type": "Feature",
      "properties": {
        "id": "0001095",
        "time_start": "1979-01-01",
        "time_end": "2024-12-31",
        "trend_wl": 4.08437687714943,
        "quantile_99_wl": 0.7456868129408833,
        "quantile_1_wl": -0.674545333135604,
        "trend_ss": -0.08591541587816161,
        "quantile_99_ss": 0.28006181872954844,
        "quantile_1_ss": -0.23167723369425572
      },
      "geometry": {
        "type": "Point",
        "coordinates": [
          -76.18420459556157,
          34.93449218703869
        ]
      }
    },
    {
      "type": "Feature",
      "properties": {
        "id": "0001096",
        "time_start": "1979-01-01",
        "time_end": "2024-12-31",
        "trend_wl": 4.082219602329431,
        "quantile_99_wl": 0.7453167198261499,
        "quantile_1_wl": -0.6743391159077834,
        "trend_ss": -0.0859151457984464,
        "quantile_99_ss": 0.2796090015508534,
        "quantile_1_ss": -0.23136498497697672
      },
      "geometry": {
        "type": "Point",
        "coordinates": [
          -76.18039758001791,
          34.93773914874672
        ]
      }
    },
    {
      "type": "Feature",
      "properties": {
        "id": "0001097",
        "time_start": "1979-01-01",
        "time_end": "2024-12-31",
        "trend_wl": 4.0794970096156264,
        "quantile_99_wl": 0.7450709438598704,
        "quantile_1_wl": -0.6741060202912491,
        "trend_ss": -0.0859151520172376,
        "quantile_99_ss": 0.2793837810898546,
        "quantile_1_ss": -0.23112003839086664
      },
      "geometry": {
        "type": "Point",
        "coordinates": [
          -76.17659056447424,
          34.940986110454745
        ]
      }
    },
    {
      "type": "Feature",
      "properties": {
        "id": "0001098",
        "time_start": "1979-01-01",
        "time_end": "2024-12-31",
        "trend_wl": 4.076898996294256,
        "quantile_99_wl": 0.7449066210968931,
        "quantile_1_wl": -0.6739522557248699,
        "trend_ss": -0.08591538018953207,
        "quantile_99_ss": 0.2789550000964944,
        "quantile_1_ss": -0.23085168937552786
      },
      "geometry": {
        "type": "Point",
        "coordinates": [
          -76.1727082698075,
          34.944165410947974
        ]
      }
    },
    {
      "type": "Feature",
      "properties": {
        "id": "0001099",
        "time_start": "1979-01-01",
        "time_end": "2024-12-31",
        "trend_wl": 4.07428059433285,
        "quantile_99_wl": 0.7446872766775259,
        "quantile_1_wl": -0.6736878433533471,
        "trend_ss": -0.08591517006803936,
        "quantile_99_ss": 0.2786873274517992,
        "quantile_1_ss": -0.230626151703812
      },
      "geometry": {
        "type": "Point",
        "coordinates": [
          -76.16839526685885,
          34.94695758889803
        ]
      }
    },
    {
      "type": "Feature",
      "properties": {
        "id": "0001100",
        "time_start": "1979-01-01",
        "time_end": "2024-12-31",
        "trend_wl": 4.071857982269572,
        "quantile_99_wl": 0.7443359628772962,
        "quantile_1_wl": -0.67325535924853,
        "trend_ss": -0.0859154286252581,
        "quantile_99_ss": 0.2783649825717952,
        "quantile_1_ss": -0.2302741030425029
      },
      "geometry": {
        "type": "Point",
        "coordinates": [
          -76.1640822639102,
          34.94974976684808
        ]
      }
    },
    {
      "type": "Feature",
      "properties": {
        "id": "0001101",
        "time_start": "1979-01-01",
        "time_end": "2024-12-31",
        "trend_wl": 4.069502528465589,
        "quantile_99_wl": 0.7441270327273494,
        "quantile_1_wl": -0.673079429139767,
        "trend_ss": -0.08591514313914092,
        "quantile_99_ss": 0.2781873147296704,
        "quantile_1_ss": -0.22991073928862468
      },
      "geometry": {
        "type": "Point",
        "coordinates": [
          -76.15976926096155,
          34.952541944798135
        ]
      }
    },
    {
      "type": "Feature",
      "properties": {
        "id": "0001102",
        "time_start": "1979-01-01",
        "time_end": "2024-12-31",
        "trend_wl": 4.066617309239871,
        "quantile_99_wl": 0.743746991740087,
        "quantile_1_wl": -0.6728084537728902,
        "trend_ss": -0.0859151741985552,
        "quantile_99_ss": 0.2776143935325052,
        "quantile_1_ss": -0.22971379480985996
      },
      "geometry": {
        "type": "Point",
        "coordinates": [
          -76.15545625801292,
          34.955334122748184
        ]
      }
    },
    {
      "type": "Feature",
      "properties": {
        "id": "0001103",
        "time_start": "1979-01-01",
        "time_end": "2024-12-31",
        "trend_wl": 4.063205496945147,
        "quantile_99_wl": 0.743346639679525,
        "quantile_1_wl": -0.6725654552333724,
        "trend_ss": -0.08591516553311573,
        "quantile_99_ss": 0.27734249170680175,
        "quantile_1_ss": -0.22940461345771512
      },
      "geometry": {
        "type": "Point",
        "coordinates": [
          -76.15114325506427,
          34.95812630069823
        ]
      }
    },
    {
      "type": "Feature",
      "properties": {
        "id": "0001104",
        "time_start": "1979-01-01",
        "time_end": "2024-12-31",
        "trend_wl": 4.060190408339086,
        "quantile_99_wl": 0.7430048794488866,
        "quantile_1_wl": -0.6723434872745706,
        "trend_ss": -0.08591516378205943,
        "quantile_99_ss": 0.27693730851346055,
        "quantile_1_ss": -0.22924990252529545
      },
      "geometry": {
        "type": "Point",
        "coordinates": [
          -76.14683025211562,
          34.96091847864829
        ]
      }
    },
    {
      "type": "Feature",
      "properties": {
        "id": "0001105",
        "time_start": "1979-01-01",
        "time_end": "2024-12-31",
        "trend_wl": 4.056946341048549,
        "quantile_99_wl": 0.7426219523307702,
        "quantile_1_wl": -0.6721109674254162,
        "trend_ss": -0.08591543845983521,
        "quantile_99_ss": 0.2767751822534144,
        "quantile_1_ss": -0.22901680310540937
      },
      "geometry": {
        "type": "Point",
        "coordinates": [
          -76.14251724916699,
          34.96371065659834
        ]
      }
    },
    {
      "type": "Feature",
      "properties": {
        "id": "0001106",
        "time_start": "1979-01-01",
        "time_end": "2024-12-31",
        "trend_wl": 4.055173310772264,
        "quantile_99_wl": 0.7425410779959332,
        "quantile_1_wl": -0.6719807202861995,
        "trend_ss": -0.08591524307845366,
        "quantile_99_ss": 0.27653012665586685,
        "quantile_1_ss": -0.2288947362735767
      },
      "geometry": {
        "type": "Point",
        "coordinates": [
          -76.13820424621834,
          34.96650283454839
        ]
      }
    },
    {
      "type": "Feature",
      "properties": {
        "id": "0001107",
        "time_start": "1979-01-01",
        "time_end": "2024-12-31",
        "trend_wl": 4.045878045002575,
        "quantile_99_wl": 0.7418925616053054,
        "quantile_1_wl": -0.671049876344515,
        "trend_ss": -0.08591515079573478,
        "quantile_99_ss": 0.2758013056084393,
        "quantile_1_ss": -0.22796401101517896
      },
      "geometry": {
        "type": "Point",
        "coordinates": [
          -76.13389124326969,
          34.96929501249844
        ]
      }
    },
    {
      "type": "Feature",
      "properties": {
        "id": "0001108",
        "time_start": "1979-01-01",
        "time_end": "2024-12-31",
        "trend_wl": 4.042901982063644,
        "quantile_99_wl": 0.7416196886741121,
        "quantile_1_wl": -0.6708374044542854,
        "trend_ss": -0.08591514924398774,
        "quantile_99_ss": 0.2753330967922025,
        "quantile_1_ss": -0.2278089089198463
      },
      "geometry": {
        "type": "Point",
        "coordinates": [
          -76.12957824032104,
          34.97208719044849
        ]
      }
    },
    {
      "type": "Feature",
      "properties": {
        "id": "0001109",
        "time_start": "1979-01-01",
        "time_end": "2024-12-31",
        "trend_wl": 4.040111840887974,
        "quantile_99_wl": 0.7413160460896316,
        "quantile_1_wl": -0.6706061392446553,
        "trend_ss": -0.0859154152676622,
        "quantile_99_ss": 0.2749970306505126,
        "quantile_1_ss": -0.22759397271961931
      },
      "geometry": {
        "type": "Point",
        "coordinates": [
          -76.1252652373724,
          34.97487936839855
        ]
      }
    },
    {
      "type": "Feature",
      "properties": {
        "id": "0001110",
        "time_start": "1979-01-01",
        "time_end": "2024-12-31",
        "trend_wl": 4.0371477074211795,
        "quantile_99_wl": 0.7410431224979162,
        "quantile_1_wl": -0.6703191610179595,
        "trend_ss": -0.08591514583002292,
        "quantile_99_ss": 0.2747183744816538,
        "quantile_1_ss": -0.22739786578625554
      },
      "geometry": {
        "type": "Point",
        "coordinates": [
          -76.12107971989012,
          34.97779423339786
        ]
      }
    },
    {
      "type": "Feature",
      "properties": {
        "id": "0001111",
        "time_start": "1979-01-01",
        "time_end": "2024-12-31",
        "trend_wl": 4.034285974845778,
        "quantile_99_wl": 0.7408384959053222,
        "quantile_1_wl": -0.6700689606166339,
        "trend_ss": -0.08591515111455382,
        "quantile_99_ss": 0.27444381562743475,
        "quantile_1_ss": -0.22711197859108412
      },
      "geometry": {
        "type": "Point",
        "coordinates": [
          -76.11704661725075,
          34.98085577650782
        ]
      }
    },
    {
      "type": "Feature",
      "properties": {
        "id": "0001112",
        "time_start": "1979-01-01",
        "time_end": "2024-12-31",
        "trend_wl": 4.031346640764354,
        "quantile_99_wl": 0.7404466861801746,
        "quantile_1_wl": -0.6697920750137674,
        "trend_ss": -0.08591542907729348,
        "quantile_99_ss": 0.27412185043611287,
        "quantile_1_ss": -0.22694117832747657
      },
      "geometry": {
        "type": "Point",
        "coordinates": [
          -76.11301351461137,
          34.98391731961778
        ]
      }
    },
    {
      "type": "Feature",
      "properties": {
        "id": "0001113",
        "time_start": "1979-01-01",
        "time_end": "2024-12-31",
        "trend_wl": 4.028474530402371,
        "quantile_99_wl": 0.7399929249789666,
        "quantile_1_wl": -0.6695255125931704,
        "trend_ss": -0.08591515932099003,
        "quantile_99_ss": 0.27399653129879664,
        "quantile_1_ss": -0.2266996032907227
      },
      "geometry": {
        "type": "Point",
        "coordinates": [
          -76.108980411972,
          34.98697886272774
        ]
      }
    },
    {
      "type": "Feature",
      "properties": {
        "id": "0001114",
        "time_start": "1979-01-01",
        "time_end": "2024-12-31",
        "trend_wl": 4.028474562054886,
        "quantile_99_wl": 0.740009176981012,
        "quantile_1_wl": -0.6695255125931704,
        "trend_ss": -0.08591543339948995,
        "quantile_99_ss": 0.27395791911634304,
        "quantile_1_ss": -0.2267510742187337
      },
      "geometry": {
        "type": "Point",
        "coordinates": [
          -76.10494730933263,
          34.990040405837696
        ]
      }
    },
    {
      "type": "Feature",
      "properties": {
        "id": "0001115",
        "time_start": "1979-01-01",
        "time_end": "2024-12-31",
        "trend_wl": 4.025751664784508,
        "quantile_99_wl": 0.7396343191162951,
        "quantile_1_wl": -0.6691885957864955,
        "trend_ss": -0.085915162512924,
        "quantile_99_ss": 0.27368012267639985,
        "quantile_1_ss": -0.2264056398726016
      },
      "geometry": {
        "type": "Point",
        "coordinates": [
          -76.10091420669326,
          34.99310194894766
        ]
      }
    },
    {
      "type": "Feature",
      "properties": {
        "id": "0001116",
        "time_start": "1979-01-01",
        "time_end": "2024-12-31",
        "trend_wl": 4.023133162936204,
        "quantile_99_wl": 0.7393393426058932,
        "quantile_1_wl": -0.6690087326174619,
        "trend_ss": -0.08591515333320357,
        "quantile_99_ss": 0.2734149311809452,
        "quantile_1_ss": -0.22620210455217868
      },
      "geometry": {
        "type": "Point",
        "coordinates": [
          -76.09688110405389,
          34.99616349205762
        ]
      }
    },
    {
      "type": "Feature",
      "properties": {
        "id": "0001117",
        "time_start": "1979-01-01",
        "time_end": "2024-12-31",
        "trend_wl": 4.020766762268851,
        "quantile_99_wl": 0.7390060631936508,
        "quantile_1_wl": -0.6686265852457296,
        "trend_ss": -0.0859151527599611,
        "quantile_99_ss": 0.273082244507469,
        "quantile_1_ss": -0.226
      },
      "geometry": {
        "type": "Point",
        "coordinates": [
          -76.09284800141451,
          34.999225035167576
        ]
      }
    },
    {
      "type": "Feature",
      "properties": {
        "id": "0001118",
        "time_start": "1979-01-01",
        "time_end": "2024-12-31",
        "trend_wl": 4.018445125559217,
        "quantile_99_wl": 0.7387998196170251,
        "quantile_1_wl": -0.6683474250506959,
        "trend_ss": -0.08591514794002784,
        "quantile_99_ss": 0.27284184986253907,
        "quantile_1_ss": -0.22582563006560694
      },
      "geometry": {
        "type": "Point",
        "coordinates": [
          -76.08866013670318,
          35.00210948073531
        ]
      }
    },
    {
      "type": "Feature",
      "properties": {
        "id": "0001119",
        "time_start": "1979-01-01",
        "time_end": "2024-12-31",
        "trend_wl": 4.016217119242804,
        "quantile_99_wl": 0.7385712404305704,
        "quantile_1_wl": -0.6680193205530108,
        "trend_ss": -0.08591513925163392,
        "quantile_99_ss": 0.27250715362304667,
        "quantile_1_ss": -0.22570127903377388
      },
      "geometry": {
        "type": "Point",
        "coordinates": [
          -76.08381477059358,
          35.00424153341906
        ]
      }
    },
    {
      "type": "Feature",
      "properties": {
        "id": "0001120",
        "time_start": "1979-01-01",
        "time_end": "2024-12-31",
        "trend_wl": 4.005361284907847,
        "quantile_99_wl": 0.7376362303575752,
        "quantile_1_wl": -0.667363075248515,
        "trend_ss": -0.08591524685524478,
        "quantile_99_ss": 0.27147251568981007,
        "quantile_1_ss": -0.225084997173389
      },
      "geometry": {
        "type": "Point",
        "coordinates": [
          -76.07896940448397,
          35.00637358610282
        ]
      }
    },
    {
      "type": "Feature",
      "properties": {
        "id": "0001121",
        "time_start": "1979-01-01",
        "time_end": "2024-12-31",
        "trend_wl": 4.001631736034306,
        "quantile_99_wl": 0.7371154621346746,
        "quantile_1_wl": -0.6671847936315604,
        "trend_ss": -0.08591510990120944,
        "quantile_99_ss": 0.27075361733756526,
        "quantile_1_ss": -0.225
      },
      "geometry": {
        "type": "Point",
        "coordinates": [
          -76.07412403837435,
          35.00850563878658
        ]
      }
    },
    {
      "type": "Feature",
      "properties": {
        "id": "0001122",
        "time_start": "1979-01-01",
        "time_end": "2024-12-31",
        "trend_wl": 4.006859325891215,
        "quantile_99_wl": 0.7366879873002101,
        "quantile_1_wl": -0.6669968829841366,
        "trend_ss": -0.07611673396336982,
        "quantile_99_ss": 0.2703400249550303,
        "quantile_1_ss": -0.22496446430016634
      },
      "geometry": {
        "type": "Point",
        "coordinates": [
          -76.06927867226474,
          35.010637691470336
        ]
      }
    },
    {
      "type": "Feature",
      "properties": {
        "id": "0001123",
        "time_start": "1979-01-01",
        "time_end": "2024-12-31",
        "trend_wl": 4.002627736051746,
        "quantile_99_wl": 0.7364849160170263,
        "quantile_1_wl": -0.6666630492658888,
        "trend_ss": -0.07611674266580583,
        "quantile_99_ss": 0.2701041486220572,
        "quantile_1_ss": -0.22490694563625518
      },
      "geometry": {
        "type": "Point",
        "coordinates": [
          -76.06443330615512,
          35.01276974415409
        ]
      }
    },
    {
      "type": "Feature",
      "properties": {
        "id": "0001124",
        "time_start": "1979-01-01",
        "time_end": "2024-12-31",
        "trend_wl": 3.9992945090913032,
        "quantile_99_wl": 0.7361571080126155,
        "quantile_1_wl": -0.6662485992213045,
        "trend_ss": -0.07611674967825462,
        "quantile_99_ss": 0.2695066689586934,
        "quantile_1_ss": -0.22457408999162934
      },
      "geometry": {
        "type": "Point",
        "coordinates": [
          -76.05958794004552,
          35.014901796837854
        ]
      }
    },
    {
      "type": "Feature",
      "properties": {
        "id": "0001125",
        "time_start": "1979-01-01",
        "time_end": "2024-12-31",
        "trend_wl": 3.9954931172730856,
        "quantile_99_wl": 0.7358270006733615,
        "quantile_1_wl": -0.6658430321016624,
        "trend_ss": -0.07611674707296054,
        "quantile_99_ss": 0.26948768194506495,
        "quantile_1_ss": -0.22440808238151436
      },
      "geometry": {
        "type": "Point",
        "coordinates": [
          -76.05474257393591,
          35.01703384952161
        ]
      }
    },
    {
      "type": "Feature",
      "properties": {
        "id": "0001126",
        "time_start": "1979-01-01",
        "time_end": "2024-12-31",
        "trend_wl": 3.9864886517991502,
        "quantile_99_wl": 0.7349388177952,
        "quantile_1_wl": -0.6650380779774256,
        "trend_ss": -0.07611674455727807,
        "quantile_99_ss": 0.26884719236354987,
        "quantile_1_ss": -0.2230774017886674
      },
      "geometry": {
        "type": "Point",
        "coordinates": [
          -76.04989720782629,
          35.019165902205366
        ]
      }
    },
    {
      "type": "Feature",
      "properties": {
        "id": "0001127",
        "time_start": "1979-01-01",
        "time_end": "2024-12-31",
        "trend_wl": 3.9822614794626277,
        "quantile_99_wl": 0.7345225030933705,
        "quantile_1_wl": -0.6647376708822469,
        "trend_ss": -0.0761167482020578,
        "quantile_99_ss": 0.2683743359344575,
        "quantile_1_ss": -0.22283965454458662
      },
      "geometry": {
        "type": "Point",
        "coordinates": [
          -76.04505184171668,
          35.02129795488913
        ]
      }
    },
    {
      "type": "Feature",
      "properties": {
        "id": "0001128",
        "time_start": "1979-01-01",
        "time_end": "2024-12-31",
        "trend_wl": 3.9776844392890554,
        "quantile_99_wl": 0.734085013660669,
        "quantile_1_wl": -0.6644732531202953,
        "trend_ss": -0.07611672994882673,
        "quantile_99_ss": 0.26787229870665175,
        "quantile_1_ss": -0.22253276258504062
      },
      "geometry": {
        "type": "Point",
        "coordinates": [
          -76.04020647560708,
          35.023430007572884
        ]
      }
    },
    {
      "type": "Feature",
      "properties": {
        "id": "0001129",
        "time_start": "1979-01-01",
        "time_end": "2024-12-31",
        "trend_wl": 3.9732384094801327,
        "quantile_99_wl": 0.7337793152365959,
        "quantile_1_wl": -0.6641635140539247,
        "trend_ss": -0.0761168651493175,
        "quantile_99_ss": 0.267407477617935,
        "quantile_1_ss": -0.22224648550968304
      },
      "geometry": {
        "type": "Point",
        "coordinates": [
          -76.03536110949746,
          35.02556206025664
        ]
      }
    },
    {
      "type": "Feature",
      "properties": {
        "id": "0001130",
        "time_start": "1979-01-01",
        "time_end": "2024-12-31",
        "trend_wl": 3.967726902356059,
        "quantile_99_wl": 0.7335664521066302,
        "quantile_1_wl": -0.6639969902404744,
        "trend_ss": -0.07611685600684243,
        "quantile_99_ss": 0.2670349791440355,
        "quantile_1_ss": -0.22196545671160284
      },
      "geometry": {
        "type": "Point",
        "coordinates": [
          -76.03051574338785,
          35.0276941129404
        ]
      }
    },
    {
      "type": "Feature",
      "properties": {
        "id": "0001131",
        "time_start": "1979-01-01",
        "time_end": "2024-12-31",
        "trend_wl": 3.9665492569149623,
        "quantile_99_wl": 0.7331109866771507,
        "quantile_1_wl": -0.6636656407532661,
        "trend_ss": -0.07611673482477764,
        "quantile_99_ss": 0.266847448868544,
        "quantile_1_ss": -0.2219621147581774
      },
      "geometry": {
        "type": "Point",
        "coordinates": [
          -76.02567037727825,
          35.02982616562416
        ]
      }
    },
    {
      "type": "Feature",
      "properties": {
        "id": "0001132",
        "time_start": "1979-01-01",
        "time_end": "2024-12-31",
        "trend_wl": 3.9589887805849857,
        "quantile_99_wl": 0.7330564313305298,
        "quantile_1_wl": -0.6637621199396941,
        "trend_ss": -0.07611673221503061,
        "quantile_99_ss": 0.2663039103908414,
        "quantile_1_ss": -0.22167528987729068
      },
      "geometry": {
        "type": "Point",
        "coordinates": [
          -76.02082501116863,
          35.03195821830791
        ]
      }
    },
    {
      "type": "Feature",
      "properties": {
        "id": "0001133",
        "time_start": "1979-01-01",
        "time_end": "2024-12-31",
        "trend_wl": 3.9549266298666748,
        "quantile_99_wl": 0.7326968790097255,
        "quantile_1_wl": -0.6634429135566149,
        "trend_ss": -0.07611671815380729,
        "quantile_99_ss": 0.26589576019295924,
        "quantile_1_ss": -0.22158330734802298
      },
      "geometry": {
        "type": "Point",
        "coordinates": [
          -76.01597964505902,
          35.034090270991676
        ]
      }
    },
    {
      "type": "Feature",
      "properties": {
        "id": "0001134",
        "time_start": "1979-01-01",
        "time_end": "2024-12-31",
        "trend_wl": 3.9472034013214325,
        "quantile_99_wl": 0.7327662556012109,
        "quantile_1_wl": -0.6631774332080324,
        "trend_ss": -0.07611671759657468,
        "quantile_99_ss": 0.26560615186730013,
        "quantile_1_ss": -0.22133200857588692
      },
      "geometry": {
        "type": "Point",
        "coordinates": [
          -76.01113427894941,
          35.03622232367543
        ]
      }
    },
    {
      "type": "Feature",
      "properties": {
        "id": "0001135",
        "time_start": "1979-01-01",
        "time_end": "2024-12-31",
        "trend_wl": 3.9439905914499054,
        "quantile_99_wl": 0.7326976749940011,
        "quantile_1_wl": -0.6630207747546957,
        "trend_ss": -0.07611672392473459,
        "quantile_99_ss": 0.2652960140697612,
        "quantile_1_ss": -0.22126330963419757
      },
      "geometry": {
        "type": "Point",
        "coordinates": [
          -76.00628891283979,
          35.03835437635919
        ]
      }
    },
    {
      "type": "Feature",
      "properties": {
        "id": "0001136",
        "time_start": "1979-01-01",
        "time_end": "2024-12-31",
        "trend_wl": 3.939528301930278,
        "quantile_99_wl": 0.7343308404265919,
        "quantile_1_wl": -0.6650098823952721,
        "trend_ss": -0.07611676151587263,
        "quantile_99_ss": 0.26479011330405455,
        "quantile_1_ss": -0.2215663370471713
      },
      "geometry": {
        "type": "Point",
        "coordinates": [
          -76.00144354673019,
          35.04048642904295
        ]
      }
    },
    {
      "type": "Feature",
      "properties": {
        "id": "0001137",
        "time_start": "1979-01-01",
        "time_end": "2024-12-31",
        "trend_wl": 3.930165919661419,
        "quantile_99_wl": 0.7322881604972524,
        "quantile_1_wl": -0.6623768926762602,
        "trend_ss": -0.07611678684802206,
        "quantile_99_ss": 0.2649729404380064,
        "quantile_1_ss": -0.2211158505539401
      },
      "geometry": {
        "type": "Point",
        "coordinates": [
          -75.99659818062058,
          35.042618481726706
        ]
      }
    },
    {
      "type": "Feature",
      "properties": {
        "id": "0001138",
        "time_start": "1979-01-01",
        "time_end": "2024-12-31",
        "trend_wl": 3.9283215990989806,
        "quantile_99_wl": 0.7323566946084931,
        "quantile_1_wl": -0.6625845389969441,
        "trend_ss": -0.07611674767177058,
        "quantile_99_ss": 0.263751377612451,
        "quantile_1_ss": -0.2206855052654472
      },
      "geometry": {
        "type": "Point",
        "coordinates": [
          -75.99221076045211,
          35.04523544325421
        ]
      }
    },
    {
      "type": "Feature",
      "properties": {
        "id": "0001139",
        "time_start": "1979-01-01",
        "time_end": "2024-12-31",
        "trend_wl": 3.928321598437081,
        "quantile_99_wl": 0.7323566946084931,
        "quantile_1_wl": -0.6625845389969441,
        "trend_ss": -0.07611678830355914,
        "quantile_99_ss": 0.2637706808703402,
        "quantile_1_ss": -0.22069321335767533
      },
      "geometry": {
        "type": "Point",
        "coordinates": [
          -75.98847641570501,
          35.04854393192281
        ]
      }
    },
    {
      "type": "Feature",
      "properties": {
        "id": "0001140",
        "time_start": "1979-01-01",
        "time_end": "2024-12-31",
        "trend_wl": 3.923628300732068,
        "quantile_99_wl": 0.7333026530224446,
        "quantile_1_wl": -0.663732392999567,
        "trend_ss": -0.07611677631460106,
        "quantile_99_ss": 0.2646012903807314,
        "quantile_1_ss": -0.22122548704477907
      },
      "geometry": {
        "type": "Point",
        "coordinates": [
          -75.9847420709579,
          35.051852420591416
        ]
      }
    },
    {
      "type": "Feature",
      "properties": {
        "id": "0001141",
        "time_start": "1979-01-01",
        "time_end": "2024-12-31",
        "trend_wl": 3.9151671203981384,
        "quantile_99_wl": 0.7332067196306951,
        "quantile_1_wl": -0.6634466627841005,
        "trend_ss": -0.08364747026415593,
        "quantile_99_ss": 0.2656214519670415,
        "quantile_1_ss": -0.2215927144316093
      },
      "geometry": {
        "type": "Point",
        "coordinates": [
          -75.98100772621082,
          35.05516090926002
        ]
      }
    },
    {
      "type": "Feature",
      "properties": {
        "id": "0001142",
        "time_start": "1979-01-01",
        "time_end": "2024-12-31",
        "trend_wl": 3.9167151650812286,
        "quantile_99_wl": 0.7328971540452707,
        "quantile_1_wl": -0.6627955868895994,
        "trend_ss": -0.08364744817494048,
        "quantile_99_ss": 0.2652486061761897,
        "quantile_1_ss": -0.22103467698332283
      },
      "geometry": {
        "type": "Point",
        "coordinates": [
          -75.97727338146372,
          35.058469397928626
        ]
      }
    },
    {
      "type": "Feature",
      "properties": {
        "id": "0001143",
        "time_start": "1979-01-01",
        "time_end": "2024-12-31",
        "trend_wl": 3.916187671967882,
        "quantile_99_wl": 0.732859795619654,
        "quantile_1_wl": -0.6625197187212456,
        "trend_ss": -0.08364743138058174,
        "quantile_99_ss": 0.2653625155571643,
        "quantile_1_ss": -0.2209345345766452
      },
      "geometry": {
        "type": "Point",
        "coordinates": [
          -75.97353903671663,
          35.06177788659723
        ]
      }
    },
    {
      "type": "Feature",
      "properties": {
        "id": "0001144",
        "time_start": "1979-01-01",
        "time_end": "2024-12-31",
        "trend_wl": 3.9152191531940113,
        "quantile_99_wl": 0.7329408743023701,
        "quantile_1_wl": -0.6624360838409281,
        "trend_ss": -0.08364742421762059,
        "quantile_99_ss": 0.26513074432599776,
        "quantile_1_ss": -0.22070667915759454
      },
      "geometry": {
        "type": "Point",
        "coordinates": [
          -75.96980469196953,
          35.06508637526583
        ]
      }
    },
    {
      "type": "Feature",
      "properties": {
        "id": "0001145",
        "time_start": "1979-01-01",
        "time_end": "2024-12-31",
        "trend_wl": 3.9136399773369805,
        "quantile_99_wl": 0.7328101636728745,
        "quantile_1_wl": -0.6622132997662883,
        "trend_ss": -0.08364742372277596,
        "quantile_99_ss": 0.2647227133739532,
        "quantile_1_ss": -0.22049313468775472
      },
      "geometry": {
        "type": "Point",
        "coordinates": [
          -75.96607034722244,
          35.06839486393444
        ]
      }
    },
    {
      "type": "Feature",
      "properties": {
        "id": "0001146",
        "time_start": "1979-01-01",
        "time_end": "2024-12-31",
        "trend_wl": 3.9116090759779234,
        "quantile_99_wl": 0.7327903609230928,
        "quantile_1_wl": -0.6619031492610478,
        "trend_ss": -0.0836475241231527,
        "quantile_99_ss": 0.264441320978462,
        "quantile_1_ss": -0.22015585019400108
      },
      "geometry": {
        "type": "Point",
        "coordinates": [
          -75.96207348251193,
          35.07148155211117
        ]
      }
    },
    {
      "type": "Feature",
      "properties": {
        "id": "0001147",
        "time_start": "1979-01-01",
        "time_end": "2024-12-31",
        "trend_wl": 3.9093739428551646,
        "quantile_99_wl": 0.7325683117454016,
        "quantile_1_wl": -0.6618007905108811,
        "trend_ss": -0.08364702779080099,
        "quantile_99_ss": 0.26415529479345756,
        "quantile_1_ss": -0.2198726174192449
      },
      "geometry": {
        "type": "Point",
        "coordinates": [
          -75.95790291359118,
          35.07442147933776
        ]
      }
    },
    {
      "type": "Feature",
      "properties": {
        "id": "0001148",
        "time_start": "1979-01-01",
        "time_end": "2024-12-31",
        "trend_wl": 3.9067773644754142,
        "quantile_99_wl": 0.7324250083464141,
        "quantile_1_wl": -0.6614953669661459,
        "trend_ss": -0.08364740089665536,
        "quantile_99_ss": 0.2638083718758294,
        "quantile_1_ss": -0.2195872913430248
      },
      "geometry": {
        "type": "Point",
        "coordinates": [
          -75.95373234467046,
          35.07736140656435
        ]
      }
    },
    {
      "type": "Feature",
      "properties": {
        "id": "0001149",
        "time_start": "1979-01-01",
        "time_end": "2024-12-31",
        "trend_wl": 3.9038446894736274,
        "quantile_99_wl": 0.73232076948612,
        "quantile_1_wl": -0.6611608380543916,
        "trend_ss": -0.08364739032560353,
        "quantile_99_ss": 0.2634546572067879,
        "quantile_1_ss": -0.21931854179831528
      },
      "geometry": {
        "type": "Point",
        "coordinates": [
          -75.94956177574973,
          35.080301333790935
        ]
      }
    },
    {
      "type": "Feature",
      "properties": {
        "id": "0001150",
        "time_start": "1979-01-01",
        "time_end": "2024-12-31",
        "trend_wl": 3.900879707975133,
        "quantile_99_wl": 0.7320610542964588,
        "quantile_1_wl": -0.6607225079615433,
        "trend_ss": -0.08364736395857733,
        "quantile_99_ss": 0.26314138043108726,
        "quantile_1_ss": -0.21902315198333716
      },
      "geometry": {
        "type": "Point",
        "coordinates": [
          -75.94539120682899,
          35.08324126101753
        ]
      }
    },
    {
      "type": "Feature",
      "properties": {
        "id": "0001151",
        "time_start": "1979-01-01",
        "time_end": "2024-12-31",
        "trend_wl": 3.8975842702899817,
        "quantile_99_wl": 0.7316434483837075,
        "quantile_1_wl": -0.6603878043365697,
        "trend_ss": -0.08364737550353889,
        "quantile_99_ss": 0.2628626683658294,
        "quantile_1_ss": -0.21878529237016076
      },
      "geometry": {
        "type": "Point",
        "coordinates": [
          -75.94122063790826,
          35.08618118824411
        ]
      }
    },
    {
      "type": "Feature",
      "properties": {
        "id": "0001152",
        "time_start": "1979-01-01",
        "time_end": "2024-12-31",
        "trend_wl": 3.8991063785217825,
        "quantile_99_wl": 0.7315835537012937,
        "quantile_1_wl": -0.6601601556053713,
        "trend_ss": -0.08364738294835447,
        "quantile_99_ss": 0.26283130132269494,
        "quantile_1_ss": -0.21860912136611468
      },
      "geometry": {
        "type": "Point",
        "coordinates": [
          -75.93705006898753,
          35.089121115470704
        ]
      }
    },
    {
      "type": "Feature",
      "properties": {
        "id": "0001153",
        "time_start": "1979-01-01",
        "time_end": "2024-12-31",
        "trend_wl": 3.8954659795587325,
        "quantile_99_wl": 0.7312448064072105,
        "quantile_1_wl": -0.6597046803224558,
        "trend_ss": -0.08364736734420224,
        "quantile_99_ss": 0.2622909192512291,
        "quantile_1_ss": -0.2183014785616187
      },
      "geometry": {
        "type": "Point",
        "coordinates": [
          -75.9328795000668,
          35.09206104269729
        ]
      }
    },
    {
      "type": "Feature",
      "properties": {
        "id": "0001154",
        "time_start": "1979-01-01",
        "time_end": "2024-12-31",
        "trend_wl": 3.8917198818824787,
        "quantile_99_wl": 0.7309002346558946,
        "quantile_1_wl": -0.6593761894659366,
        "trend_ss": -0.08364736657146421,
        "quantile_99_ss": 0.26183780041784827,
        "quantile_1_ss": -0.21805688491662445
      },
      "geometry": {
        "type": "Point",
        "coordinates": [
          -75.92870893114606,
          35.09500096992388
        ]
      }
    },
    {
      "type": "Feature",
      "properties": {
        "id": "0001155",
        "time_start": "1979-01-01",
        "time_end": "2024-12-31",
        "trend_wl": 3.887913198832772,
        "quantile_99_wl": 0.7305447163767975,
        "quantile_1_wl": -0.6591647055146989,
        "trend_ss": -0.0836475283720117,
        "quantile_99_ss": 0.2615717957877652,
        "quantile_1_ss": -0.21772316856326365
      },
      "geometry": {
        "type": "Point",
        "coordinates": [
          -75.92453446807151,
          35.09793662555269
        ]
      }
    },
    {
      "type": "Feature",
      "properties": {
        "id": "0001156",
        "time_start": "1979-01-01",
        "time_end": "2024-12-31",
        "trend_wl": 3.8841553962160913,
        "quantile_99_wl": 0.7303017576660622,
        "quantile_1_wl": -0.6587952387636066,
        "trend_ss": -0.08364743838599274,
        "quantile_99_ss": 0.26121187627381354,
        "quantile_1_ss": -0.21740104091308204
      },
      "geometry": {
        "type": "Point",
        "coordinates": [
          -75.91989141461657,
          35.100358272306984
        ]
      }
    },
    {
      "type": "Feature",
      "properties": {
        "id": "0001157",
        "time_start": "1979-01-01",
        "time_end": "2024-12-31",
        "trend_wl": 3.8802391502075197,
        "quantile_99_wl": 0.7300233410915696,
        "quantile_1_wl": -0.6584643100064231,
        "trend_ss": -0.08364738611940972,
        "quantile_99_ss": 0.26080005432091546,
        "quantile_1_ss": -0.21705132284819326
      },
      "geometry": {
        "type": "Point",
        "coordinates": [
          -75.91524836116164,
          35.10277991906128
        ]
      }
    },
    {
      "type": "Feature",
      "properties": {
        "id": "0001158",
        "time_start": "1979-01-01",
        "time_end": "2024-12-31",
        "trend_wl": 3.876241457671264,
        "quantile_99_wl": 0.729698077454789,
        "quantile_1_wl": -0.6581335694512589,
        "trend_ss": -0.08364737980073254,
        "quantile_99_ss": 0.2604316791011612,
        "quantile_1_ss": -0.216827676358424
      },
      "geometry": {
        "type": "Point",
        "coordinates": [
          -75.91060530770672,
          35.10520156581556
        ]
      }
    },
    {
      "type": "Feature",
      "properties": {
        "id": "0001159",
        "time_start": "1979-01-01",
        "time_end": "2024-12-31",
        "trend_wl": 3.871983087591039,
        "quantile_99_wl": 0.7293342822324584,
        "quantile_1_wl": -0.6577406412666752,
        "trend_ss": -0.08364739597410845,
        "quantile_99_ss": 0.2602143616166031,
        "quantile_1_ss": -0.21659599342394095
      },
      "geometry": {
        "type": "Point",
        "coordinates": [
          -75.90596225425179,
          35.107623212569855
        ]
      }
    },
    {
      "type": "Feature",
      "properties": {
        "id": "0001160",
        "time_start": "1979-01-01",
        "time_end": "2024-12-31",
        "trend_wl": 3.867607182885555,
        "quantile_99_wl": 0.7290223886250313,
        "quantile_1_wl": -0.6574280557920985,
        "trend_ss": -0.08364743711812178,
        "quantile_99_ss": 0.2599802977831408,
        "quantile_1_ss": -0.2163792500598985
      },
      "geometry": {
        "type": "Point",
        "coordinates": [
          -75.90131920079686,
          35.11004485932414
        ]
      }
    },
    {
      "type": "Feature",
      "properties": {
        "id": "0001161",
        "time_start": "1979-01-01",
        "time_end": "2024-12-31",
        "trend_wl": 3.8632749221764437,
        "quantile_99_wl": 0.7286679848602905,
        "quantile_1_wl": -0.6570443416348151,
        "trend_ss": -0.08364737801911752,
        "quantile_99_ss": 0.25961349011654156,
        "quantile_1_ss": -0.21617533797820523
      },
      "geometry": {
        "type": "Point",
        "coordinates": [
          -75.89667614734192,
          35.112466506078434
        ]
      }
    },
    {
      "type": "Feature",
      "properties": {
        "id": "0001162",
        "time_start": "1979-01-01",
        "time_end": "2024-12-31",
        "trend_wl": 3.8586627060785172,
        "quantile_99_wl": 0.7283933629688282,
        "quantile_1_wl": -0.6566909319456321,
        "trend_ss": -0.08364737884727884,
        "quantile_99_ss": 0.25916909500279384,
        "quantile_1_ss": -0.2160247146043217
      },
      "geometry": {
        "type": "Point",
        "coordinates": [
          -75.892033093887,
          35.11488815283272
        ]
      }
    },
    {
      "type": "Feature",
      "properties": {
        "id": "0001163",
        "time_start": "1979-01-01",
        "time_end": "2024-12-31",
        "trend_wl": 3.854072189419867,
        "quantile_99_wl": 0.7281577052838512,
        "quantile_1_wl": -0.6563982356956589,
        "trend_ss": -0.0836473953310618,
        "quantile_99_ss": 0.2588390243557728,
        "quantile_1_ss": -0.2159008115036906
      },
      "geometry": {
        "type": "Point",
        "coordinates": [
          -75.88739004043207,
          35.11730979958701
        ]
      }
    },
    {
      "type": "Feature",
      "properties": {
        "id": "0001164",
        "time_start": "1979-01-01",
        "time_end": "2024-12-31",
        "trend_wl": 3.8495160613136035,
        "quantile_99_wl": 0.7279499747221205,
        "quantile_1_wl": -0.6561189479177327,
        "trend_ss": -0.08364741271458614,
        "quantile_99_ss": 0.2586667400898577,
        "quantile_1_ss": -0.21565287464504432
      },
      "geometry": {
        "type": "Point",
        "coordinates": [
          -75.88274698697714,
          35.119731446341305
        ]
      }
    },
    {
      "type": "Feature",
      "properties": {
        "id": "0001165",
        "time_start": "1979-01-01",
        "time_end": "2024-12-31",
        "trend_wl": 3.844891841794949,
        "quantile_99_wl": 0.7276238238987008,
        "quantile_1_wl": -0.6557884538843469,
        "trend_ss": -0.08364736268093993,
        "quantile_99_ss": 0.2582624507340847,
        "quantile_1_ss": -0.21544591670782462
      },
      "geometry": {
        "type": "Point",
        "coordinates": [
          -75.8781039335222,
          35.12215309309559
        ]
      }
    },
    {
      "type": "Feature",
      "properties": {
        "id": "0001166",
        "time_start": "1979-01-01",
        "time_end": "2024-12-31",
        "trend_wl": 3.8424796435659268,
        "quantile_99_wl": 0.7273863024331071,
        "quantile_1_wl": -0.6556898066630819,
        "trend_ss": -0.08364739103387574,
        "quantile_99_ss": 0.2582120819797212,
        "quantile_1_ss": -0.2156707916198668
      },
      "geometry": {
        "type": "Point",
        "coordinates": [
          -75.87346088006727,
          35.12457473984988
        ]
      }
    },
    {
      "type": "Feature",
      "properties": {
        "id": "0001167",
        "time_start": "1979-01-01",
        "time_end": "2024-12-31",
        "trend_wl": 3.8378963012660177,
        "quantile_99_wl": 0.7272183357627116,
        "quantile_1_wl": -0.6553501583422024,
        "trend_ss": -0.08364736161469108,
        "quantile_99_ss": 0.257992600890842,
        "quantile_1_ss": -0.2153508251027214
      },
      "geometry": {
        "type": "Point",
        "coordinates": [
          -75.86920195463422,
          35.127424490849904
        ]
      }
    },
    {
      "type": "Feature",
      "properties": {
        "id": "0001168",
        "time_start": "1979-01-01",
        "time_end": "2024-12-31",
        "trend_wl": 3.8332927731035973,
        "quantile_99_wl": 0.7269036018905051,
        "quantile_1_wl": -0.6550873188937155,
        "trend_ss": -0.08364737246895956,
        "quantile_99_ss": 0.2576562109050365,
        "quantile_1_ss": -0.21520140453736952
      },
      "geometry": {
        "type": "Point",
        "coordinates": [
          -75.86499403085391,
          35.130331082337555
        ]
      }
    },
    {
      "type": "Feature",
      "properties": {
        "id": "0001169",
        "time_start": "1979-01-01",
        "time_end": "2024-12-31",
        "trend_wl": 3.8287186236823505,
        "quantile_99_wl": 0.7265271923933321,
        "quantile_1_wl": -0.6547893017811793,
        "trend_ss": -0.08364735195006344,
        "quantile_99_ss": 0.2574349008917078,
        "quantile_1_ss": -0.215
      },
      "geometry": {
        "type": "Point",
        "coordinates": [
          -75.8607861070736,
          35.13323767382521
        ]
      }
    },
    {
      "type": "Feature",
      "properties": {
        "id": "0001170",
        "time_start": "1979-01-01",
        "time_end": "2024-12-31",
        "trend_wl": 3.8335365575973888,
        "quantile_99_wl": 0.7268766372675358,
        "quantile_1_wl": -0.6547015605339271,
        "trend_ss": -0.08364733189941288,
        "quantile_99_ss": 0.25784883222859856,
        "quantile_1_ss": -0.21503259061610364
      },
      "geometry": {
        "type": "Point",
        "coordinates": [
          -75.85657818329327,
          35.13614426531286
        ]
      }
    },
    {
      "type": "Feature",
      "properties": {
        "id": "0001171",
        "time_start": "1979-01-01",
        "time_end": "2024-12-31",
        "trend_wl": 3.829012063918499,
        "quantile_99_wl": 0.726583737022325,
        "quantile_1_wl": -0.6543759482624659,
        "trend_ss": -0.08364731664295656,
        "quantile_99_ss": 0.2577111572061054,
        "quantile_1_ss": -0.2148430472810985
      },
      "geometry": {
        "type": "Point",
        "coordinates": [
          -75.85237025951295,
          35.13905085680051
        ]
      }
    },
    {
      "type": "Feature",
      "properties": {
        "id": "0001172",
        "time_start": "1979-01-01",
        "time_end": "2024-12-31",
        "trend_wl": 3.8315337163307293,
        "quantile_99_wl": 0.726223412965007,
        "quantile_1_wl": -0.6540749849098529,
        "trend_ss": -0.0765751006131086,
        "quantile_99_ss": 0.2572297777910967,
        "quantile_1_ss": -0.21471154503608952
      },
      "geometry": {
        "type": "Point",
        "coordinates": [
          -75.84816233573264,
          35.14195744828816
        ]
      }
    },
    {
      "type": "Feature",
      "properties": {
        "id": "0001173",
        "time_start": "1979-01-01",
        "time_end": "2024-12-31",
        "trend_wl": 3.8273272638338627,
        "quantile_99_wl": 0.7259319925182313,
        "quantile_1_wl": -0.6537894638985258,
        "trend_ss": -0.07657511315919542,
        "quantile_99_ss": 0.25713131560060487,
        "quantile_1_ss": -0.2145275010811628
      },
      "geometry": {
        "type": "Point",
        "coordinates": [
          -75.84352459628464,
          35.144187841465126
        ]
      }
    },
    {
      "type": "Feature",
      "properties": {
        "id": "0001174",
        "time_start": "1979-01-01",
        "time_end": "2024-12-31",
        "trend_wl": 3.823018137066605,
        "quantile_99_wl": 0.725622303318039,
        "quantile_1_wl": -0.6534746822069973,
        "trend_ss": -0.07657489034926453,
        "quantile_99_ss": 0.2568325011871728,
        "quantile_1_ss": -0.21432380378364443
      },
      "geometry": {
        "type": "Point",
        "coordinates": [
          -75.83819525961758,
          35.145330194101994
        ]
      }
    },
    {
      "type": "Feature",
      "properties": {
        "id": "0001175",
        "time_start": "1979-01-01",
        "time_end": "2024-12-31",
        "trend_wl": 3.818566299652455,
        "quantile_99_wl": 0.7252025610203153,
        "quantile_1_wl": -0.6531891345500844,
        "trend_ss": -0.07657507334673734,
        "quantile_99_ss": 0.25658798227357743,
        "quantile_1_ss": -0.2141180297127328
      },
      "geometry": {
        "type": "Point",
        "coordinates": [
          -75.83286592295052,
          35.14647254673886
        ]
      }
    },
    {
      "type": "Feature",
      "properties": {
        "id": "0001176",
        "time_start": "1979-01-01",
        "time_end": "2024-12-31",
        "trend_wl": 3.8037087245858547,
        "quantile_99_wl": 0.7243367989267355,
        "quantile_1_wl": -0.6527175064906461,
        "trend_ss": -0.0765749024812422,
        "quantile_99_ss": 0.25560174855257367,
        "quantile_1_ss": -0.21357264705875262
      },
      "geometry": {
        "type": "Point",
        "coordinates": [
          -75.82753658628346,
          35.14761489937573
        ]
      }
    },
    {
      "type": "Feature",
      "properties": {
        "id": "0001177",
        "time_start": "1979-01-01",
        "time_end": "2024-12-31",
        "trend_wl": 3.799174894837317,
        "quantile_99_wl": 0.724017823800135,
        "quantile_1_wl": -0.652488077081696,
        "trend_ss": -0.07657450555931702,
        "quantile_99_ss": 0.2553358899837266,
        "quantile_1_ss": -0.21331142014329224
      },
      "geometry": {
        "type": "Point",
        "coordinates": [
          -75.8222072496164,
          35.1487572520126
        ]
      }
    },
    {
      "type": "Feature",
      "properties": {
        "id": "0001178",
        "time_start": "1979-01-01",
        "time_end": "2024-12-31",
        "trend_wl": 3.794286423406706,
        "quantile_99_wl": 0.7238156117722455,
        "quantile_1_wl": -0.6521591079658363,
        "trend_ss": -0.07657487545386711,
        "quantile_99_ss": 0.255070958613543,
        "quantile_1_ss": -0.21311098591449906
      },
      "geometry": {
        "type": "Point",
        "coordinates": [
          -75.81687791294934,
          35.14989960464947
        ]
      }
    },
    {
      "type": "Feature",
      "properties": {
        "id": "0001179",
        "time_start": "1979-01-01",
        "time_end": "2024-12-31",
        "trend_wl": 3.789959418835619,
        "quantile_99_wl": 0.7235799235607598,
        "quantile_1_wl": -0.6518296117404611,
        "trend_ss": -0.07657464124858257,
        "quantile_99_ss": 0.2545612649072553,
        "quantile_1_ss": -0.21291846084325652
      },
      "geometry": {
        "type": "Point",
        "coordinates": [
          -75.81154857628229,
          35.15104195728634
        ]
      }
    },
    {
      "type": "Feature",
      "properties": {
        "id": "0001180",
        "time_start": "1979-01-01",
        "time_end": "2024-12-31",
        "trend_wl": 3.7845262833467563,
        "quantile_99_wl": 0.7233064371067769,
        "quantile_1_wl": -0.6514369411124574,
        "trend_ss": -0.0765749008220298,
        "quantile_99_ss": 0.2542038544379677,
        "quantile_1_ss": -0.21277302963186223
      },
      "geometry": {
        "type": "Point",
        "coordinates": [
          -75.80621923961523,
          35.15218430992321
        ]
      }
    },
    {
      "type": "Feature",
      "properties": {
        "id": "0001181",
        "time_start": "1979-01-01",
        "time_end": "2024-12-31",
        "trend_wl": 3.7795089071562646,
        "quantile_99_wl": 0.7230492838159777,
        "quantile_1_wl": -0.650999421555374,
        "trend_ss": -0.07657486482129182,
        "quantile_99_ss": 0.2538892538656681,
        "quantile_1_ss": -0.21259649855683468
      },
      "geometry": {
        "type": "Point",
        "coordinates": [
          -75.80088990294817,
          35.153326662560076
        ]
      }
    },
    {
      "type": "Feature",
      "properties": {
        "id": "0001182",
        "time_start": "1979-01-01",
        "time_end": "2024-12-31",
        "trend_wl": 3.7689322558407556,
        "quantile_99_wl": 0.722644544813706,
        "quantile_1_wl": -0.6505102925541912,
        "trend_ss": -0.07657484434969886,
        "quantile_99_ss": 0.2534245610112876,
        "quantile_1_ss": -0.21208313032324555
      },
      "geometry": {
        "type": "Point",
        "coordinates": [
          -75.79556056628111,
          35.154469015196945
        ]
      }
    },
    {
      "type": "Feature",
      "properties": {
        "id": "0001183",
        "time_start": "1979-01-01",
        "time_end": "2024-12-31",
        "trend_wl": 3.764161209573522,
        "quantile_99_wl": 0.7222810206412381,
        "quantile_1_wl": -0.6501636555058022,
        "trend_ss": -0.07657488074879354,
        "quantile_99_ss": 0.25309659023083275,
        "quantile_1_ss": -0.21196193599575916
      },
      "geometry": {
        "type": "Point",
        "coordinates": [
          -75.79023122961405,
          35.155611367833814
        ]
      }
    },
    {
      "type": "Feature",
      "properties": {
        "id": "0001184",
        "time_start": "1979-01-01",
        "time_end": "2024-12-31",
        "trend_wl": 3.7591872970692903,
        "quantile_99_wl": 0.7218316073575572,
        "quantile_1_wl": -0.6498681695833358,
        "trend_ss": -0.07657484291183234,
        "quantile_99_ss": 0.2527685798042638,
        "quantile_1_ss": -0.21183320506116396
      },
      "geometry": {
        "type": "Point",
        "coordinates": [
          -75.78490189294699,
          35.15675372047068
        ]
      }
    },
    {
      "type": "Feature",
      "properties": {
        "id": "0001185",
        "time_start": "1979-01-01",
        "time_end": "2024-12-31",
        "trend_wl": 3.755114393379847,
        "quantile_99_wl": 0.7216315640300326,
        "quantile_1_wl": -0.6494736300579805,
        "trend_ss": -0.07657481961400936,
        "quantile_99_ss": 0.252772660719527,
        "quantile_1_ss": -0.21180353701269175
      },
      "geometry": {
        "type": "Point",
        "coordinates": [
          -75.77957255627993,
          35.15789607310755
        ]
      }
    },
    {
      "type": "Feature",
      "properties": {
        "id": "0001186",
        "time_start": "1979-01-01",
        "time_end": "2024-12-31",
        "trend_wl": 3.748859820339573,
        "quantile_99_wl": 0.7213894341265489,
        "quantile_1_wl": -0.6491782479282192,
        "trend_ss": -0.07657483413727918,
        "quantile_99_ss": 0.25240500926381576,
        "quantile_1_ss": -0.21146982738770553
      },
      "geometry": {
        "type": "Point",
        "coordinates": [
          -75.77424321961287,
          35.15903842574442
        ]
      }
    },
    {
      "type": "Feature",
      "properties": {
        "id": "0001187",
        "time_start": "1979-01-01",
        "time_end": "2024-12-31",
        "trend_wl": 3.7421089587597214,
        "quantile_99_wl": 0.7208828204524167,
        "quantile_1_wl": -0.6488762822304671,
        "trend_ss": -0.07657459303989746,
        "quantile_99_ss": 0.2520878147795733,
        "quantile_1_ss": -0.21126642056607958
      },
      "geometry": {
        "type": "Point",
        "coordinates": [
          -75.76891388294581,
          35.16018077838129
        ]
      }
    },
    {
      "type": "Feature",
      "properties": {
        "id": "0001188",
        "time_start": "1979-01-01",
        "time_end": "2024-12-31",
        "trend_wl": 3.734889126298112,
        "quantile_99_wl": 0.7206435004530518,
        "quantile_1_wl": -0.6485153577460263,
        "trend_ss": -0.07657485679313665,
        "quantile_99_ss": 0.25188816341566883,
        "quantile_1_ss": -0.21097728424968565
      },
      "geometry": {
        "type": "Point",
        "coordinates": [
          -75.76358454627875,
          35.16132313101816
        ]
      }
    },
    {
      "type": "Feature",
      "properties": {
        "id": "0001189",
        "time_start": "1979-01-01",
        "time_end": "2024-12-31",
        "trend_wl": 3.72683632880493,
        "quantile_99_wl": 0.7203524590726792,
        "quantile_1_wl": -0.6482908693523972,
        "trend_ss": -0.0765745753730099,
        "quantile_99_ss": 0.25171652941043976,
        "quantile_1_ss": -0.21081557038775717
      },
      "geometry": {
        "type": "Point",
        "coordinates": [
          -75.75825520961169,
          35.162465483655026
        ]
      }
    },
    {
      "type": "Feature",
      "properties": {
        "id": "0001190",
        "time_start": "1979-01-01",
        "time_end": "2024-12-31",
        "trend_wl": 3.720927810739676,
        "quantile_99_wl": 0.7205958500641226,
        "quantile_1_wl": -0.6486580977229113,
        "trend_ss": -0.07657481812473196,
        "quantile_99_ss": 0.2517094560657705,
        "quantile_1_ss": -0.21086381605543675
      },
      "geometry": {
        "type": "Point",
        "coordinates": [
          -75.75292587294464,
          35.163607836291895
        ]
      }
    },
    {
      "type": "Feature",
      "properties": {
        "id": "0001191",
        "time_start": "1979-01-01",
        "time_end": "2024-12-31",
        "trend_wl": 3.7143350678264726,
        "quantile_99_wl": 0.7211788518695021,
        "quantile_1_wl": -0.6497556496626741,
        "trend_ss": -0.07657482888634329,
        "quantile_99_ss": 0.25179454168911464,
        "quantile_1_ss": -0.21110043810373502
      },
      "geometry": {
        "type": "Point",
        "coordinates": [
          -75.74759653627758,
          35.164750188928764
        ]
      }
    },
    {
      "type": "Feature",
      "properties": {
        "id": "0001192",
        "time_start": "1979-01-01",
        "time_end": "2024-12-31",
        "trend_wl": 3.6986978518093334,
        "quantile_99_wl": 0.7202957641100808,
        "quantile_1_wl": -0.6488411654948426,
        "trend_ss": -0.07657481491616865,
        "quantile_99_ss": 0.2510169712613691,
        "quantile_1_ss": -0.2104847957608549
      },
      "geometry": {
        "type": "Point",
        "coordinates": [
          -75.74226719961052,
          35.16589254156563
        ]
      }
    },
    {
      "type": "Feature",
      "properties": {
        "id": "0001193",
        "time_start": "1979-01-01",
        "time_end": "2024-12-31",
        "trend_wl": 3.6924411932435195,
        "quantile_99_wl": 0.7205607799816074,
        "quantile_1_wl": -0.6491407409302294,
        "trend_ss": -0.07657482310068683,
        "quantile_99_ss": 0.2509103872265489,
        "quantile_1_ss": -0.21052816410355846
      },
      "geometry": {
        "type": "Point",
        "coordinates": [
          -75.73719868554458,
          35.16756368801333
        ]
      }
    },
    {
      "type": "Feature",
      "properties": {
        "id": "0001194",
        "time_start": "1979-01-01",
        "time_end": "2024-12-31",
        "trend_wl": 3.6924413264678355,
        "quantile_99_wl": 0.7205607799816074,
        "quantile_1_wl": -0.6491407409302294,
        "trend_ss": -0.07657493471549712,
        "quantile_99_ss": 0.2509213473694266,
        "quantile_1_ss": -0.21050452076057238
      },
      "geometry": {
        "type": "Point",
        "coordinates": [
          -75.73239477961268,
          35.1697713030913
        ]
      }
    },
    {
      "type": "Feature",
      "properties": {
        "id": "0001195",
        "time_start": "1979-01-01",
        "time_end": "2024-12-31",
        "trend_wl": 3.6907215956161616,
        "quantile_99_wl": 0.7214059743363088,
        "quantile_1_wl": -0.64964866834211,
        "trend_ss": -0.07657488656801023,
        "quantile_99_ss": 0.2513392323693972,
        "quantile_1_ss": -0.2109387995113835
      },
      "geometry": {
        "type": "Point",
        "coordinates": [
          -75.72759087368075,
          35.17197891816927
        ]
      }
    },
    {
      "type": "Feature",
      "properties": {
        "id": "0001196",
        "time_start": "1979-01-01",
        "time_end": "2024-12-31",
        "trend_wl": 3.6862699085235597,
        "quantile_99_wl": 0.721455484453858,
        "quantile_1_wl": -0.6492729228999246,
        "trend_ss": -0.07657418181757607,
        "quantile_99_ss": 0.2511830444709172,
        "quantile_1_ss": -0.2105658734467097
      },
      "geometry": {
        "type": "Point",
        "coordinates": [
          -75.72278696774885,
          35.17418653324724
        ]
      }
    },
    {
      "type": "Feature",
      "properties": {
        "id": "0001197",
        "time_start": "1979-01-01",
        "time_end": "2024-12-31",
        "trend_wl": 3.681416566229401,
        "quantile_99_wl": 0.7211171057786622,
        "quantile_1_wl": -0.6487399412263352,
        "trend_ss": -0.07657423639406291,
        "quantile_99_ss": 0.2509591302725849,
        "quantile_1_ss": -0.21031315132995965
      },
      "geometry": {
        "type": "Point",
        "coordinates": [
          -75.71798306181694,
          35.17639414832521
        ]
      }
    },
    {
      "type": "Feature",
      "properties": {
        "id": "0001198",
        "time_start": "1979-01-01",
        "time_end": "2024-12-31",
        "trend_wl": 3.6761394904084215,
        "quantile_99_wl": 0.7210610959211954,
        "quantile_1_wl": -0.6482275481850192,
        "trend_ss": -0.07726908242325117,
        "quantile_99_ss": 0.25092590784158675,
        "quantile_1_ss": -0.21032797728312455
      },
      "geometry": {
        "type": "Point",
        "coordinates": [
          -75.71317915588502,
          35.17860176340318
        ]
      }
    },
    {
      "type": "Feature",
      "properties": {
        "id": "0001199",
        "time_start": "1979-01-01",
        "time_end": "2024-12-31",
        "trend_wl": 3.671689174443628,
        "quantile_99_wl": 0.7208973697169762,
        "quantile_1_wl": -0.6479438843321587,
        "trend_ss": -0.07726850717520647,
        "quantile_99_ss": 0.25082410687041046,
        "quantile_1_ss": -0.21014842164262795
      },
      "geometry": {
        "type": "Point",
        "coordinates": [
          -75.70837524995311,
          35.18080937848115
        ]
      }
    },
    {
      "type": "Feature",
      "properties": {
        "id": "0001200",
        "time_start": "1979-01-01",
        "time_end": "2024-12-31",
        "trend_wl": 3.6674982770198703,
        "quantile_99_wl": 0.7207141893553672,
        "quantile_1_wl": -0.6474810609431285,
        "trend_ss": -0.07726798329050567,
        "quantile_99_ss": 0.25050932189992636,
        "quantile_1_ss": -0.20992759002018282
      },
      "geometry": {
        "type": "Point",
        "coordinates": [
          -75.7035713440212,
          35.183016993559114
        ]
      }
    },
    {
      "type": "Feature",
      "properties": {
        "id": "0001201",
        "time_start": "1979-01-01",
        "time_end": "2024-12-31",
        "trend_wl": 3.659146706408977,
        "quantile_99_wl": 0.7202763246051187,
        "quantile_1_wl": -0.6469271964770231,
        "trend_ss": -0.07726718285291478,
        "quantile_99_ss": 0.25022009694606534,
        "quantile_1_ss": -0.209426581036886
      },
      "geometry": {
        "type": "Point",
        "coordinates": [
          -75.69876743808928,
          35.185224608637085
        ]
      }
    },
    {
      "type": "Feature",
      "properties": {
        "id": "0001202",
        "time_start": "1979-01-01",
        "time_end": "2024-12-31",
        "trend_wl": 3.656193459798207,
        "quantile_99_wl": 0.7200215356075029,
        "quantile_1_wl": -0.6467877575548668,
        "trend_ss": -0.0772629062506932,
        "quantile_99_ss": 0.24999891715901582,
        "quantile_1_ss": -0.20937440875176053
      },
      "geometry": {
        "type": "Point",
        "coordinates": [
          -75.69396353215737,
          35.18743222371506
        ]
      }
    },
    {
      "type": "Feature",
      "properties": {
        "id": "0001203",
        "time_start": "1979-01-01",
        "time_end": "2024-12-31",
        "trend_wl": 3.656915346947317,
        "quantile_99_wl": 0.7202530875929269,
        "quantile_1_wl": -0.6470054756234019,
        "trend_ss": -0.07726263257609983,
        "quantile_99_ss": 0.2501418804766495,
        "quantile_1_ss": -0.2097269624714688
      },
      "geometry": {
        "type": "Point",
        "coordinates": [
          -75.68915962622546,
          35.18963983879303
        ]
      }
    },
    {
      "type": "Feature",
      "properties": {
        "id": "0001204",
        "time_start": "1979-01-01",
        "time_end": "2024-12-31",
        "trend_wl": 3.6523895127508044,
        "quantile_99_wl": 0.7200133788025843,
        "quantile_1_wl": -0.6465204365690538,
        "trend_ss": -0.07726528834989861,
        "quantile_99_ss": 0.24983153216616208,
        "quantile_1_ss": -0.20961984712584367
      },
      "geometry": {
        "type": "Point",
        "coordinates": [
          -75.68435572029354,
          35.191847453871
        ]
      }
    },
    {
      "type": "Feature",
      "properties": {
        "id": "0001205",
        "time_start": "1979-01-01",
        "time_end": "2024-12-31",
        "trend_wl": 3.647248005516282,
        "quantile_99_wl": 0.7197418915994835,
        "quantile_1_wl": -0.6462346376385766,
        "trend_ss": -0.07726475799397935,
        "quantile_99_ss": 0.24951886927779146,
        "quantile_1_ss": -0.2093926813275061
      },
      "geometry": {
        "type": "Point",
        "coordinates": [
          -75.6794856799968,
          35.19392803851418
        ]
      }
    },
    {
      "type": "Feature",
      "properties": {
        "id": "0001206",
        "time_start": "1979-01-01",
        "time_end": "2024-12-31",
        "trend_wl": 3.642190537787344,
        "quantile_99_wl": 0.7195016147802653,
        "quantile_1_wl": -0.6459350043042716,
        "trend_ss": -0.07726233253810978,
        "quantile_99_ss": 0.24925377902662627,
        "quantile_1_ss": -0.2093149077633411
      },
      "geometry": {
        "type": "Point",
        "coordinates": [
          -75.67420319628285,
          35.19521640466778
        ]
      }
    },
    {
      "type": "Feature",
      "properties": {
        "id": "0001207",
        "time_start": "1979-01-01",
        "time_end": "2024-12-31",
        "trend_wl": 3.6303926318733137,
        "quantile_99_wl": 0.7190425987229517,
        "quantile_1_wl": -0.6452266754607903,
        "trend_ss": -0.0772643075094228,
        "quantile_99_ss": 0.2489093636493715,
        "quantile_1_ss": -0.20870625489155947
      },
      "geometry": {
        "type": "Point",
        "coordinates": [
          -75.66892071256889,
          35.196504770821385
        ]
      }
    },
    {
      "type": "Feature",
      "properties": {
        "id": "0001208",
        "time_start": "1979-01-01",
        "time_end": "2024-12-31",
        "trend_wl": 3.6251564850483633,
        "quantile_99_wl": 0.7188805947158396,
        "quantile_1_wl": -0.6449740919063507,
        "trend_ss": -0.07726383638171617,
        "quantile_99_ss": 0.2486864323572622,
        "quantile_1_ss": -0.20855270297774675
      },
      "geometry": {
        "type": "Point",
        "coordinates": [
          -75.66363822885495,
          35.19779313697499
        ]
      }
    },
    {
      "type": "Feature",
      "properties": {
        "id": "0001209",
        "time_start": "1979-01-01",
        "time_end": "2024-12-31",
        "trend_wl": 3.6198491128892076,
        "quantile_99_wl": 0.7187745043204117,
        "quantile_1_wl": -0.6448382343941104,
        "trend_ss": -0.07726303186841159,
        "quantile_99_ss": 0.24849290420114226,
        "quantile_1_ss": -0.2084919681842069
      },
      "geometry": {
        "type": "Point",
        "coordinates": [
          -75.658355745141,
          35.19908150312859
        ]
      }
    },
    {
      "type": "Feature",
      "properties": {
        "id": "0001210",
        "time_start": "1979-01-01",
        "time_end": "2024-12-31",
        "trend_wl": 3.61444529553298,
        "quantile_99_wl": 0.7184536842023327,
        "quantile_1_wl": -0.6445820514424425,
        "trend_ss": -0.07726312727374639,
        "quantile_99_ss": 0.2483503417401572,
        "quantile_1_ss": -0.20840037643960244
      },
      "geometry": {
        "type": "Point",
        "coordinates": [
          -75.65307326142704,
          35.20036986928219
        ]
      }
    },
    {
      "type": "Feature",
      "properties": {
        "id": "0001211",
        "time_start": "1979-01-01",
        "time_end": "2024-12-31",
        "trend_wl": 3.6035577359847264,
        "quantile_99_wl": 0.7182610343688229,
        "quantile_1_wl": -0.6444716004016069,
        "trend_ss": -0.0827466577732931,
        "quantile_99_ss": 0.2483641637593726,
        "quantile_1_ss": -0.20850691745352418
      },
      "geometry": {
        "type": "Point",
        "coordinates": [
          -75.64779077771308,
          35.201658235435794
        ]
      }
    },
    {
      "type": "Feature",
      "properties": {
        "id": "0001212",
        "time_start": "1979-01-01",
        "time_end": "2024-12-31",
        "trend_wl": 3.597967442338524,
        "quantile_99_wl": 0.7181562907823414,
        "quantile_1_wl": -0.6441738351675668,
        "trend_ss": -0.08274585568863108,
        "quantile_99_ss": 0.24832780462799683,
        "quantile_1_ss": -0.20857884202131097
      },
      "geometry": {
        "type": "Point",
        "coordinates": [
          -75.64250829399914,
          35.202946601589396
        ]
      }
    },
    {
      "type": "Feature",
      "properties": {
        "id": "0001213",
        "time_start": "1979-01-01",
        "time_end": "2024-12-31",
        "trend_wl": 3.592557928803705,
        "quantile_99_wl": 0.7179859371523132,
        "quantile_1_wl": -0.643961542611899,
        "trend_ss": -0.08274561923744203,
        "quantile_99_ss": 0.2482323257806055,
        "quantile_1_ss": -0.20847071767436534
      },
      "geometry": {
        "type": "Point",
        "coordinates": [
          -75.63722581028519,
          35.204234967743
        ]
      }
    },
    {
      "type": "Feature",
      "properties": {
        "id": "0001214",
        "time_start": "1979-01-01",
        "time_end": "2024-12-31",
        "trend_wl": 3.5813006716952427,
        "quantile_99_wl": 0.7175050432449179,
        "quantile_1_wl": -0.6432502490183201,
        "trend_ss": -0.08274456940389835,
        "quantile_99_ss": 0.24792745736943902,
        "quantile_1_ss": -0.20824698029742392
      },
      "geometry": {
        "type": "Point",
        "coordinates": [
          -75.63194332657123,
          35.2055233338966
        ]
      }
    },
    {
      "type": "Feature",
      "properties": {
        "id": "0001215",
        "time_start": "1979-01-01",
        "time_end": "2024-12-31",
        "trend_wl": 3.5754943203330063,
        "quantile_99_wl": 0.71737329875333,
        "quantile_1_wl": -0.642943844310654,
        "trend_ss": -0.08274416680765166,
        "quantile_99_ss": 0.24776473562400675,
        "quantile_1_ss": -0.20823127272152583
      },
      "geometry": {
        "type": "Point",
        "coordinates": [
          -75.62666084285728,
          35.2068117000502
        ]
      }
    },
    {
      "type": "Feature",
      "properties": {
        "id": "0001216",
        "time_start": "1979-01-01",
        "time_end": "2024-12-31",
        "trend_wl": 3.5695466635354247,
        "quantile_99_wl": 0.7171512200596035,
        "quantile_1_wl": -0.642753709991623,
        "trend_ss": -0.08274362198378982,
        "quantile_99_ss": 0.24756657561319761,
        "quantile_1_ss": -0.20825418448298766
      },
      "geometry": {
        "type": "Point",
        "coordinates": [
          -75.62137835914334,
          35.208100066203805
        ]
      }
    },
    {
      "type": "Feature",
      "properties": {
        "id": "0001217",
        "time_start": "1979-01-01",
        "time_end": "2024-12-31",
        "trend_wl": 3.563632228356788,
        "quantile_99_wl": 0.716873777104679,
        "quantile_1_wl": -0.6426223620171085,
        "trend_ss": -0.08274251627504213,
        "quantile_99_ss": 0.2473495827039913,
        "quantile_1_ss": -0.2081740100049368
      },
      "geometry": {
        "type": "Point",
        "coordinates": [
          -75.61609587542938,
          35.209388432357414
        ]
      }
    },
    {
      "type": "Feature",
      "properties": {
        "id": "0001218",
        "time_start": "1979-01-01",
        "time_end": "2024-12-31",
        "trend_wl": 3.557647725475035,
        "quantile_99_wl": 0.7166391785707656,
        "quantile_1_wl": -0.642376221028277,
        "trend_ss": -0.0827422521069753,
        "quantile_99_ss": 0.24727104274217224,
        "quantile_1_ss": -0.20804403591778503
      },
      "geometry": {
        "type": "Point",
        "coordinates": [
          -75.61081339171542,
          35.21067679851102
        ]
      }
    },
    {
      "type": "Feature",
      "properties": {
        "id": "0001219",
        "time_start": "1979-01-01",
        "time_end": "2024-12-31",
        "trend_wl": 3.551725159285176,
        "quantile_99_wl": 0.7164176528922368,
        "quantile_1_wl": -0.6422301637078414,
        "trend_ss": -0.08274169061225323,
        "quantile_99_ss": 0.24709315292765996,
        "quantile_1_ss": -0.20800000000000002
      },
      "geometry": {
        "type": "Point",
        "coordinates": [
          -75.60553090800147,
          35.21196516466462
        ]
      }
    },
    {
      "type": "Feature",
      "properties": {
        "id": "0001220",
        "time_start": "1979-01-01",
        "time_end": "2024-12-31",
        "trend_wl": 3.5458156424046567,
        "quantile_99_wl": 0.7161220471269314,
        "quantile_1_wl": -0.6420126594185537,
        "trend_ss": -0.08274133416791955,
        "quantile_99_ss": 0.24700471705569016,
        "quantile_1_ss": -0.20788723810201884
      },
      "geometry": {
        "type": "Point",
        "coordinates": [
          -75.60024842428753,
          35.21325353081822
        ]
      }
    },
    {
      "type": "Feature",
      "properties": {
        "id": "0001221",
        "time_start": "1979-01-01",
        "time_end": "2024-12-31",
        "trend_wl": 3.5396186534117495,
        "quantile_99_wl": 0.715896456306016,
        "quantile_1_wl": -0.6417733078710878,
        "trend_ss": -0.08274038250719468,
        "quantile_99_ss": 0.24681804946382144,
        "quantile_1_ss": -0.20779614332931137
      },
      "geometry": {
        "type": "Point",
        "coordinates": [
          -75.59496594057357,
          35.214541896971824
        ]
      }
    },
    {
      "type": "Feature",
      "properties": {
        "id": "0001222",
        "time_start": "1979-01-01",
        "time_end": "2024-12-31",
        "trend_wl": 3.5332083311348885,
        "quantile_99_wl": 0.7156601015021807,
        "quantile_1_wl": -0.6415817264664863,
        "trend_ss": -0.08273993572205413,
        "quantile_99_ss": 0.24669804400684872,
        "quantile_1_ss": -0.20756483850965374
      },
      "geometry": {
        "type": "Point",
        "coordinates": [
          -75.58951736926464,
          35.21509661478196
        ]
      }
    },
    {
      "type": "Feature",
      "properties": {
        "id": "0001223",
        "time_start": "1979-01-01",
        "time_end": "2024-12-31",
        "trend_wl": 3.507050053414221,
        "quantile_99_wl": 0.7155357811996325,
        "quantile_1_wl": -0.641280075156153,
        "trend_ss": -0.10230553152791116,
        "quantile_99_ss": 0.24642462588528447,
        "quantile_1_ss": -0.20765469725939256
      },
      "geometry": {
        "type": "Point",
        "coordinates": [
          -75.58401913596063,
          35.21543196376784
        ]
      }
    },
    {
      "type": "Feature",
      "properties": {
        "id": "0001224",
        "time_start": "1979-01-01",
        "time_end": "2024-12-31",
        "trend_wl": 3.5018472487113357,
        "quantile_99_wl": 0.7154990101542786,
        "quantile_1_wl": -0.6412671068640184,
        "trend_ss": -0.10230420781984874,
        "quantile_99_ss": 0.2461656388481371,
        "quantile_1_ss": -0.2079100943013658
      },
      "geometry": {
        "type": "Point",
        "coordinates": [
          -75.57852090265662,
          35.21576731275371
        ]
      }
    },
    {
      "type": "Feature",
      "properties": {
        "id": "0001225",
        "time_start": "1979-01-01",
        "time_end": "2024-12-31",
        "trend_wl": 3.493353059287609,
        "quantile_99_wl": 0.7149256137804616,
        "quantile_1_wl": -0.6407805222735153,
        "trend_ss": -0.1023047852476332,
        "quantile_99_ss": 0.2459499277068898,
        "quantile_1_ss": -0.20739555131569262
      },
      "geometry": {
        "type": "Point",
        "coordinates": [
          -75.57318128783878,
          35.214904137480545
        ]
      }
    },
    {
      "type": "Feature",
      "properties": {
        "id": "0001226",
        "time_start": "1979-01-01",
        "time_end": "2024-12-31",
        "trend_wl": 3.4861489879766787,
        "quantile_99_wl": 0.7146649580683248,
        "quantile_1_wl": -0.6405160586032179,
        "trend_ss": -0.10230425858860608,
        "quantile_99_ss": 0.2458407248971482,
        "quantile_1_ss": -0.20736725781901894
      },
      "geometry": {
        "type": "Point",
        "coordinates": [
          -75.56789782764761,
          35.21361665679423
        ]
      }
    },
    {
      "type": "Feature",
      "properties": {
        "id": "0001227",
        "time_start": "1979-01-01",
        "time_end": "2024-12-31",
        "trend_wl": 3.4673113864668506,
        "quantile_99_wl": 0.7140963469358926,
        "quantile_1_wl": -0.6401324046214849,
        "trend_ss": -0.10230199555686362,
        "quantile_99_ss": 0.24489816483161872,
        "quantile_1_ss": -0.20700000000000002
      },
      "geometry": {
        "type": "Point",
        "coordinates": [
          -75.56331788769127,
          35.21148666449566
        ]
      }
    },
    {
      "type": "Feature",
      "properties": {
        "id": "0001228",
        "time_start": "1979-01-01",
        "time_end": "2024-12-31",
        "trend_wl": 3.456478784406301,
        "quantile_99_wl": 0.7135619936242896,
        "quantile_1_wl": -0.6394180806652973,
        "trend_ss": -0.10230168550220366,
        "quantile_99_ss": 0.24429146671292956,
        "quantile_1_ss": -0.20651668416913493
      },
      "geometry": {
        "type": "Point",
        "coordinates": [
          -75.55992223124417,
          35.2079384150392
        ]
      }
    },
    {
      "type": "Feature",
      "properties": {
        "id": "0001229",
        "time_start": "1979-01-01",
        "time_end": "2024-12-31",
        "trend_wl": 3.446984409690293,
        "quantile_99_wl": 0.7134316400195998,
        "quantile_1_wl": -0.6393920482227439,
        "trend_ss": -0.1023007011735202,
        "quantile_99_ss": 0.24410881950897403,
        "quantile_1_ss": -0.20651637572506135
      },
      "geometry": {
        "type": "Point",
        "coordinates": [
          -75.55652657479708,
          35.20439016558274
        ]
      }
    },
    {
      "type": "Feature",
      "properties": {
        "id": "0001230",
        "time_start": "1979-01-01",
        "time_end": "2024-12-31",
        "trend_wl": 3.4435046296173657,
        "quantile_99_wl": 0.7131622797915774,
        "quantile_1_wl": -0.6390308345165759,
        "trend_ss": -0.10230033753310983,
        "quantile_99_ss": 0.24365494409941768,
        "quantile_1_ss": -0.2060940012600431
      },
      "geometry": {
        "type": "Point",
        "coordinates": [
          -75.55313091834999,
          35.20084191612628
        ]
      }
    },
    {
      "type": "Feature",
      "properties": {
        "id": "0001231",
        "time_start": "1979-01-01",
        "time_end": "2024-12-31",
        "trend_wl": 3.4308255599517437,
        "quantile_99_wl": 0.7128450741730825,
        "quantile_1_wl": -0.6389014534113762,
        "trend_ss": -0.10229922527804809,
        "quantile_99_ss": 0.2433742887073991,
        "quantile_1_ss": -0.20608834669885054
      },
      "geometry": {
        "type": "Point",
        "coordinates": [
          -75.5497352619029,
          35.19729366666982
        ]
      }
    },
    {
      "type": "Feature",
      "properties": {
        "id": "0001232",
        "time_start": "1979-01-01",
        "time_end": "2024-12-31",
        "trend_wl": 3.41486498335108,
        "quantile_99_wl": 0.7119354097500364,
        "quantile_1_wl": -0.638158644239424,
        "trend_ss": -0.10229799359603241,
        "quantile_99_ss": 0.24278833533565208,
        "quantile_1_ss": -0.20568600476919635
      },
      "geometry": {
        "type": "Point",
        "coordinates": [
          -75.5463396054558,
          35.19374541721336
        ]
      }
    },
    {
      "type": "Feature",
      "properties": {
        "id": "0001233",
        "time_start": "1979-01-01",
        "time_end": "2024-12-31",
        "trend_wl": 3.402812874874073,
        "quantile_99_wl": 0.7118396111797146,
        "quantile_1_wl": -0.6380207046610689,
        "trend_ss": -0.10229693565618592,
        "quantile_99_ss": 0.24245228891923468,
        "quantile_1_ss": -0.20571935272739997
      },
      "geometry": {
        "type": "Point",
        "coordinates": [
          -75.54294394900872,
          35.1901971677569
        ]
      }
    },
    {
      "type": "Feature",
      "properties": {
        "id": "0001234",
        "time_start": "1979-01-01",
        "time_end": "2024-12-31",
        "trend_wl": 3.395999205830871,
        "quantile_99_wl": 0.7112652959165595,
        "quantile_1_wl": -0.6373997100255882,
        "trend_ss": -0.10229689165843872,
        "quantile_99_ss": 0.24221009549799644,
        "quantile_1_ss": -0.20511769109871017
      },
      "geometry": {
        "type": "Point",
        "coordinates": [
          -75.53954829256162,
          35.18664891830044
        ]
      }
    },
    {
      "type": "Feature",
      "properties": {
        "id": "0001235",
        "time_start": "1979-01-01",
        "time_end": "2024-12-31",
        "trend_wl": 3.384887812023816,
        "quantile_99_wl": 0.7107385764883563,
        "quantile_1_wl": -0.6366848010265037,
        "trend_ss": -0.10229685500085363,
        "quantile_99_ss": 0.24164575748313227,
        "quantile_1_ss": -0.2046382562408507
      },
      "geometry": {
        "type": "Point",
        "coordinates": [
          -75.53615263611452,
          35.18310066884398
        ]
      }
    },
    {
      "type": "Feature",
      "properties": {
        "id": "0001236",
        "time_start": "1979-01-01",
        "time_end": "2024-12-31",
        "trend_wl": 3.3741526955667265,
        "quantile_99_wl": 0.7104788407267365,
        "quantile_1_wl": -0.6364205645315787,
        "trend_ss": -0.10229528916289186,
        "quantile_99_ss": 0.24177762884800294,
        "quantile_1_ss": -0.20489158585715822
      },
      "geometry": {
        "type": "Point",
        "coordinates": [
          -75.53275697966744,
          35.17955241938752
        ]
      }
    },
    {
      "type": "Feature",
      "properties": {
        "id": "0001237",
        "time_start": "1979-01-01",
        "time_end": "2024-12-31",
        "trend_wl": 3.3647268548204288,
        "quantile_99_wl": 0.7097242934011729,
        "quantile_1_wl": -0.6356980749766912,
        "trend_ss": -0.10229546895237826,
        "quantile_99_ss": 0.24104554689710625,
        "quantile_1_ss": -0.20422195737374957
      },
      "geometry": {
        "type": "Point",
        "coordinates": [
          -75.52936132322034,
          35.17600416993106
        ]
      }
    },
    {
      "type": "Feature",
      "properties": {
        "id": "0001238",
        "time_start": "1979-01-01",
        "time_end": "2024-12-31",
        "trend_wl": 3.3576338401235595,
        "quantile_99_wl": 0.7091574409360336,
        "quantile_1_wl": -0.6350676225662146,
        "trend_ss": -0.10229565526253094,
        "quantile_99_ss": 0.2405033637207789,
        "quantile_1_ss": -0.20368053590688517
      },
      "geometry": {
        "type": "Point",
        "coordinates": [
          -75.52542971988566,
          35.17301473408664
        ]
      }
    },
    {
      "type": "Feature",
      "properties": {
        "id": "0001239",
        "time_start": "1979-01-01",
        "time_end": "2024-12-31",
        "trend_wl": 3.3466917049032516,
        "quantile_99_wl": 0.7089993617125819,
        "quantile_1_wl": -0.6347809682478901,
        "trend_ss": -0.10229412330177443,
        "quantile_99_ss": 0.24055852600972258,
        "quantile_1_ss": -0.20422018993631222
      },
      "geometry": {
        "type": "Point",
        "coordinates": [
          -75.52040576787255,
          35.17116425309908
        ]
      }
    },
    {
      "type": "Feature",
      "properties": {
        "id": "0001240",
        "time_start": "1979-01-01",
        "time_end": "2024-12-31",
        "trend_wl": 3.32857026471325,
        "quantile_99_wl": 0.7080821210212709,
        "quantile_1_wl": -0.6337969318821718,
        "trend_ss": -0.10229305954592229,
        "quantile_99_ss": 0.2397538985899678,
        "quantile_1_ss": -0.2038394071020448
      },
      "geometry": {
        "type": "Point",
        "coordinates": [
          -75.51538181585941,
          35.169313772111515
        ]
      }
    },
    {
      "type": "Feature",
      "properties": {
        "id": "0001241",
        "time_start": "1979-01-01",
        "time_end": "2024-12-31",
        "trend_wl": 3.316568151914626,
        "quantile_99_wl": 0.7078262051365052,
        "quantile_1_wl": -0.6337206303803818,
        "trend_ss": -0.10229118763429262,
        "quantile_99_ss": 0.23972748247738182,
        "quantile_1_ss": -0.20459319362631292
      },
      "geometry": {
        "type": "Point",
        "coordinates": [
          -75.51035786384628,
          35.16746329112395
        ]
      }
    },
    {
      "type": "Feature",
      "properties": {
        "id": "0001242",
        "time_start": "1979-01-01",
        "time_end": "2024-12-31",
        "trend_wl": 3.311757681074226,
        "quantile_99_wl": 0.7071834880215269,
        "quantile_1_wl": -0.6329011272294115,
        "trend_ss": -0.1022923456233441,
        "quantile_99_ss": 0.23876202031281205,
        "quantile_1_ss": -0.2034552841233469
      },
      "geometry": {
        "type": "Point",
        "coordinates": [
          -75.50533391183315,
          35.16561281013638
        ]
      }
    },
    {
      "type": "Feature",
      "properties": {
        "id": "0001243",
        "time_start": "1979-01-01",
        "time_end": "2024-12-31",
        "trend_wl": 3.2986041646878093,
        "quantile_99_wl": 0.7071188808223583,
        "quantile_1_wl": -0.6328765805335702,
        "trend_ss": -0.10229004908205526,
        "quantile_99_ss": 0.23935608296544833,
        "quantile_1_ss": -0.20463161726656529
      },
      "geometry": {
        "type": "Point",
        "coordinates": [
          -75.50150264070771,
          35.16277327115759
        ]
      }
    },
    {
      "type": "Feature",
      "properties": {
        "id": "0001244",
        "time_start": "1979-01-01",
        "time_end": "2024-12-31",
        "trend_wl": 3.292322900563127,
        "quantile_99_wl": 0.7060245386611425,
        "quantile_1_wl": -0.6321456433821264,
        "trend_ss": -0.1022901945120376,
        "quantile_99_ss": 0.2380354387418962,
        "quantile_1_ss": -0.20328053108298186
      },
      "geometry": {
        "type": "Point",
        "coordinates": [
          -75.50042277041422,
          35.15852691151627
        ]
      }
    },
    {
      "type": "Feature",
      "properties": {
        "id": "0001245",
        "time_start": "1979-01-01",
        "time_end": "2024-12-31",
        "trend_wl": 3.2966233998678263,
        "quantile_99_wl": 0.7049493386541014,
        "quantile_1_wl": -0.631377322102388,
        "trend_ss": -0.1022921702320894,
        "quantile_99_ss": 0.23556129254958008,
        "quantile_1_ss": -0.20108347220998232
      },
      "geometry": {
        "type": "Point",
        "coordinates": [
          -75.5010604574108,
          35.15405268227324
        ]
      }
    },
    {
      "type": "Feature",
      "properties": {
        "id": "0001246",
        "time_start": "1979-01-01",
        "time_end": "2024-12-31",
        "trend_wl": 3.286226477263321,
        "quantile_99_wl": 0.7037628483130467,
        "quantile_1_wl": -0.6304540649151879,
        "trend_ss": -0.10229224438826078,
        "quantile_99_ss": 0.23417430787955607,
        "quantile_1_ss": -0.20025183059184243
      },
      "geometry": {
        "type": "Point",
        "coordinates": [
          -75.50169814440737,
          35.149578453030216
        ]
      }
    },
    {
      "type": "Feature",
      "properties": {
        "id": "0001247",
        "time_start": "1979-01-01",
        "time_end": "2024-12-31",
        "trend_wl": 3.2912614519804344,
        "quantile_99_wl": 0.7034246695026452,
        "quantile_1_wl": -0.6296256566716859,
        "trend_ss": -0.10229494621754454,
        "quantile_99_ss": 0.23342698750038243,
        "quantile_1_ss": -0.199
      },
      "geometry": {
        "type": "Point",
        "coordinates": [
          -75.5013201625833,
          35.14513018424391
        ]
      }
    },
    {
      "type": "Feature",
      "properties": {
        "id": "0001248",
        "time_start": "1979-01-01",
        "time_end": "2024-12-31",
        "trend_wl": 3.2821026690731014,
        "quantile_99_wl": 0.7025247470611777,
        "quantile_1_wl": -0.6286656458347192,
        "trend_ss": -0.1022958465799472,
        "quantile_99_ss": 0.2334744934718014,
        "quantile_1_ss": -0.19870581477917837
      },
      "geometry": {
        "type": "Point",
        "coordinates": [
          -75.50034205315899,
          35.14069725469642
        ]
      }
    },
    {
      "type": "Feature",
      "properties": {
        "id": "0001249",
        "time_start": "1979-01-01",
        "time_end": "2024-12-31",
        "trend_wl": 3.2776010435522887,
        "quantile_99_wl": 0.7017077565164556,
        "quantile_1_wl": -0.6280960453796749,
        "trend_ss": -0.10229641551367252,
        "quantile_99_ss": 0.2334934680693958,
        "quantile_1_ss": -0.19802225755294484
      },
      "geometry": {
        "type": "Point",
        "coordinates": [
          -75.4975096604719,
          35.13695659964418
        ]
      }
    },
    {
      "type": "Feature",
      "properties": {
        "id": "0001250",
        "time_start": "1979-01-01",
        "time_end": "2024-12-31",
        "trend_wl": 3.2660130474932934,
        "quantile_99_wl": 0.7011358628184087,
        "quantile_1_wl": -0.6273874049649674,
        "trend_ss": -0.10229590074529023,
        "quantile_99_ss": 0.2333381991435704,
        "quantile_1_ss": -0.19810345059535156
      },
      "geometry": {
        "type": "Point",
        "coordinates": [
          -75.4940549355624,
          35.13344828488957
        ]
      }
    },
    {
      "type": "Feature",
      "properties": {
        "id": "0001251",
        "time_start": "1979-01-01",
        "time_end": "2024-12-31",
        "trend_wl": 3.2614258512425716,
        "quantile_99_wl": 0.7003738621702195,
        "quantile_1_wl": -0.6266466569198663,
        "trend_ss": -0.10231342511220701,
        "quantile_99_ss": 0.23309671438173543,
        "quantile_1_ss": -0.1971812770536396
      },
      "geometry": {
        "type": "Point",
        "coordinates": [
          -75.4906002106529,
          35.129939970134956
        ]
      }
    },
    {
      "type": "Feature",
      "properties": {
        "id": "0001252",
        "time_start": "1979-01-01",
        "time_end": "2024-12-31",
        "trend_wl": 3.2492446319109916,
        "quantile_99_wl": 0.6995929668846558,
        "quantile_1_wl": -0.6258712392736439,
        "trend_ss": -0.1022953587419597,
        "quantile_99_ss": 0.23260883614806557,
        "quantile_1_ss": -0.1970288725637645
      },
      "geometry": {
        "type": "Point",
        "coordinates": [
          -75.48637774426469,
          35.12711016417149
        ]
      }
    },
    {
      "type": "Feature",
      "properties": {
        "id": "0001253",
        "time_start": "1979-01-01",
        "time_end": "2024-12-31",
        "trend_wl": 3.242876022559884,
        "quantile_99_wl": 0.6984157781915313,
        "quantile_1_wl": -0.624863698126934,
        "trend_ss": -0.10229695851930574,
        "quantile_99_ss": 0.2317036172676208,
        "quantile_1_ss": -0.19607582776640964
      },
      "geometry": {
        "type": "Point",
        "coordinates": [
          -75.48183503681616,
          35.12456337844428
        ]
      }
    },
    {
      "type": "Feature",
      "properties": {
        "id": "0001254",
        "time_start": "1979-01-01",
        "time_end": "2024-12-31",
        "trend_wl": 3.2299970341761055,
        "quantile_99_wl": 0.6975501998391069,
        "quantile_1_wl": -0.6242635341617728,
        "trend_ss": -0.10229574834137717,
        "quantile_99_ss": 0.2311132489167369,
        "quantile_1_ss": -0.19587762362925856
      },
      "geometry": {
        "type": "Point",
        "coordinates": [
          -75.47697170501552,
          35.12268767332929
        ]
      }
    },
    {
      "type": "Feature",
      "properties": {
        "id": "0001255",
        "time_start": "1979-01-01",
        "time_end": "2024-12-31",
        "trend_wl": 3.21752031461736,
        "quantile_99_wl": 0.6971733995307037,
        "quantile_1_wl": -0.6238196288229666,
        "trend_ss": -0.10229492057525993,
        "quantile_99_ss": 0.23135205126136563,
        "quantile_1_ss": -0.196
      },
      "geometry": {
        "type": "Point",
        "coordinates": [
          -75.4715217815275,
          35.122039729942486
        ]
      }
    },
    {
      "type": "Feature",
      "properties": {
        "id": "0001256",
        "time_start": "1979-01-01",
        "time_end": "2024-12-31",
        "trend_wl": 3.217520196627338,
        "quantile_99_wl": 0.6971733995307037,
        "quantile_1_wl": -0.6238196288229666,
        "trend_ss": -0.10229511807872592,
        "quantile_99_ss": 0.23130927131692877,
        "quantile_1_ss": -0.196
      },
      "geometry": {
        "type": "Point",
        "coordinates": [
          -75.46607185803948,
          35.12139178655569
        ]
      }
    },
    {
      "type": "Feature",
      "properties": {
        "id": "0001257",
        "time_start": "1979-01-01",
        "time_end": "2024-12-31",
        "trend_wl": 3.2058323158131143,
        "quantile_99_wl": 0.6966399720159834,
        "quantile_1_wl": -0.623295288040852,
        "trend_ss": -0.10229404896787359,
        "quantile_99_ss": 0.23106339312629612,
        "quantile_1_ss": -0.19591827541785978
      },
      "geometry": {
        "type": "Point",
        "coordinates": [
          -75.46062193455145,
          35.12074384316889
        ]
      }
    },
    {
      "type": "Feature",
      "properties": {
        "id": "0001258",
        "time_start": "1979-01-01",
        "time_end": "2024-12-31",
        "trend_wl": 3.1967260001913824,
        "quantile_99_wl": 0.6956049451354415,
        "quantile_1_wl": -0.6220205853661892,
        "trend_ss": -0.10229490913889637,
        "quantile_99_ss": 0.23103538268699983,
        "quantile_1_ss": -0.19522444220967602
      },
      "geometry": {
        "type": "Point",
        "coordinates": [
          -75.45528478832942,
          35.12180228591835
        ]
      }
    },
    {
      "type": "Feature",
      "properties": {
        "id": "0001259",
        "time_start": "1979-01-01",
        "time_end": "2024-12-31",
        "trend_wl": 3.1852732145626335,
        "quantile_99_wl": 0.6949164076060372,
        "quantile_1_wl": -0.6215743743628338,
        "trend_ss": -0.10229344169649483,
        "quantile_99_ss": 0.2304303539799805,
        "quantile_1_ss": -0.19509138829601433
      },
      "geometry": {
        "type": "Point",
        "coordinates": [
          -75.44995205603892,
          35.1229275140393
        ]
      }
    },
    {
      "type": "Feature",
      "properties": {
        "id": "0001260",
        "time_start": "1979-01-01",
        "time_end": "2024-12-31",
        "trend_wl": 3.1852732144959823,
        "quantile_99_wl": 0.6949164076060372,
        "quantile_1_wl": -0.6215743743628338,
        "trend_ss": -0.10229344169652696,
        "quantile_99_ss": 0.23043032719294193,
        "quantile_1_ss": -0.19509139262165473
      },
      "geometry": {
        "type": "Point",
        "coordinates": [
          -75.44461932374844,
          35.12405274216025
        ]
      }
    },
    {
      "type": "Feature",
      "properties": {
        "id": "0001261",
        "time_start": "1979-01-01",
        "time_end": "2024-12-31",
        "trend_wl": 3.1732462431735833,
        "quantile_99_wl": 0.6955419368384321,
        "quantile_1_wl": -0.621674911960448,
        "trend_ss": -0.10229036528712525,
        "quantile_99_ss": 0.23094387517491322,
        "quantile_1_ss": -0.19675600807315613
      },
      "geometry": {
        "type": "Point",
        "coordinates": [
          -75.43928659145794,
          35.1251779702812
        ]
      }
    },
    {
      "type": "Feature",
      "properties": {
        "id": "0001262",
        "time_start": "1979-01-01",
        "time_end": "2024-12-31",
        "trend_wl": 3.158558074281126,
        "quantile_99_wl": 0.6944228552352687,
        "quantile_1_wl": -0.6207662732407083,
        "trend_ss": -0.10228937246301328,
        "quantile_99_ss": 0.23008258064761192,
        "quantile_1_ss": -0.19631540976754694
      },
      "geometry": {
        "type": "Point",
        "coordinates": [
          -75.43395385916746,
          35.12630319840215
        ]
      }
    },
    {
      "type": "Feature",
      "properties": {
        "id": "0001263",
        "time_start": "1979-01-01",
        "time_end": "2024-12-31",
        "trend_wl": 3.158558103187018,
        "quantile_99_wl": 0.6944658305712423,
        "quantile_1_wl": -0.6207662732407083,
        "trend_ss": -0.10228938428952156,
        "quantile_99_ss": 0.23007438861246213,
        "quantile_1_ss": -0.19630521260495845
      },
      "geometry": {
        "type": "Point",
        "coordinates": [
          -75.42854780265019,
          35.12708983237299
        ]
      }
    },
    {
      "type": "Feature",
      "properties": {
        "id": "0001264",
        "time_start": "1979-01-01",
        "time_end": "2024-12-31",
        "trend_wl": 3.144413485609289,
        "quantile_99_wl": 0.6935246562832657,
        "quantile_1_wl": -0.6199069032897396,
        "trend_ss": -0.10228903484056097,
        "quantile_99_ss": 0.22970433572981092,
        "quantile_1_ss": -0.19599880647415485
      },
      "geometry": {
        "type": "Point",
        "coordinates": [
          -75.42306633040401,
          35.12752821412549
        ]
      }
    },
    {
      "type": "Feature",
      "properties": {
        "id": "0001265",
        "time_start": "1979-01-01",
        "time_end": "2024-12-31",
        "trend_wl": 3.14441342439033,
        "quantile_99_wl": 0.6935246562832657,
        "quantile_1_wl": -0.6199069032897396,
        "trend_ss": -0.1022892080941094,
        "quantile_99_ss": 0.22968896523282456,
        "quantile_1_ss": -0.19599916369753426
      },
      "geometry": {
        "type": "Point",
        "coordinates": [
          -75.41758485815784,
          35.127966595878
        ]
      }
    },
    {
      "type": "Feature",
      "properties": {
        "id": "0001266",
        "time_start": "1979-01-01",
        "time_end": "2024-12-31",
        "trend_wl": 3.13222439538306,
        "quantile_99_wl": 0.6920967721216433,
        "quantile_1_wl": -0.6184930241591956,
        "trend_ss": -0.10228939896829152,
        "quantile_99_ss": 0.22830541657172837,
        "quantile_1_ss": -0.1945312559075018
      },
      "geometry": {
        "type": "Point",
        "coordinates": [
          -75.41210338591166,
          35.1284049776305
        ]
      }
    },
    {
      "type": "Feature",
      "properties": {
        "id": "0001267",
        "time_start": "1979-01-01",
        "time_end": "2024-12-31",
        "trend_wl": 3.1246532782451326,
        "quantile_99_wl": 0.6942865153928683,
        "quantile_1_wl": -0.620325800528229,
        "trend_ss": -0.10229651341932536,
        "quantile_99_ss": 0.231862566103294,
        "quantile_1_ss": -0.1984698837698356
      },
      "geometry": {
        "type": "Point",
        "coordinates": [
          -75.40662191366549,
          35.128843359383005
        ]
      }
    },
    {
      "type": "Feature",
      "properties": {
        "id": "0001268",
        "time_start": "1979-01-01",
        "time_end": "2024-12-31",
        "trend_wl": 3.1117560180015342,
        "quantile_99_wl": 0.6929806774353207,
        "quantile_1_wl": -0.6189553120052652,
        "trend_ss": -0.10229698676591131,
        "quantile_99_ss": 0.23217012016213426,
        "quantile_1_ss": -0.19785017867497856
      },
      "geometry": {
        "type": "Point",
        "coordinates": [
          -75.4013180165731,
          35.12966309468824
        ]
      }
    },
    {
      "type": "Feature",
      "properties": {
        "id": "0001269",
        "time_start": "1979-01-01",
        "time_end": "2024-12-31",
        "trend_wl": 3.111771777358596,
        "quantile_99_wl": 0.6929576654294296,
        "quantile_1_wl": -0.6189553120052652,
        "trend_ss": -0.10228613505301308,
        "quantile_99_ss": 0.2321975672536812,
        "quantile_1_ss": -0.19767927335284224
      },
      "geometry": {
        "type": "Point",
        "coordinates": [
          -75.39686887185312,
          35.132318463228096
        ]
      }
    },
    {
      "type": "Feature",
      "properties": {
        "id": "0001270",
        "time_start": "1979-01-01",
        "time_end": "2024-12-31",
        "trend_wl": 3.097843268490771,
        "quantile_99_wl": 0.6919324877086592,
        "quantile_1_wl": -0.617918574542881,
        "trend_ss": -0.10228627519047775,
        "quantile_99_ss": 0.23223042906317345,
        "quantile_1_ss": -0.19696978712636956
      },
      "geometry": {
        "type": "Point",
        "coordinates": [
          -75.39241972713313,
          35.13497383176795
        ]
      }
    },
    {
      "type": "Feature",
      "properties": {
        "id": "0001271",
        "time_start": "1979-01-01",
        "time_end": "2024-12-31",
        "trend_wl": 3.112082463823851,
        "quantile_99_wl": 0.6961814745843765,
        "quantile_1_wl": -0.6215311436335941,
        "trend_ss": -0.10229350304417546,
        "quantile_99_ss": 0.23899864842116292,
        "quantile_1_ss": -0.20245534184325764
      },
      "geometry": {
        "type": "Point",
        "coordinates": [
          -75.39189189629546,
          35.13916586900124
        ]
      }
    },
    {
      "type": "Feature",
      "properties": {
        "id": "0001272",
        "time_start": "1979-01-01",
        "time_end": "2024-12-31",
        "trend_wl": 3.1120983309293737,
        "quantile_99_wl": 0.6961872528798114,
        "quantile_1_wl": -0.6215768610125241,
        "trend_ss": -0.10228315825312675,
        "quantile_99_ss": 0.23906393380607172,
        "quantile_1_ss": -0.20223609991642297
      },
      "geometry": {
        "type": "Point",
        "coordinates": [
          -75.39214890985681,
          35.14366546789712
        ]
      }
    },
    {
      "type": "Feature",
      "properties": {
        "id": "0001273",
        "time_start": "1979-01-01",
        "time_end": "2024-12-31",
        "trend_wl": 3.1175782398457423,
        "quantile_99_wl": 0.6995441902090959,
        "quantile_1_wl": -0.6239692396368339,
        "trend_ss": -0.10229092113722119,
        "quantile_99_ss": 0.2469734348263007,
        "quantile_1_ss": -0.2069859328608716
      },
      "geometry": {
        "type": "Point",
        "coordinates": [
          -75.39254529493375,
          35.14813131583062
        ]
      }
    },
    {
      "type": "Feature",
      "properties": {
        "id": "0001274",
        "time_start": "1979-01-01",
        "time_end": "2024-12-31",
        "trend_wl": 3.117578248061512,
        "quantile_99_wl": 0.6995441902090959,
        "quantile_1_wl": -0.6239692396368339,
        "trend_ss": -0.1022908033913082,
        "quantile_99_ss": 0.24693355916425788,
        "quantile_1_ss": -0.20698543736796096
      },
      "geometry": {
        "type": "Point",
        "coordinates": [
          -75.39532692845734,
          35.15201953905893
        ]
      }
    },
    {
      "type": "Feature",
      "properties": {
        "id": "0001275",
        "time_start": "1979-01-01",
        "time_end": "2024-12-31",
        "trend_wl": 3.1263287763281635,
        "quantile_99_wl": 0.7014022432857471,
        "quantile_1_wl": -0.6254648949306272,
        "trend_ss": -0.10227994166374949,
        "quantile_99_ss": 0.24884590772973245,
        "quantile_1_ss": -0.2096302334844122
      },
      "geometry": {
        "type": "Point",
        "coordinates": [
          -75.39810856198092,
          35.15590776228724
        ]
      }
    },
    {
      "type": "Feature",
      "properties": {
        "id": "0001276",
        "time_start": "1979-01-01",
        "time_end": "2024-12-31",
        "trend_wl": 3.132106738325851,
        "quantile_99_wl": 0.7044951162894547,
        "quantile_1_wl": -0.6275618179636272,
        "trend_ss": -0.1022879669003662,
        "quantile_99_ss": 0.2568489026181524,
        "quantile_1_ss": -0.21427882086787217
      },
      "geometry": {
        "type": "Point",
        "coordinates": [
          -75.4008901955045,
          35.15979598551555
        ]
      }
    },
    {
      "type": "Feature",
      "properties": {
        "id": "0001277",
        "time_start": "1979-01-01",
        "time_end": "2024-12-31",
        "trend_wl": 3.14383790420437,
        "quantile_99_wl": 0.7043441725703763,
        "quantile_1_wl": -0.6277954068888119,
        "trend_ss": -0.102288907492246,
        "quantile_99_ss": 0.2538639138241274,
        "quantile_1_ss": -0.2134823386830914
      },
      "geometry": {
        "type": "Point",
        "coordinates": [
          -75.40457756948054,
          35.16303203947967
        ]
      }
    },
    {
      "type": "Feature",
      "properties": {
        "id": "0001278",
        "time_start": "1979-01-01",
        "time_end": "2024-12-31",
        "trend_wl": 3.143837906323795,
        "quantile_99_wl": 0.7043441725703763,
        "quantile_1_wl": -0.6277954068888119,
        "trend_ss": -0.10228891503306813,
        "quantile_99_ss": 0.2538556447286156,
        "quantile_1_ss": -0.21348437441349263
      },
      "geometry": {
        "type": "Point",
        "coordinates": [
          -75.40894525578004,
          35.165778241426885
        ]
      }
    },
    {
      "type": "Feature",
      "properties": {
        "id": "0001279",
        "time_start": "1979-01-01",
        "time_end": "2024-12-31",
        "trend_wl": 3.155376146484476,
        "quantile_99_wl": 0.7085863273117191,
        "quantile_1_wl": -0.6315044229803279,
        "trend_ss": -0.10227742501883434,
        "quantile_99_ss": 0.2607374199232266,
        "quantile_1_ss": -0.219465698452796
      },
      "geometry": {
        "type": "Point",
        "coordinates": [
          -75.41331294207956,
          35.168524443374096
        ]
      }
    },
    {
      "type": "Feature",
      "properties": {
        "id": "0001280",
        "time_start": "1979-01-01",
        "time_end": "2024-12-31",
        "trend_wl": 3.1553608386360983,
        "quantile_99_wl": 0.7085863273117191,
        "quantile_1_wl": -0.631477087135655,
        "trend_ss": -0.10228708864097533,
        "quantile_99_ss": 0.260817455264207,
        "quantile_1_ss": -0.2195011646719985
      },
      "geometry": {
        "type": "Point",
        "coordinates": [
          -75.41827518078519,
          35.17046319438573
        ]
      }
    },
    {
      "type": "Feature",
      "properties": {
        "id": "0001281",
        "time_start": "1979-01-01",
        "time_end": "2024-12-31",
        "trend_wl": 3.165645235725129,
        "quantile_99_wl": 0.7112302512381378,
        "quantile_1_wl": -0.6339471784916593,
        "trend_ss": -0.1022859464953147,
        "quantile_99_ss": 0.26641471410309403,
        "quantile_1_ss": -0.224
      },
      "geometry": {
        "type": "Point",
        "coordinates": [
          -75.42329062222963,
          35.17232969171412
        ]
      }
    },
    {
      "type": "Feature",
      "properties": {
        "id": "0001282",
        "time_start": "1979-01-01",
        "time_end": "2024-12-31",
        "trend_wl": 3.170497314406513,
        "quantile_99_wl": 0.7109702927567293,
        "quantile_1_wl": -0.6341246543087723,
        "trend_ss": -0.1022760843569733,
        "quantile_99_ss": 0.262443326459905,
        "quantile_1_ss": -0.22358018957252093
      },
      "geometry": {
        "type": "Point",
        "coordinates": [
          -75.42830606367406,
          35.17419618904251
        ]
      }
    },
    {
      "type": "Feature",
      "properties": {
        "id": "0001283",
        "time_start": "1979-01-01",
        "time_end": "2024-12-31",
        "trend_wl": 3.179910537603889,
        "quantile_99_wl": 0.7137308940036692,
        "quantile_1_wl": -0.6366654334704773,
        "trend_ss": -0.10228445767724377,
        "quantile_99_ss": 0.2676597211970652,
        "quantile_1_ss": -0.22805108660482967
      },
      "geometry": {
        "type": "Point",
        "coordinates": [
          -75.4333215051185,
          35.176062686370905
        ]
      }
    },
    {
      "type": "Feature",
      "properties": {
        "id": "0001284",
        "time_start": "1979-01-01",
        "time_end": "2024-12-31",
        "trend_wl": 3.188781242399014,
        "quantile_99_wl": 0.7146148229090893,
        "quantile_1_wl": -0.6378986023334331,
        "trend_ss": -0.10228443814969565,
        "quantile_99_ss": 0.26863001933185,
        "quantile_1_ss": -0.22923684796902893
      },
      "geometry": {
        "type": "Point",
        "coordinates": [
          -75.43833694656293,
          35.17792918369929
        ]
      }
    },
    {
      "type": "Feature",
      "properties": {
        "id": "0001285",
        "time_start": "1979-01-01",
        "time_end": "2024-12-31",
        "trend_wl": 3.19751833360821,
        "quantile_99_wl": 0.7169413578050178,
        "quantile_1_wl": -0.6399208992311115,
        "trend_ss": -0.10228392507321359,
        "quantile_99_ss": 0.2727343516681631,
        "quantile_1_ss": -0.23256227846202296
      },
      "geometry": {
        "type": "Point",
        "coordinates": [
          -75.44335238800737,
          35.179795681027684
        ]
      }
    },
    {
      "type": "Feature",
      "properties": {
        "id": "0001286",
        "time_start": "1979-01-01",
        "time_end": "2024-12-31",
        "trend_wl": 3.201756867196063,
        "quantile_99_wl": 0.717031964611914,
        "quantile_1_wl": -0.6403736549878271,
        "trend_ss": -0.10228391932021766,
        "quantile_99_ss": 0.27160096882706114,
        "quantile_1_ss": -0.23318800639753756
      },
      "geometry": {
        "type": "Point",
        "coordinates": [
          -75.44793935133531,
          35.18207553988478
        ]
      }
    },
    {
      "type": "Feature",
      "properties": {
        "id": "0001287",
        "time_start": "1979-01-01",
        "time_end": "2024-12-31",
        "trend_wl": 3.206572721009909,
        "quantile_99_wl": 0.71891895426767,
        "quantile_1_wl": -0.6418182902137556,
        "trend_ss": -0.1022832497508953,
        "quantile_99_ss": 0.27617943113549004,
        "quantile_1_ss": -0.23523228465265525
      },
      "geometry": {
        "type": "Point",
        "coordinates": [
          -75.45101448405683,
          35.18581389238849
        ]
      }
    },
    {
      "type": "Feature",
      "properties": {
        "id": "0001288",
        "time_start": "1979-01-01",
        "time_end": "2024-12-31",
        "trend_wl": 3.214688288321418,
        "quantile_99_wl": 0.7212702891132188,
        "quantile_1_wl": -0.6438840107698023,
        "trend_ss": -0.10228255170104639,
        "quantile_99_ss": 0.28101545604472405,
        "quantile_1_ss": -0.2388455295175401
      },
      "geometry": {
        "type": "Point",
        "coordinates": [
          -75.45408961677835,
          35.18955224489219
        ]
      }
    },
    {
      "type": "Feature",
      "properties": {
        "id": "0001289",
        "time_start": "1979-01-01",
        "time_end": "2024-12-31",
        "trend_wl": 3.2226731622120544,
        "quantile_99_wl": 0.7227407856695433,
        "quantile_1_wl": -0.6451577928405187,
        "trend_ss": -0.10228221212473924,
        "quantile_99_ss": 0.28362831270129973,
        "quantile_1_ss": -0.24123450917275338
      },
      "geometry": {
        "type": "Point",
        "coordinates": [
          -75.45716474949987,
          35.1932905973959
        ]
      }
    },
    {
      "type": "Feature",
      "properties": {
        "id": "0001290",
        "time_start": "1979-01-01",
        "time_end": "2024-12-31",
        "trend_wl": 3.231359424016373,
        "quantile_99_wl": 0.7248653401449618,
        "quantile_1_wl": -0.6469523035068238,
        "trend_ss": -0.10228192436314419,
        "quantile_99_ss": 0.28722455018015075,
        "quantile_1_ss": -0.24404048861835145
      },
      "geometry": {
        "type": "Point",
        "coordinates": [
          -75.46023988222139,
          35.197028949899604
        ]
      }
    },
    {
      "type": "Feature",
      "properties": {
        "id": "0001291",
        "time_start": "1979-01-01",
        "time_end": "2024-12-31",
        "trend_wl": 3.2394415772081913,
        "quantile_99_wl": 0.7263074596077709,
        "quantile_1_wl": -0.648601726489709,
        "trend_ss": -0.10228144954567185,
        "quantile_99_ss": 0.29039116899491046,
        "quantile_1_ss": -0.2466286676402261
      },
      "geometry": {
        "type": "Point",
        "coordinates": [
          -75.46331501494289,
          35.20076730240331
        ]
      }
    },
    {
      "type": "Feature",
      "properties": {
        "id": "0001292",
        "time_start": "1979-01-01",
        "time_end": "2024-12-31",
        "trend_wl": 3.2437640592839267,
        "quantile_99_wl": 0.7286151923408144,
        "quantile_1_wl": -0.6498497330423203,
        "trend_ss": -0.10228109354552332,
        "quantile_99_ss": 0.2950290433703923,
        "quantile_1_ss": -0.24878084781146778
      },
      "geometry": {
        "type": "Point",
        "coordinates": [
          -75.46639014766441,
          35.20450565490702
        ]
      }
    },
    {
      "type": "Feature",
      "properties": {
        "id": "0001293",
        "time_start": "1979-01-01",
        "time_end": "2024-12-31",
        "trend_wl": 3.25112418982515,
        "quantile_99_wl": 0.7299467352833295,
        "quantile_1_wl": -0.6511984281517847,
        "trend_ss": -0.10228013222958464,
        "quantile_99_ss": 0.29698905337847686,
        "quantile_1_ss": -0.2509835816477083
      },
      "geometry": {
        "type": "Point",
        "coordinates": [
          -75.46875068073032,
          35.20853056420473
        ]
      }
    },
    {
      "type": "Feature",
      "properties": {
        "id": "0001294",
        "time_start": "1979-01-01",
        "time_end": "2024-12-31",
        "trend_wl": 3.26307407923982,
        "quantile_99_wl": 0.7327857758217258,
        "quantile_1_wl": -0.6538145304364744,
        "trend_ss": -0.10227946954069521,
        "quantile_99_ss": 0.3032822357838559,
        "quantile_1_ss": -0.2548303659980788
      },
      "geometry": {
        "type": "Point",
        "coordinates": [
          -75.4704860865294,
          35.21280615157655
        ]
      }
    },
    {
      "type": "Feature",
      "properties": {
        "id": "0001295",
        "time_start": "1979-01-01",
        "time_end": "2024-12-31",
        "trend_wl": 3.263074494906934,
        "quantile_99_wl": 0.7327857758217258,
        "quantile_1_wl": -0.6538145304364744,
        "trend_ss": -0.10227893820415503,
        "quantile_99_ss": 0.3032228384393667,
        "quantile_1_ss": -0.25483989643122096
      },
      "geometry": {
        "type": "Point",
        "coordinates": [
          -75.47222149232849,
          35.21708173894837
        ]
      }
    },
    {
      "type": "Feature",
      "properties": {
        "id": "0001296",
        "time_start": "1979-01-01",
        "time_end": "2024-12-31",
        "trend_wl": 3.2712614633865824,
        "quantile_99_wl": 0.7343491044696974,
        "quantile_1_wl": -0.6553628462037092,
        "trend_ss": -0.10227862405467437,
        "quantile_99_ss": 0.30595032903519276,
        "quantile_1_ss": -0.25696113678203664
      },
      "geometry": {
        "type": "Point",
        "coordinates": [
          -75.47395689812757,
          35.221357326320195
        ]
      }
    },
    {
      "type": "Feature",
      "properties": {
        "id": "0001297",
        "time_start": "1979-01-01",
        "time_end": "2024-12-31",
        "trend_wl": 3.275857564010879,
        "quantile_99_wl": 0.7355991482626839,
        "quantile_1_wl": -0.6561281940141644,
        "trend_ss": -0.10227813431739756,
        "quantile_99_ss": 0.30879772505970376,
        "quantile_1_ss": -0.258
      },
      "geometry": {
        "type": "Point",
        "coordinates": [
          -75.47569230392666,
          35.22563291369202
        ]
      }
    },
    {
      "type": "Feature",
      "properties": {
        "id": "0001298",
        "time_start": "1979-01-01",
        "time_end": "2024-12-31",
        "trend_wl": 3.284050657778754,
        "quantile_99_wl": 0.7373635790401217,
        "quantile_1_wl": -0.6574200365541579,
        "trend_ss": -0.10227763675805297,
        "quantile_99_ss": 0.31128813517459547,
        "quantile_1_ss": -0.25959320864481294
      },
      "geometry": {
        "type": "Point",
        "coordinates": [
          -75.47742770972575,
          35.22990850106384
        ]
      }
    },
    {
      "type": "Feature",
      "properties": {
        "id": "0001299",
        "time_start": "1979-01-01",
        "time_end": "2024-12-31",
        "trend_wl": 3.2888121488560094,
        "quantile_99_wl": 0.7382486963076824,
        "quantile_1_wl": -0.657812600734367,
        "trend_ss": -0.10227750110778655,
        "quantile_99_ss": 0.3133227936343401,
        "quantile_1_ss": -0.26019641284142014
      },
      "geometry": {
        "type": "Point",
        "coordinates": [
          -75.47916311552483,
          35.23418408843567
        ]
      }
    },
    {
      "type": "Feature",
      "properties": {
        "id": "0001300",
        "time_start": "1979-01-01",
        "time_end": "2024-12-31",
        "trend_wl": 3.301235050062921,
        "quantile_99_wl": 0.739773545417397,
        "quantile_1_wl": -0.6593815133611863,
        "trend_ss": -0.1022764433502169,
        "quantile_99_ss": 0.31633388927914674,
        "quantile_1_ss": -0.2617943692551799
      },
      "geometry": {
        "type": "Point",
        "coordinates": [
          -75.48025052145483,
          35.238586547695654
        ]
      }
    },
    {
      "type": "Feature",
      "properties": {
        "id": "0001301",
        "time_start": "1979-01-01",
        "time_end": "2024-12-31",
        "trend_wl": 3.301235021277298,
        "quantile_99_wl": 0.739773545417397,
        "quantile_1_wl": -0.6593815133611863,
        "trend_ss": -0.1022764424148189,
        "quantile_99_ss": 0.31633850362377186,
        "quantile_1_ss": -0.2618004131916606
      },
      "geometry": {
        "type": "Point",
        "coordinates": [
          -75.48107545346664,
          35.243040396721575
        ]
      }
    },
    {
      "type": "Feature",
      "properties": {
        "id": "0001302",
        "time_start": "1979-01-01",
        "time_end": "2024-12-31",
        "trend_wl": 3.313635027280998,
        "quantile_99_wl": 0.7410260610565198,
        "quantile_1_wl": -0.6604322549298409,
        "trend_ss": -0.10227552897007793,
        "quantile_99_ss": 0.31878946436470856,
        "quantile_1_ss": -0.26286965697193176
      },
      "geometry": {
        "type": "Point",
        "coordinates": [
          -75.48190038547847,
          35.247494245747504
        ]
      }
    },
    {
      "type": "Feature",
      "properties": {
        "id": "0001303",
        "time_start": "1979-01-01",
        "time_end": "2024-12-31",
        "trend_wl": 3.3184113510320277,
        "quantile_99_wl": 0.741452253998114,
        "quantile_1_wl": -0.660595135359623,
        "trend_ss": -0.10227541987221225,
        "quantile_99_ss": 0.31965393781904144,
        "quantile_1_ss": -0.2627360230606377
      },
      "geometry": {
        "type": "Point",
        "coordinates": [
          -75.48272531749028,
          35.251948094773425
        ]
      }
    },
    {
      "type": "Feature",
      "properties": {
        "id": "0001304",
        "time_start": "1979-01-01",
        "time_end": "2024-12-31",
        "trend_wl": 3.327369153575912,
        "quantile_99_wl": 0.7423848824386555,
        "quantile_1_wl": -0.6612735354359883,
        "trend_ss": -0.10227528793672475,
        "quantile_99_ss": 0.32140857825153485,
        "quantile_1_ss": -0.26343722895040705
      },
      "geometry": {
        "type": "Point",
        "coordinates": [
          -75.4835502495021,
          35.25640194379935
        ]
      }
    },
    {
      "type": "Feature",
      "properties": {
        "id": "0001305",
        "time_start": "1979-01-01",
        "time_end": "2024-12-31",
        "trend_wl": 3.33250380951555,
        "quantile_99_wl": 0.7425452978892171,
        "quantile_1_wl": -0.6615558203782624,
        "trend_ss": -0.10227442185594486,
        "quantile_99_ss": 0.32207286412935243,
        "quantile_1_ss": -0.2633061636508636
      },
      "geometry": {
        "type": "Point",
        "coordinates": [
          -75.48437518151391,
          35.26085579282527
        ]
      }
    },
    {
      "type": "Feature",
      "properties": {
        "id": "0001306",
        "time_start": "1979-01-01",
        "time_end": "2024-12-31",
        "trend_wl": 3.3325034017314765,
        "quantile_99_wl": 0.7425353155009772,
        "quantile_1_wl": -0.6615558203782624,
        "trend_ss": -0.10227488480909022,
        "quantile_99_ss": 0.3221425941710923,
        "quantile_1_ss": -0.26329297762917153
      },
      "geometry": {
        "type": "Point",
        "coordinates": [
          -75.48520011352574,
          35.26530964185119
        ]
      }
    },
    {
      "type": "Feature",
      "properties": {
        "id": "0001307",
        "time_start": "1979-01-01",
        "time_end": "2024-12-31",
        "trend_wl": 3.345784164716416,
        "quantile_99_wl": 0.7436664027637295,
        "quantile_1_wl": -0.6625977632279766,
        "trend_ss": -0.10227506708522924,
        "quantile_99_ss": 0.3248840332197689,
        "quantile_1_ss": -0.264
      },
      "geometry": {
        "type": "Point",
        "coordinates": [
          -75.48602504553754,
          35.26976349087712
        ]
      }
    },
    {
      "type": "Feature",
      "properties": {
        "id": "0001308",
        "time_start": "1979-01-01",
        "time_end": "2024-12-31",
        "trend_wl": 3.350813532880537,
        "quantile_99_wl": 0.7439025996123819,
        "quantile_1_wl": -0.6627040841128791,
        "trend_ss": -0.10227451853775223,
        "quantile_99_ss": 0.3252332233955672,
        "quantile_1_ss": -0.26373660574500996
      },
      "geometry": {
        "type": "Point",
        "coordinates": [
          -75.48656483985218,
          35.27423163751548
        ]
      }
    },
    {
      "type": "Feature",
      "properties": {
        "id": "0001309",
        "time_start": "1979-01-01",
        "time_end": "2024-12-31",
        "trend_wl": 3.3556740204178146,
        "quantile_99_wl": 0.7444530011580703,
        "quantile_1_wl": -0.6628899269531098,
        "trend_ss": -0.10227453110286033,
        "quantile_99_ss": 0.32588794762726964,
        "quantile_1_ss": -0.2636497196781413
      },
      "geometry": {
        "type": "Point",
        "coordinates": [
          -75.48641338500576,
          35.278734445346316
        ]
      }
    },
    {
      "type": "Feature",
      "properties": {
        "id": "0001310",
        "time_start": "1979-01-01",
        "time_end": "2024-12-31",
        "trend_wl": 3.355673964840931,
        "quantile_99_wl": 0.7444530011580703,
        "quantile_1_wl": -0.6628899269531098,
        "trend_ss": -0.10227447383969047,
        "quantile_99_ss": 0.3258987122319246,
        "quantile_1_ss": -0.26363616940185464
      },
      "geometry": {
        "type": "Point",
        "coordinates": [
          -75.48626193015936,
          35.283237253177155
        ]
      }
    },
    {
      "type": "Feature",
      "properties": {
        "id": "0001311",
        "time_start": "1979-01-01",
        "time_end": "2024-12-31",
        "trend_wl": 3.367254519064612,
        "quantile_99_wl": 0.7456731221587642,
        "quantile_1_wl": -0.6637874722891421,
        "trend_ss": -0.10227371876857555,
        "quantile_99_ss": 0.32750403703231873,
        "quantile_1_ss": -0.26418589249138447
      },
      "geometry": {
        "type": "Point",
        "coordinates": [
          -75.48611047531294,
          35.287740061007995
        ]
      }
    },
    {
      "type": "Feature",
      "properties": {
        "id": "0001312",
        "time_start": "1979-01-01",
        "time_end": "2024-12-31",
        "trend_wl": 3.3719794346870504,
        "quantile_99_wl": 0.7458202812038294,
        "quantile_1_wl": -0.6639807299309282,
        "trend_ss": -0.10227318766081428,
        "quantile_99_ss": 0.3279523976291792,
        "quantile_1_ss": -0.2640832569321461
      },
      "geometry": {
        "type": "Point",
        "coordinates": [
          -75.48595902046652,
          35.29224286883884
        ]
      }
    },
    {
      "type": "Feature",
      "properties": {
        "id": "0001313",
        "time_start": "1979-01-01",
        "time_end": "2024-12-31",
        "trend_wl": 3.3767723046005673,
        "quantile_99_wl": 0.7462757745413329,
        "quantile_1_wl": -0.6641625713739858,
        "trend_ss": -0.1022730692506866,
        "quantile_99_ss": 0.32838380512403553,
        "quantile_1_ss": -0.2641776346247854
      },
      "geometry": {
        "type": "Point",
        "coordinates": [
          -75.48580756562012,
          35.29674567666968
        ]
      }
    },
    {
      "type": "Feature",
      "properties": {
        "id": "0001314",
        "time_start": "1979-01-01",
        "time_end": "2024-12-31",
        "trend_wl": 3.3817840025220125,
        "quantile_99_wl": 0.7467060966978342,
        "quantile_1_wl": -0.6643800724875002,
        "trend_ss": -0.10227268583532806,
        "quantile_99_ss": 0.3288273043532822,
        "quantile_1_ss": -0.2642426783537538
      },
      "geometry": {
        "type": "Point",
        "coordinates": [
          -75.4856561107737,
          35.30124848450052
        ]
      }
    },
    {
      "type": "Feature",
      "properties": {
        "id": "0001315",
        "time_start": "1979-01-01",
        "time_end": "2024-12-31",
        "trend_wl": 3.387042331466044,
        "quantile_99_wl": 0.7472791601914462,
        "quantile_1_wl": -0.6645051220521153,
        "trend_ss": -0.1022722736105929,
        "quantile_99_ss": 0.3290805725131492,
        "quantile_1_ss": -0.26425414978094325
      },
      "geometry": {
        "type": "Point",
        "coordinates": [
          -75.48550465592729,
          35.30575129233136
        ]
      }
    },
    {
      "type": "Feature",
      "properties": {
        "id": "0001316",
        "time_start": "1979-01-01",
        "time_end": "2024-12-31",
        "trend_wl": 3.3923757443117695,
        "quantile_99_wl": 0.7476940713309753,
        "quantile_1_wl": -0.6647912229316338,
        "trend_ss": -0.10227168026379971,
        "quantile_99_ss": 0.3292232198275845,
        "quantile_1_ss": -0.2642821230703392
      },
      "geometry": {
        "type": "Point",
        "coordinates": [
          -75.48485423880362,
          35.310198185637645
        ]
      }
    },
    {
      "type": "Feature",
      "properties": {
        "id": "0001317",
        "time_start": "1979-01-01",
        "time_end": "2024-12-31",
        "trend_wl": 3.392375744049392,
        "quantile_99_wl": 0.7476940713309753,
        "quantile_1_wl": -0.6647912229316338,
        "trend_ss": -0.10227168027269776,
        "quantile_99_ss": 0.32922318679742646,
        "quantile_1_ss": -0.2642822439670211
      },
      "geometry": {
        "type": "Point",
        "coordinates": [
          -75.48351205587784,
          35.31456755854271
        ]
      }
    },
    {
      "type": "Feature",
      "properties": {
        "id": "0001318",
        "time_start": "1979-01-01",
        "time_end": "2024-12-31",
        "trend_wl": 3.397688149180525,
        "quantile_99_wl": 0.7481189368381389,
        "quantile_1_wl": -0.6650718917230826,
        "trend_ss": -0.10227093584117258,
        "quantile_99_ss": 0.3294234535181876,
        "quantile_1_ss": -0.2644845293456557
      },
      "geometry": {
        "type": "Point",
        "coordinates": [
          -75.48216987295206,
          35.31893693144778
        ]
      }
    },
    {
      "type": "Feature",
      "properties": {
        "id": "0001319",
        "time_start": "1979-01-01",
        "time_end": "2024-12-31",
        "trend_wl": 3.402710841503154,
        "quantile_99_wl": 0.7482938634827171,
        "quantile_1_wl": -0.6651580934879445,
        "trend_ss": -0.10227015000416076,
        "quantile_99_ss": 0.3292283147483959,
        "quantile_1_ss": -0.26446282729862197
      },
      "geometry": {
        "type": "Point",
        "coordinates": [
          -75.48082769002626,
          35.32330630435284
        ]
      }
    },
    {
      "type": "Feature",
      "properties": {
        "id": "0001320",
        "time_start": "1979-01-01",
        "time_end": "2024-12-31",
        "trend_wl": 3.4077741614667105,
        "quantile_99_wl": 0.7486924584577356,
        "quantile_1_wl": -0.6653708704169982,
        "trend_ss": -0.1022693895748797,
        "quantile_99_ss": 0.3295072916367544,
        "quantile_1_ss": -0.2646016500303219
      },
      "geometry": {
        "type": "Point",
        "coordinates": [
          -75.47948550710048,
          35.32767567725791
        ]
      }
    },
    {
      "type": "Feature",
      "properties": {
        "id": "0001321",
        "time_start": "1979-01-01",
        "time_end": "2024-12-31",
        "trend_wl": 3.41279343355056,
        "quantile_99_wl": 0.7489570621862148,
        "quantile_1_wl": -0.665558499435677,
        "trend_ss": -0.10226880060487602,
        "quantile_99_ss": 0.32985039148128253,
        "quantile_1_ss": -0.264803387104227
      },
      "geometry": {
        "type": "Point",
        "coordinates": [
          -75.4781433241747,
          35.332045050162975
        ]
      }
    },
    {
      "type": "Feature",
      "properties": {
        "id": "0001322",
        "time_start": "1979-01-01",
        "time_end": "2024-12-31",
        "trend_wl": 3.4182481006225984,
        "quantile_99_wl": 0.7492096623538352,
        "quantile_1_wl": -0.6658243359115564,
        "trend_ss": -0.10226789978861187,
        "quantile_99_ss": 0.3300758110317665,
        "quantile_1_ss": -0.26502799167112134
      },
      "geometry": {
        "type": "Point",
        "coordinates": [
          -75.47680114124891,
          35.33641442306804
        ]
      }
    },
    {
      "type": "Feature",
      "properties": {
        "id": "0001323",
        "time_start": "1979-01-01",
        "time_end": "2024-12-31",
        "trend_wl": 3.420539777021042,
        "quantile_99_wl": 0.749542185564867,
        "quantile_1_wl": -0.6657441178944816,
        "trend_ss": -0.10226736027383365,
        "quantile_99_ss": 0.3303188814370869,
        "quantile_1_ss": -0.26514304914301184
      },
      "geometry": {
        "type": "Point",
        "coordinates": [
          -75.47545895832313,
          35.34078379597311
        ]
      }
    },
    {
      "type": "Feature",
      "properties": {
        "id": "0001324",
        "time_start": "1979-01-01",
        "time_end": "2024-12-31",
        "trend_wl": 3.427007920536486,
        "quantile_99_wl": 0.7500000098256371,
        "quantile_1_wl": -0.6664529431635344,
        "trend_ss": -0.10226642275265535,
        "quantile_99_ss": 0.3311770787290007,
        "quantile_1_ss": -0.26549572350506695
      },
      "geometry": {
        "type": "Point",
        "coordinates": [
          -75.47432993261324,
          35.34518561653071
        ]
      }
    },
    {
      "type": "Feature",
      "properties": {
        "id": "0001325",
        "time_start": "1979-01-01",
        "time_end": "2024-12-31",
        "trend_wl": 3.427007465104044,
        "quantile_99_wl": 0.7500000098256371,
        "quantile_1_wl": -0.6664368633287929,
        "trend_ss": -0.10226667501620383,
        "quantile_99_ss": 0.33120657685379423,
        "quantile_1_ss": -0.26551248551115614
      },
      "geometry": {
        "type": "Point",
        "coordinates": [
          -75.47365150682897,
          35.349656029229386
        ]
      }
    },
    {
      "type": "Feature",
      "properties": {
        "id": "0001326",
        "time_start": "1979-01-01",
        "time_end": "2024-12-31",
        "trend_wl": 3.4329844007661006,
        "quantile_99_wl": 0.750696265248997,
        "quantile_1_wl": -0.6668171791835489,
        "trend_ss": -0.10232162279681264,
        "quantile_99_ss": 0.33222041530054375,
        "quantile_1_ss": -0.265868033481578
      },
      "geometry": {
        "type": "Point",
        "coordinates": [
          -75.4729730810447,
          35.35412644192806
        ]
      }
    },
    {
      "type": "Feature",
      "properties": {
        "id": "0001327",
        "time_start": "1979-01-01",
        "time_end": "2024-12-31",
        "trend_wl": 3.439605043576655,
        "quantile_99_wl": 0.7514776812094558,
        "quantile_1_wl": -0.6673958665256611,
        "trend_ss": -0.10226494268862758,
        "quantile_99_ss": 0.333274379082248,
        "quantile_1_ss": -0.26669922084440034
      },
      "geometry": {
        "type": "Point",
        "coordinates": [
          -75.47229465526043,
          35.35859685462673
        ]
      }
    },
    {
      "type": "Feature",
      "properties": {
        "id": "0001328",
        "time_start": "1979-01-01",
        "time_end": "2024-12-31",
        "trend_wl": 3.4396045860732123,
        "quantile_99_wl": 0.7514776812094558,
        "quantile_1_wl": -0.6673958665256611,
        "trend_ss": -0.10226519337105464,
        "quantile_99_ss": 0.33321101871694486,
        "quantile_1_ss": -0.2667295431806441
      },
      "geometry": {
        "type": "Point",
        "coordinates": [
          -75.47161622947617,
          35.3630672673254
        ]
      }
    },
    {
      "type": "Feature",
      "properties": {
        "id": "0001329",
        "time_start": "1979-01-01",
        "time_end": "2024-12-31",
        "trend_wl": 3.445465232111419,
        "quantile_99_wl": 0.7519660553705614,
        "quantile_1_wl": -0.6677808277975952,
        "trend_ss": -0.10226394170337008,
        "quantile_99_ss": 0.33416689466836763,
        "quantile_1_ss": -0.26716979068913704
      },
      "geometry": {
        "type": "Point",
        "coordinates": [
          -75.4709378036919,
          35.36753768002407
        ]
      }
    },
    {
      "type": "Feature",
      "properties": {
        "id": "0001330",
        "time_start": "1979-01-01",
        "time_end": "2024-12-31",
        "trend_wl": 3.446126695532596,
        "quantile_99_wl": 0.7519869728376849,
        "quantile_1_wl": -0.6678305001026741,
        "trend_ss": -0.1022635622642931,
        "quantile_99_ss": 0.33404515452395495,
        "quantile_1_ss": -0.2669354770160848
      },
      "geometry": {
        "type": "Point",
        "coordinates": [
          -75.47025937790762,
          35.372008092722744
        ]
      }
    },
    {
      "type": "Feature",
      "properties": {
        "id": "0001331",
        "time_start": "1979-01-01",
        "time_end": "2024-12-31",
        "trend_wl": 3.4537008447334654,
        "quantile_99_wl": 0.7526064638915372,
        "quantile_1_wl": -0.668511520413653,
        "trend_ss": -0.10226284338579687,
        "quantile_99_ss": 0.3353655594634476,
        "quantile_1_ss": -0.26786203635775235
      },
      "geometry": {
        "type": "Point",
        "coordinates": [
          -75.46958095212337,
          35.37647850542142
        ]
      }
    },
    {
      "type": "Feature",
      "properties": {
        "id": "0001332",
        "time_start": "1979-01-01",
        "time_end": "2024-12-31",
        "trend_wl": 3.460713859791165,
        "quantile_99_wl": 0.7533701229567494,
        "quantile_1_wl": -0.6693065343424677,
        "trend_ss": -0.10226271078015332,
        "quantile_99_ss": 0.33672159833817056,
        "quantile_1_ss": -0.2688802030970221
      },
      "geometry": {
        "type": "Point",
        "coordinates": [
          -75.4689025263391,
          35.38094891812008
        ]
      }
    },
    {
      "type": "Feature",
      "properties": {
        "id": "0001333",
        "time_start": "1979-01-01",
        "time_end": "2024-12-31",
        "trend_wl": 3.459711016109223,
        "quantile_99_wl": 0.7531956269381044,
        "quantile_1_wl": -0.668810032538659,
        "trend_ss": -0.10226213296231235,
        "quantile_99_ss": 0.3359593432681668,
        "quantile_1_ss": -0.2682109708218672
      },
      "geometry": {
        "type": "Point",
        "coordinates": [
          -75.46822410055482,
          35.385419330818756
        ]
      }
    },
    {
      "type": "Feature",
      "properties": {
        "id": "0001334",
        "time_start": "1979-01-01",
        "time_end": "2024-12-31",
        "trend_wl": 3.4653176975199482,
        "quantile_99_wl": 0.7535585891169911,
        "quantile_1_wl": -0.6693434959798195,
        "trend_ss": -0.10226208275639316,
        "quantile_99_ss": 0.3366187310660015,
        "quantile_1_ss": -0.2688645563709753
      },
      "geometry": {
        "type": "Point",
        "coordinates": [
          -75.46754567477056,
          35.38988974351743
        ]
      }
    },
    {
      "type": "Feature",
      "properties": {
        "id": "0001335",
        "time_start": "1979-01-01",
        "time_end": "2024-12-31",
        "trend_wl": 3.46909113936954,
        "quantile_99_wl": 0.7533669155662568,
        "quantile_1_wl": -0.6693168141513212,
        "trend_ss": -0.10226064391278025,
        "quantile_99_ss": 0.3369481832769949,
        "quantile_1_ss": -0.26891065445190315
      },
      "geometry": {
        "type": "Point",
        "coordinates": [
          -75.46686724898629,
          35.3943601562161
        ]
      }
    },
    {
      "type": "Feature",
      "properties": {
        "id": "0001336",
        "time_start": "1979-01-01",
        "time_end": "2024-12-31",
        "trend_wl": 3.4755031580807523,
        "quantile_99_wl": 0.7536831736247481,
        "quantile_1_wl": -0.6696681712261727,
        "trend_ss": -0.1023212195624384,
        "quantile_99_ss": 0.33759655112293224,
        "quantile_1_ss": -0.26938029506895156
      },
      "geometry": {
        "type": "Point",
        "coordinates": [
          -75.46618882320202,
          35.39883056891477
        ]
      }
    },
    {
      "type": "Feature",
      "properties": {
        "id": "0001337",
        "time_start": "1979-01-01",
        "time_end": "2024-12-31",
        "trend_wl": 3.4798763957922905,
        "quantile_99_wl": 0.7539166259719665,
        "quantile_1_wl": -0.6700394638070444,
        "trend_ss": -0.10232062611178083,
        "quantile_99_ss": 0.33805591714803035,
        "quantile_1_ss": -0.26949366313223355
      },
      "geometry": {
        "type": "Point",
        "coordinates": [
          -75.46551039741776,
          35.40330098161344
        ]
      }
    },
    {
      "type": "Feature",
      "properties": {
        "id": "0001338",
        "time_start": "1979-01-01",
        "time_end": "2024-12-31",
        "trend_wl": 3.4856193209074386,
        "quantile_99_wl": 0.7540586200945553,
        "quantile_1_wl": -0.6702921048088887,
        "trend_ss": -0.10232077681017401,
        "quantile_99_ss": 0.3386839297912478,
        "quantile_1_ss": -0.2696105771369135
      },
      "geometry": {
        "type": "Point",
        "coordinates": [
          -75.46483197163349,
          35.407771394312114
        ]
      }
    },
    {
      "type": "Feature",
      "properties": {
        "id": "0001339",
        "time_start": "1979-01-01",
        "time_end": "2024-12-31",
        "trend_wl": 3.4857464007458017,
        "quantile_99_wl": 0.7540493860784728,
        "quantile_1_wl": -0.6702921048088887,
        "trend_ss": -0.10225954616422601,
        "quantile_99_ss": 0.338730656889663,
        "quantile_1_ss": -0.26968682368775165
      },
      "geometry": {
        "type": "Point",
        "coordinates": [
          -75.46415354584921,
          35.41224180701079
        ]
      }
    },
    {
      "type": "Feature",
      "properties": {
        "id": "0001340",
        "time_start": "1979-01-01",
        "time_end": "2024-12-31",
        "trend_wl": 3.492322403198776,
        "quantile_99_wl": 0.7543007634032319,
        "quantile_1_wl": -0.6707423520289147,
        "trend_ss": -0.10225876993714712,
        "quantile_99_ss": 0.33950917292057514,
        "quantile_1_ss": -0.2701370451577982
      },
      "geometry": {
        "type": "Point",
        "coordinates": [
          -75.46384459918178,
          35.41672812160718
        ]
      }
    },
    {
      "type": "Feature",
      "properties": {
        "id": "0001341",
        "time_start": "1979-01-01",
        "time_end": "2024-12-31",
        "trend_wl": 3.49802299851738,
        "quantile_99_wl": 0.754849491412269,
        "quantile_1_wl": -0.6710429471209786,
        "trend_ss": -0.10225819231989904,
        "quantile_99_ss": 0.34049876086784087,
        "quantile_1_ss": -0.2705026310728192
      },
      "geometry": {
        "type": "Point",
        "coordinates": [
          -75.46394203638125,
          35.42123192643345
        ]
      }
    },
    {
      "type": "Feature",
      "properties": {
        "id": "0001342",
        "time_start": "1979-01-01",
        "time_end": "2024-12-31",
        "trend_wl": 3.502467918474639,
        "quantile_99_wl": 0.7550783852623572,
        "quantile_1_wl": -0.6711861952635442,
        "trend_ss": -0.10225791741072732,
        "quantile_99_ss": 0.34088237728159343,
        "quantile_1_ss": -0.27059600244043214
      },
      "geometry": {
        "type": "Point",
        "coordinates": [
          -75.46403947358071,
          35.42573573125972
        ]
      }
    },
    {
      "type": "Feature",
      "properties": {
        "id": "0001343",
        "time_start": "1979-01-01",
        "time_end": "2024-12-31",
        "trend_wl": 3.507947484648084,
        "quantile_99_wl": 0.7553415592285379,
        "quantile_1_wl": -0.6714465298447373,
        "trend_ss": -0.10225780679220868,
        "quantile_99_ss": 0.341878824725143,
        "quantile_1_ss": -0.27078189164002053
      },
      "geometry": {
        "type": "Point",
        "coordinates": [
          -75.46413691078018,
          35.43023953608599
        ]
      }
    },
    {
      "type": "Feature",
      "properties": {
        "id": "0001344",
        "time_start": "1979-01-01",
        "time_end": "2024-12-31",
        "trend_wl": 3.513413398054573,
        "quantile_99_wl": 0.7555757474839477,
        "quantile_1_wl": -0.6716660224211057,
        "trend_ss": -0.10232055804389313,
        "quantile_99_ss": 0.34231156479881397,
        "quantile_1_ss": -0.2707554834979395
      },
      "geometry": {
        "type": "Point",
        "coordinates": [
          -75.46423434797964,
          35.43474334091226
        ]
      }
    },
    {
      "type": "Feature",
      "properties": {
        "id": "0001345",
        "time_start": "1979-01-01",
        "time_end": "2024-12-31",
        "trend_wl": 3.5186701464926764,
        "quantile_99_wl": 0.7558363554803906,
        "quantile_1_wl": -0.6717085330709807,
        "trend_ss": -0.10225717816865006,
        "quantile_99_ss": 0.34292055246831765,
        "quantile_1_ss": -0.2710807013386803
      },
      "geometry": {
        "type": "Point",
        "coordinates": [
          -75.46433178517911,
          35.439247145738534
        ]
      }
    },
    {
      "type": "Feature",
      "properties": {
        "id": "0001346",
        "time_start": "1979-01-01",
        "time_end": "2024-12-31",
        "trend_wl": 3.5105157035954804,
        "quantile_99_wl": 0.7574416276852385,
        "quantile_1_wl": -0.6727916696391116,
        "trend_ss": -0.11972044988995763,
        "quantile_99_ss": 0.34343741382519044,
        "quantile_1_ss": -0.27354525402403457
      },
      "geometry": {
        "type": "Point",
        "coordinates": [
          -75.46442922237857,
          35.4437509505648
        ]
      }
    },
    {
      "type": "Feature",
      "properties": {
        "id": "0001347",
        "time_start": "1979-01-01",
        "time_end": "2024-12-31",
        "trend_wl": 3.5153230266304076,
        "quantile_99_wl": 0.7577642418976261,
        "quantile_1_wl": -0.6729230328991487,
        "trend_ss": -0.11965584483552959,
        "quantile_99_ss": 0.34404053305236665,
        "quantile_1_ss": -0.2736662858901345
      },
      "geometry": {
        "type": "Point",
        "coordinates": [
          -75.46452665957804,
          35.44825475539107
        ]
      }
    },
    {
      "type": "Feature",
      "properties": {
        "id": "0001348",
        "time_start": "1979-01-01",
        "time_end": "2024-12-31",
        "trend_wl": 3.5205360281273976,
        "quantile_99_wl": 0.7579612878357337,
        "quantile_1_wl": -0.6731130053389563,
        "trend_ss": -0.11965519442624706,
        "quantile_99_ss": 0.34392772596913734,
        "quantile_1_ss": -0.2738337996905299
      },
      "geometry": {
        "type": "Point",
        "coordinates": [
          -75.46450293892977,
          35.452753066041794
        ]
      }
    },
    {
      "type": "Feature",
      "properties": {
        "id": "0001349",
        "time_start": "1979-01-01",
        "time_end": "2024-12-31",
        "trend_wl": 3.5249323530418315,
        "quantile_99_wl": 0.7580970469125927,
        "quantile_1_wl": -0.6732925485565799,
        "trend_ss": -0.1197205050746892,
        "quantile_99_ss": 0.3439865347455365,
        "quantile_1_ss": -0.273922450219807
      },
      "geometry": {
        "type": "Point",
        "coordinates": [
          -75.46379224583667,
          35.45722022437941
        ]
      }
    },
    {
      "type": "Feature",
      "properties": {
        "id": "0001350",
        "time_start": "1979-01-01",
        "time_end": "2024-12-31",
        "trend_wl": 3.5296282483358827,
        "quantile_99_wl": 0.7582281982676145,
        "quantile_1_wl": -0.6733901389243301,
        "trend_ss": -0.11965456042903277,
        "quantile_99_ss": 0.3443505558710828,
        "quantile_1_ss": -0.274
      },
      "geometry": {
        "type": "Point",
        "coordinates": [
          -75.46308155274356,
          35.46168738271703
        ]
      }
    },
    {
      "type": "Feature",
      "properties": {
        "id": "0001351",
        "time_start": "1979-01-01",
        "time_end": "2024-12-31",
        "trend_wl": 3.526053198973227,
        "quantile_99_wl": 0.7579347318546396,
        "quantile_1_wl": -0.6728412976495373,
        "trend_ss": -0.11965580305595487,
        "quantile_99_ss": 0.3438977427156315,
        "quantile_1_ss": -0.2733773457685346
      },
      "geometry": {
        "type": "Point",
        "coordinates": [
          -75.46237085965046,
          35.46615454105465
        ]
      }
    },
    {
      "type": "Feature",
      "properties": {
        "id": "0001352",
        "time_start": "1979-01-01",
        "time_end": "2024-12-31",
        "trend_wl": 3.530674296540145,
        "quantile_99_wl": 0.758079374861509,
        "quantile_1_wl": -0.6729419306289337,
        "trend_ss": -0.11965555869132515,
        "quantile_99_ss": 0.3438262758471825,
        "quantile_1_ss": -0.2732655153390745
      },
      "geometry": {
        "type": "Point",
        "coordinates": [
          -75.46166016655735,
          35.47062169939227
        ]
      }
    },
    {
      "type": "Feature",
      "properties": {
        "id": "0001353",
        "time_start": "1979-01-01",
        "time_end": "2024-12-31",
        "trend_wl": 3.5352681883108765,
        "quantile_99_wl": 0.7581767579798052,
        "quantile_1_wl": -0.6731334320046471,
        "trend_ss": -0.11972045367591201,
        "quantile_99_ss": 0.3435382554619814,
        "quantile_1_ss": -0.2731876899054462
      },
      "geometry": {
        "type": "Point",
        "coordinates": [
          -75.46094947346425,
          35.47508885772989
        ]
      }
    },
    {
      "type": "Feature",
      "properties": {
        "id": "0001354",
        "time_start": "1979-01-01",
        "time_end": "2024-12-31",
        "trend_wl": 3.5397920063334003,
        "quantile_99_wl": 0.7582190315159452,
        "quantile_1_wl": -0.673092108024377,
        "trend_ss": -0.11972015258542765,
        "quantile_99_ss": 0.34339972429292714,
        "quantile_1_ss": -0.27325444274061256
      },
      "geometry": {
        "type": "Point",
        "coordinates": [
          -75.45970218531171,
          35.479458921830144
        ]
      }
    },
    {
      "type": "Feature",
      "properties": {
        "id": "0001355",
        "time_start": "1979-01-01",
        "time_end": "2024-12-31",
        "trend_wl": 3.54448270439193,
        "quantile_99_wl": 0.758343204106176,
        "quantile_1_wl": -0.6732196363593298,
        "trend_ss": -0.11972011911347098,
        "quantile_99_ss": 0.34323768983169683,
        "quantile_1_ss": -0.27319777994464506
      },
      "geometry": {
        "type": "Point",
        "coordinates": [
          -75.45802207747705,
          35.48375066933727
        ]
      }
    },
    {
      "type": "Feature",
      "properties": {
        "id": "0001356",
        "time_start": "1979-01-01",
        "time_end": "2024-12-31",
        "trend_wl": 3.5444828087975893,
        "quantile_99_wl": 0.758343204106176,
        "quantile_1_wl": -0.6732196363593298,
        "trend_ss": -0.11972009273260513,
        "quantile_99_ss": 0.34333709246177196,
        "quantile_1_ss": -0.2732521303946443
      },
      "geometry": {
        "type": "Point",
        "coordinates": [
          -75.45634196964241,
          35.48804241684439
        ]
      }
    },
    {
      "type": "Feature",
      "properties": {
        "id": "0001357",
        "time_start": "1979-01-01",
        "time_end": "2024-12-31",
        "trend_wl": 3.5488332132659965,
        "quantile_99_wl": 0.7584040437182722,
        "quantile_1_wl": -0.6733007766968006,
        "trend_ss": -0.11972001812770716,
        "quantile_99_ss": 0.34307222233257495,
        "quantile_1_ss": -0.27318468160908854
      },
      "geometry": {
        "type": "Point",
        "coordinates": [
          -75.45466186180776,
          35.49233416435151
        ]
      }
    },
    {
      "type": "Feature",
      "properties": {
        "id": "0001358",
        "time_start": "1979-01-01",
        "time_end": "2024-12-31",
        "trend_wl": 3.5536000391031055,
        "quantile_99_wl": 0.7584621265233312,
        "quantile_1_wl": -0.6734304757720012,
        "trend_ss": -0.11965436653256281,
        "quantile_99_ss": 0.34305131465057237,
        "quantile_1_ss": -0.27305148311417543
      },
      "geometry": {
        "type": "Point",
        "coordinates": [
          -75.4529817539731,
          35.49662591185863
        ]
      }
    },
    {
      "type": "Feature",
      "properties": {
        "id": "0001359",
        "time_start": "1979-01-01",
        "time_end": "2024-12-31",
        "trend_wl": 3.5537390549757513,
        "quantile_99_wl": 0.7579147962364597,
        "quantile_1_wl": -0.6727678413777488,
        "trend_ss": -0.11965289814890982,
        "quantile_99_ss": 0.3416361462931851,
        "quantile_1_ss": -0.272
      },
      "geometry": {
        "type": "Point",
        "coordinates": [
          -75.45039174720311,
          35.50057017977644
        ]
      }
    },
    {
      "type": "Feature",
      "properties": {
        "id": "0001360",
        "time_start": "1979-01-01",
        "time_end": "2024-12-31",
        "trend_wl": 3.5578664132853657,
        "quantile_99_wl": 0.7582119731365317,
        "quantile_1_wl": -0.6729680570038614,
        "trend_ss": -0.11971972039070318,
        "quantile_99_ss": 0.34135410473773636,
        "quantile_1_ss": -0.2722570324637675
      },
      "geometry": {
        "type": "Point",
        "coordinates": [
          -75.44741038445747,
          35.504364993498385
        ]
      }
    },
    {
      "type": "Feature",
      "properties": {
        "id": "0001361",
        "time_start": "1979-01-01",
        "time_end": "2024-12-31",
        "trend_wl": 3.553299997878368,
        "quantile_99_wl": 0.757564705188297,
        "quantile_1_wl": -0.6726983573054112,
        "trend_ss": -0.1197195027246257,
        "quantile_99_ss": 0.3401714374271496,
        "quantile_1_ss": -0.27180545262479033
      },
      "geometry": {
        "type": "Point",
        "coordinates": [
          -75.44442902171183,
          35.50815980722034
        ]
      }
    },
    {
      "type": "Feature",
      "properties": {
        "id": "0001362",
        "time_start": "1979-01-01",
        "time_end": "2024-12-31",
        "trend_wl": 3.556654517454546,
        "quantile_99_wl": 0.7571492694206468,
        "quantile_1_wl": -0.6727161237579957,
        "trend_ss": -0.11971920307980233,
        "quantile_99_ss": 0.3378450735905176,
        "quantile_1_ss": -0.2717432531419813
      },
      "geometry": {
        "type": "Point",
        "coordinates": [
          -75.44144765896618,
          35.51195462094229
        ]
      }
    },
    {
      "type": "Feature",
      "properties": {
        "id": "0001363",
        "time_start": "1979-01-01",
        "time_end": "2024-12-31",
        "trend_wl": 3.5512363852373774,
        "quantile_99_wl": 0.7565112731815672,
        "quantile_1_wl": -0.6725019161019564,
        "trend_ss": -0.11971892965286438,
        "quantile_99_ss": 0.33647217869031465,
        "quantile_1_ss": -0.27139829706817625
      },
      "geometry": {
        "type": "Point",
        "coordinates": [
          -75.43846629622054,
          35.515749434664244
        ]
      }
    },
    {
      "type": "Feature",
      "properties": {
        "id": "0001364",
        "time_start": "1979-01-01",
        "time_end": "2024-12-31",
        "trend_wl": 3.552760407131165,
        "quantile_99_wl": 0.7566779947657915,
        "quantile_1_wl": -0.6732927675015281,
        "trend_ss": -0.11971862647615272,
        "quantile_99_ss": 0.335053993084771,
        "quantile_1_ss": -0.27285079533344136
      },
      "geometry": {
        "type": "Point",
        "coordinates": [
          -75.43571988795239,
          35.519638027729904
        ]
      }
    },
    {
      "type": "Feature",
      "properties": {
        "id": "0001365",
        "time_start": "1979-01-01",
        "time_end": "2024-12-31",
        "trend_wl": 3.5547636607119064,
        "quantile_99_wl": 0.7571283433896481,
        "quantile_1_wl": -0.6741277759971828,
        "trend_ss": -0.11971854345733496,
        "quantile_99_ss": 0.3351774440427836,
        "quantile_1_ss": -0.2742264365432235
      },
      "geometry": {
        "type": "Point",
        "coordinates": [
          -75.4338611066192,
          35.52388090675049
        ]
      }
    },
    {
      "type": "Feature",
      "properties": {
        "id": "0001366",
        "time_start": "1979-01-01",
        "time_end": "2024-12-31",
        "trend_wl": 3.557597816758671,
        "quantile_99_wl": 0.7574558435958435,
        "quantile_1_wl": -0.6749496788343965,
        "trend_ss": -0.11971847955704903,
        "quantile_99_ss": 0.3350838737384515,
        "quantile_1_ss": -0.27512789518672565
      },
      "geometry": {
        "type": "Point",
        "coordinates": [
          -75.43200232528604,
          35.52812378577108
        ]
      }
    },
    {
      "type": "Feature",
      "properties": {
        "id": "0001367",
        "time_start": "1979-01-01",
        "time_end": "2024-12-31",
        "trend_wl": 3.5530950191348523,
        "quantile_99_wl": 0.7571545822041071,
        "quantile_1_wl": -0.6747667888752208,
        "trend_ss": -0.1197184920879626,
        "quantile_99_ss": 0.3346979555066564,
        "quantile_1_ss": -0.27504439062934666
      },
      "geometry": {
        "type": "Point",
        "coordinates": [
          -75.43074277380893,
          35.532432135104806
        ]
      }
    },
    {
      "type": "Feature",
      "properties": {
        "id": "0001368",
        "time_start": "1979-01-01",
        "time_end": "2024-12-31",
        "trend_wl": 3.5608717106225467,
        "quantile_99_wl": 0.7582642336666625,
        "quantile_1_wl": -0.6760481807880215,
        "trend_ss": -0.11971869535586595,
        "quantile_99_ss": 0.3365076453373018,
        "quantile_1_ss": -0.27697065549333816
      },
      "geometry": {
        "type": "Point",
        "coordinates": [
          -75.43116082595687,
          35.536923775096625
        ]
      }
    },
    {
      "type": "Feature",
      "properties": {
        "id": "0001369",
        "time_start": "1979-01-01",
        "time_end": "2024-12-31",
        "trend_wl": 3.565209456232318,
        "quantile_99_wl": 0.7589792660904897,
        "quantile_1_wl": -0.6768600711429625,
        "trend_ss": -0.1197184035946268,
        "quantile_99_ss": 0.3380486874277919,
        "quantile_1_ss": -0.2782198951830999
      },
      "geometry": {
        "type": "Point",
        "coordinates": [
          -75.43247926230238,
          35.54120091897262
        ]
      }
    },
    {
      "type": "Feature",
      "properties": {
        "id": "0001370",
        "time_start": "1979-01-01",
        "time_end": "2024-12-31",
        "trend_wl": 3.573523124261232,
        "quantile_99_wl": 0.7601301196796584,
        "quantile_1_wl": -0.6780624766079465,
        "trend_ss": -0.11971817805130859,
        "quantile_99_ss": 0.34001701805162055,
        "quantile_1_ss": -0.28025564828489846
      },
      "geometry": {
        "type": "Point",
        "coordinates": [
          -75.43510474960351,
          35.54516668760022
        ]
      }
    },
    {
      "type": "Feature",
      "properties": {
        "id": "0001371",
        "time_start": "1979-01-01",
        "time_end": "2024-12-31",
        "trend_wl": 3.5824558990366664,
        "quantile_99_wl": 0.7611914888276358,
        "quantile_1_wl": -0.6794791146594047,
        "trend_ss": -0.11971894016330517,
        "quantile_99_ss": 0.34159173119086383,
        "quantile_1_ss": -0.2819895140707066
      },
      "geometry": {
        "type": "Point",
        "coordinates": [
          -75.43773023690464,
          35.54913245622782
        ]
      }
    },
    {
      "type": "Feature",
      "properties": {
        "id": "0001372",
        "time_start": "1979-01-01",
        "time_end": "2024-12-31",
        "trend_wl": 3.596265413576345,
        "quantile_99_wl": 0.7658537590619302,
        "quantile_1_wl": -0.6825975171609026,
        "trend_ss": -0.11972016600644624,
        "quantile_99_ss": 0.3556226901782225,
        "quantile_1_ss": -0.2879158346966489
      },
      "geometry": {
        "type": "Point",
        "coordinates": [
          -75.44035572420579,
          35.55309822485541
        ]
      }
    },
    {
      "type": "Feature",
      "properties": {
        "id": "0001373",
        "time_start": "1979-01-01",
        "time_end": "2024-12-31",
        "trend_wl": 3.5962650000725844,
        "quantile_99_wl": 0.7658537590619302,
        "quantile_1_wl": -0.6825975171609026,
        "trend_ss": -0.11972049984003029,
        "quantile_99_ss": 0.3556582948555301,
        "quantile_1_ss": -0.2879416086899104
      },
      "geometry": {
        "type": "Point",
        "coordinates": [
          -75.44270978512462,
          35.55714860539857
        ]
      }
    },
    {
      "type": "Feature",
      "properties": {
        "id": "0001374",
        "time_start": "1979-01-01",
        "time_end": "2024-12-31",
        "trend_wl": 3.6046145898756987,
        "quantile_99_wl": 0.7717658920420939,
        "quantile_1_wl": -0.6821112027897793,
        "trend_ss": -0.11972110616711952,
        "quantile_99_ss": 0.37860226220586424,
        "quantile_1_ss": -0.29096054956991524
      },
      "geometry": {
        "type": "Point",
        "coordinates": [
          -75.44401288563265,
          35.56152660248652
        ]
      }
    },
    {
      "type": "Feature",
      "properties": {
        "id": "0001375",
        "time_start": "1979-01-01",
        "time_end": "2024-12-31",
        "trend_wl": 3.6114411835361486,
        "quantile_99_wl": 0.7719897742929859,
        "quantile_1_wl": -0.6850627276985576,
        "trend_ss": -0.11972115419416392,
        "quantile_99_ss": 0.3764390881214434,
        "quantile_1_ss": -0.29160159945098263
      },
      "geometry": {
        "type": "Point",
        "coordinates": [
          -75.44531598614067,
          35.56590459957447
        ]
      }
    },
    {
      "type": "Feature",
      "properties": {
        "id": "0001376",
        "time_start": "1979-01-01",
        "time_end": "2024-12-31",
        "trend_wl": 3.611440719451549,
        "quantile_99_wl": 0.7719897742929859,
        "quantile_1_wl": -0.6850627276985576,
        "trend_ss": -0.11972150508380834,
        "quantile_99_ss": 0.37645992414408297,
        "quantile_1_ss": -0.2915844281748341
      },
      "geometry": {
        "type": "Point",
        "coordinates": [
          -75.44618357966047,
          35.57032679329196
        ]
      }
    },
    {
      "type": "Feature",
      "properties": {
        "id": "0001377",
        "time_start": "1979-01-01",
        "time_end": "2024-12-31",
        "trend_wl": 3.595749433587435,
        "quantile_99_wl": 0.7745771141024638,
        "quantile_1_wl": -0.6733607933369116,
        "trend_ss": -0.1198130821213975,
        "quantile_99_ss": 0.39528125370241873,
        "quantile_1_ss": -0.2923378266715882
      },
      "geometry": {
        "type": "Point",
        "coordinates": [
          -75.4462426161737,
          35.57483104193724
        ]
      }
    },
    {
      "type": "Feature",
      "properties": {
        "id": "0001378",
        "time_start": "1979-01-01",
        "time_end": "2024-12-31",
        "trend_wl": 3.4445726268483394,
        "quantile_99_wl": 0.7753877434744019,
        "quantile_1_wl": -0.6679029041257262,
        "trend_ss": -0.12018152872796262,
        "quantile_99_ss": 0.4011079680946074,
        "quantile_1_ss": -0.2995282702479103
      },
      "geometry": {
        "type": "Point",
        "coordinates": [
          -75.44630165268694,
          35.57933529058252
        ]
      }
    },
    {
      "type": "Feature",
      "properties": {
        "id": "0001379",
        "time_start": "1979-01-01",
        "time_end": "2024-12-31",
        "trend_wl": 3.6553736017109855,
        "quantile_99_wl": 0.7712283121259528,
        "quantile_1_wl": -0.6862269973549628,
        "trend_ss": -0.11972081447306693,
        "quantile_99_ss": 0.3708972141994434,
        "quantile_1_ss": -0.29
      },
      "geometry": {
        "type": "Point",
        "coordinates": [
          -75.44636068920018,
          35.583839539227796
        ]
      }
    },
    {
      "type": "Feature",
      "properties": {
        "id": "0001380",
        "time_start": "1979-01-01",
        "time_end": "2024-12-31",
        "trend_wl": 3.672074803658231,
        "quantile_99_wl": 0.7700728338835893,
        "quantile_1_wl": -0.682154357697661,
        "trend_ss": -0.11971877485302194,
        "quantile_99_ss": 0.3661516524911358,
        "quantile_1_ss": -0.2876036704267931
      },
      "geometry": {
        "type": "Point",
        "coordinates": [
          -75.4464197257134,
          35.58834378787307
        ]
      }
    },
    {
      "type": "Feature",
      "properties": {
        "id": "0001381",
        "time_start": "1979-01-01",
        "time_end": "2024-12-31",
        "trend_wl": 3.710589643145826,
        "quantile_99_wl": 0.7720461457760683,
        "quantile_1_wl": -0.6864609207399406,
        "trend_ss": -0.11971991439495856,
        "quantile_99_ss": 0.37218115045819483,
        "quantile_1_ss": -0.29309475714878835
      },
      "geometry": {
        "type": "Point",
        "coordinates": [
          -75.44647876222663,
          35.592848036518355
        ]
      }
    },
    {
      "type": "Feature",
      "properties": {
        "id": "0001382",
        "time_start": "1979-01-01",
        "time_end": "2024-12-31",
        "trend_wl": 3.709703577951231,
        "quantile_99_wl": 0.7745270460408346,
        "quantile_1_wl": -0.6925335492110894,
        "trend_ss": -0.11971977191592799,
        "quantile_99_ss": 0.3807791125757089,
        "quantile_1_ss": -0.30155332186344047
      },
      "geometry": {
        "type": "Point",
        "coordinates": [
          -75.44653779873987,
          35.59735228516363
        ]
      }
    },
    {
      "type": "Feature",
      "properties": {
        "id": "0001383",
        "time_start": "1979-01-01",
        "time_end": "2024-12-31",
        "trend_wl": 3.7714648512951516,
        "quantile_99_wl": 0.774126023601643,
        "quantile_1_wl": -0.694315251693716,
        "trend_ss": -0.11972252912352532,
        "quantile_99_ss": 0.3810781362685302,
        "quantile_1_ss": -0.30566397045121907
      },
      "geometry": {
        "type": "Point",
        "coordinates": [
          -75.4465968352531,
          35.601856533808906
        ]
      }
    },
    {
      "type": "Feature",
      "properties": {
        "id": "0001387",
        "time_start": "1979-01-01",
        "time_end": "2024-12-31",
        "trend_wl": 3.491008238175905,
        "quantile_99_wl": 0.787082259414889,
        "quantile_1_wl": -0.6926039525551213,
        "trend_ss": -0.11972217451330877,
        "quantile_99_ss": 0.4086602336154606,
        "quantile_1_ss": -0.32676907514099035
      },
      "geometry": {
        "type": "Point",
        "coordinates": [
          -75.44979546625126,
          35.61963288003735
        ]
      }
    },
    {
      "type": "Feature",
      "properties": {
        "id": "0001388",
        "time_start": "1979-01-01",
        "time_end": "2024-12-31",
        "trend_wl": 3.499533866756228,
        "quantile_99_wl": 0.7845651660241886,
        "quantile_1_wl": -0.6875682412716362,
        "trend_ss": -0.11972501864810098,
        "quantile_99_ss": 0.4009132264038544,
        "quantile_1_ss": -0.31575875167172185
      },
      "geometry": {
        "type": "Point",
        "coordinates": [
          -75.45083396773269,
          35.624057564858525
        ]
      }
    },
    {
      "type": "Feature",
      "properties": {
        "id": "0001389",
        "time_start": "1979-01-01",
        "time_end": "2024-12-31",
        "trend_wl": 3.4754981538186955,
        "quantile_99_wl": 0.7768968930275465,
        "quantile_1_wl": -0.6536322868458192,
        "trend_ss": -0.12023041456056097,
        "quantile_99_ss": 0.3960790699160721,
        "quantile_1_ss": -0.30016189676400573
      },
      "geometry": {
        "type": "Point",
        "coordinates": [
          -75.4516666057719,
          35.62850400382457
        ]
      }
    },
    {
      "type": "Feature",
      "properties": {
        "id": "0001390",
        "time_start": "1979-01-01",
        "time_end": "2024-12-31",
        "trend_wl": 3.7589612651693036,
        "quantile_99_wl": 0.7801166100123724,
        "quantile_1_wl": -0.6923867289576204,
        "trend_ss": -0.11972020333579862,
        "quantile_99_ss": 0.3896295158142476,
        "quantile_1_ss": -0.2979130267473315
      },
      "geometry": {
        "type": "Point",
        "coordinates": [
          -75.45205397407418,
          35.63299749564399
        ]
      }
    },
    {
      "type": "Feature",
      "properties": {
        "id": "0001391",
        "time_start": "1979-01-01",
        "time_end": "2024-12-31",
        "trend_wl": 3.7089322026389238,
        "quantile_99_wl": 0.7772401082654283,
        "quantile_1_wl": -0.6874529833634124,
        "trend_ss": -0.1197195980840137,
        "quantile_99_ss": 0.38313626988437116,
        "quantile_1_ss": -0.29229414426567357
      },
      "geometry": {
        "type": "Point",
        "coordinates": [
          -75.45244134237646,
          35.63749098746341
        ]
      }
    },
    {
      "type": "Feature",
      "properties": {
        "id": "0001392",
        "time_start": "1979-01-01",
        "time_end": "2024-12-31",
        "trend_wl": 3.7182079964846073,
        "quantile_99_wl": 0.7768999345773493,
        "quantile_1_wl": -0.688506057453339,
        "trend_ss": -0.11971953891211556,
        "quantile_99_ss": 0.38130291934115523,
        "quantile_1_ss": -0.2927199260748457
      },
      "geometry": {
        "type": "Point",
        "coordinates": [
          -75.45282871067874,
          35.641984479282826
        ]
      }
    },
    {
      "type": "Feature",
      "properties": {
        "id": "0001393",
        "time_start": "1979-01-01",
        "time_end": "2024-12-31",
        "trend_wl": 3.7331975250860383,
        "quantile_99_wl": 0.7769103035163085,
        "quantile_1_wl": -0.6901045408989254,
        "trend_ss": -0.11971855692289543,
        "quantile_99_ss": 0.3783712420638729,
        "quantile_1_ss": -0.2922171931872637
      },
      "geometry": {
        "type": "Point",
        "coordinates": [
          -75.45321607898101,
          35.64647797110225
        ]
      }
    },
    {
      "type": "Feature",
      "properties": {
        "id": "0001394",
        "time_start": "1979-01-01",
        "time_end": "2024-12-31",
        "trend_wl": 3.728667617323747,
        "quantile_99_wl": 0.7746749251751306,
        "quantile_1_wl": -0.688611456108368,
        "trend_ss": -0.11971743933933991,
        "quantile_99_ss": 0.3713813797962735,
        "quantile_1_ss": -0.29048793326778305
      },
      "geometry": {
        "type": "Point",
        "coordinates": [
          -75.4536034472833,
          35.65097146292167
        ]
      }
    },
    {
      "type": "Feature",
      "properties": {
        "id": "0001395",
        "time_start": "1979-01-01",
        "time_end": "2024-12-31",
        "trend_wl": 3.736627680589313,
        "quantile_99_wl": 0.7747625832348697,
        "quantile_1_wl": -0.6887861703346316,
        "trend_ss": -0.11971729334780981,
        "quantile_99_ss": 0.3711361003723434,
        "quantile_1_ss": -0.2905672894999531
      },
      "geometry": {
        "type": "Point",
        "coordinates": [
          -75.45399081558557,
          35.655464954741085
        ]
      }
    },
    {
      "type": "Feature",
      "properties": {
        "id": "0001396",
        "time_start": "1979-01-01",
        "time_end": "2024-12-31",
        "trend_wl": 3.7435007403879244,
        "quantile_99_wl": 0.7750137839940433,
        "quantile_1_wl": -0.6892318489880915,
        "trend_ss": -0.1197171790937836,
        "quantile_99_ss": 0.3704698082875011,
        "quantile_1_ss": -0.29082341280312907
      },
      "geometry": {
        "type": "Point",
        "coordinates": [
          -75.45437818388785,
          35.65995844656051
        ]
      }
    },
    {
      "type": "Feature",
      "properties": {
        "id": "0001397",
        "time_start": "1979-01-01",
        "time_end": "2024-12-31",
        "trend_wl": 3.7512471876813067,
        "quantile_99_wl": 0.7751362955504234,
        "quantile_1_wl": -0.689575045242171,
        "trend_ss": -0.1197172435808987,
        "quantile_99_ss": 0.37075025631502107,
        "quantile_1_ss": -0.2909327851345795
      },
      "geometry": {
        "type": "Point",
        "coordinates": [
          -75.45476555219012,
          35.664451938379926
        ]
      }
    },
    {
      "type": "Feature",
      "properties": {
        "id": "0001398",
        "time_start": "1979-01-01",
        "time_end": "2024-12-31",
        "trend_wl": 3.75869531322589,
        "quantile_99_wl": 0.7755062003084041,
        "quantile_1_wl": -0.6900518198006942,
        "trend_ss": -0.11971738697544801,
        "quantile_99_ss": 0.37148974090954784,
        "quantile_1_ss": -0.2914388537283924
      },
      "geometry": {
        "type": "Point",
        "coordinates": [
          -75.45631567314949,
          35.668773723693846
        ]
      }
    },
    {
      "type": "Feature",
      "properties": {
        "id": "0001399",
        "time_start": "1979-01-01",
        "time_end": "2024-12-31",
        "trend_wl": 3.7667124953690045,
        "quantile_99_wl": 0.7763524826708171,
        "quantile_1_wl": -0.690718327133316,
        "trend_ss": -0.11957345501490803,
        "quantile_99_ss": 0.37313794955446866,
        "quantile_1_ss": -0.29222134928509663
      },
      "geometry": {
        "type": "Point",
        "coordinates": [
          -75.45790081851017,
          35.67309033686946
        ]
      }
    },
    {
      "type": "Feature",
      "properties": {
        "id": "0001400",
        "time_start": "1979-01-01",
        "time_end": "2024-12-31",
        "trend_wl": 3.775463620991656,
        "quantile_99_wl": 0.7781127922408053,
        "quantile_1_wl": -0.6917349414389885,
        "trend_ss": -0.1197171505077962,
        "quantile_99_ss": 0.37734985825003614,
        "quantile_1_ss": -0.2933580273936019
      },
      "geometry": {
        "type": "Point",
        "coordinates": [
          -75.45948596387085,
          35.67740695004507
        ]
      }
    },
    {
      "type": "Feature",
      "properties": {
        "id": "0001401",
        "time_start": "1979-01-01",
        "time_end": "2024-12-31",
        "trend_wl": 3.784682361597493,
        "quantile_99_wl": 0.7795503403701609,
        "quantile_1_wl": -0.6925667633195511,
        "trend_ss": -0.1197173399895403,
        "quantile_99_ss": 0.38139271722231144,
        "quantile_1_ss": -0.29378104850298403
      },
      "geometry": {
        "type": "Point",
        "coordinates": [
          -75.46107110923153,
          35.68172356322068
        ]
      }
    },
    {
      "type": "Feature",
      "properties": {
        "id": "0001402",
        "time_start": "1979-01-01",
        "time_end": "2024-12-31",
        "trend_wl": 3.793023785599282,
        "quantile_99_wl": 0.7792623542938419,
        "quantile_1_wl": -0.6925182719951968,
        "trend_ss": -0.11971740614099534,
        "quantile_99_ss": 0.3801435885660581,
        "quantile_1_ss": -0.293
      },
      "geometry": {
        "type": "Point",
        "coordinates": [
          -75.46265625459219,
          35.68604017639629
        ]
      }
    },
    {
      "type": "Feature",
      "properties": {
        "id": "0001403",
        "time_start": "1979-01-01",
        "time_end": "2024-12-31",
        "trend_wl": 3.8006936715117097,
        "quantile_99_wl": 0.779384083233596,
        "quantile_1_wl": -0.6927983436306479,
        "trend_ss": -0.11971743815123134,
        "quantile_99_ss": 0.379657997462081,
        "quantile_1_ss": -0.29318016697274685
      },
      "geometry": {
        "type": "Point",
        "coordinates": [
          -75.46424139995287,
          35.6903567895719
        ]
      }
    },
    {
      "type": "Feature",
      "properties": {
        "id": "0001404",
        "time_start": "1979-01-01",
        "time_end": "2024-12-31",
        "trend_wl": 3.8085312861643246,
        "quantile_99_wl": 0.7795295028363382,
        "quantile_1_wl": -0.6931268828374985,
        "trend_ss": -0.11971726913941776,
        "quantile_99_ss": 0.37952944179438014,
        "quantile_1_ss": -0.293393904368799
      },
      "geometry": {
        "type": "Point",
        "coordinates": [
          -75.46582654531355,
          35.69467340274752
        ]
      }
    },
    {
      "type": "Feature",
      "properties": {
        "id": "0001405",
        "time_start": "1979-01-01",
        "time_end": "2024-12-31",
        "trend_wl": 3.8161751219835915,
        "quantile_99_wl": 0.779567336716797,
        "quantile_1_wl": -0.6933346211134318,
        "trend_ss": -0.11971732406832199,
        "quantile_99_ss": 0.3787178242296587,
        "quantile_1_ss": -0.2935625126745425
      },
      "geometry": {
        "type": "Point",
        "coordinates": [
          -75.46741169067423,
          35.69899001592313
        ]
      }
    },
    {
      "type": "Feature",
      "properties": {
        "id": "0001406",
        "time_start": "1979-01-01",
        "time_end": "2024-12-31",
        "trend_wl": 3.816175582951009,
        "quantile_99_wl": 0.779567336716797,
        "quantile_1_wl": -0.6933346211134318,
        "trend_ss": -0.11971720985502549,
        "quantile_99_ss": 0.378706712135646,
        "quantile_1_ss": -0.2935713202090705
      },
      "geometry": {
        "type": "Point",
        "coordinates": [
          -75.46899683603489,
          35.70330662909874
        ]
      }
    },
    {
      "type": "Feature",
      "properties": {
        "id": "0001407",
        "time_start": "1979-01-01",
        "time_end": "2024-12-31",
        "trend_wl": 3.8235935941408905,
        "quantile_99_wl": 0.7801256603380934,
        "quantile_1_wl": -0.6941078582511225,
        "trend_ss": -0.11971713682477733,
        "quantile_99_ss": 0.37907817531061694,
        "quantile_1_ss": -0.29432582509249067
      },
      "geometry": {
        "type": "Point",
        "coordinates": [
          -75.47058198139557,
          35.70762324227435
        ]
      }
    },
    {
      "type": "Feature",
      "properties": {
        "id": "0001408",
        "time_start": "1979-01-01",
        "time_end": "2024-12-31",
        "trend_wl": 3.8312946093355746,
        "quantile_99_wl": 0.7807205903767185,
        "quantile_1_wl": -0.694715031421434,
        "trend_ss": -0.11971709887647297,
        "quantile_99_ss": 0.3795524910358294,
        "quantile_1_ss": -0.29477016247767596
      },
      "geometry": {
        "type": "Point",
        "coordinates": [
          -75.47216712675625,
          35.71193985544996
        ]
      }
    },
    {
      "type": "Feature",
      "properties": {
        "id": "0001409",
        "time_start": "1979-01-01",
        "time_end": "2024-12-31",
        "trend_wl": 3.8388507997685837,
        "quantile_99_wl": 0.7811473239919183,
        "quantile_1_wl": -0.695293116098121,
        "trend_ss": -0.11971704289208186,
        "quantile_99_ss": 0.3798450468713934,
        "quantile_1_ss": -0.29536159520674493
      },
      "geometry": {
        "type": "Point",
        "coordinates": [
          -75.47375227211693,
          35.71625646862557
        ]
      }
    },
    {
      "type": "Feature",
      "properties": {
        "id": "0001410",
        "time_start": "1979-01-01",
        "time_end": "2024-12-31",
        "trend_wl": 3.8466531655399154,
        "quantile_99_wl": 0.7819037378930592,
        "quantile_1_wl": -0.6960541541578524,
        "trend_ss": -0.11971726035164054,
        "quantile_99_ss": 0.380780583560267,
        "quantile_1_ss": -0.29600793626031596
      },
      "geometry": {
        "type": "Point",
        "coordinates": [
          -75.47555045932981,
          35.720512480702624
        ]
      }
    },
    {
      "type": "Feature",
      "properties": {
        "id": "0001411",
        "time_start": "1979-01-01",
        "time_end": "2024-12-31",
        "trend_wl": 3.8544246480862374,
        "quantile_99_wl": 0.7826632885055661,
        "quantile_1_wl": -0.6965703822265509,
        "trend_ss": -0.11971699900427463,
        "quantile_99_ss": 0.38222590122767125,
        "quantile_1_ss": -0.29657880968584716
      },
      "geometry": {
        "type": "Point",
        "coordinates": [
          -75.47764003584966,
          35.724685605253455
        ]
      }
    },
    {
      "type": "Feature",
      "properties": {
        "id": "0001412",
        "time_start": "1979-01-01",
        "time_end": "2024-12-31",
        "trend_wl": 3.862302745863078,
        "quantile_99_wl": 0.7829361452106577,
        "quantile_1_wl": -0.696912990894525,
        "trend_ss": -0.119716980606547,
        "quantile_99_ss": 0.3819664452164191,
        "quantile_1_ss": -0.2968717465529127
      },
      "geometry": {
        "type": "Point",
        "coordinates": [
          -75.4797296123695,
          35.72885872980428
        ]
      }
    },
    {
      "type": "Feature",
      "properties": {
        "id": "0001413",
        "time_start": "1979-01-01",
        "time_end": "2024-12-31",
        "trend_wl": 3.8698149066385987,
        "quantile_99_wl": 0.7836498430867295,
        "quantile_1_wl": -0.6976234211878292,
        "trend_ss": -0.11971690567061621,
        "quantile_99_ss": 0.38252507964675697,
        "quantile_1_ss": -0.29782045298217497
      },
      "geometry": {
        "type": "Point",
        "coordinates": [
          -75.48181918888935,
          35.73303185435511
        ]
      }
    },
    {
      "type": "Feature",
      "properties": {
        "id": "0001414",
        "time_start": "1979-01-01",
        "time_end": "2024-12-31",
        "trend_wl": 3.8771053881602,
        "quantile_99_wl": 0.7836444049151645,
        "quantile_1_wl": -0.6980746460803858,
        "trend_ss": -0.1197167845077208,
        "quantile_99_ss": 0.3807770129241513,
        "quantile_1_ss": -0.2981800789529837
      },
      "geometry": {
        "type": "Point",
        "coordinates": [
          -75.48390876540918,
          35.73720497890594
        ]
      }
    },
    {
      "type": "Feature",
      "properties": {
        "id": "0001415",
        "time_start": "1979-01-01",
        "time_end": "2024-12-31",
        "trend_wl": 3.883606169522387,
        "quantile_99_wl": 0.7844221612846534,
        "quantile_1_wl": -0.6995500731322712,
        "trend_ss": -0.11971664313683965,
        "quantile_99_ss": 0.38063531373602577,
        "quantile_1_ss": -0.3002300642908605
      },
      "geometry": {
        "type": "Point",
        "coordinates": [
          -75.48599834192903,
          35.74137810345677
        ]
      }
    },
    {
      "type": "Feature",
      "properties": {
        "id": "0001416",
        "time_start": "1979-01-01",
        "time_end": "2024-12-31",
        "trend_wl": 3.8909291199287517,
        "quantile_99_wl": 0.7855931483807166,
        "quantile_1_wl": -0.700904706439553,
        "trend_ss": -0.1197165755061789,
        "quantile_99_ss": 0.382503725219735,
        "quantile_1_ss": -0.30227368395811616
      },
      "geometry": {
        "type": "Point",
        "coordinates": [
          -75.48808791844887,
          35.7455512280076
        ]
      }
    },
    {
      "type": "Feature",
      "properties": {
        "id": "0001417",
        "time_start": "1979-01-01",
        "time_end": "2024-12-31",
        "trend_wl": 3.899089193443415,
        "quantile_99_wl": 0.7868282444010983,
        "quantile_1_wl": -0.7019820792597469,
        "trend_ss": -0.11971658435209544,
        "quantile_99_ss": 0.3851150186749326,
        "quantile_1_ss": -0.3035519941090889
      },
      "geometry": {
        "type": "Point",
        "coordinates": [
          -75.49017749496872,
          35.74972435255843
        ]
      }
    },
    {
      "type": "Feature",
      "properties": {
        "id": "0001418",
        "time_start": "1979-01-01",
        "time_end": "2024-12-31",
        "trend_wl": 3.907652155530189,
        "quantile_99_wl": 0.788163806330333,
        "quantile_1_wl": -0.7027745320332142,
        "trend_ss": -0.11971651985804527,
        "quantile_99_ss": 0.38717740001769874,
        "quantile_1_ss": -0.30435764418774086
      },
      "geometry": {
        "type": "Point",
        "coordinates": [
          -75.49226707148856,
          35.753897477109255
        ]
      }
    },
    {
      "type": "Feature",
      "properties": {
        "id": "0001419",
        "time_start": "1979-01-01",
        "time_end": "2024-12-31",
        "trend_wl": 3.916277641716897,
        "quantile_99_wl": 0.7893763640813108,
        "quantile_1_wl": -0.7037232584467978,
        "trend_ss": -0.11971666646995247,
        "quantile_99_ss": 0.3898648498329465,
        "quantile_1_ss": -0.30559735709701163
      },
      "geometry": {
        "type": "Point",
        "coordinates": [
          -75.4943566480084,
          35.75807060166009
        ]
      }
    },
    {
      "type": "Feature",
      "properties": {
        "id": "0001420",
        "time_start": "1979-01-01",
        "time_end": "2024-12-31",
        "trend_wl": 3.9250863908996236,
        "quantile_99_wl": 0.7900450454876456,
        "quantile_1_wl": -0.7042303927211281,
        "trend_ss": -0.11971672708874795,
        "quantile_99_ss": 0.390891736880397,
        "quantile_1_ss": -0.30571350953504034
      },
      "geometry": {
        "type": "Point",
        "coordinates": [
          -75.49644622452824,
          35.76224372621092
        ]
      }
    },
    {
      "type": "Feature",
      "properties": {
        "id": "0001421",
        "time_start": "1979-01-01",
        "time_end": "2024-12-31",
        "trend_wl": 3.932394567651104,
        "quantile_99_wl": 0.7908399441412112,
        "quantile_1_wl": -0.7049003721335211,
        "trend_ss": -0.11971666114956442,
        "quantile_99_ss": 0.39226133616042186,
        "quantile_1_ss": -0.306604245742785
      },
      "geometry": {
        "type": "Point",
        "coordinates": [
          -75.49853580104809,
          35.76641685076174
        ]
      }
    },
    {
      "type": "Feature",
      "properties": {
        "id": "0001422",
        "time_start": "1979-01-01",
        "time_end": "2024-12-31",
        "trend_wl": 3.940100591299925,
        "quantile_99_wl": 0.7917080756958693,
        "quantile_1_wl": -0.7055363278662572,
        "trend_ss": -0.11971676307266942,
        "quantile_99_ss": 0.393167357472208,
        "quantile_1_ss": -0.30712564907713624
      },
      "geometry": {
        "type": "Point",
        "coordinates": [
          -75.50062537756793,
          35.770589975312575
        ]
      }
    },
    {
      "type": "Feature",
      "properties": {
        "id": "0001423",
        "time_start": "1979-01-01",
        "time_end": "2024-12-31",
        "trend_wl": 3.9436697468014854,
        "quantile_99_wl": 0.7923681466760868,
        "quantile_1_wl": -0.706062077298953,
        "trend_ss": -0.11971665019786182,
        "quantile_99_ss": 0.39351094871606795,
        "quantile_1_ss": -0.3077722949612087
      },
      "geometry": {
        "type": "Point",
        "coordinates": [
          -75.50271495408778,
          35.77476309986341
        ]
      }
    },
    {
      "type": "Feature",
      "properties": {
        "id": "0001424",
        "time_start": "1979-01-01",
        "time_end": "2024-12-31",
        "trend_wl": 3.9510382024028474,
        "quantile_99_wl": 0.7930991354071825,
        "quantile_1_wl": -0.7070427795584577,
        "trend_ss": -0.11971671807758709,
        "quantile_99_ss": 0.3936200995233527,
        "quantile_1_ss": -0.3086405308581663
      },
      "geometry": {
        "type": "Point",
        "coordinates": [
          -75.50480453060761,
          35.77893622441423
        ]
      }
    },
    {
      "type": "Feature",
      "properties": {
        "id": "0001425",
        "time_start": "1979-01-01",
        "time_end": "2024-12-31",
        "trend_wl": 3.9573501650689265,
        "quantile_99_wl": 0.7923427502427298,
        "quantile_1_wl": -0.7077178600740013,
        "trend_ss": -0.1197167144953927,
        "quantile_99_ss": 0.38813161878161295,
        "quantile_1_ss": -0.30803086255376977
      },
      "geometry": {
        "type": "Point",
        "coordinates": [
          -75.50689410712747,
          35.78310934896506
        ]
      }
    },
    {
      "type": "Feature",
      "properties": {
        "id": "0001426",
        "time_start": "1979-01-01",
        "time_end": "2024-12-31",
        "trend_wl": 3.960441383896899,
        "quantile_99_wl": 0.7963584462253541,
        "quantile_1_wl": -0.7144209196191498,
        "trend_ss": -0.11971730803152829,
        "quantile_99_ss": 0.3926866353409906,
        "quantile_1_ss": -0.3137445333616496
      },
      "geometry": {
        "type": "Point",
        "coordinates": [
          -75.5089836836473,
          35.787282473515894
        ]
      }
    },
    {
      "type": "Feature",
      "properties": {
        "id": "0001427",
        "time_start": "1979-01-01",
        "time_end": "2024-12-31",
        "trend_wl": 3.9697440746722066,
        "quantile_99_wl": 0.7971483840199937,
        "quantile_1_wl": -0.7149636011451312,
        "trend_ss": -0.11971670256024383,
        "quantile_99_ss": 0.39787709437404595,
        "quantile_1_ss": -0.315290249543073
      },
      "geometry": {
        "type": "Point",
        "coordinates": [
          -75.51132897093431,
          35.7913575876377
        ]
      }
    },
    {
      "type": "Feature",
      "properties": {
        "id": "0001428",
        "time_start": "1979-01-01",
        "time_end": "2024-12-31",
        "trend_wl": 3.9798921495784345,
        "quantile_99_wl": 0.7965709126181558,
        "quantile_1_wl": -0.714186764988939,
        "trend_ss": -0.11971608435534974,
        "quantile_99_ss": 0.3976571452686211,
        "quantile_1_ss": -0.3151448193967204
      },
      "geometry": {
        "type": "Point",
        "coordinates": [
          -75.51398850578397,
          35.795312254979834
        ]
      }
    },
    {
      "type": "Feature",
      "properties": {
        "id": "0001429",
        "time_start": "1979-01-01",
        "time_end": "2024-12-31",
        "trend_wl": 3.9874384866856714,
        "quantile_99_wl": 0.7983241736585291,
        "quantile_1_wl": -0.716150505504653,
        "trend_ss": -0.11971591421667392,
        "quantile_99_ss": 0.39968651035021685,
        "quantile_1_ss": -0.3166762134821043
      },
      "geometry": {
        "type": "Point",
        "coordinates": [
          -75.51664804063363,
          35.799266922321976
        ]
      }
    },
    {
      "type": "Feature",
      "properties": {
        "id": "0001430",
        "time_start": "1979-01-01",
        "time_end": "2024-12-31",
        "trend_wl": 3.9968132449226683,
        "quantile_99_wl": 0.8004736355414023,
        "quantile_1_wl": -0.7168918026373448,
        "trend_ss": -0.11971597388936846,
        "quantile_99_ss": 0.4034265398550125,
        "quantile_1_ss": -0.31766170571908975
      },
      "geometry": {
        "type": "Point",
        "coordinates": [
          -75.51930757548327,
          35.80322158966411
        ]
      }
    },
    {
      "type": "Feature",
      "properties": {
        "id": "0001431",
        "time_start": "1979-01-01",
        "time_end": "2024-12-31",
        "trend_wl": 4.006616747192275,
        "quantile_99_wl": 0.8022157784261305,
        "quantile_1_wl": -0.7173332255141659,
        "trend_ss": -0.11971617657044313,
        "quantile_99_ss": 0.4062662845707177,
        "quantile_1_ss": -0.31808989134473886
      },
      "geometry": {
        "type": "Point",
        "coordinates": [
          -75.52196711033292,
          35.80717625700625
        ]
      }
    },
    {
      "type": "Feature",
      "properties": {
        "id": "0001432",
        "time_start": "1979-01-01",
        "time_end": "2024-12-31",
        "trend_wl": 4.0153343700673565,
        "quantile_99_wl": 0.8025594442122701,
        "quantile_1_wl": -0.7176916862597893,
        "trend_ss": -0.11971619809519037,
        "quantile_99_ss": 0.40610925093023165,
        "quantile_1_ss": -0.3177754128723684
      },
      "geometry": {
        "type": "Point",
        "coordinates": [
          -75.52462664518256,
          35.81113092434838
        ]
      }
    },
    {
      "type": "Feature",
      "properties": {
        "id": "0001433",
        "time_start": "1979-01-01",
        "time_end": "2024-12-31",
        "trend_wl": 4.023528282974357,
        "quantile_99_wl": 0.802876662213707,
        "quantile_1_wl": -0.7179181258945203,
        "trend_ss": -0.11971603642863325,
        "quantile_99_ss": 0.4064150759105933,
        "quantile_1_ss": -0.3178337632003335
      },
      "geometry": {
        "type": "Point",
        "coordinates": [
          -75.52728618003222,
          35.815085591690526
        ]
      }
    },
    {
      "type": "Feature",
      "properties": {
        "id": "0001434",
        "time_start": "1979-01-01",
        "time_end": "2024-12-31",
        "trend_wl": 4.031491587572004,
        "quantile_99_wl": 0.8031499503092213,
        "quantile_1_wl": -0.7180991656995857,
        "trend_ss": -0.11971592415775983,
        "quantile_99_ss": 0.4062224984267337,
        "quantile_1_ss": -0.31777063434876085
      },
      "geometry": {
        "type": "Point",
        "coordinates": [
          -75.52994571488188,
          35.81904025903266
        ]
      }
    },
    {
      "type": "Feature",
      "properties": {
        "id": "0001435",
        "time_start": "1979-01-01",
        "time_end": "2024-12-31",
        "trend_wl": 4.038690818473598,
        "quantile_99_wl": 0.8038777211524504,
        "quantile_1_wl": -0.7189754914348832,
        "trend_ss": -0.11971589710514652,
        "quantile_99_ss": 0.40709995642882446,
        "quantile_1_ss": -0.31851130812356154
      },
      "geometry": {
        "type": "Point",
        "coordinates": [
          -75.53260524973152,
          35.8229949263748
        ]
      }
    },
    {
      "type": "Feature",
      "properties": {
        "id": "0001436",
        "time_start": "1979-01-01",
        "time_end": "2024-12-31",
        "trend_wl": 4.046379133752091,
        "quantile_99_wl": 0.8040569466500417,
        "quantile_1_wl": -0.7193062583101226,
        "trend_ss": -0.11971578314151052,
        "quantile_99_ss": 0.4066599018088331,
        "quantile_1_ss": -0.3186375700438975
      },
      "geometry": {
        "type": "Point",
        "coordinates": [
          -75.53526478458117,
          35.82694959371693
        ]
      }
    },
    {
      "type": "Feature",
      "properties": {
        "id": "0001437",
        "time_start": "1979-01-01",
        "time_end": "2024-12-31",
        "trend_wl": 4.05420213987649,
        "quantile_99_wl": 0.8045884396825806,
        "quantile_1_wl": -0.7198430944148551,
        "trend_ss": -0.11971568722078307,
        "quantile_99_ss": 0.40700240668567095,
        "quantile_1_ss": -0.31898016230198584
      },
      "geometry": {
        "type": "Point",
        "coordinates": [
          -75.53792431943081,
          35.830904261059075
        ]
      }
    },
    {
      "type": "Feature",
      "properties": {
        "id": "0001438",
        "time_start": "1979-01-01",
        "time_end": "2024-12-31",
        "trend_wl": 4.062188318597585,
        "quantile_99_wl": 0.8055032898311211,
        "quantile_1_wl": -0.7205409227231098,
        "trend_ss": -0.11971556112270894,
        "quantile_99_ss": 0.4078335734542838,
        "quantile_1_ss": -0.31960352213059456
      },
      "geometry": {
        "type": "Point",
        "coordinates": [
          -75.54058385428047,
          35.83485892840121
        ]
      }
    },
    {
      "type": "Feature",
      "properties": {
        "id": "0001439",
        "time_start": "1979-01-01",
        "time_end": "2024-12-31",
        "trend_wl": 4.070311621147385,
        "quantile_99_wl": 0.8060731368541032,
        "quantile_1_wl": -0.7211844383363076,
        "trend_ss": -0.11971554781775262,
        "quantile_99_ss": 0.40856972395686203,
        "quantile_1_ss": -0.32006825613708645
      },
      "geometry": {
        "type": "Point",
        "coordinates": [
          -75.54324338913011,
          35.838813595743346
        ]
      }
    },
    {
      "type": "Feature",
      "properties": {
        "id": "0001440",
        "time_start": "1979-01-01",
        "time_end": "2024-12-31",
        "trend_wl": 4.078515846581464,
        "quantile_99_wl": 0.8068042870353827,
        "quantile_1_wl": -0.7217525088229143,
        "trend_ss": -0.11971554906777203,
        "quantile_99_ss": 0.41004526945332087,
        "quantile_1_ss": -0.3206449550811001
      },
      "geometry": {
        "type": "Point",
        "coordinates": [
          -75.54556527450094,
          35.84290396215938
        ]
      }
    },
    {
      "type": "Feature",
      "properties": {
        "id": "0001441",
        "time_start": "1979-01-01",
        "time_end": "2024-12-31",
        "trend_wl": 4.086531825509376,
        "quantile_99_wl": 0.807402675000848,
        "quantile_1_wl": -0.7221741698377673,
        "trend_ss": -0.11971548217212483,
        "quantile_99_ss": 0.41059777420742466,
        "quantile_1_ss": -0.3209940098226552
      },
      "geometry": {
        "type": "Point",
        "coordinates": [
          -75.54780555634633,
          35.847027124488115
        ]
      }
    },
    {
      "type": "Feature",
      "properties": {
        "id": "0001442",
        "time_start": "1979-01-01",
        "time_end": "2024-12-31",
        "trend_wl": 4.09460902458546,
        "quantile_99_wl": 0.8094651175199366,
        "quantile_1_wl": -0.72336988851821,
        "trend_ss": -0.11971553739487562,
        "quantile_99_ss": 0.4132914902641651,
        "quantile_1_ss": -0.3226492498617175
      },
      "geometry": {
        "type": "Point",
        "coordinates": [
          -75.55004583819172,
          35.85115028681685
        ]
      }
    },
    {
      "type": "Feature",
      "properties": {
        "id": "0001443",
        "time_start": "1979-01-01",
        "time_end": "2024-12-31",
        "trend_wl": 4.102375880578662,
        "quantile_99_wl": 0.8097046015449967,
        "quantile_1_wl": -0.7239339766565921,
        "trend_ss": -0.1197155663346435,
        "quantile_99_ss": 0.41308532475927373,
        "quantile_1_ss": -0.32294196192910646
      },
      "geometry": {
        "type": "Point",
        "coordinates": [
          -75.5522861200371,
          35.855273449145585
        ]
      }
    },
    {
      "type": "Feature",
      "properties": {
        "id": "0001444",
        "time_start": "1979-01-01",
        "time_end": "2024-12-31",
        "trend_wl": 4.110364034338754,
        "quantile_99_wl": 0.8103395419119496,
        "quantile_1_wl": -0.7248660780870908,
        "trend_ss": -0.1197155756905635,
        "quantile_99_ss": 0.4136425223502324,
        "quantile_1_ss": -0.3236938383221374
      },
      "geometry": {
        "type": "Point",
        "coordinates": [
          -75.55452640188248,
          35.85939661147432
        ]
      }
    },
    {
      "type": "Feature",
      "properties": {
        "id": "0001445",
        "time_start": "1979-01-01",
        "time_end": "2024-12-31",
        "trend_wl": 4.118362228265838,
        "quantile_99_wl": 0.8102180467092007,
        "quantile_1_wl": -0.7252394632524591,
        "trend_ss": -0.1197154719816203,
        "quantile_99_ss": 0.4130948263949953,
        "quantile_1_ss": -0.3239334195865176
      },
      "geometry": {
        "type": "Point",
        "coordinates": [
          -75.55676668372786,
          35.863519773803056
        ]
      }
    },
    {
      "type": "Feature",
      "properties": {
        "id": "0001446",
        "time_start": "1979-01-01",
        "time_end": "2024-12-31",
        "trend_wl": 4.114308738909414,
        "quantile_99_wl": 0.8128297135829662,
        "quantile_1_wl": -0.7264363191734299,
        "trend_ss": -0.1319205781212194,
        "quantile_99_ss": 0.4154244543941322,
        "quantile_1_ss": -0.3262709202105418
      },
      "geometry": {
        "type": "Point",
        "coordinates": [
          -75.55900696557325,
          35.86764293613179
        ]
      }
    },
    {
      "type": "Feature",
      "properties": {
        "id": "0001447",
        "time_start": "1979-01-01",
        "time_end": "2024-12-31",
        "trend_wl": 4.12305538937416,
        "quantile_99_wl": 0.8139865670627542,
        "quantile_1_wl": -0.727127553012142,
        "trend_ss": -0.13192081350816015,
        "quantile_99_ss": 0.4175088536966375,
        "quantile_1_ss": -0.3266299615484748
      },
      "geometry": {
        "type": "Point",
        "coordinates": [
          -75.56124724741863,
          35.871766098460526
        ]
      }
    },
    {
      "type": "Feature",
      "properties": {
        "id": "0001448",
        "time_start": "1979-01-01",
        "time_end": "2024-12-31",
        "trend_wl": 4.131693234319422,
        "quantile_99_wl": 0.8151418348234337,
        "quantile_1_wl": -0.7275932861922674,
        "trend_ss": -0.13192085181956228,
        "quantile_99_ss": 0.41874624227986457,
        "quantile_1_ss": -0.3267519510074911
      },
      "geometry": {
        "type": "Point",
        "coordinates": [
          -75.56348752926401,
          35.87588926078926
        ]
      }
    },
    {
      "type": "Feature",
      "properties": {
        "id": "0001449",
        "time_start": "1979-01-01",
        "time_end": "2024-12-31",
        "trend_wl": 4.140067284287326,
        "quantile_99_wl": 0.8154870873934135,
        "quantile_1_wl": -0.7279906816700967,
        "trend_ss": -0.13192084332059467,
        "quantile_99_ss": 0.41899324753296874,
        "quantile_1_ss": -0.3268106597731722
      },
      "geometry": {
        "type": "Point",
        "coordinates": [
          -75.5657278111094,
          35.88001242311799
        ]
      }
    },
    {
      "type": "Feature",
      "properties": {
        "id": "0001450",
        "time_start": "1979-01-01",
        "time_end": "2024-12-31",
        "trend_wl": 4.1483234498419685,
        "quantile_99_wl": 0.8160619490123294,
        "quantile_1_wl": -0.7286326512566756,
        "trend_ss": -0.1319208064575495,
        "quantile_99_ss": 0.4192739825030681,
        "quantile_1_ss": -0.3273456884581007
      },
      "geometry": {
        "type": "Point",
        "coordinates": [
          -75.56796809295477,
          35.88413558544673
        ]
      }
    },
    {
      "type": "Feature",
      "properties": {
        "id": "0001451",
        "time_start": "1979-01-01",
        "time_end": "2024-12-31",
        "trend_wl": 4.156634420287853,
        "quantile_99_wl": 0.816327739475915,
        "quantile_1_wl": -0.7293792741480765,
        "trend_ss": -0.13177602066949637,
        "quantile_99_ss": 0.4188305118974217,
        "quantile_1_ss": -0.32810874619344477
      },
      "geometry": {
        "type": "Point",
        "coordinates": [
          -75.57020837480016,
          35.88825874777546
        ]
      }
    },
    {
      "type": "Feature",
      "properties": {
        "id": "0001452",
        "time_start": "1979-01-01",
        "time_end": "2024-12-31",
        "trend_wl": 4.164724689311192,
        "quantile_99_wl": 0.8163896668203893,
        "quantile_1_wl": -0.7299704357687644,
        "trend_ss": -0.1319206753012875,
        "quantile_99_ss": 0.4182005122189358,
        "quantile_1_ss": -0.3287443160626373
      },
      "geometry": {
        "type": "Point",
        "coordinates": [
          -75.57244865664553,
          35.8923819101042
        ]
      }
    },
    {
      "type": "Feature",
      "properties": {
        "id": "0001453",
        "time_start": "1979-01-01",
        "time_end": "2024-12-31",
        "trend_wl": 4.173055734195406,
        "quantile_99_wl": 0.8171761787037837,
        "quantile_1_wl": -0.730795740807803,
        "trend_ss": -0.13192056791817325,
        "quantile_99_ss": 0.4191095120687227,
        "quantile_1_ss": -0.3295232267161351
      },
      "geometry": {
        "type": "Point",
        "coordinates": [
          -75.57468893849092,
          35.89650507243293
        ]
      }
    },
    {
      "type": "Feature",
      "properties": {
        "id": "0001454",
        "time_start": "1979-01-01",
        "time_end": "2024-12-31",
        "trend_wl": 4.173055732815864,
        "quantile_99_wl": 0.8171761787037837,
        "quantile_1_wl": -0.7308052304581851,
        "trend_ss": -0.13192057702827029,
        "quantile_99_ss": 0.4191229677837094,
        "quantile_1_ss": -0.3295016960756504
      },
      "geometry": {
        "type": "Point",
        "coordinates": [
          -75.57692922033631,
          35.90062823476167
        ]
      }
    },
    {
      "type": "Feature",
      "properties": {
        "id": "0001455",
        "time_start": "1979-01-01",
        "time_end": "2024-12-31",
        "trend_wl": 4.181919512173457,
        "quantile_99_wl": 0.8180087605034163,
        "quantile_1_wl": -0.7316030050483096,
        "trend_ss": -0.13192080834055017,
        "quantile_99_ss": 0.420489987259387,
        "quantile_1_ss": -0.3299715633233038
      },
      "geometry": {
        "type": "Point",
        "coordinates": [
          -75.57916950218168,
          35.9047513970904
        ]
      }
    },
    {
      "type": "Feature",
      "properties": {
        "id": "0001456",
        "time_start": "1979-01-01",
        "time_end": "2024-12-31",
        "trend_wl": 4.190450348114381,
        "quantile_99_wl": 0.8183438151797325,
        "quantile_1_wl": -0.732015807385369,
        "trend_ss": -0.1319208638655602,
        "quantile_99_ss": 0.42076622862224844,
        "quantile_1_ss": -0.3298502025184655
      },
      "geometry": {
        "type": "Point",
        "coordinates": [
          -75.58140978402707,
          35.90887455941913
        ]
      }
    },
    {
      "type": "Feature",
      "properties": {
        "id": "0001457",
        "time_start": "1979-01-01",
        "time_end": "2024-12-31",
        "trend_wl": 4.198499490318032,
        "quantile_99_wl": 0.8189535638882107,
        "quantile_1_wl": -0.7327067408657649,
        "trend_ss": -0.13192081913568393,
        "quantile_99_ss": 0.4212169281357846,
        "quantile_1_ss": -0.33027520813967304
      },
      "geometry": {
        "type": "Point",
        "coordinates": [
          -75.58365006587245,
          35.91299772174787
        ]
      }
    },
    {
      "type": "Feature",
      "properties": {
        "id": "0001458",
        "time_start": "1979-01-01",
        "time_end": "2024-12-31",
        "trend_wl": 4.206605719279666,
        "quantile_99_wl": 0.8197626099624566,
        "quantile_1_wl": -0.7333089236387713,
        "trend_ss": -0.13192056318017273,
        "quantile_99_ss": 0.4227921923656878,
        "quantile_1_ss": -0.3310222277909812
      },
      "geometry": {
        "type": "Point",
        "coordinates": [
          -75.58589034771784,
          35.9171208840766
        ]
      }
    },
    {
      "type": "Feature",
      "properties": {
        "id": "0001459",
        "time_start": "1979-01-01",
        "time_end": "2024-12-31",
        "trend_wl": 4.214559746567753,
        "quantile_99_wl": 0.8199087205535657,
        "quantile_1_wl": -0.7338424842412691,
        "trend_ss": -0.1319207538667351,
        "quantile_99_ss": 0.422757193135021,
        "quantile_1_ss": -0.33118033683280007
      },
      "geometry": {
        "type": "Point",
        "coordinates": [
          -75.58813062956322,
          35.92124404640534
        ]
      }
    },
    {
      "type": "Feature",
      "properties": {
        "id": "0001460",
        "time_start": "1979-01-01",
        "time_end": "2024-12-31",
        "trend_wl": 4.222064708621646,
        "quantile_99_wl": 0.8199035748717032,
        "quantile_1_wl": -0.7344423343804202,
        "trend_ss": -0.13192043632834613,
        "quantile_99_ss": 0.42209569309426925,
        "quantile_1_ss": -0.3314884528343076
      },
      "geometry": {
        "type": "Point",
        "coordinates": [
          -75.5903709114086,
          35.92536720873407
        ]
      }
    },
    {
      "type": "Feature",
      "properties": {
        "id": "0001461",
        "time_start": "1979-01-01",
        "time_end": "2024-12-31",
        "trend_wl": 4.229790644120638,
        "quantile_99_wl": 0.8206169228132236,
        "quantile_1_wl": -0.7351106866128587,
        "trend_ss": -0.13192036854097933,
        "quantile_99_ss": 0.4228463937267532,
        "quantile_1_ss": -0.3319917719470076
      },
      "geometry": {
        "type": "Point",
        "coordinates": [
          -75.59261119325399,
          35.929490371062805
        ]
      }
    },
    {
      "type": "Feature",
      "properties": {
        "id": "0001462",
        "time_start": "1979-01-01",
        "time_end": "2024-12-31",
        "trend_wl": 4.237983828833706,
        "quantile_99_wl": 0.821030574054021,
        "quantile_1_wl": -0.7357085342126949,
        "trend_ss": -0.13192057249548308,
        "quantile_99_ss": 0.4237367231630184,
        "quantile_1_ss": -0.33225351131738423
      },
      "geometry": {
        "type": "Point",
        "coordinates": [
          -75.59485147509936,
          35.933613533391544
        ]
      }
    },
    {
      "type": "Feature",
      "properties": {
        "id": "0001463",
        "time_start": "1979-01-01",
        "time_end": "2024-12-31",
        "trend_wl": 4.245517678348898,
        "quantile_99_wl": 0.8210998075982662,
        "quantile_1_wl": -0.736238628974116,
        "trend_ss": -0.1319204907383242,
        "quantile_99_ss": 0.42316989277862,
        "quantile_1_ss": -0.33225710968798194
      },
      "geometry": {
        "type": "Point",
        "coordinates": [
          -75.59709175694475,
          35.937736695720275
        ]
      }
    },
    {
      "type": "Feature",
      "properties": {
        "id": "0001464",
        "time_start": "1979-01-01",
        "time_end": "2024-12-31",
        "trend_wl": 4.253024926614261,
        "quantile_99_wl": 0.8214556851252585,
        "quantile_1_wl": -0.7369235781186498,
        "trend_ss": -0.13192020574518248,
        "quantile_99_ss": 0.4235439332291947,
        "quantile_1_ss": -0.3328601976116863
      },
      "geometry": {
        "type": "Point",
        "coordinates": [
          -75.59933203879014,
          35.941859858049014
        ]
      }
    },
    {
      "type": "Feature",
      "properties": {
        "id": "0001465",
        "time_start": "1979-01-01",
        "time_end": "2024-12-31",
        "trend_wl": 4.260998829356187,
        "quantile_99_wl": 0.8223828204619411,
        "quantile_1_wl": -0.737655970535249,
        "trend_ss": -0.13192040573692393,
        "quantile_99_ss": 0.4248248800272827,
        "quantile_1_ss": -0.3334208115619636
      },
      "geometry": {
        "type": "Point",
        "coordinates": [
          -75.60157232063551,
          35.945983020377746
        ]
      }
    },
    {
      "type": "Feature",
      "properties": {
        "id": "0001466",
        "time_start": "1979-01-01",
        "time_end": "2024-12-31",
        "trend_wl": 4.269038033346015,
        "quantile_99_wl": 0.8224132403590192,
        "quantile_1_wl": -0.7379834458728537,
        "trend_ss": -0.1319202080675595,
        "quantile_99_ss": 0.4249488415892802,
        "quantile_1_ss": -0.33344835252478616
      },
      "geometry": {
        "type": "Point",
        "coordinates": [
          -75.6038126024809,
          35.95010618270648
        ]
      }
    },
    {
      "type": "Feature",
      "properties": {
        "id": "0001467",
        "time_start": "1979-01-01",
        "time_end": "2024-12-31",
        "trend_wl": 4.27678294876798,
        "quantile_99_wl": 0.8228881536956443,
        "quantile_1_wl": -0.7385328124682627,
        "trend_ss": -0.13192010763604245,
        "quantile_99_ss": 0.4250344230412222,
        "quantile_1_ss": -0.33379179224278116
      },
      "geometry": {
        "type": "Point",
        "coordinates": [
          -75.60605288432627,
          35.954229345035216
        ]
      }
    },
    {
      "type": "Feature",
      "properties": {
        "id": "0001468",
        "time_start": "1979-01-01",
        "time_end": "2024-12-31",
        "trend_wl": 4.2848611405532395,
        "quantile_99_wl": 0.823604969850323,
        "quantile_1_wl": -0.7390919303684222,
        "trend_ss": -0.13192007367423658,
        "quantile_99_ss": 0.4258851376421929,
        "quantile_1_ss": -0.3342203448023593
      },
      "geometry": {
        "type": "Point",
        "coordinates": [
          -75.60829316617166,
          35.95835250736395
        ]
      }
    },
    {
      "type": "Feature",
      "properties": {
        "id": "0001469",
        "time_start": "1979-01-01",
        "time_end": "2024-12-31",
        "trend_wl": 4.2848611403199115,
        "quantile_99_wl": 0.823604969850323,
        "quantile_1_wl": -0.7390919303684222,
        "trend_ss": -0.1319200736690505,
        "quantile_99_ss": 0.42588499300097704,
        "quantile_1_ss": -0.33422024483798374
      },
      "geometry": {
        "type": "Point",
        "coordinates": [
          -75.61053344801704,
          35.96247566969269
        ]
      }
    },
    {
      "type": "Feature",
      "properties": {
        "id": "0001470",
        "time_start": "1979-01-01",
        "time_end": "2024-12-31",
        "trend_wl": 4.293045736898445,
        "quantile_99_wl": 0.8239196902237274,
        "quantile_1_wl": -0.7395011175413023,
        "trend_ss": -0.13192021631568068,
        "quantile_99_ss": 0.42596872987879375,
        "quantile_1_ss": -0.33435062252173836
      },
      "geometry": {
        "type": "Point",
        "coordinates": [
          -75.61277372986243,
          35.96659883202142
        ]
      }
    },
    {
      "type": "Feature",
      "properties": {
        "id": "0001471",
        "time_start": "1979-01-01",
        "time_end": "2024-12-31",
        "trend_wl": 4.300875064016311,
        "quantile_99_wl": 0.824023504410207,
        "quantile_1_wl": -0.7400047403039762,
        "trend_ss": -0.13192011226611164,
        "quantile_99_ss": 0.4251049645870019,
        "quantile_1_ss": -0.33460611048307204
      },
      "geometry": {
        "type": "Point",
        "coordinates": [
          -75.61501401170781,
          35.97072199435016
        ]
      }
    },
    {
      "type": "Feature",
      "properties": {
        "id": "0001472",
        "time_start": "1979-01-01",
        "time_end": "2024-12-31",
        "trend_wl": 4.309000379636985,
        "quantile_99_wl": 0.8246738648495504,
        "quantile_1_wl": -0.7408077824265465,
        "trend_ss": -0.13192006370052442,
        "quantile_99_ss": 0.4257239913703692,
        "quantile_1_ss": -0.33522751805070605
      },
      "geometry": {
        "type": "Point",
        "coordinates": [
          -75.61725429355319,
          35.97484515667889
        ]
      }
    },
    {
      "type": "Feature",
      "properties": {
        "id": "0001473",
        "time_start": "1979-01-01",
        "time_end": "2024-12-31",
        "trend_wl": 4.31784158808144,
        "quantile_99_wl": 0.8252388766795904,
        "quantile_1_wl": -0.741508315506306,
        "trend_ss": -0.13191973006235902,
        "quantile_99_ss": 0.426463739640179,
        "quantile_1_ss": -0.3355349345634505
      },
      "geometry": {
        "type": "Point",
        "coordinates": [
          -75.61949457539858,
          35.97896831900762
        ]
      }
    },
    {
      "type": "Feature",
      "properties": {
        "id": "0001474",
        "time_start": "1979-01-01",
        "time_end": "2024-12-31",
        "trend_wl": 4.32717533669522,
        "quantile_99_wl": 0.8260737489979072,
        "quantile_1_wl": -0.7422470130516277,
        "trend_ss": -0.13191989615255167,
        "quantile_99_ss": 0.4270224965647689,
        "quantile_1_ss": -0.3358979857114621
      },
      "geometry": {
        "type": "Point",
        "coordinates": [
          -75.62173485724395,
          35.98309148133636
        ]
      }
    },
    {
      "type": "Feature",
      "properties": {
        "id": "0001475",
        "time_start": "1979-01-01",
        "time_end": "2024-12-31",
        "trend_wl": 4.331435674808339,
        "quantile_99_wl": 0.8259754492618083,
        "quantile_1_wl": -0.7422240092170684,
        "trend_ss": -0.13191965365399047,
        "quantile_99_ss": 0.4264345483731368,
        "quantile_1_ss": -0.33544810104572154
      },
      "geometry": {
        "type": "Point",
        "coordinates": [
          -75.62397513908934,
          35.98721464366509
        ]
      }
    },
    {
      "type": "Feature",
      "properties": {
        "id": "0001476",
        "time_start": "1979-01-01",
        "time_end": "2024-12-31",
        "trend_wl": 4.341114816632628,
        "quantile_99_wl": 0.82704847396814,
        "quantile_1_wl": -0.7428396805668551,
        "trend_ss": -0.13191969933819706,
        "quantile_99_ss": 0.4279565059916223,
        "quantile_1_ss": -0.33614688535084736
      },
      "geometry": {
        "type": "Point",
        "coordinates": [
          -75.62621542093473,
          35.99133780599383
        ]
      }
    },
    {
      "type": "Feature",
      "properties": {
        "id": "0001477",
        "time_start": "1979-01-01",
        "time_end": "2024-12-31",
        "trend_wl": 4.35082924053393,
        "quantile_99_wl": 0.8274651800716945,
        "quantile_1_wl": -0.7430041479870746,
        "trend_ss": -0.13191972349811074,
        "quantile_99_ss": 0.4286120341719865,
        "quantile_1_ss": -0.33584649369353003
      },
      "geometry": {
        "type": "Point",
        "coordinates": [
          -75.6284557027801,
          35.99546096832256
        ]
      }
    },
    {
      "type": "Feature",
      "properties": {
        "id": "0001478",
        "time_start": "1979-01-01",
        "time_end": "2024-12-31",
        "trend_wl": 4.360468571395556,
        "quantile_99_wl": 0.8280300169295983,
        "quantile_1_wl": -0.7435927764564252,
        "trend_ss": -0.13191958761102013,
        "quantile_99_ss": 0.429016306882973,
        "quantile_1_ss": -0.3359383664680419
      },
      "geometry": {
        "type": "Point",
        "coordinates": [
          -75.63069598462549,
          35.99958413065129
        ]
      }
    },
    {
      "type": "Feature",
      "properties": {
        "id": "0001479",
        "time_start": "1979-01-01",
        "time_end": "2024-12-31",
        "trend_wl": 4.366493856998938,
        "quantile_99_wl": 0.8280614816693281,
        "quantile_1_wl": -0.7439904154967099,
        "trend_ss": -0.13191961023013846,
        "quantile_99_ss": 0.4287639119921685,
        "quantile_1_ss": -0.336
      },
      "geometry": {
        "type": "Point",
        "coordinates": [
          -75.63293626647086,
          36.00370729298003
        ]
      }
    },
    {
      "type": "Feature",
      "properties": {
        "id": "0001480",
        "time_start": "1979-01-01",
        "time_end": "2024-12-31",
        "trend_wl": 4.3759328721582,
        "quantile_99_wl": 0.8285326154972973,
        "quantile_1_wl": -0.7443581628560673,
        "trend_ss": -0.1319196468338515,
        "quantile_99_ss": 0.42896836854325976,
        "quantile_1_ss": -0.33622270493576184
      },
      "geometry": {
        "type": "Point",
        "coordinates": [
          -75.63517654831625,
          36.00783045530876
        ]
      }
    },
    {
      "type": "Feature",
      "properties": {
        "id": "0001481",
        "time_start": "1979-01-01",
        "time_end": "2024-12-31",
        "trend_wl": 4.384673815693919,
        "quantile_99_wl": 0.8287812485971305,
        "quantile_1_wl": -0.7448328131223539,
        "trend_ss": -0.1319194634842881,
        "quantile_99_ss": 0.42866572466519204,
        "quantile_1_ss": -0.33642312623387954
      },
      "geometry": {
        "type": "Point",
        "coordinates": [
          -75.63741683016163,
          36.0119536176375
        ]
      }
    },
    {
      "type": "Feature",
      "properties": {
        "id": "0001482",
        "time_start": "1979-01-01",
        "time_end": "2024-12-31",
        "trend_wl": 4.392962254135442,
        "quantile_99_wl": 0.8293030293416326,
        "quantile_1_wl": -0.7453071135130886,
        "trend_ss": -0.13191951108640226,
        "quantile_99_ss": 0.4288848065559111,
        "quantile_1_ss": -0.33681491498415334
      },
      "geometry": {
        "type": "Point",
        "coordinates": [
          -75.63965711200701,
          36.016076779966234
        ]
      }
    },
    {
      "type": "Feature",
      "properties": {
        "id": "0001483",
        "time_start": "1979-01-01",
        "time_end": "2024-12-31",
        "trend_wl": 4.39447356026046,
        "quantile_99_wl": 0.8284954043516736,
        "quantile_1_wl": -0.7448157195825921,
        "trend_ss": -0.13191953350252175,
        "quantile_99_ss": 0.4269413652617858,
        "quantile_1_ss": -0.33584006891918616
      },
      "geometry": {
        "type": "Point",
        "coordinates": [
          -75.6418973938524,
          36.020199942294965
        ]
      }
    },
    {
      "type": "Feature",
      "properties": {
        "id": "0001484",
        "time_start": "1979-01-01",
        "time_end": "2024-12-31",
        "trend_wl": 4.402644201399184,
        "quantile_99_wl": 0.8288885389070473,
        "quantile_1_wl": -0.7452536942609026,
        "trend_ss": -0.13191928195389108,
        "quantile_99_ss": 0.427055821856634,
        "quantile_1_ss": -0.33615584609686244
      },
      "geometry": {
        "type": "Point",
        "coordinates": [
          -75.64413767569778,
          36.024323104623704
        ]
      }
    },
    {
      "type": "Feature",
      "properties": {
        "id": "0001485",
        "time_start": "1979-01-01",
        "time_end": "2024-12-31",
        "trend_wl": 4.4107607008278125,
        "quantile_99_wl": 0.8293304999126552,
        "quantile_1_wl": -0.7457524310487416,
        "trend_ss": -0.1319193452131272,
        "quantile_99_ss": 0.4271054530982507,
        "quantile_1_ss": -0.3364269958456701
      },
      "geometry": {
        "type": "Point",
        "coordinates": [
          -75.64637795754317,
          36.028446266952436
        ]
      }
    },
    {
      "type": "Feature",
      "properties": {
        "id": "0001486",
        "time_start": "1979-01-01",
        "time_end": "2024-12-31",
        "trend_wl": 4.418952057368722,
        "quantile_99_wl": 0.8298651829870345,
        "quantile_1_wl": -0.7463489301173822,
        "trend_ss": -0.13191919154010434,
        "quantile_99_ss": 0.4273555025388761,
        "quantile_1_ss": -0.33674748887347344
      },
      "geometry": {
        "type": "Point",
        "coordinates": [
          -75.64861823938854,
          36.032569429281175
        ]
      }
    },
    {
      "type": "Feature",
      "properties": {
        "id": "0001487",
        "time_start": "1979-01-01",
        "time_end": "2024-12-31",
        "trend_wl": 4.427325587704487,
        "quantile_99_wl": 0.8302998821301675,
        "quantile_1_wl": -0.7467655221005354,
        "trend_ss": -0.13191914873645563,
        "quantile_99_ss": 0.4275951657345262,
        "quantile_1_ss": -0.3369767460073984
      },
      "geometry": {
        "type": "Point",
        "coordinates": [
          -75.65096091407372,
          36.03665333981144
        ]
      }
    },
    {
      "type": "Feature",
      "properties": {
        "id": "0001488",
        "time_start": "1979-01-01",
        "time_end": "2024-12-31",
        "trend_wl": 4.435561025767019,
        "quantile_99_wl": 0.8307448915614477,
        "quantile_1_wl": -0.7473070287899587,
        "trend_ss": -0.13191909367635002,
        "quantile_99_ss": 0.4277031970696373,
        "quantile_1_ss": -0.3372034332547791
      },
      "geometry": {
        "type": "Point",
        "coordinates": [
          -75.65353207925358,
          36.04064965961887
        ]
      }
    },
    {
      "type": "Feature",
      "properties": {
        "id": "0001489",
        "time_start": "1979-01-01",
        "time_end": "2024-12-31",
        "trend_wl": 4.443886785728916,
        "quantile_99_wl": 0.8311575414780219,
        "quantile_1_wl": -0.7478689736756986,
        "trend_ss": -0.13191904881018884,
        "quantile_99_ss": 0.4278327794748506,
        "quantile_1_ss": -0.3374404025427116
      },
      "geometry": {
        "type": "Point",
        "coordinates": [
          -75.65610324443344,
          36.044645979426306
        ]
      }
    },
    {
      "type": "Feature",
      "properties": {
        "id": "0001490",
        "time_start": "1979-01-01",
        "time_end": "2024-12-31",
        "trend_wl": 4.452216112238538,
        "quantile_99_wl": 0.8316195311112432,
        "quantile_1_wl": -0.7483997740729421,
        "trend_ss": -0.13191900133870593,
        "quantile_99_ss": 0.42810146788857195,
        "quantile_1_ss": -0.337758982902019
      },
      "geometry": {
        "type": "Point",
        "coordinates": [
          -75.65867440961331,
          36.04864229923375
        ]
      }
    },
    {
      "type": "Feature",
      "properties": {
        "id": "0001491",
        "time_start": "1979-01-01",
        "time_end": "2024-12-31",
        "trend_wl": 4.452216329526573,
        "quantile_99_wl": 0.8316195311112432,
        "quantile_1_wl": -0.7483997740729421,
        "trend_ss": -0.13191899896411416,
        "quantile_99_ss": 0.42805081390570787,
        "quantile_1_ss": -0.3377520320907003
      },
      "geometry": {
        "type": "Point",
        "coordinates": [
          -75.66124557479317,
          36.05263861904118
        ]
      }
    },
    {
      "type": "Feature",
      "properties": {
        "id": "0001492",
        "time_start": "1979-01-01",
        "time_end": "2024-12-31",
        "trend_wl": 4.460573224991961,
        "quantile_99_wl": 0.8319541612857648,
        "quantile_1_wl": -0.7488094250873782,
        "trend_ss": -0.13191895034484133,
        "quantile_99_ss": 0.4284900118295461,
        "quantile_1_ss": -0.33800944692042423
      },
      "geometry": {
        "type": "Point",
        "coordinates": [
          -75.66381673997303,
          36.05663493884862
        ]
      }
    },
    {
      "type": "Feature",
      "properties": {
        "id": "0001493",
        "time_start": "1979-01-01",
        "time_end": "2024-12-31",
        "trend_wl": 4.46892644824787,
        "quantile_99_wl": 0.8324337429191181,
        "quantile_1_wl": -0.749332084568918,
        "trend_ss": -0.1319188102119202,
        "quantile_99_ss": 0.4287988577814968,
        "quantile_1_ss": -0.3383105436851831
      },
      "geometry": {
        "type": "Point",
        "coordinates": [
          -75.66638790515289,
          36.06063125865605
        ]
      }
    },
    {
      "type": "Feature",
      "properties": {
        "id": "0001494",
        "time_start": "1979-01-01",
        "time_end": "2024-12-31",
        "trend_wl": 4.4772750415128835,
        "quantile_99_wl": 0.8329103663829016,
        "quantile_1_wl": -0.7499573095722993,
        "trend_ss": -0.13191875308348597,
        "quantile_99_ss": 0.4289704605382008,
        "quantile_1_ss": -0.33863192270052184
      },
      "geometry": {
        "type": "Point",
        "coordinates": [
          -75.66895907033276,
          36.06462757846349
        ]
      }
    },
    {
      "type": "Feature",
      "properties": {
        "id": "0001495",
        "time_start": "1979-01-01",
        "time_end": "2024-12-31",
        "trend_wl": 4.485493718153296,
        "quantile_99_wl": 0.8331670475909873,
        "quantile_1_wl": -0.7504706958567315,
        "trend_ss": -0.13191878348484923,
        "quantile_99_ss": 0.4289145393311056,
        "quantile_1_ss": -0.33892994614929794
      },
      "geometry": {
        "type": "Point",
        "coordinates": [
          -75.67153023551262,
          36.06862389827093
        ]
      }
    },
    {
      "type": "Feature",
      "properties": {
        "id": "0001496",
        "time_start": "1979-01-01",
        "time_end": "2024-12-31",
        "trend_wl": 4.493792508140201,
        "quantile_99_wl": 0.8334663173978404,
        "quantile_1_wl": -0.7509737426266324,
        "trend_ss": -0.13191872141245017,
        "quantile_99_ss": 0.4289121145035947,
        "quantile_1_ss": -0.3392272790690488
      },
      "geometry": {
        "type": "Point",
        "coordinates": [
          -75.67410140069248,
          36.07262021807836
        ]
      }
    },
    {
      "type": "Feature",
      "properties": {
        "id": "0001497",
        "time_start": "1979-01-01",
        "time_end": "2024-12-31",
        "trend_wl": 4.502176681159019,
        "quantile_99_wl": 0.8340604395698255,
        "quantile_1_wl": -0.7516051356974932,
        "trend_ss": -0.13191866170613653,
        "quantile_99_ss": 0.42946458912666247,
        "quantile_1_ss": -0.33955394735956823
      },
      "geometry": {
        "type": "Point",
        "coordinates": [
          -75.67667256587234,
          36.0766165378858
        ]
      }
    },
    {
      "type": "Feature",
      "properties": {
        "id": "0001498",
        "time_start": "1979-01-01",
        "time_end": "2024-12-31",
        "trend_wl": 4.510537135639162,
        "quantile_99_wl": 0.8347322011569391,
        "quantile_1_wl": -0.7523189924678882,
        "trend_ss": -0.13191874732884343,
        "quantile_99_ss": 0.4300770234925001,
        "quantile_1_ss": -0.33989324422466605
      },
      "geometry": {
        "type": "Point",
        "coordinates": [
          -75.67924373105221,
          36.08061285769323
        ]
      }
    },
    {
      "type": "Feature",
      "properties": {
        "id": "0001499",
        "time_start": "1979-01-01",
        "time_end": "2024-12-31",
        "trend_wl": 4.518319264599535,
        "quantile_99_wl": 0.8347156675111421,
        "quantile_1_wl": -0.7527099545396914,
        "trend_ss": -0.13191840994546555,
        "quantile_99_ss": 0.42937538301188793,
        "quantile_1_ss": -0.33996821872890104
      },
      "geometry": {
        "type": "Point",
        "coordinates": [
          -75.68181489623207,
          36.08460917750067
        ]
      }
    },
    {
      "type": "Feature",
      "properties": {
        "id": "0001500",
        "time_start": "1979-01-01",
        "time_end": "2024-12-31",
        "trend_wl": 4.52559367954284,
        "quantile_99_wl": 0.8346249374330474,
        "quantile_1_wl": -0.7534583981805317,
        "trend_ss": -0.13191822193623787,
        "quantile_99_ss": 0.42786171455799465,
        "quantile_1_ss": -0.34046243608751553
      },
      "geometry": {
        "type": "Point",
        "coordinates": [
          -75.68438606141193,
          36.08860549730811
        ]
      }
    },
    {
      "type": "Feature",
      "properties": {
        "id": "0001501",
        "time_start": "1979-01-01",
        "time_end": "2024-12-31",
        "trend_wl": 4.532245371149977,
        "quantile_99_wl": 0.8347947087512044,
        "quantile_1_wl": -0.7543192036665934,
        "trend_ss": -0.1319180297992471,
        "quantile_99_ss": 0.4265940609055147,
        "quantile_1_ss": -0.34167875010103654
      },
      "geometry": {
        "type": "Point",
        "coordinates": [
          -75.68676288876009,
          36.09267748961121
        ]
      }
    },
    {
      "type": "Feature",
      "properties": {
        "id": "0001502",
        "time_start": "1979-01-01",
        "time_end": "2024-12-31",
        "trend_wl": 4.539623463708635,
        "quantile_99_wl": 0.8363343835588287,
        "quantile_1_wl": -0.7556980976881926,
        "trend_ss": -0.13191800197758788,
        "quantile_99_ss": 0.4286518337761582,
        "quantile_1_ss": -0.343191771574884
      },
      "geometry": {
        "type": "Point",
        "coordinates": [
          -75.68900970779939,
          36.096800105372964
        ]
      }
    },
    {
      "type": "Feature",
      "properties": {
        "id": "0001503",
        "time_start": "1979-01-01",
        "time_end": "2024-12-31",
        "trend_wl": 4.548112935157907,
        "quantile_99_wl": 0.8369539604849421,
        "quantile_1_wl": -0.7561683250487993,
        "trend_ss": -0.13191799308117175,
        "quantile_99_ss": 0.429608396231381,
        "quantile_1_ss": -0.34343021999152545
      },
      "geometry": {
        "type": "Point",
        "coordinates": [
          -75.69125652683869,
          36.10092272113472
        ]
      }
    },
    {
      "type": "Feature",
      "properties": {
        "id": "0001504",
        "time_start": "1979-01-01",
        "time_end": "2024-12-31",
        "trend_wl": 4.556325008511127,
        "quantile_99_wl": 0.8376250963478232,
        "quantile_1_wl": -0.756930008751273,
        "trend_ss": -0.13191796699948918,
        "quantile_99_ss": 0.4302074854838144,
        "quantile_1_ss": -0.3439521687115016
      },
      "geometry": {
        "type": "Point",
        "coordinates": [
          -75.693503345878,
          36.10504533689648
        ]
      }
    },
    {
      "type": "Feature",
      "properties": {
        "id": "0001505",
        "time_start": "1979-01-01",
        "time_end": "2024-12-31",
        "trend_wl": 4.564374222067522,
        "quantile_99_wl": 0.8383371204268014,
        "quantile_1_wl": -0.7576933253604723,
        "trend_ss": -0.13191776901389968,
        "quantile_99_ss": 0.4311375974545436,
        "quantile_1_ss": -0.34440206293792064
      },
      "geometry": {
        "type": "Point",
        "coordinates": [
          -75.6957501649173,
          36.10916795265823
        ]
      }
    },
    {
      "type": "Feature",
      "properties": {
        "id": "0001506",
        "time_start": "1979-01-01",
        "time_end": "2024-12-31",
        "trend_wl": 4.564373586040916,
        "quantile_99_wl": 0.8382996284937542,
        "quantile_1_wl": -0.7576933253604723,
        "trend_ss": -0.13191815105349436,
        "quantile_99_ss": 0.4312174146260251,
        "quantile_1_ss": -0.3444579170974424
      },
      "geometry": {
        "type": "Point",
        "coordinates": [
          -75.6979969839566,
          36.11329056841999
        ]
      }
    },
    {
      "type": "Feature",
      "properties": {
        "id": "0001507",
        "time_start": "1979-01-01",
        "time_end": "2024-12-31",
        "trend_wl": 4.572456789934006,
        "quantile_99_wl": 0.83899893675339,
        "quantile_1_wl": -0.7584974334460318,
        "trend_ss": -0.13191784499684392,
        "quantile_99_ss": 0.43204635820421716,
        "quantile_1_ss": -0.3448432947408091
      },
      "geometry": {
        "type": "Point",
        "coordinates": [
          -75.7002438029959,
          36.11741318418175
        ]
      }
    },
    {
      "type": "Feature",
      "properties": {
        "id": "0001508",
        "time_start": "1979-01-01",
        "time_end": "2024-12-31",
        "trend_wl": 4.580559576785052,
        "quantile_99_wl": 0.8395476839702315,
        "quantile_1_wl": -0.7591270915822598,
        "trend_ss": -0.13191802230886074,
        "quantile_99_ss": 0.4326623233444086,
        "quantile_1_ss": -0.3450941488895371
      },
      "geometry": {
        "type": "Point",
        "coordinates": [
          -75.70249062203521,
          36.12153579994351
        ]
      }
    },
    {
      "type": "Feature",
      "properties": {
        "id": "0001509",
        "time_start": "1979-01-01",
        "time_end": "2024-12-31",
        "trend_wl": 4.584986994564497,
        "quantile_99_wl": 0.8401101719149071,
        "quantile_1_wl": -0.7597020745792729,
        "trend_ss": -0.13547313700822441,
        "quantile_99_ss": 0.4332190289056984,
        "quantile_1_ss": -0.34573868584389067
      },
      "geometry": {
        "type": "Point",
        "coordinates": [
          -75.70473744107451,
          36.12565841570526
        ]
      }
    },
    {
      "type": "Feature",
      "properties": {
        "id": "0001510",
        "time_start": "1979-01-01",
        "time_end": "2024-12-31",
        "trend_wl": 4.593187013841326,
        "quantile_99_wl": 0.8407313580767487,
        "quantile_1_wl": -0.7603620147058605,
        "trend_ss": -0.13547306316432173,
        "quantile_99_ss": 0.4335848408730331,
        "quantile_1_ss": -0.3460393395262721
      },
      "geometry": {
        "type": "Point",
        "coordinates": [
          -75.70698426011381,
          36.12978103146702
        ]
      }
    },
    {
      "type": "Feature",
      "properties": {
        "id": "0001511",
        "time_start": "1979-01-01",
        "time_end": "2024-12-31",
        "trend_wl": 4.601169737997684,
        "quantile_99_wl": 0.8413008341967615,
        "quantile_1_wl": -0.7608669875029788,
        "trend_ss": -0.13547299385064007,
        "quantile_99_ss": 0.4338367007716995,
        "quantile_1_ss": -0.3462308079575947
      },
      "geometry": {
        "type": "Point",
        "coordinates": [
          -75.70923107915311,
          36.13390364722878
        ]
      }
    },
    {
      "type": "Feature",
      "properties": {
        "id": "0001512",
        "time_start": "1979-01-01",
        "time_end": "2024-12-31",
        "trend_wl": 4.609142419357748,
        "quantile_99_wl": 0.8418108463589046,
        "quantile_1_wl": -0.7611710342338199,
        "trend_ss": -0.1354729229768218,
        "quantile_99_ss": 0.43386220592804964,
        "quantile_1_ss": -0.3465940678092593
      },
      "geometry": {
        "type": "Point",
        "coordinates": [
          -75.71125529240324,
          36.13809601540876
        ]
      }
    },
    {
      "type": "Feature",
      "properties": {
        "id": "0001513",
        "time_start": "1979-01-01",
        "time_end": "2024-12-31",
        "trend_wl": 4.617147740741738,
        "quantile_99_wl": 0.8421798159381086,
        "quantile_1_wl": -0.761764152372104,
        "trend_ss": -0.13547285550774193,
        "quantile_99_ss": 0.4336022550093916,
        "quantile_1_ss": -0.3469652772011929
      },
      "geometry": {
        "type": "Point",
        "coordinates": [
          -75.71303081473368,
          36.14236630965303
        ]
      }
    },
    {
      "type": "Feature",
      "properties": {
        "id": "0001514",
        "time_start": "1979-01-01",
        "time_end": "2024-12-31",
        "trend_wl": 4.624819342272274,
        "quantile_99_wl": 0.8427330327316924,
        "quantile_1_wl": -0.7623765965286502,
        "trend_ss": -0.1354727862436654,
        "quantile_99_ss": 0.43380532436008123,
        "quantile_1_ss": -0.3473711438889654
      },
      "geometry": {
        "type": "Point",
        "coordinates": [
          -75.71480633706415,
          36.14663660389729
        ]
      }
    },
    {
      "type": "Feature",
      "properties": {
        "id": "0001515",
        "time_start": "1979-01-01",
        "time_end": "2024-12-31",
        "trend_wl": 4.633854264287102,
        "quantile_99_wl": 0.8431013761703313,
        "quantile_1_wl": -0.7629392729027851,
        "trend_ss": -0.13547275090244038,
        "quantile_99_ss": 0.4340371488501066,
        "quantile_1_ss": -0.3477998891923292
      },
      "geometry": {
        "type": "Point",
        "coordinates": [
          -75.71658185939461,
          36.150906898141564
        ]
      }
    },
    {
      "type": "Feature",
      "properties": {
        "id": "0001516",
        "time_start": "1979-01-01",
        "time_end": "2024-12-31",
        "trend_wl": 4.634755901991121,
        "quantile_99_wl": 0.8431251584538172,
        "quantile_1_wl": -0.7628780986221283,
        "trend_ss": -0.13547259283773108,
        "quantile_99_ss": 0.43378951392687815,
        "quantile_1_ss": -0.34726017135894655
      },
      "geometry": {
        "type": "Point",
        "coordinates": [
          -75.71835738172507,
          36.15517719238583
        ]
      }
    },
    {
      "type": "Feature",
      "properties": {
        "id": "0001517",
        "time_start": "1979-01-01",
        "time_end": "2024-12-31",
        "trend_wl": 4.641908919803355,
        "quantile_99_wl": 0.8438237346905827,
        "quantile_1_wl": -0.7635058872554472,
        "trend_ss": -0.13547267566864485,
        "quantile_99_ss": 0.4343672626448467,
        "quantile_1_ss": -0.34823106619194566
      },
      "geometry": {
        "type": "Point",
        "coordinates": [
          -75.72013290405552,
          36.15944748663009
        ]
      }
    },
    {
      "type": "Feature",
      "properties": {
        "id": "0001518",
        "time_start": "1979-01-01",
        "time_end": "2024-12-31",
        "trend_wl": 4.649916730814908,
        "quantile_99_wl": 0.8441424798912153,
        "quantile_1_wl": -0.7641102883182274,
        "trend_ss": -0.13547264047694108,
        "quantile_99_ss": 0.4347222381946141,
        "quantile_1_ss": -0.34861981049927293
      },
      "geometry": {
        "type": "Point",
        "coordinates": [
          -75.72190842638598,
          36.163717780874364
        ]
      }
    },
    {
      "type": "Feature",
      "properties": {
        "id": "0001519",
        "time_start": "1979-01-01",
        "time_end": "2024-12-31",
        "trend_wl": 4.657504551380781,
        "quantile_99_wl": 0.8446324495552848,
        "quantile_1_wl": -0.7646667451819683,
        "trend_ss": -0.13547259706922776,
        "quantile_99_ss": 0.4349362361900891,
        "quantile_1_ss": -0.3489197154983822
      },
      "geometry": {
        "type": "Point",
        "coordinates": [
          -75.72368394871644,
          36.16798807511863
        ]
      }
    },
    {
      "type": "Feature",
      "properties": {
        "id": "0001520",
        "time_start": "1979-01-01",
        "time_end": "2024-12-31",
        "trend_wl": 4.665217711102429,
        "quantile_99_wl": 0.8451416866388126,
        "quantile_1_wl": -0.7652533363576404,
        "trend_ss": -0.13547256360062612,
        "quantile_99_ss": 0.43496821676927366,
        "quantile_1_ss": -0.3491458156193917
      },
      "geometry": {
        "type": "Point",
        "coordinates": [
          -75.7254594710469,
          36.17225836936289
        ]
      }
    },
    {
      "type": "Feature",
      "properties": {
        "id": "0001521",
        "time_start": "1979-01-01",
        "time_end": "2024-12-31",
        "trend_wl": 4.672724205215248,
        "quantile_99_wl": 0.8454411366287004,
        "quantile_1_wl": -0.7656795344125417,
        "trend_ss": -0.13547238924804667,
        "quantile_99_ss": 0.4351915542049978,
        "quantile_1_ss": -0.34952091470444224
      },
      "geometry": {
        "type": "Point",
        "coordinates": [
          -75.7271770875054,
          36.1765411612777
        ]
      }
    },
    {
      "type": "Feature",
      "properties": {
        "id": "0001522",
        "time_start": "1979-01-01",
        "time_end": "2024-12-31",
        "trend_wl": 4.6732609061168775,
        "quantile_99_wl": 0.8453493098816552,
        "quantile_1_wl": -0.7653390362918296,
        "trend_ss": -0.13547234899271324,
        "quantile_99_ss": 0.4347402035349142,
        "quantile_1_ss": -0.3487297344348026
      },
      "geometry": {
        "type": "Point",
        "coordinates": [
          -75.72827469120928,
          36.18095776889841
        ]
      }
    },
    {
      "type": "Feature",
      "properties": {
        "id": "0001523",
        "time_start": "1979-01-01",
        "time_end": "2024-12-31",
        "trend_wl": 4.680769392385999,
        "quantile_99_wl": 0.8457658538497085,
        "quantile_1_wl": -0.7658833395633661,
        "trend_ss": -0.13531852432624325,
        "quantile_99_ss": 0.43501435667569716,
        "quantile_1_ss": -0.3492897487046988
      },
      "geometry": {
        "type": "Point",
        "coordinates": [
          -75.72937229491318,
          36.18537437651912
        ]
      }
    },
    {
      "type": "Feature",
      "properties": {
        "id": "0001524",
        "time_start": "1979-01-01",
        "time_end": "2024-12-31",
        "trend_wl": 4.688185692114709,
        "quantile_99_wl": 0.8462072859905536,
        "quantile_1_wl": -0.766259019882866,
        "trend_ss": -0.13547238287750574,
        "quantile_99_ss": 0.43487729415520526,
        "quantile_1_ss": -0.3491342475108649
      },
      "geometry": {
        "type": "Point",
        "coordinates": [
          -75.73046989861707,
          36.18979098413984
        ]
      }
    },
    {
      "type": "Feature",
      "properties": {
        "id": "0001525",
        "time_start": "1979-01-01",
        "time_end": "2024-12-31",
        "trend_wl": 4.6955943077718505,
        "quantile_99_wl": 0.8464636629367256,
        "quantile_1_wl": -0.7669512882861578,
        "trend_ss": -0.13547241445245758,
        "quantile_99_ss": 0.4350632449419546,
        "quantile_1_ss": -0.34951350390590924
      },
      "geometry": {
        "type": "Point",
        "coordinates": [
          -75.73156750232096,
          36.19420759176055
        ]
      }
    },
    {
      "type": "Feature",
      "properties": {
        "id": "0001526",
        "time_start": "1979-01-01",
        "time_end": "2024-12-31",
        "trend_wl": 4.702776359140042,
        "quantile_99_wl": 0.8467080259049667,
        "quantile_1_wl": -0.7675843969281146,
        "trend_ss": -0.13547247366883677,
        "quantile_99_ss": 0.4350803764596765,
        "quantile_1_ss": -0.349602800209036
      },
      "geometry": {
        "type": "Point",
        "coordinates": [
          -75.73266510602485,
          36.198624199381264
        ]
      }
    },
    {
      "type": "Feature",
      "properties": {
        "id": "0001527",
        "time_start": "1979-01-01",
        "time_end": "2024-12-31",
        "trend_wl": 4.710145888023483,
        "quantile_99_wl": 0.8470399053527139,
        "quantile_1_wl": -0.7682724781274723,
        "trend_ss": -0.13547257899046825,
        "quantile_99_ss": 0.43549027983562166,
        "quantile_1_ss": -0.34999897162275867
      },
      "geometry": {
        "type": "Point",
        "coordinates": [
          -75.73376270972875,
          36.20304080700198
        ]
      }
    },
    {
      "type": "Feature",
      "properties": {
        "id": "0001528",
        "time_start": "1979-01-01",
        "time_end": "2024-12-31",
        "trend_wl": 4.709983173471507,
        "quantile_99_wl": 0.8465357233376595,
        "quantile_1_wl": -0.7676090894231612,
        "trend_ss": -0.13547230648682163,
        "quantile_99_ss": 0.43460060657345173,
        "quantile_1_ss": -0.34926669069795846
      },
      "geometry": {
        "type": "Point",
        "coordinates": [
          -75.73486031343265,
          36.207457414622695
        ]
      }
    },
    {
      "type": "Feature",
      "properties": {
        "id": "0001529",
        "time_start": "1979-01-01",
        "time_end": "2024-12-31",
        "trend_wl": 4.717331878423422,
        "quantile_99_wl": 0.8471901754227209,
        "quantile_1_wl": -0.7683811964067274,
        "trend_ss": -0.1354725392623486,
        "quantile_99_ss": 0.4351858887318397,
        "quantile_1_ss": -0.3497520688403775
      },
      "geometry": {
        "type": "Point",
        "coordinates": [
          -75.73595791713653,
          36.21187402224341
        ]
      }
    },
    {
      "type": "Feature",
      "properties": {
        "id": "0001530",
        "time_start": "1979-01-01",
        "time_end": "2024-12-31",
        "trend_wl": 4.724799472484067,
        "quantile_99_wl": 0.8479550992248518,
        "quantile_1_wl": -0.7692445450284139,
        "trend_ss": -0.13547264789240357,
        "quantile_99_ss": 0.4358411444852282,
        "quantile_1_ss": -0.35027928473786507
      },
      "geometry": {
        "type": "Point",
        "coordinates": [
          -75.73705552084043,
          36.216290629864126
        ]
      }
    },
    {
      "type": "Feature",
      "properties": {
        "id": "0001531",
        "time_start": "1979-01-01",
        "time_end": "2024-12-31",
        "trend_wl": 4.732433103737663,
        "quantile_99_wl": 0.8488935262648449,
        "quantile_1_wl": -0.7701451881125341,
        "trend_ss": -0.13547275763165412,
        "quantile_99_ss": 0.4363697129375633,
        "quantile_1_ss": -0.3508658558864131
      },
      "geometry": {
        "type": "Point",
        "coordinates": [
          -75.73815312454433,
          36.22070723748484
        ]
      }
    },
    {
      "type": "Feature",
      "properties": {
        "id": "0001532",
        "time_start": "1979-01-01",
        "time_end": "2024-12-31",
        "trend_wl": 4.740281684732558,
        "quantile_99_wl": 0.849908272876968,
        "quantile_1_wl": -0.7711572128429071,
        "trend_ss": -0.13547289948597843,
        "quantile_99_ss": 0.4374565712504354,
        "quantile_1_ss": -0.3515545625194012
      },
      "geometry": {
        "type": "Point",
        "coordinates": [
          -75.73925072824821,
          36.22512384510555
        ]
      }
    },
    {
      "type": "Feature",
      "properties": {
        "id": "0001533",
        "time_start": "1979-01-01",
        "time_end": "2024-12-31",
        "trend_wl": 4.745524063754503,
        "quantile_99_wl": 0.8503281844529764,
        "quantile_1_wl": -0.7714100506802344,
        "trend_ss": -0.13547259671320774,
        "quantile_99_ss": 0.4374273842411284,
        "quantile_1_ss": -0.3515131651369845
      },
      "geometry": {
        "type": "Point",
        "coordinates": [
          -75.7403483319521,
          36.22954045272627
        ]
      }
    },
    {
      "type": "Feature",
      "properties": {
        "id": "0001534",
        "time_start": "1979-01-01",
        "time_end": "2024-12-31",
        "trend_wl": 4.753504502008806,
        "quantile_99_wl": 0.8514361235047623,
        "quantile_1_wl": -0.7723614500823587,
        "trend_ss": -0.1354728381471274,
        "quantile_99_ss": 0.4388506320089057,
        "quantile_1_ss": -0.3521781626991622
      },
      "geometry": {
        "type": "Point",
        "coordinates": [
          -75.741445935656,
          36.23395706034698
        ]
      }
    },
    {
      "type": "Feature",
      "properties": {
        "id": "0001535",
        "time_start": "1979-01-01",
        "time_end": "2024-12-31",
        "trend_wl": 4.753504514720648,
        "quantile_99_wl": 0.8514140940954,
        "quantile_1_wl": -0.7723614500823587,
        "trend_ss": -0.13547289999910525,
        "quantile_99_ss": 0.43879683961366184,
        "quantile_1_ss": -0.35215904786413116
      },
      "geometry": {
        "type": "Point",
        "coordinates": [
          -75.7425435393599,
          36.23837366796769
        ]
      }
    },
    {
      "type": "Feature",
      "properties": {
        "id": "0001536",
        "time_start": "1979-01-01",
        "time_end": "2024-12-31",
        "trend_wl": 4.761505895092753,
        "quantile_99_wl": 0.8524209553500297,
        "quantile_1_wl": -0.7733774868332725,
        "trend_ss": -0.13547295302762496,
        "quantile_99_ss": 0.44007426886027984,
        "quantile_1_ss": -0.35300227054817845
      },
      "geometry": {
        "type": "Point",
        "coordinates": [
          -75.74364114306378,
          36.242790275588405
        ]
      }
    },
    {
      "type": "Feature",
      "properties": {
        "id": "0001537",
        "time_start": "1979-01-01",
        "time_end": "2024-12-31",
        "trend_wl": 4.769634858244586,
        "quantile_99_wl": 0.8531741165911892,
        "quantile_1_wl": -0.7745592399348282,
        "trend_ss": -0.13547292148744505,
        "quantile_99_ss": 0.4413215955564562,
        "quantile_1_ss": -0.3536910192607812
      },
      "geometry": {
        "type": "Point",
        "coordinates": [
          -75.74473874676768,
          36.247206883209124
        ]
      }
    },
    {
      "type": "Feature",
      "properties": {
        "id": "0001538",
        "time_start": "1979-01-01",
        "time_end": "2024-12-31",
        "trend_wl": 4.776787723941029,
        "quantile_99_wl": 0.8533230138450272,
        "quantile_1_wl": -0.7752209227624214,
        "trend_ss": -0.1354729483258716,
        "quantile_99_ss": 0.44088817041022943,
        "quantile_1_ss": -0.3535691631825908
      },
      "geometry": {
        "type": "Point",
        "coordinates": [
          -75.74583635047158,
          36.251623490829836
        ]
      }
    },
    {
      "type": "Feature",
      "properties": {
        "id": "0001539",
        "time_start": "1979-01-01",
        "time_end": "2024-12-31",
        "trend_wl": 4.784969623686936,
        "quantile_99_wl": 0.8541070049815401,
        "quantile_1_wl": -0.7763825529025914,
        "trend_ss": -0.13547305810444124,
        "quantile_99_ss": 0.4420107794889963,
        "quantile_1_ss": -0.35417371217826943
      },
      "geometry": {
        "type": "Point",
        "coordinates": [
          -75.74693395417546,
          36.25604009845055
        ]
      }
    },
    {
      "type": "Feature",
      "properties": {
        "id": "0001540",
        "time_start": "1979-01-01",
        "time_end": "2024-12-31",
        "trend_wl": 4.793066209949109,
        "quantile_99_wl": 0.8552406610342375,
        "quantile_1_wl": -0.7773853480212902,
        "trend_ss": -0.13547316068557017,
        "quantile_99_ss": 0.44318510567304487,
        "quantile_1_ss": -0.3547822313439144
      },
      "geometry": {
        "type": "Point",
        "coordinates": [
          -75.74803721624062,
          36.260455516507406
        ]
      }
    },
    {
      "type": "Feature",
      "properties": {
        "id": "0001541",
        "time_start": "1979-01-01",
        "time_end": "2024-12-31",
        "trend_wl": 4.793066209715944,
        "quantile_99_wl": 0.8552406610342375,
        "quantile_1_wl": -0.7773853480212902,
        "trend_ss": -0.13547316067820125,
        "quantile_99_ss": 0.4431850690347991,
        "quantile_1_ss": -0.3547822574980648
      },
      "geometry": {
        "type": "Point",
        "coordinates": [
          -75.74975897411665,
          36.26474090747123
        ]
      }
    },
    {
      "type": "Feature",
      "properties": {
        "id": "0001542",
        "time_start": "1979-01-01",
        "time_end": "2024-12-31",
        "trend_wl": 4.801028442136566,
        "quantile_99_wl": 0.8562068282810121,
        "quantile_1_wl": -0.7783900966878827,
        "trend_ss": -0.13547311386466235,
        "quantile_99_ss": 0.44420929834451994,
        "quantile_1_ss": -0.3553319149670333
      },
      "geometry": {
        "type": "Point",
        "coordinates": [
          -75.75148073199267,
          36.26902629843506
        ]
      }
    },
    {
      "type": "Feature",
      "properties": {
        "id": "0001543",
        "time_start": "1979-01-01",
        "time_end": "2024-12-31",
        "trend_wl": 4.80876517976256,
        "quantile_99_wl": 0.8572047346576083,
        "quantile_1_wl": -0.7792222844561584,
        "trend_ss": -0.1354734262508806,
        "quantile_99_ss": 0.44542375842590054,
        "quantile_1_ss": -0.35620681344521166
      },
      "geometry": {
        "type": "Point",
        "coordinates": [
          -75.7532024898687,
          36.27331168939888
        ]
      }
    },
    {
      "type": "Feature",
      "properties": {
        "id": "0001544",
        "time_start": "1979-01-01",
        "time_end": "2024-12-31",
        "trend_wl": 4.816416616012787,
        "quantile_99_wl": 0.8580734031874107,
        "quantile_1_wl": -0.7801512990762154,
        "trend_ss": -0.13547330757495,
        "quantile_99_ss": 0.44654548840664166,
        "quantile_1_ss": -0.3568951127661996
      },
      "geometry": {
        "type": "Point",
        "coordinates": [
          -75.75492424774473,
          36.27759708036271
        ]
      }
    },
    {
      "type": "Feature",
      "properties": {
        "id": "0001545",
        "time_start": "1979-01-01",
        "time_end": "2024-12-31",
        "trend_wl": 4.82403386420725,
        "quantile_99_wl": 0.8589198745686021,
        "quantile_1_wl": -0.781014286693492,
        "trend_ss": -0.1354733858547147,
        "quantile_99_ss": 0.44786363481585323,
        "quantile_1_ss": -0.3573545312406456
      },
      "geometry": {
        "type": "Point",
        "coordinates": [
          -75.75664600562075,
          36.28188247132653
        ]
      }
    },
    {
      "type": "Feature",
      "properties": {
        "id": "0001546",
        "time_start": "1979-01-01",
        "time_end": "2024-12-31",
        "trend_wl": 4.831659227520476,
        "quantile_99_wl": 0.8595795162596859,
        "quantile_1_wl": -0.7821019921449438,
        "trend_ss": -0.13547367178682312,
        "quantile_99_ss": 0.4491519874343474,
        "quantile_1_ss": -0.35798979530437913
      },
      "geometry": {
        "type": "Point",
        "coordinates": [
          -75.75836776349679,
          36.28616786229036
        ]
      }
    },
    {
      "type": "Feature",
      "properties": {
        "id": "0001547",
        "time_start": "1979-01-01",
        "time_end": "2024-12-31",
        "trend_wl": 4.839393147550079,
        "quantile_99_wl": 0.860240229628107,
        "quantile_1_wl": -0.7828776614439737,
        "trend_ss": -0.13547368663483694,
        "quantile_99_ss": 0.45028333793397307,
        "quantile_1_ss": -0.3584112295298465
      },
      "geometry": {
        "type": "Point",
        "coordinates": [
          -75.76008952137282,
          36.290453253254185
        ]
      }
    },
    {
      "type": "Feature",
      "properties": {
        "id": "0001548",
        "time_start": "1979-01-01",
        "time_end": "2024-12-31",
        "trend_wl": 4.847208134094569,
        "quantile_99_wl": 0.8609595282733299,
        "quantile_1_wl": -0.7836244679373805,
        "trend_ss": -0.135473757180781,
        "quantile_99_ss": 0.45112049734444526,
        "quantile_1_ss": -0.35893298412046337
      },
      "geometry": {
        "type": "Point",
        "coordinates": [
          -75.76181127924885,
          36.294738644218015
        ]
      }
    },
    {
      "type": "Feature",
      "properties": {
        "id": "0001549",
        "time_start": "1979-01-01",
        "time_end": "2024-12-31",
        "trend_wl": 4.855014396104141,
        "quantile_99_wl": 0.8615811865499643,
        "quantile_1_wl": -0.7844343429409012,
        "trend_ss": -0.13547373233449767,
        "quantile_99_ss": 0.4521732234243831,
        "quantile_1_ss": -0.35944606761684145
      },
      "geometry": {
        "type": "Point",
        "coordinates": [
          -75.76353303712487,
          36.29902403518184
        ]
      }
    },
    {
      "type": "Feature",
      "properties": {
        "id": "0001550",
        "time_start": "1979-01-01",
        "time_end": "2024-12-31",
        "trend_wl": 4.855014395874662,
        "quantile_99_wl": 0.8615811865499643,
        "quantile_1_wl": -0.7844343429409012,
        "trend_ss": -0.13547373232451596,
        "quantile_99_ss": 0.4521732730418673,
        "quantile_1_ss": -0.35944597510892823
      },
      "geometry": {
        "type": "Point",
        "coordinates": [
          -75.7652547950009,
          36.30330942614567
        ]
      }
    },
    {
      "type": "Feature",
      "properties": {
        "id": "0001551",
        "time_start": "1979-01-01",
        "time_end": "2024-12-31",
        "trend_wl": 4.86299153776636,
        "quantile_99_wl": 0.8624141123762068,
        "quantile_1_wl": -0.7850751888711981,
        "trend_ss": -0.13547375164307698,
        "quantile_99_ss": 0.4533901938079337,
        "quantile_1_ss": -0.35978413033161477
      },
      "geometry": {
        "type": "Point",
        "coordinates": [
          -75.76697655287693,
          36.30759481710949
        ]
      }
    },
    {
      "type": "Feature",
      "properties": {
        "id": "0001552",
        "time_start": "1979-01-01",
        "time_end": "2024-12-31",
        "trend_wl": 4.870968942730511,
        "quantile_99_wl": 0.8631576912638802,
        "quantile_1_wl": -0.7858236099244609,
        "trend_ss": -0.13547382176735895,
        "quantile_99_ss": 0.4544925702764952,
        "quantile_1_ss": -0.360164780479311
      },
      "geometry": {
        "type": "Point",
        "coordinates": [
          -75.76869831075297,
          36.31188020807332
        ]
      }
    },
    {
      "type": "Feature",
      "properties": {
        "id": "0001553",
        "time_start": "1979-01-01",
        "time_end": "2024-12-31",
        "trend_wl": 4.878833936340711,
        "quantile_99_wl": 0.863728173961722,
        "quantile_1_wl": -0.7866306693548718,
        "trend_ss": -0.13547389114189648,
        "quantile_99_ss": 0.4555370342622703,
        "quantile_1_ss": -0.36071122529283717
      },
      "geometry": {
        "type": "Point",
        "coordinates": [
          -75.770420068629,
          36.31616559903714
        ]
      }
    },
    {
      "type": "Feature",
      "properties": {
        "id": "0001554",
        "time_start": "1979-01-01",
        "time_end": "2024-12-31",
        "trend_wl": 4.886612838633289,
        "quantile_99_wl": 0.864459128284445,
        "quantile_1_wl": -0.78746519583425,
        "trend_ss": -0.13547415504836552,
        "quantile_99_ss": 0.4564613622020668,
        "quantile_1_ss": -0.3611368274975801
      },
      "geometry": {
        "type": "Point",
        "coordinates": [
          -75.7718875878329,
          36.32050422012719
        ]
      }
    },
    {
      "type": "Feature",
      "properties": {
        "id": "0001555",
        "time_start": "1979-01-01",
        "time_end": "2024-12-31",
        "trend_wl": 4.89431982915215,
        "quantile_99_wl": 0.8652073468340065,
        "quantile_1_wl": -0.7880424901255565,
        "trend_ss": -0.13547416393809864,
        "quantile_99_ss": 0.4577532972364542,
        "quantile_1_ss": -0.3616286692465866
      },
      "geometry": {
        "type": "Point",
        "coordinates": [
          -75.77296882924051,
          36.324923716466
        ]
      }
    },
    {
      "type": "Feature",
      "properties": {
        "id": "0001556",
        "time_start": "1979-01-01",
        "time_end": "2024-12-31",
        "trend_wl": 4.90203451657731,
        "quantile_99_wl": 0.8658674180983998,
        "quantile_1_wl": -0.7889306112065915,
        "trend_ss": -0.1354740996211856,
        "quantile_99_ss": 0.45881213941341287,
        "quantile_1_ss": -0.3621236187538592
      },
      "geometry": {
        "type": "Point",
        "coordinates": [
          -75.77405007064814,
          36.329343212804815
        ]
      }
    },
    {
      "type": "Feature",
      "properties": {
        "id": "0001557",
        "time_start": "1979-01-01",
        "time_end": "2024-12-31",
        "trend_wl": 4.909740000996901,
        "quantile_99_wl": 0.866652969714774,
        "quantile_1_wl": -0.7897143993642056,
        "trend_ss": -0.13547406353996932,
        "quantile_99_ss": 0.4597380976111116,
        "quantile_1_ss": -0.3625222505271872
      },
      "geometry": {
        "type": "Point",
        "coordinates": [
          -75.77513131205578,
          36.33376270914363
        ]
      }
    },
    {
      "type": "Feature",
      "properties": {
        "id": "0001558",
        "time_start": "1979-01-01",
        "time_end": "2024-12-31",
        "trend_wl": 4.909740000760051,
        "quantile_99_wl": 0.866652969714774,
        "quantile_1_wl": -0.7897143993642056,
        "trend_ss": -0.13547406353201544,
        "quantile_99_ss": 0.4597381076980117,
        "quantile_1_ss": -0.36252224884272505
      },
      "geometry": {
        "type": "Point",
        "coordinates": [
          -75.7762125534634,
          36.33818220548244
        ]
      }
    },
    {
      "type": "Feature",
      "properties": {
        "id": "0001559",
        "time_start": "1979-01-01",
        "time_end": "2024-12-31",
        "trend_wl": 4.9175070674657615,
        "quantile_99_wl": 0.8671963752834156,
        "quantile_1_wl": -0.7904355416609024,
        "trend_ss": -0.13547411258659678,
        "quantile_99_ss": 0.4606334333269327,
        "quantile_1_ss": -0.36302777809716447
      },
      "geometry": {
        "type": "Point",
        "coordinates": [
          -75.77729379487103,
          36.34260170182125
        ]
      }
    },
    {
      "type": "Feature",
      "properties": {
        "id": "0001560",
        "time_start": "1979-01-01",
        "time_end": "2024-12-31",
        "trend_wl": 4.9144315728492725,
        "quantile_99_wl": 0.8678194522764757,
        "quantile_1_wl": -0.7912838993585217,
        "trend_ss": -0.1463613716942302,
        "quantile_99_ss": 0.46162734700168445,
        "quantile_1_ss": -0.36405672737200806
      },
      "geometry": {
        "type": "Point",
        "coordinates": [
          -75.77837503627866,
          36.347021198160064
        ]
      }
    },
    {
      "type": "Feature",
      "properties": {
        "id": "0001561",
        "time_start": "1979-01-01",
        "time_end": "2024-12-31",
        "trend_wl": 4.922242978477241,
        "quantile_99_wl": 0.8684796294508845,
        "quantile_1_wl": -0.7919646204036538,
        "trend_ss": -0.14636139614806404,
        "quantile_99_ss": 0.46262401588412533,
        "quantile_1_ss": -0.36433557452274623
      },
      "geometry": {
        "type": "Point",
        "coordinates": [
          -75.77945627768628,
          36.351440694498876
        ]
      }
    },
    {
      "type": "Feature",
      "properties": {
        "id": "0001562",
        "time_start": "1979-01-01",
        "time_end": "2024-12-31",
        "trend_wl": 4.929961259842676,
        "quantile_99_wl": 0.8688410346462101,
        "quantile_1_wl": -0.7926438524272753,
        "trend_ss": -0.14636132995791098,
        "quantile_99_ss": 0.46333046479170426,
        "quantile_1_ss": -0.3645340150371683
      },
      "geometry": {
        "type": "Point",
        "coordinates": [
          -75.78053751909391,
          36.35586019083769
        ]
      }
    },
    {
      "type": "Feature",
      "properties": {
        "id": "0001563",
        "time_start": "1979-01-01",
        "time_end": "2024-12-31",
        "trend_wl": 4.937628728335374,
        "quantile_99_wl": 0.8691445153137602,
        "quantile_1_wl": -0.7934387271863397,
        "trend_ss": -0.14636132611648728,
        "quantile_99_ss": 0.4638306351759174,
        "quantile_1_ss": -0.36466186458181504
      },
      "geometry": {
        "type": "Point",
        "coordinates": [
          -75.78202611648521,
          36.36020111711691
        ]
      }
    },
    {
      "type": "Feature",
      "properties": {
        "id": "0001564",
        "time_start": "1979-01-01",
        "time_end": "2024-12-31",
        "trend_wl": 4.9452082922375595,
        "quantile_99_wl": 0.8696733705208708,
        "quantile_1_wl": -0.7938363644813465,
        "trend_ss": -0.14636136470264122,
        "quantile_99_ss": 0.46437040999437085,
        "quantile_1_ss": -0.3649233012482725
      },
      "geometry": {
        "type": "Point",
        "coordinates": [
          -75.78355411919208,
          36.36453444297263
        ]
      }
    },
    {
      "type": "Feature",
      "properties": {
        "id": "0001565",
        "time_start": "1979-01-01",
        "time_end": "2024-12-31",
        "trend_wl": 4.9527451952109,
        "quantile_99_wl": 0.869990082686924,
        "quantile_1_wl": -0.794214860531918,
        "trend_ss": -0.1463614557941487,
        "quantile_99_ss": 0.4649726387330676,
        "quantile_1_ss": -0.36511281370142373
      },
      "geometry": {
        "type": "Point",
        "coordinates": [
          -75.78508212189894,
          36.36886776882835
        ]
      }
    },
    {
      "type": "Feature",
      "properties": {
        "id": "0001566",
        "time_start": "1979-01-01",
        "time_end": "2024-12-31",
        "trend_wl": 4.960282326559273,
        "quantile_99_wl": 0.8705332513898674,
        "quantile_1_wl": -0.7948261159843848,
        "trend_ss": -0.1463613446005566,
        "quantile_99_ss": 0.4655502084161073,
        "quantile_1_ss": -0.36519549898927217
      },
      "geometry": {
        "type": "Point",
        "coordinates": [
          -75.78661012460579,
          36.37320109468407
        ]
      }
    },
    {
      "type": "Feature",
      "properties": {
        "id": "0001567",
        "time_start": "1979-01-01",
        "time_end": "2024-12-31",
        "trend_wl": 4.960282312904216,
        "quantile_99_wl": 0.8705332513898674,
        "quantile_1_wl": -0.7948261159843848,
        "trend_ss": -0.1463612925695186,
        "quantile_99_ss": 0.4655412212671817,
        "quantile_1_ss": -0.3651909876936552
      },
      "geometry": {
        "type": "Point",
        "coordinates": [
          -75.78813812731265,
          36.377534420539796
        ]
      }
    },
    {
      "type": "Feature",
      "properties": {
        "id": "0001568",
        "time_start": "1979-01-01",
        "time_end": "2024-12-31",
        "trend_wl": 4.967755709182585,
        "quantile_99_wl": 0.8709969179938759,
        "quantile_1_wl": -0.7951603068384246,
        "trend_ss": -0.14636126913509956,
        "quantile_99_ss": 0.4659389946707054,
        "quantile_1_ss": -0.36537100829166763
      },
      "geometry": {
        "type": "Point",
        "coordinates": [
          -75.78966613001951,
          36.381867746395514
        ]
      }
    },
    {
      "type": "Feature",
      "properties": {
        "id": "0001569",
        "time_start": "1979-01-01",
        "time_end": "2024-12-31",
        "trend_wl": 4.975255909895023,
        "quantile_99_wl": 0.8714815869590176,
        "quantile_1_wl": -0.7954393134135076,
        "trend_ss": -0.14636129579189466,
        "quantile_99_ss": 0.4662934643848015,
        "quantile_1_ss": -0.3654866952386923
      },
      "geometry": {
        "type": "Point",
        "coordinates": [
          -75.79119413272636,
          36.38620107225124
        ]
      }
    },
    {
      "type": "Feature",
      "properties": {
        "id": "0001570",
        "time_start": "1979-01-01",
        "time_end": "2024-12-31",
        "trend_wl": 4.982792928191943,
        "quantile_99_wl": 0.8719046173717421,
        "quantile_1_wl": -0.795762827522182,
        "trend_ss": -0.14636121716910433,
        "quantile_99_ss": 0.4668346558588507,
        "quantile_1_ss": -0.3655211221286436
      },
      "geometry": {
        "type": "Point",
        "coordinates": [
          -75.79272213543322,
          36.39053439810696
        ]
      }
    },
    {
      "type": "Feature",
      "properties": {
        "id": "0001571",
        "time_start": "1979-01-01",
        "time_end": "2024-12-31",
        "trend_wl": 4.990307974841575,
        "quantile_99_wl": 0.8723496969379301,
        "quantile_1_wl": -0.7959880299150288,
        "trend_ss": -0.14636119934439462,
        "quantile_99_ss": 0.4672792666285346,
        "quantile_1_ss": -0.36555682576107956
      },
      "geometry": {
        "type": "Point",
        "coordinates": [
          -75.79425013814009,
          36.39486772396268
        ]
      }
    },
    {
      "type": "Feature",
      "properties": {
        "id": "0001572",
        "time_start": "1979-01-01",
        "time_end": "2024-12-31",
        "trend_wl": 4.9978563441153945,
        "quantile_99_wl": 0.8727770050024158,
        "quantile_1_wl": -0.796395437482159,
        "trend_ss": -0.1463613391531294,
        "quantile_99_ss": 0.4679494915635235,
        "quantile_1_ss": -0.36564514264000647
      },
      "geometry": {
        "type": "Point",
        "coordinates": [
          -75.79577814084695,
          36.3992010498184
        ]
      }
    },
    {
      "type": "Feature",
      "properties": {
        "id": "0001573",
        "time_start": "1979-01-01",
        "time_end": "2024-12-31",
        "trend_wl": 5.0053306550852055,
        "quantile_99_wl": 0.8728479238358385,
        "quantile_1_wl": -0.7967826314007972,
        "trend_ss": -0.14636122051157643,
        "quantile_99_ss": 0.4684478972435554,
        "quantile_1_ss": -0.3655412883039449
      },
      "geometry": {
        "type": "Point",
        "coordinates": [
          -75.7973061435538,
          36.40353437567413
        ]
      }
    },
    {
      "type": "Feature",
      "properties": {
        "id": "0001574",
        "time_start": "1979-01-01",
        "time_end": "2024-12-31",
        "trend_wl": 5.012705454260768,
        "quantile_99_wl": 0.8730032724781378,
        "quantile_1_wl": -0.7969941058965339,
        "trend_ss": -0.1463611585738928,
        "quantile_99_ss": 0.46853123985893935,
        "quantile_1_ss": -0.36532610018985984
      },
      "geometry": {
        "type": "Point",
        "coordinates": [
          -75.79883414626066,
          36.407867701529845
        ]
      }
    },
    {
      "type": "Feature",
      "properties": {
        "id": "0001575",
        "time_start": "1979-01-01",
        "time_end": "2024-12-31",
        "trend_wl": 5.020174522889879,
        "quantile_99_wl": 0.8741910440856214,
        "quantile_1_wl": -0.7979977915214908,
        "trend_ss": -0.1463614605206167,
        "quantile_99_ss": 0.47098468455203113,
        "quantile_1_ss": -0.36611479446907474
      },
      "geometry": {
        "type": "Point",
        "coordinates": [
          -75.80036214896752,
          36.41220102738557
        ]
      }
    },
    {
      "type": "Feature",
      "properties": {
        "id": "0001576",
        "time_start": "1979-01-01",
        "time_end": "2024-12-31",
        "trend_wl": 5.026937971376871,
        "quantile_99_wl": 0.8742662432893669,
        "quantile_1_wl": -0.7982246352146736,
        "trend_ss": -0.1463614174232123,
        "quantile_99_ss": 0.47089629679908623,
        "quantile_1_ss": -0.3658432015156145
      },
      "geometry": {
        "type": "Point",
        "coordinates": [
          -75.80189015167437,
          36.41653435324129
        ]
      }
    },
    {
      "type": "Feature",
      "properties": {
        "id": "0001577",
        "time_start": "1979-01-01",
        "time_end": "2024-12-31",
        "trend_wl": 5.033783063473518,
        "quantile_99_wl": 0.8746468473898698,
        "quantile_1_wl": -0.7984777455688874,
        "trend_ss": -0.14636129471776335,
        "quantile_99_ss": 0.47093875238714256,
        "quantile_1_ss": -0.3655465345665394
      },
      "geometry": {
        "type": "Point",
        "coordinates": [
          -75.80341815438123,
          36.420867679097015
        ]
      }
    },
    {
      "type": "Feature",
      "properties": {
        "id": "0001578",
        "time_start": "1979-01-01",
        "time_end": "2024-12-31",
        "trend_wl": 5.040875425649432,
        "quantile_99_wl": 0.874720567148622,
        "quantile_1_wl": -0.7988055184921478,
        "trend_ss": -0.14636130927466665,
        "quantile_99_ss": 0.4710890123588538,
        "quantile_1_ss": -0.36545937840640236
      },
      "geometry": {
        "type": "Point",
        "coordinates": [
          -75.8049461570881,
          36.42520100495273
        ]
      }
    },
    {
      "type": "Feature",
      "properties": {
        "id": "0001579",
        "time_start": "1979-01-01",
        "time_end": "2024-12-31",
        "trend_wl": 5.048213330556761,
        "quantile_99_wl": 0.8750265969661684,
        "quantile_1_wl": -0.7992046747280644,
        "trend_ss": -0.1463613458797929,
        "quantile_99_ss": 0.4714228445035816,
        "quantile_1_ss": -0.3653148857153648
      },
      "geometry": {
        "type": "Point",
        "coordinates": [
          -75.80647415979494,
          36.42953433080846
        ]
      }
    },
    {
      "type": "Feature",
      "properties": {
        "id": "0001580",
        "time_start": "1979-01-01",
        "time_end": "2024-12-31",
        "trend_wl": 5.055942744576837,
        "quantile_99_wl": 0.8752273605246303,
        "quantile_1_wl": -0.79951119642158,
        "trend_ss": -0.14636120633104902,
        "quantile_99_ss": 0.47181684528035467,
        "quantile_1_ss": -0.3650768830388862
      },
      "geometry": {
        "type": "Point",
        "coordinates": [
          -75.80778642431603,
          36.43391092034319
        ]
      }
    },
    {
      "type": "Feature",
      "properties": {
        "id": "0001581",
        "time_start": "1979-01-01",
        "time_end": "2024-12-31",
        "trend_wl": 5.056163588183046,
        "quantile_99_wl": 0.8745699432740843,
        "quantile_1_wl": -0.7990769118460103,
        "trend_ss": -0.1463609633472276,
        "quantile_99_ss": 0.4706112146641213,
        "quantile_1_ss": -0.3644613844200907
      },
      "geometry": {
        "type": "Point",
        "coordinates": [
          -75.80895728933129,
          36.43831586583544
        ]
      }
    },
    {
      "type": "Feature",
      "properties": {
        "id": "0001582",
        "time_start": "1979-01-01",
        "time_end": "2024-12-31",
        "trend_wl": 5.064382539395972,
        "quantile_99_wl": 0.8753168298065623,
        "quantile_1_wl": -0.7996480373041982,
        "trend_ss": -0.14636117816406724,
        "quantile_99_ss": 0.4721391477137832,
        "quantile_1_ss": -0.3648512997822423
      },
      "geometry": {
        "type": "Point",
        "coordinates": [
          -75.81012815434656,
          36.4427208113277
        ]
      }
    },
    {
      "type": "Feature",
      "properties": {
        "id": "0001583",
        "time_start": "1979-01-01",
        "time_end": "2024-12-31",
        "trend_wl": 5.069492019003685,
        "quantile_99_wl": 0.8750831323224055,
        "quantile_1_wl": -0.7995989270299606,
        "trend_ss": -0.14636105868251964,
        "quantile_99_ss": 0.471224256889685,
        "quantile_1_ss": -0.3641143747420928
      },
      "geometry": {
        "type": "Point",
        "coordinates": [
          -75.81129901936181,
          36.44712575681996
        ]
      }
    },
    {
      "type": "Feature",
      "properties": {
        "id": "0001584",
        "time_start": "1979-01-01",
        "time_end": "2024-12-31",
        "trend_wl": 5.079173132746187,
        "quantile_99_wl": 0.8759847995859917,
        "quantile_1_wl": -0.8002439611381928,
        "trend_ss": -0.14636120454510998,
        "quantile_99_ss": 0.47242021822238534,
        "quantile_1_ss": -0.3644166881665191
      },
      "geometry": {
        "type": "Point",
        "coordinates": [
          -75.81246988437707,
          36.45153070231221
        ]
      }
    },
    {
      "type": "Feature",
      "properties": {
        "id": "0001585",
        "time_start": "1979-01-01",
        "time_end": "2024-12-31",
        "trend_wl": 5.083929901282691,
        "quantile_99_wl": 0.875756227393256,
        "quantile_1_wl": -0.80020623444295,
        "trend_ss": -0.14636104763596797,
        "quantile_99_ss": 0.47201786180570526,
        "quantile_1_ss": -0.3640026890403764
      },
      "geometry": {
        "type": "Point",
        "coordinates": [
          -75.81364074939232,
          36.45593564780447
        ]
      }
    },
    {
      "type": "Feature",
      "properties": {
        "id": "0001586",
        "time_start": "1979-01-01",
        "time_end": "2024-12-31",
        "trend_wl": 5.092717262922247,
        "quantile_99_wl": 0.876311577279782,
        "quantile_1_wl": -0.8007316666701066,
        "trend_ss": -0.14636112749691887,
        "quantile_99_ss": 0.4728460813494791,
        "quantile_1_ss": -0.36405054587781593
      },
      "geometry": {
        "type": "Point",
        "coordinates": [
          -75.81481161440757,
          36.46034059329673
        ]
      }
    },
    {
      "type": "Feature",
      "properties": {
        "id": "0001587",
        "time_start": "1979-01-01",
        "time_end": "2024-12-31",
        "trend_wl": 5.0961822263030125,
        "quantile_99_wl": 0.8761336197926611,
        "quantile_1_wl": -0.800316253287023,
        "trend_ss": -0.14636100830736334,
        "quantile_99_ss": 0.4722893382294095,
        "quantile_1_ss": -0.3632845044057215
      },
      "geometry": {
        "type": "Point",
        "coordinates": [
          -75.81598247942283,
          36.46474553878898
        ]
      }
    },
    {
      "type": "Feature",
      "properties": {
        "id": "0001588",
        "time_start": "1979-01-01",
        "time_end": "2024-12-31",
        "trend_wl": 5.1048168789459245,
        "quantile_99_wl": 0.8767280108189136,
        "quantile_1_wl": -0.8007576024268349,
        "trend_ss": -0.14636111506256141,
        "quantile_99_ss": 0.4729149887394858,
        "quantile_1_ss": -0.3632885752551863
      },
      "geometry": {
        "type": "Point",
        "coordinates": [
          -75.81722010985203,
          36.469135128698994
        ]
      }
    },
    {
      "type": "Feature",
      "properties": {
        "id": "0001589",
        "time_start": "1979-01-01",
        "time_end": "2024-12-31",
        "trend_wl": 5.112590211920843,
        "quantile_99_wl": 0.8771045493149177,
        "quantile_1_wl": -0.801196634449721,
        "trend_ss": -0.1463611275231704,
        "quantile_99_ss": 0.47359139937150263,
        "quantile_1_ss": -0.36324547914730476
      },
      "geometry": {
        "type": "Point",
        "coordinates": [
          -75.8191253308033,
          36.473371177418116
        ]
      }
    },
    {
      "type": "Feature",
      "properties": {
        "id": "0001590",
        "time_start": "1979-01-01",
        "time_end": "2024-12-31",
        "trend_wl": 5.126220334867924,
        "quantile_99_wl": 0.8772839524636585,
        "quantile_1_wl": -0.8016966970476004,
        "trend_ss": -0.14636125848453524,
        "quantile_99_ss": 0.4739932018421758,
        "quantile_1_ss": -0.36282857655266243
      },
      "geometry": {
        "type": "Point",
        "coordinates": [
          -75.82103055175456,
          36.47760722613724
        ]
      }
    },
    {
      "type": "Feature",
      "properties": {
        "id": "0001591",
        "time_start": "1979-01-01",
        "time_end": "2024-12-31",
        "trend_wl": 5.1262207278136245,
        "quantile_99_wl": 0.8772295657818759,
        "quantile_1_wl": -0.8016893493139985,
        "trend_ss": -0.14636128828453573,
        "quantile_99_ss": 0.47404269007819455,
        "quantile_1_ss": -0.3628585453363822
      },
      "geometry": {
        "type": "Point",
        "coordinates": [
          -75.82293577270583,
          36.48184327485635
        ]
      }
    },
    {
      "type": "Feature",
      "properties": {
        "id": "0001592",
        "time_start": "1979-01-01",
        "time_end": "2024-12-31",
        "trend_wl": 5.131232041236705,
        "quantile_99_wl": 0.8771924674034194,
        "quantile_1_wl": -0.8015505401174343,
        "trend_ss": -0.14636126615249004,
        "quantile_99_ss": 0.4738309939338755,
        "quantile_1_ss": -0.36248149274122643
      },
      "geometry": {
        "type": "Point",
        "coordinates": [
          -75.82484099365709,
          36.486079323575474
        ]
      }
    },
    {
      "type": "Feature",
      "properties": {
        "id": "0001593",
        "time_start": "1979-01-01",
        "time_end": "2024-12-31",
        "trend_wl": 5.146489283287645,
        "quantile_99_wl": 0.87765662452344,
        "quantile_1_wl": -0.8022513997351096,
        "trend_ss": -0.1463613955218948,
        "quantile_99_ss": 0.47445028100799125,
        "quantile_1_ss": -0.3623268276936274
      },
      "geometry": {
        "type": "Point",
        "coordinates": [
          -75.82674621460836,
          36.490315372294596
        ]
      }
    },
    {
      "type": "Feature",
      "properties": {
        "id": "0001594",
        "time_start": "1979-01-01",
        "time_end": "2024-12-31",
        "trend_wl": 5.152536318275331,
        "quantile_99_wl": 0.8776950754270227,
        "quantile_1_wl": -0.8023034093831183,
        "trend_ss": -0.14636148859656917,
        "quantile_99_ss": 0.4743367027525751,
        "quantile_1_ss": -0.36190394484176797
      },
      "geometry": {
        "type": "Point",
        "coordinates": [
          -75.82865143555962,
          36.49455142101371
        ]
      }
    },
    {
      "type": "Feature",
      "properties": {
        "id": "0001595",
        "time_start": "1979-01-01",
        "time_end": "2024-12-31",
        "trend_wl": 5.160694029456154,
        "quantile_99_wl": 0.8782888474159097,
        "quantile_1_wl": -0.8029493935422864,
        "trend_ss": -0.14636151547736115,
        "quantile_99_ss": 0.4754168296526946,
        "quantile_1_ss": -0.36238572310893
      },
      "geometry": {
        "type": "Point",
        "coordinates": [
          -75.8305566565109,
          36.49878746973283
        ]
      }
    },
    {
      "type": "Feature",
      "properties": {
        "id": "0001596",
        "time_start": "1979-01-01",
        "time_end": "2024-12-31",
        "trend_wl": 5.168119480643988,
        "quantile_99_wl": 0.8784539327065555,
        "quantile_1_wl": -0.8029587989497551,
        "trend_ss": -0.1463616278209945,
        "quantile_99_ss": 0.4754356314430068,
        "quantile_1_ss": -0.3621884635816168
      },
      "geometry": {
        "type": "Point",
        "coordinates": [
          -75.83206506557426,
          36.50308288257329
        ]
      }
    },
    {
      "type": "Feature",
      "properties": {
        "id": "0001597",
        "time_start": "1979-01-01",
        "time_end": "2024-12-31",
        "trend_wl": 5.168091476628133,
        "quantile_99_wl": 0.8781302040387289,
        "quantile_1_wl": -0.802770782207129,
        "trend_ss": -0.14636157840532937,
        "quantile_99_ss": 0.4746198883597754,
        "quantile_1_ss": -0.36166784916639805
      },
      "geometry": {
        "type": "Point",
        "coordinates": [
          -75.8321824317125,
          36.50758639916141
        ]
      }
    },
    {
      "type": "Feature",
      "properties": {
        "id": "0001598",
        "time_start": "1979-01-01",
        "time_end": "2024-12-31",
        "trend_wl": 5.174612272349495,
        "quantile_99_wl": 0.8781868037336139,
        "quantile_1_wl": -0.8029316484848402,
        "trend_ss": -0.14636153560072043,
        "quantile_99_ss": 0.4742901404383561,
        "quantile_1_ss": -0.36146019704258936
      },
      "geometry": {
        "type": "Point",
        "coordinates": [
          -75.83229979785072,
          36.512089915749534
        ]
      }
    },
    {
      "type": "Feature",
      "properties": {
        "id": "0001599",
        "time_start": "1979-01-01",
        "time_end": "2024-12-31",
        "trend_wl": 5.181053583506461,
        "quantile_99_wl": 0.8781601413880289,
        "quantile_1_wl": -0.8030415712534826,
        "trend_ss": -0.14636162412530745,
        "quantile_99_ss": 0.4740918559523172,
        "quantile_1_ss": -0.3612512929523043
      },
      "geometry": {
        "type": "Point",
        "coordinates": [
          -75.83191926346876,
          36.51656174955576
        ]
      }
    },
    {
      "type": "Feature",
      "properties": {
        "id": "0001600",
        "time_start": "1979-01-01",
        "time_end": "2024-12-31",
        "trend_wl": 5.187503262159629,
        "quantile_99_wl": 0.8781207193370308,
        "quantile_1_wl": -0.8032755767529282,
        "trend_ss": -0.14636156444987122,
        "quantile_99_ss": 0.47398288975396874,
        "quantile_1_ss": -0.3611102003069863
      },
      "geometry": {
        "type": "Point",
        "coordinates": [
          -75.83092111079567,
          36.52099428260849
        ]
      }
    },
    {
      "type": "Feature",
      "properties": {
        "id": "0001601",
        "time_start": "1979-01-01",
        "time_end": "2024-12-31",
        "trend_wl": 5.188919247632536,
        "quantile_99_wl": 0.8778730112729338,
        "quantile_1_wl": -0.8030739275516908,
        "trend_ss": -0.14636154151423988,
        "quantile_99_ss": 0.4728849621686012,
        "quantile_1_ss": -0.36036761359658165
      },
      "geometry": {
        "type": "Point",
        "coordinates": [
          -75.82992295812258,
          36.52542681566122
        ]
      }
    },
    {
      "type": "Feature",
      "properties": {
        "id": "0001602",
        "time_start": "1979-01-01",
        "time_end": "2024-12-31",
        "trend_wl": 5.195621528084652,
        "quantile_99_wl": 0.8782662255928112,
        "quantile_1_wl": -0.8034617685856859,
        "trend_ss": -0.1463616274749681,
        "quantile_99_ss": 0.47310592121005873,
        "quantile_1_ss": -0.3603082554153042
      },
      "geometry": {
        "type": "Point",
        "coordinates": [
          -75.8289248054495,
          36.52985934871395
        ]
      }
    },
    {
      "type": "Feature",
      "properties": {
        "id": "0001603",
        "time_start": "1979-01-01",
        "time_end": "2024-12-31",
        "trend_wl": 5.1977179884881926,
        "quantile_99_wl": 0.8781895912859965,
        "quantile_1_wl": -0.8033369969648434,
        "trend_ss": -0.14636163069913904,
        "quantile_99_ss": 0.47219617254848584,
        "quantile_1_ss": -0.35999532604488715
      },
      "geometry": {
        "type": "Point",
        "coordinates": [
          -75.82792665277641,
          36.53429188176667
        ]
      }
    },
    {
      "type": "Feature",
      "properties": {
        "id": "0001604",
        "time_start": "1979-01-01",
        "time_end": "2024-12-31",
        "trend_wl": 5.196058073777996,
        "quantile_99_wl": 0.8777659720991173,
        "quantile_1_wl": -0.8030566047221626,
        "trend_ss": -0.14636160675499071,
        "quantile_99_ss": 0.47124200790787596,
        "quantile_1_ss": -0.35926996395761857
      },
      "geometry": {
        "type": "Point",
        "coordinates": [
          -75.82692850010332,
          36.5387244148194
        ]
      }
    },
    {
      "type": "Feature",
      "properties": {
        "id": "0001605",
        "time_start": "1979-01-01",
        "time_end": "2024-12-31",
        "trend_wl": 5.203409506452892,
        "quantile_99_wl": 0.8779930078105459,
        "quantile_1_wl": -0.8033378580394863,
        "trend_ss": -0.14636158220713494,
        "quantile_99_ss": 0.4716484366062564,
        "quantile_1_ss": -0.35946041050283123
      },
      "geometry": {
        "type": "Point",
        "coordinates": [
          -75.82593034743023,
          36.54315694787213
        ]
      }
    },
    {
      "type": "Feature",
      "properties": {
        "id": "0001606",
        "time_start": "1979-01-01",
        "time_end": "2024-12-31",
        "trend_wl": 5.210971057760629,
        "quantile_99_wl": 0.8780815578996108,
        "quantile_1_wl": -0.8037760910122986,
        "trend_ss": -0.14636159943417354,
        "quantile_99_ss": 0.4721755732573197,
        "quantile_1_ss": -0.3597335609850668
      },
      "geometry": {
        "type": "Point",
        "coordinates": [
          -75.82493219475714,
          36.547589480924856
        ]
      }
    }
  ]
}