{
  "type": "FeatureCollection",
  "features": [
    {
      "type": "Feature",
      "properties": {
        "id": "0000000",
        "dataset_index": 0,
        "time_start": "1980-01-01",
        "time_end": "2023-12-31",
        "Hs_mean": 0.6740849614143372,
        "Hs_max": 4.980533123016357,
        "Hs_95": 1.3343586444854736,
        "Tp_mean": 5.718387603759766,
        "Dp_mean": 150.83180236816406,
        "Dm_mean": 147.3660125732422,
        "Tm02_mean": 5.146750450134277
      },
      "geometry": {
        "type": "Point",
        "coordinates": [
          -78.69624328613281,
          33.76628494262695
        ]
      }
    },
    {
      "type": "Feature",
      "properties": {
        "id": "0000001",
        "dataset_index": 1,
        "time_start": "1980-01-01",
        "time_end": "2023-12-31",
        "Hs_mean": 0.6798012852668762,
        "Hs_max": 5.005131244659424,
        "Hs_95": 1.3433957457542418,
        "Tp_mean": 5.732051372528076,
        "Dp_mean": 150.900634765625,
        "Dm_mean": 147.4866485595703,
        "Tm02_mean": 5.148862361907959
      },
      "geometry": {
        "type": "Point",
        "coordinates": [
          -78.69115447998047,
          33.767616271972656
        ]
      }
    },
    {
      "type": "Feature",
      "properties": {
        "id": "0000002",
        "dataset_index": 2,
        "time_start": "1980-01-01",
        "time_end": "2023-12-31",
        "Hs_mean": 0.6857618093490601,
        "Hs_max": 5.111205101013184,
        "Hs_95": 1.3595976054668424,
        "Tp_mean": 5.743960857391357,
        "Dp_mean": 151.03848266601562,
        "Dm_mean": 147.58877563476562,
        "Tm02_mean": 5.155006408691406
      },
      "geometry": {
        "type": "Point",
        "coordinates": [
          -78.68577575683594,
          33.76817321777344
        ]
      }
    },
    {
      "type": "Feature",
      "properties": {
        "id": "0000003",
        "dataset_index": 3,
        "time_start": "1980-01-01",
        "time_end": "2023-12-31",
        "Hs_mean": 0.6916489005088806,
        "Hs_max": 5.185884952545166,
        "Hs_95": 1.3790733635425565,
        "Tp_mean": 5.721795082092285,
        "Dp_mean": 150.5531463623047,
        "Dm_mean": 147.23760986328125,
        "Tm02_mean": 5.142188549041748
      },
      "geometry": {
        "type": "Point",
        "coordinates": [
          -78.6803970336914,
          33.76872634887695
        ]
      }
    },
    {
      "type": "Feature",
      "properties": {
        "id": "0000004",
        "dataset_index": 4,
        "time_start": "1980-01-01",
        "time_end": "2023-12-31",
        "Hs_mean": 0.693882942199707,
        "Hs_max": 5.169360160827637,
        "Hs_95": 1.3885020911693573,
        "Tp_mean": 5.715724945068359,
        "Dp_mean": 150.78536987304688,
        "Dm_mean": 147.3449249267578,
        "Tm02_mean": 5.1297430992126465
      },
      "geometry": {
        "type": "Point",
        "coordinates": [
          -78.67501831054688,
          33.769283294677734
        ]
      }
    },
    {
      "type": "Feature",
      "properties": {
        "id": "0000005",
        "dataset_index": 5,
        "time_start": "1980-01-01",
        "time_end": "2023-12-31",
        "Hs_mean": 0.6955717206001282,
        "Hs_max": 5.113781452178955,
        "Hs_95": 1.391738736629486,
        "Tp_mean": 5.711395740509033,
        "Dp_mean": 150.92271423339844,
        "Dm_mean": 147.44615173339844,
        "Tm02_mean": 5.109903812408447
      },
      "geometry": {
        "type": "Point",
        "coordinates": [
          -78.66963958740234,
          33.76983642578125
        ]
      }
    },
    {
      "type": "Feature",
      "properties": {
        "id": "0000006",
        "dataset_index": 6,
        "time_start": "1980-01-01",
        "time_end": "2023-12-31",
        "Hs_mean": 0.6970833539962769,
        "Hs_max": 5.056241512298584,
        "Hs_95": 1.3912715852260584,
        "Tp_mean": 5.741488933563232,
        "Dp_mean": 151.4949188232422,
        "Dm_mean": 147.9550323486328,
        "Tm02_mean": 5.115509510040283
      },
      "geometry": {
        "type": "Point",
        "coordinates": [
          -78.66426849365234,
          33.77039337158203
        ]
      }
    },
    {
      "type": "Feature",
      "properties": {
        "id": "0000007",
        "dataset_index": 7,
        "time_start": "1980-01-01",
        "time_end": "2023-12-31",
        "Hs_mean": 0.7015222311019897,
        "Hs_max": 5.054567337036133,
        "Hs_95": 1.3917696595191955,
        "Tp_mean": 5.747919082641602,
        "Dp_mean": 152.03036499023438,
        "Dm_mean": 148.62765502929688,
        "Tm02_mean": 5.10801362991333
      },
      "geometry": {
        "type": "Point",
        "coordinates": [
          -78.65888977050781,
          33.77094650268555
        ]
      }
    },
    {
      "type": "Feature",
      "properties": {
        "id": "0000008",
        "dataset_index": 8,
        "time_start": "1980-01-01",
        "time_end": "2023-12-31",
        "Hs_mean": 0.7057095766067505,
        "Hs_max": 5.082520484924316,
        "Hs_95": 1.3962055623531342,
        "Tp_mean": 5.7526726722717285,
        "Dp_mean": 152.4011688232422,
        "Dm_mean": 149.17665100097656,
        "Tm02_mean": 5.150584697723389
      },
      "geometry": {
        "type": "Point",
        "coordinates": [
          -78.65351104736328,
          33.77150344848633
        ]
      }
    },
    {
      "type": "Feature",
      "properties": {
        "id": "0000009",
        "dataset_index": 9,
        "time_start": "1980-01-01",
        "time_end": "2023-12-31",
        "Hs_mean": 0.710037887096405,
        "Hs_max": 5.129486083984375,
        "Hs_95": 1.403005480766296,
        "Tp_mean": 5.759357929229736,
        "Dp_mean": 152.54977416992188,
        "Dm_mean": 149.3069305419922,
        "Tm02_mean": 5.162148475646973
      },
      "geometry": {
        "type": "Point",
        "coordinates": [
          -78.64813232421875,
          33.772056579589844
        ]
      }
    },
    {
      "type": "Feature",
      "properties": {
        "id": "0000010",
        "dataset_index": 10,
        "time_start": "1980-01-01",
        "time_end": "2023-12-31",
        "Hs_mean": 0.7173901796340942,
        "Hs_max": 5.214651584625244,
        "Hs_95": 1.4101994931697845,
        "Tp_mean": 5.7260565757751465,
        "Dp_mean": 152.26010131835938,
        "Dm_mean": 149.30755615234375,
        "Tm02_mean": 5.157269477844238
      },
      "geometry": {
        "type": "Point",
        "coordinates": [
          -78.64275360107422,
          33.772613525390625
        ]
      }
    },
    {
      "type": "Feature",
      "properties": {
        "id": "0000011",
        "dataset_index": 11,
        "time_start": "1980-01-01",
        "time_end": "2023-12-31",
        "Hs_mean": 0.7180930972099304,
        "Hs_max": 5.2842583656311035,
        "Hs_95": 1.4146368443965907,
        "Tp_mean": 5.714938640594482,
        "Dp_mean": 152.51730346679688,
        "Dm_mean": 149.60484313964844,
        "Tm02_mean": 5.1533989906311035
      },
      "geometry": {
        "type": "Point",
        "coordinates": [
          -78.63737487792969,
          33.77316665649414
        ]
      }
    },
    {
      "type": "Feature",
      "properties": {
        "id": "0000012",
        "dataset_index": 12,
        "time_start": "1980-01-01",
        "time_end": "2023-12-31",
        "Hs_mean": 0.7186246514320374,
        "Hs_max": 5.365390300750732,
        "Hs_95": 1.4217098355293272,
        "Tp_mean": 5.6717209815979,
        "Dp_mean": 152.8380889892578,
        "Dm_mean": 150.0932159423828,
        "Tm02_mean": 5.124745845794678
      },
      "geometry": {
        "type": "Point",
        "coordinates": [
          -78.63199615478516,
          33.77372360229492
        ]
      }
    },
    {
      "type": "Feature",
      "properties": {
        "id": "0000013",
        "dataset_index": 13,
        "time_start": "1980-01-01",
        "time_end": "2023-12-31",
        "Hs_mean": 0.715458333492279,
        "Hs_max": 5.377399444580078,
        "Hs_95": 1.4246192216873166,
        "Tp_mean": 5.654593467712402,
        "Dp_mean": 151.80628967285156,
        "Dm_mean": 148.74351501464844,
        "Tm02_mean": 5.115124702453613
      },
      "geometry": {
        "type": "Point",
        "coordinates": [
          -78.62664031982422,
          33.774349212646484
        ]
      }
    },
    {
      "type": "Feature",
      "properties": {
        "id": "0000014",
        "dataset_index": 14,
        "time_start": "1980-01-01",
        "time_end": "2023-12-31",
        "Hs_mean": 0.7115200161933899,
        "Hs_max": 5.290502071380615,
        "Hs_95": 1.4193811714649198,
        "Tp_mean": 5.590680122375488,
        "Dp_mean": 152.07736206054688,
        "Dm_mean": 149.18731689453125,
        "Tm02_mean": 5.074697494506836
      },
      "geometry": {
        "type": "Point",
        "coordinates": [
          -78.62149047851562,
          33.7757453918457
        ]
      }
    },
    {
      "type": "Feature",
      "properties": {
        "id": "0000015",
        "dataset_index": 15,
        "time_start": "1980-01-01",
        "time_end": "2023-12-31",
        "Hs_mean": 0.7087026834487915,
        "Hs_max": 5.187168121337891,
        "Hs_95": 1.410481292009353,
        "Tp_mean": 5.563374042510986,
        "Dp_mean": 152.82318115234375,
        "Dm_mean": 149.93470764160156,
        "Tm02_mean": 5.054061412811279
      },
      "geometry": {
        "type": "Point",
        "coordinates": [
          -78.6163330078125,
          33.77714157104492
        ]
      }
    },
    {
      "type": "Feature",
      "properties": {
        "id": "0000016",
        "dataset_index": 16,
        "time_start": "1980-01-01",
        "time_end": "2023-12-31",
        "Hs_mean": 0.7091197967529297,
        "Hs_max": 5.140432834625244,
        "Hs_95": 1.40935520529747,
        "Tp_mean": 5.573637962341309,
        "Dp_mean": 153.213134765625,
        "Dm_mean": 150.25282287597656,
        "Tm02_mean": 5.054537296295166
      },
      "geometry": {
        "type": "Point",
        "coordinates": [
          -78.6111831665039,
          33.778541564941406
        ]
      }
    },
    {
      "type": "Feature",
      "properties": {
        "id": "0000017",
        "dataset_index": 17,
        "time_start": "1980-01-01",
        "time_end": "2023-12-31",
        "Hs_mean": 0.7120885848999023,
        "Hs_max": 5.0999064445495605,
        "Hs_95": 1.4132541954517364,
        "Tp_mean": 5.605942726135254,
        "Dp_mean": 153.86900329589844,
        "Dm_mean": 150.85499572753906,
        "Tm02_mean": 5.068726539611816
      },
      "geometry": {
        "type": "Point",
        "coordinates": [
          -78.60603332519531,
          33.779937744140625
        ]
      }
    },
    {
      "type": "Feature",
      "properties": {
        "id": "0000018",
        "dataset_index": 18,
        "time_start": "1980-01-01",
        "time_end": "2023-12-31",
        "Hs_mean": 0.7157515287399292,
        "Hs_max": 5.108421802520752,
        "Hs_95": 1.419267392158508,
        "Tp_mean": 5.625246047973633,
        "Dp_mean": 153.16575622558594,
        "Dm_mean": 149.84571838378906,
        "Tm02_mean": 5.0808186531066895
      },
      "geometry": {
        "type": "Point",
        "coordinates": [
          -78.60088348388672,
          33.781333923339844
        ]
      }
    },
    {
      "type": "Feature",
      "properties": {
        "id": "0000019",
        "dataset_index": 19,
        "time_start": "1980-01-01",
        "time_end": "2023-12-31",
        "Hs_mean": 0.7160506248474121,
        "Hs_max": 5.071361064910889,
        "Hs_95": 1.419997692108154,
        "Tp_mean": 5.611814022064209,
        "Dp_mean": 153.68186950683594,
        "Dm_mean": 150.48854064941406,
        "Tm02_mean": 5.065245151519775
      },
      "geometry": {
        "type": "Point",
        "coordinates": [
          -78.5957260131836,
          33.78273010253906
        ]
      }
    },
    {
      "type": "Feature",
      "properties": {
        "id": "0000020",
        "dataset_index": 20,
        "time_start": "1980-01-01",
        "time_end": "2023-12-31",
        "Hs_mean": 0.7165253162384033,
        "Hs_max": 4.92360782623291,
        "Hs_95": 1.423447388410568,
        "Tp_mean": 5.5969367027282715,
        "Dp_mean": 154.05892944335938,
        "Dm_mean": 150.8868865966797,
        "Tm02_mean": 5.061176776885986
      },
      "geometry": {
        "type": "Point",
        "coordinates": [
          -78.590576171875,
          33.78412628173828
        ]
      }
    },
    {
      "type": "Feature",
      "properties": {
        "id": "0000021",
        "dataset_index": 21,
        "time_start": "1980-01-01",
        "time_end": "2023-12-31",
        "Hs_mean": 0.7181898951530457,
        "Hs_max": 5.003267288208008,
        "Hs_95": 1.4321504414081567,
        "Tp_mean": 5.6010942459106445,
        "Dp_mean": 154.61143493652344,
        "Dm_mean": 151.39700317382812,
        "Tm02_mean": 5.063703536987305
      },
      "geometry": {
        "type": "Point",
        "coordinates": [
          -78.5854263305664,
          33.7855224609375
        ]
      }
    },
    {
      "type": "Feature",
      "properties": {
        "id": "0000022",
        "dataset_index": 22,
        "time_start": "1980-01-01",
        "time_end": "2023-12-31",
        "Hs_mean": 0.7194709181785583,
        "Hs_max": 5.198239326477051,
        "Hs_95": 1.4359597146511078,
        "Tp_mean": 5.612022876739502,
        "Dp_mean": 154.30267333984375,
        "Dm_mean": 151.05625915527344,
        "Tm02_mean": 5.0595703125
      },
      "geometry": {
        "type": "Point",
        "coordinates": [
          -78.58026885986328,
          33.786922454833984
        ]
      }
    },
    {
      "type": "Feature",
      "properties": {
        "id": "0000023",
        "dataset_index": 23,
        "time_start": "1980-01-01",
        "time_end": "2023-12-31",
        "Hs_mean": 0.7213972806930542,
        "Hs_max": 5.162759780883789,
        "Hs_95": 1.4339264929294586,
        "Tp_mean": 5.6281023025512695,
        "Dp_mean": 155.06887817382812,
        "Dm_mean": 151.90638732910156,
        "Tm02_mean": 5.073692798614502
      },
      "geometry": {
        "type": "Point",
        "coordinates": [
          -78.57521057128906,
          33.788509368896484
        ]
      }
    },
    {
      "type": "Feature",
      "properties": {
        "id": "0000024",
        "dataset_index": 24,
        "time_start": "1980-01-01",
        "time_end": "2023-12-31",
        "Hs_mean": 0.7243781089782715,
        "Hs_max": 5.219482421875,
        "Hs_95": 1.4397969365119927,
        "Tp_mean": 5.637986183166504,
        "Dp_mean": 155.33511352539062,
        "Dm_mean": 152.2399444580078,
        "Tm02_mean": 5.083609104156494
      },
      "geometry": {
        "type": "Point",
        "coordinates": [
          -78.57029724121094,
          33.79041290283203
        ]
      }
    },
    {
      "type": "Feature",
      "properties": {
        "id": "0000025",
        "dataset_index": 25,
        "time_start": "1980-01-01",
        "time_end": "2023-12-31",
        "Hs_mean": 0.7256543040275574,
        "Hs_max": 5.231807231903076,
        "Hs_95": 1.4441465735435484,
        "Tp_mean": 5.611167907714844,
        "Dp_mean": 155.69882202148438,
        "Dm_mean": 152.69137573242188,
        "Tm02_mean": 5.064236164093018
      },
      "geometry": {
        "type": "Point",
        "coordinates": [
          -78.56538391113281,
          33.79231262207031
        ]
      }
    },
    {
      "type": "Feature",
      "properties": {
        "id": "0000026",
        "dataset_index": 26,
        "time_start": "1980-01-01",
        "time_end": "2023-12-31",
        "Hs_mean": 0.7235047221183777,
        "Hs_max": 4.963834762573242,
        "Hs_95": 1.4417326152324674,
        "Tp_mean": 5.579168796539307,
        "Dp_mean": 155.94667053222656,
        "Dm_mean": 152.98558044433594,
        "Tm02_mean": 5.036876201629639
      },
      "geometry": {
        "type": "Point",
        "coordinates": [
          -78.56047058105469,
          33.794212341308594
        ]
      }
    },
    {
      "type": "Feature",
      "properties": {
        "id": "0000027",
        "dataset_index": 27,
        "time_start": "1980-01-01",
        "time_end": "2023-12-31",
        "Hs_mean": 0.7226030826568604,
        "Hs_max": 4.877734184265137,
        "Hs_95": 1.437292033433914,
        "Tp_mean": 5.571922302246094,
        "Dp_mean": 155.2618865966797,
        "Dm_mean": 152.43099975585938,
        "Tm02_mean": 5.030877113342285
      },
      "geometry": {
        "type": "Point",
        "coordinates": [
          -78.55554962158203,
          33.79611587524414
        ]
      }
    },
    {
      "type": "Feature",
      "properties": {
        "id": "0000028",
        "dataset_index": 28,
        "time_start": "1980-01-01",
        "time_end": "2023-12-31",
        "Hs_mean": 0.7221450805664062,
        "Hs_max": 4.779073238372803,
        "Hs_95": 1.4343204140663146,
        "Tp_mean": 5.569704055786133,
        "Dp_mean": 155.4776153564453,
        "Dm_mean": 152.6989288330078,
        "Tm02_mean": 5.028140544891357
      },
      "geometry": {
        "type": "Point",
        "coordinates": [
          -78.55084991455078,
          33.79829406738281
        ]
      }
    },
    {
      "type": "Feature",
      "properties": {
        "id": "0000029",
        "dataset_index": 29,
        "time_start": "1980-01-01",
        "time_end": "2023-12-31",
        "Hs_mean": 0.7188137769699097,
        "Hs_max": 4.81306791305542,
        "Hs_95": 1.4284568011760712,
        "Tp_mean": 5.607532024383545,
        "Dp_mean": 154.9202117919922,
        "Dm_mean": 151.97422790527344,
        "Tm02_mean": 5.045490264892578
      },
      "geometry": {
        "type": "Point",
        "coordinates": [
          -78.5466537475586,
          33.8011474609375
        ]
      }
    },
    {
      "type": "Feature",
      "properties": {
        "id": "0000030",
        "dataset_index": 30,
        "time_start": "1980-01-01",
        "time_end": "2023-12-31",
        "Hs_mean": 0.7172342538833618,
        "Hs_max": 4.714588165283203,
        "Hs_95": 1.4205099940299988,
        "Tp_mean": 5.62925910949707,
        "Dp_mean": 155.37709045410156,
        "Dm_mean": 152.47341918945312,
        "Tm02_mean": 5.061210632324219
      },
      "geometry": {
        "type": "Point",
        "coordinates": [
          -78.5424575805664,
          33.80399703979492
        ]
      }
    },
    {
      "type": "Feature",
      "properties": {
        "id": "0000031",
        "dataset_index": 31,
        "time_start": "1980-01-01",
        "time_end": "2023-12-31",
        "Hs_mean": 0.716873288154602,
        "Hs_max": 4.701249122619629,
        "Hs_95": 1.4141964316368092,
        "Tp_mean": 5.659713268280029,
        "Dp_mean": 155.2593231201172,
        "Dm_mean": 152.15235900878906,
        "Tm02_mean": 5.091617107391357
      },
      "geometry": {
        "type": "Point",
        "coordinates": [
          -78.53826141357422,
          33.80685043334961
        ]
      }
    },
    {
      "type": "Feature",
      "properties": {
        "id": "0000032",
        "dataset_index": 32,
        "time_start": "1980-01-01",
        "time_end": "2023-12-31",
        "Hs_mean": 0.7150721549987793,
        "Hs_max": 4.712468147277832,
        "Hs_95": 1.4076106786727902,
        "Tp_mean": 5.6456828117370605,
        "Dp_mean": 155.57386779785156,
        "Dm_mean": 152.4597930908203,
        "Tm02_mean": 5.099466323852539
      },
      "geometry": {
        "type": "Point",
        "coordinates": [
          -78.53406524658203,
          33.80970001220703
        ]
      }
    },
    {
      "type": "Feature",
      "properties": {
        "id": "0000033",
        "dataset_index": 33,
        "time_start": "1980-01-01",
        "time_end": "2023-12-31",
        "Hs_mean": 0.7141544222831726,
        "Hs_max": 4.758417129516602,
        "Hs_95": 1.4045286715030663,
        "Tp_mean": 5.636209964752197,
        "Dp_mean": 156.70399475097656,
        "Dm_mean": 153.75062561035156,
        "Tm02_mean": 5.093783378601074
      },
      "geometry": {
        "type": "Point",
        "coordinates": [
          -78.52986907958984,
          33.81255340576172
        ]
      }
    },
    {
      "type": "Feature",
      "properties": {
        "id": "0000034",
        "dataset_index": 34,
        "time_start": "1980-01-01",
        "time_end": "2023-12-31",
        "Hs_mean": 0.7154325842857361,
        "Hs_max": 4.922913551330566,
        "Hs_95": 1.4087408781051634,
        "Tp_mean": 5.647651195526123,
        "Dp_mean": 157.3246612548828,
        "Dm_mean": 154.35125732421875,
        "Tm02_mean": 5.104898452758789
      },
      "geometry": {
        "type": "Point",
        "coordinates": [
          -78.52552032470703,
          33.81523132324219
        ]
      }
    },
    {
      "type": "Feature",
      "properties": {
        "id": "0000035",
        "dataset_index": 35,
        "time_start": "1980-01-01",
        "time_end": "2023-12-31",
        "Hs_mean": 0.7152344584465027,
        "Hs_max": 4.782365322113037,
        "Hs_95": 1.4121517121791838,
        "Tp_mean": 5.641851425170898,
        "Dp_mean": 156.6254425048828,
        "Dm_mean": 153.52357482910156,
        "Tm02_mean": 5.101987361907959
      },
      "geometry": {
        "type": "Point",
        "coordinates": [
          -78.52088928222656,
          33.817569732666016
        ]
      }
    },
    {
      "type": "Feature",
      "properties": {
        "id": "0000036",
        "dataset_index": 36,
        "time_start": "1980-01-01",
        "time_end": "2023-12-31",
        "Hs_mean": 0.7176121473312378,
        "Hs_max": 4.638201713562012,
        "Hs_95": 1.412072205543518,
        "Tp_mean": 5.651151657104492,
        "Dp_mean": 157.6234588623047,
        "Dm_mean": 154.5277557373047,
        "Tm02_mean": 5.11817741394043
      },
      "geometry": {
        "type": "Point",
        "coordinates": [
          -78.51625061035156,
          33.81990432739258
        ]
      }
    },
    {
      "type": "Feature",
      "properties": {
        "id": "0000037",
        "dataset_index": 37,
        "time_start": "1980-01-01",
        "time_end": "2023-12-31",
        "Hs_mean": 0.7174329161643982,
        "Hs_max": 4.741785526275635,
        "Hs_95": 1.4171762824058531,
        "Tp_mean": 5.6682610511779785,
        "Dp_mean": 156.15042114257812,
        "Dm_mean": 153.05764770507812,
        "Tm02_mean": 5.132020950317383
      },
      "geometry": {
        "type": "Point",
        "coordinates": [
          -78.5116195678711,
          33.822242736816406
        ]
      }
    },
    {
      "type": "Feature",
      "properties": {
        "id": "0000038",
        "dataset_index": 38,
        "time_start": "1980-01-01",
        "time_end": "2023-12-31",
        "Hs_mean": 0.7165213823318481,
        "Hs_max": 4.868127346038818,
        "Hs_95": 1.4193115890026093,
        "Tp_mean": 5.645888805389404,
        "Dp_mean": 156.88784790039062,
        "Dm_mean": 154.2136688232422,
        "Tm02_mean": 5.110963344573975
      },
      "geometry": {
        "type": "Point",
        "coordinates": [
          -78.5069808959961,
          33.82457733154297
        ]
      }
    },
    {
      "type": "Feature",
      "properties": {
        "id": "0000039",
        "dataset_index": 39,
        "time_start": "1980-01-01",
        "time_end": "2023-12-31",
        "Hs_mean": 0.7128638625144958,
        "Hs_max": 4.861313819885254,
        "Hs_95": 1.4144472301006317,
        "Tp_mean": 5.634706497192383,
        "Dp_mean": 156.66616821289062,
        "Dm_mean": 154.35952758789062,
        "Tm02_mean": 5.0930280685424805
      },
      "geometry": {
        "type": "Point",
        "coordinates": [
          -78.5023422241211,
          33.8269157409668
        ]
      }
    },
    {
      "type": "Feature",
      "properties": {
        "id": "0000040",
        "dataset_index": 40,
        "time_start": "1980-01-01",
        "time_end": "2023-12-31",
        "Hs_mean": 0.710181713104248,
        "Hs_max": 4.834249019622803,
        "Hs_95": 1.4084400057792663,
        "Tp_mean": 5.601598262786865,
        "Dp_mean": 157.0159454345703,
        "Dm_mean": 154.87411499023438,
        "Tm02_mean": 5.075679779052734
      },
      "geometry": {
        "type": "Point",
        "coordinates": [
          -78.49771118164062,
          33.829254150390625
        ]
      }
    },
    {
      "type": "Feature",
      "properties": {
        "id": "0000041",
        "dataset_index": 41,
        "time_start": "1980-01-01",
        "time_end": "2023-12-31",
        "Hs_mean": 0.7076394557952881,
        "Hs_max": 4.828098773956299,
        "Hs_95": 1.4094168961048124,
        "Tp_mean": 5.604000568389893,
        "Dp_mean": 156.06411743164062,
        "Dm_mean": 154.55300903320312,
        "Tm02_mean": 5.093028545379639
      },
      "geometry": {
        "type": "Point",
        "coordinates": [
          -78.49307250976562,
          33.83159255981445
        ]
      }
    },
    {
      "type": "Feature",
      "properties": {
        "id": "0000042",
        "dataset_index": 42,
        "time_start": "1980-01-01",
        "time_end": "2023-12-31",
        "Hs_mean": 0.7088105082511902,
        "Hs_max": 4.980353832244873,
        "Hs_95": 1.4156724035739892,
        "Tp_mean": 5.598127365112305,
        "Dp_mean": 157.04615783691406,
        "Dm_mean": 155.1150360107422,
        "Tm02_mean": 5.094659328460693
      },
      "geometry": {
        "type": "Point",
        "coordinates": [
          -78.48844146728516,
          33.833927154541016
        ]
      }
    },
    {
      "type": "Feature",
      "properties": {
        "id": "0000043",
        "dataset_index": 43,
        "time_start": "1980-01-01",
        "time_end": "2023-12-31",
        "Hs_mean": 0.7077106237411499,
        "Hs_max": 4.935747146606445,
        "Hs_95": 1.417674547433853,
        "Tp_mean": 5.625382423400879,
        "Dp_mean": 156.7118682861328,
        "Dm_mean": 154.8861083984375,
        "Tm02_mean": 5.114629745483398
      },
      "geometry": {
        "type": "Point",
        "coordinates": [
          -78.48380279541016,
          33.836265563964844
        ]
      }
    },
    {
      "type": "Feature",
      "properties": {
        "id": "0000044",
        "dataset_index": 44,
        "time_start": "1980-01-01",
        "time_end": "2023-12-31",
        "Hs_mean": 0.7052397727966309,
        "Hs_max": 4.866005897521973,
        "Hs_95": 1.4113968431949615,
        "Tp_mean": 5.618027687072754,
        "Dp_mean": 157.00433349609375,
        "Dm_mean": 155.02061462402344,
        "Tm02_mean": 5.114421367645264
      },
      "geometry": {
        "type": "Point",
        "coordinates": [
          -78.47917175292969,
          33.83860397338867
        ]
      }
    },
    {
      "type": "Feature",
      "properties": {
        "id": "0000045",
        "dataset_index": 45,
        "time_start": "1980-01-01",
        "time_end": "2023-12-31",
        "Hs_mean": 0.7006852030754089,
        "Hs_max": 4.798717498779297,
        "Hs_95": 1.4006406664848323,
        "Tp_mean": 5.580844879150391,
        "Dp_mean": 157.53009033203125,
        "Dm_mean": 155.64205932617188,
        "Tm02_mean": 5.090267658233643
      },
      "geometry": {
        "type": "Point",
        "coordinates": [
          -78.47453308105469,
          33.840938568115234
        ]
      }
    },
    {
      "type": "Feature",
      "properties": {
        "id": "0000046",
        "dataset_index": 46,
        "time_start": "1980-01-01",
        "time_end": "2023-12-31",
        "Hs_mean": 0.6981043219566345,
        "Hs_max": 4.641808032989502,
        "Hs_95": 1.3942094504833218,
        "Tp_mean": 5.563462257385254,
        "Dp_mean": 158.6038360595703,
        "Dm_mean": 156.64231872558594,
        "Tm02_mean": 5.074489116668701
      },
      "geometry": {
        "type": "Point",
        "coordinates": [
          -78.46946716308594,
          33.842376708984375
        ]
      }
    },
    {
      "type": "Feature",
      "properties": {
        "id": "0000047",
        "dataset_index": 47,
        "time_start": "1980-01-01",
        "time_end": "2023-12-31",
        "Hs_mean": 0.7000624537467957,
        "Hs_max": 4.719573020935059,
        "Hs_95": 1.3980537176132202,
        "Tp_mean": 5.585500240325928,
        "Dp_mean": 160.4128875732422,
        "Dm_mean": 158.3331298828125,
        "Tm02_mean": 5.0938920974731445
      },
      "geometry": {
        "type": "Point",
        "coordinates": [
          -78.46416473388672,
          33.843326568603516
        ]
      }
    },
    {
      "type": "Feature",
      "properties": {
        "id": "0000048",
        "dataset_index": 48,
        "time_start": "1980-01-01",
        "time_end": "2023-12-31",
        "Hs_mean": 0.705015242099762,
        "Hs_max": 5.0126118659973145,
        "Hs_95": 1.4068162083625793,
        "Tp_mean": 5.5902581214904785,
        "Dp_mean": 159.9024658203125,
        "Dm_mean": 157.533203125,
        "Tm02_mean": 5.085107326507568
      },
      "geometry": {
        "type": "Point",
        "coordinates": [
          -78.4588623046875,
          33.844276428222656
        ]
      }
    },
    {
      "type": "Feature",
      "properties": {
        "id": "0000049",
        "dataset_index": 49,
        "time_start": "1980-01-01",
        "time_end": "2023-12-31",
        "Hs_mean": 0.7085321545600891,
        "Hs_max": 5.034082889556885,
        "Hs_95": 1.41918625831604,
        "Tp_mean": 5.60306453704834,
        "Dp_mean": 160.4173583984375,
        "Dm_mean": 158.01531982421875,
        "Tm02_mean": 5.097845077514648
      },
      "geometry": {
        "type": "Point",
        "coordinates": [
          -78.45355987548828,
          33.84523010253906
        ]
      }
    },
    {
      "type": "Feature",
      "properties": {
        "id": "0000050",
        "dataset_index": 50,
        "time_start": "1980-01-01",
        "time_end": "2023-12-31",
        "Hs_mean": 0.7089399099349976,
        "Hs_max": 5.272695541381836,
        "Hs_95": 1.4296046376228329,
        "Tp_mean": 5.595739364624023,
        "Dp_mean": 160.46774291992188,
        "Dm_mean": 158.0518798828125,
        "Tm02_mean": 5.087391376495361
      },
      "geometry": {
        "type": "Point",
        "coordinates": [
          -78.44825744628906,
          33.8461799621582
        ]
      }
    },
    {
      "type": "Feature",
      "properties": {
        "id": "0000051",
        "dataset_index": 51,
        "time_start": "1980-01-01",
        "time_end": "2023-12-31",
        "Hs_mean": 0.7102333903312683,
        "Hs_max": 5.043928623199463,
        "Hs_95": 1.4354923009872433,
        "Tp_mean": 5.550962448120117,
        "Dp_mean": 160.09600830078125,
        "Dm_mean": 157.76560974121094,
        "Tm02_mean": 5.064414024353027
      },
      "geometry": {
        "type": "Point",
        "coordinates": [
          -78.44295501708984,
          33.847129821777344
        ]
      }
    },
    {
      "type": "Feature",
      "properties": {
        "id": "0000052",
        "dataset_index": 52,
        "time_start": "1980-01-01",
        "time_end": "2023-12-31",
        "Hs_mean": 0.7084063291549683,
        "Hs_max": 5.075107097625732,
        "Hs_95": 1.4340313792228698,
        "Tp_mean": 5.53167200088501,
        "Dp_mean": 160.1736297607422,
        "Dm_mean": 157.89767456054688,
        "Tm02_mean": 5.056717872619629
      },
      "geometry": {
        "type": "Point",
        "coordinates": [
          -78.43766021728516,
          33.84808349609375
        ]
      }
    },
    {
      "type": "Feature",
      "properties": {
        "id": "0000053",
        "dataset_index": 53,
        "time_start": "1980-01-01",
        "time_end": "2023-12-31",
        "Hs_mean": 0.7063935995101929,
        "Hs_max": 5.095314025878906,
        "Hs_95": 1.4318280875682825,
        "Tp_mean": 5.523863315582275,
        "Dp_mean": 160.40985107421875,
        "Dm_mean": 157.98780822753906,
        "Tm02_mean": 5.055267333984375
      },
      "geometry": {
        "type": "Point",
        "coordinates": [
          -78.43235778808594,
          33.84903335571289
        ]
      }
    },
    {
      "type": "Feature",
      "properties": {
        "id": "0000054",
        "dataset_index": 54,
        "time_start": "1980-01-01",
        "time_end": "2023-12-31",
        "Hs_mean": 0.7040759921073914,
        "Hs_max": 5.1669230461120605,
        "Hs_95": 1.4338330030441284,
        "Tp_mean": 5.528839588165283,
        "Dp_mean": 160.89678955078125,
        "Dm_mean": 158.46168518066406,
        "Tm02_mean": 5.054337978363037
      },
      "geometry": {
        "type": "Point",
        "coordinates": [
          -78.42705535888672,
          33.8499870300293
        ]
      }
    },
    {
      "type": "Feature",
      "properties": {
        "id": "0000055",
        "dataset_index": 55,
        "time_start": "1980-01-01",
        "time_end": "2023-12-31",
        "Hs_mean": 0.7024033069610596,
        "Hs_max": 5.202572822570801,
        "Hs_95": 1.43674378991127,
        "Tp_mean": 5.502082824707031,
        "Dp_mean": 161.6957244873047,
        "Dm_mean": 159.2897491455078,
        "Tm02_mean": 5.017542362213135
      },
      "geometry": {
        "type": "Point",
        "coordinates": [
          -78.42182922363281,
          33.851131439208984
        ]
      }
    },
    {
      "type": "Feature",
      "properties": {
        "id": "0000056",
        "dataset_index": 56,
        "time_start": "1980-01-01",
        "time_end": "2023-12-31",
        "Hs_mean": 0.7011992931365967,
        "Hs_max": 5.169241905212402,
        "Hs_95": 1.4389177322387694,
        "Tp_mean": 5.486885070800781,
        "Dp_mean": 162.09619140625,
        "Dm_mean": 159.67626953125,
        "Tm02_mean": 4.995833873748779
      },
      "geometry": {
        "type": "Point",
        "coordinates": [
          -78.41687774658203,
          33.852970123291016
        ]
      }
    },
    {
      "type": "Feature",
      "properties": {
        "id": "0000057",
        "dataset_index": 57,
        "time_start": "1980-01-01",
        "time_end": "2023-12-31",
        "Hs_mean": 0.7009482383728027,
        "Hs_max": 5.112494945526123,
        "Hs_95": 1.4383918285369872,
        "Tp_mean": 5.492092609405518,
        "Dp_mean": 161.20303344726562,
        "Dm_mean": 158.79330444335938,
        "Tm02_mean": 5.004025936126709
      },
      "geometry": {
        "type": "Point",
        "coordinates": [
          -78.41192626953125,
          33.85480880737305
        ]
      }
    },
    {
      "type": "Feature",
      "properties": {
        "id": "0000058",
        "dataset_index": 58,
        "time_start": "1980-01-01",
        "time_end": "2023-12-31",
        "Hs_mean": 0.702934980392456,
        "Hs_max": 5.082037925720215,
        "Hs_95": 1.437633180618286,
        "Tp_mean": 5.463961601257324,
        "Dp_mean": 160.908203125,
        "Dm_mean": 158.4834442138672,
        "Tm02_mean": 4.989527702331543
      },
      "geometry": {
        "type": "Point",
        "coordinates": [
          -78.40697479248047,
          33.85664749145508
        ]
      }
    },
    {
      "type": "Feature",
      "properties": {
        "id": "0000059",
        "dataset_index": 59,
        "time_start": "1980-01-01",
        "time_end": "2023-12-31",
        "Hs_mean": 0.7029013633728027,
        "Hs_max": 5.02778434753418,
        "Hs_95": 1.4365329861640925,
        "Tp_mean": 5.45685338973999,
        "Dp_mean": 160.9561004638672,
        "Dm_mean": 158.45651245117188,
        "Tm02_mean": 4.9880475997924805
      },
      "geometry": {
        "type": "Point",
        "coordinates": [
          -78.40202331542969,
          33.85848617553711
        ]
      }
    },
    {
      "type": "Feature",
      "properties": {
        "id": "0000060",
        "dataset_index": 60,
        "time_start": "1980-01-01",
        "time_end": "2023-12-31",
        "Hs_mean": 0.7020856142044067,
        "Hs_max": 4.951019763946533,
        "Hs_95": 1.4331455230712888,
        "Tp_mean": 5.447669982910156,
        "Dp_mean": 161.0628204345703,
        "Dm_mean": 158.531982421875,
        "Tm02_mean": 4.9780659675598145
      },
      "geometry": {
        "type": "Point",
        "coordinates": [
          -78.39706420898438,
          33.86032485961914
        ]
      }
    },
    {
      "type": "Feature",
      "properties": {
        "id": "0000061",
        "dataset_index": 61,
        "time_start": "1980-01-01",
        "time_end": "2023-12-31",
        "Hs_mean": 0.7003583312034607,
        "Hs_max": 4.968375205993652,
        "Hs_95": 1.425984340906143,
        "Tp_mean": 5.428289890289307,
        "Dp_mean": 160.08706665039062,
        "Dm_mean": 157.5881805419922,
        "Tm02_mean": 4.967594146728516
      },
      "geometry": {
        "type": "Point",
        "coordinates": [
          -78.3921127319336,
          33.86216354370117
        ]
      }
    },
    {
      "type": "Feature",
      "properties": {
        "id": "0000062",
        "dataset_index": 62,
        "time_start": "1980-01-01",
        "time_end": "2023-12-31",
        "Hs_mean": 0.6983451843261719,
        "Hs_max": 4.9954657554626465,
        "Hs_95": 1.4193275392055509,
        "Tp_mean": 5.417994976043701,
        "Dp_mean": 162.47189331054688,
        "Dm_mean": 160.216064453125,
        "Tm02_mean": 4.9777445793151855
      },
      "geometry": {
        "type": "Point",
        "coordinates": [
          -78.38716125488281,
          33.86399841308594
        ]
      }
    },
    {
      "type": "Feature",
      "properties": {
        "id": "0000063",
        "dataset_index": 63,
        "time_start": "1980-01-01",
        "time_end": "2023-12-31",
        "Hs_mean": 0.6946254968643188,
        "Hs_max": 5.039980411529541,
        "Hs_95": 1.415084499120712,
        "Tp_mean": 5.414507865905762,
        "Dp_mean": 163.95928955078125,
        "Dm_mean": 161.5927276611328,
        "Tm02_mean": 4.978469371795654
      },
      "geometry": {
        "type": "Point",
        "coordinates": [
          -78.38220977783203,
          33.86583709716797
        ]
      }
    },
    {
      "type": "Feature",
      "properties": {
        "id": "0000064",
        "dataset_index": 64,
        "time_start": "1980-01-01",
        "time_end": "2023-12-31",
        "Hs_mean": 0.6904215812683105,
        "Hs_max": 5.053315162658691,
        "Hs_95": 1.413169366121292,
        "Tp_mean": 5.395777702331543,
        "Dp_mean": 163.45204162597656,
        "Dm_mean": 161.05886840820312,
        "Tm02_mean": 4.948148250579834
      },
      "geometry": {
        "type": "Point",
        "coordinates": [
          -78.37725830078125,
          33.86767578125
        ]
      }
    },
    {
      "type": "Feature",
      "properties": {
        "id": "0000065",
        "dataset_index": 65,
        "time_start": "1980-01-01",
        "time_end": "2023-12-31",
        "Hs_mean": 0.6880097985267639,
        "Hs_max": 5.107618808746338,
        "Hs_95": 1.4123702645301819,
        "Tp_mean": 5.35318660736084,
        "Dp_mean": 163.01092529296875,
        "Dm_mean": 160.64036560058594,
        "Tm02_mean": 4.910025119781494
      },
      "geometry": {
        "type": "Point",
        "coordinates": [
          -78.37230682373047,
          33.86951446533203
        ]
      }
    },
    {
      "type": "Feature",
      "properties": {
        "id": "0000066",
        "dataset_index": 66,
        "time_start": "1980-01-01",
        "time_end": "2023-12-31",
        "Hs_mean": 0.6839643120765686,
        "Hs_max": 5.002330780029297,
        "Hs_95": 1.4049999833106994,
        "Tp_mean": 5.369562149047852,
        "Dp_mean": 164.82125854492188,
        "Dm_mean": 162.24942016601562,
        "Tm02_mean": 4.955188751220703
      },
      "geometry": {
        "type": "Point",
        "coordinates": [
          -78.36735534667969,
          33.87135314941406
        ]
      }
    },
    {
      "type": "Feature",
      "properties": {
        "id": "0000067",
        "dataset_index": 67,
        "time_start": "1980-01-01",
        "time_end": "2023-12-31",
        "Hs_mean": 0.6785246133804321,
        "Hs_max": 4.877247333526611,
        "Hs_95": 1.3948165893554685,
        "Tp_mean": 5.375879764556885,
        "Dp_mean": 164.47813415527344,
        "Dm_mean": 161.92857360839844,
        "Tm02_mean": 4.952022552490234
      },
      "geometry": {
        "type": "Point",
        "coordinates": [
          -78.3624038696289,
          33.873191833496094
        ]
      }
    },
    {
      "type": "Feature",
      "properties": {
        "id": "0000068",
        "dataset_index": 68,
        "time_start": "1980-01-01",
        "time_end": "2023-12-31",
        "Hs_mean": 0.6760362386703491,
        "Hs_max": 4.740246295928955,
        "Hs_95": 1.383730882406234,
        "Tp_mean": 5.397494792938232,
        "Dp_mean": 165.37042236328125,
        "Dm_mean": 162.91111755371094,
        "Tm02_mean": 4.964365005493164
      },
      "geometry": {
        "type": "Point",
        "coordinates": [
          -78.35745239257812,
          33.875030517578125
        ]
      }
    },
    {
      "type": "Feature",
      "properties": {
        "id": "0000069",
        "dataset_index": 69,
        "time_start": "1980-01-01",
        "time_end": "2023-12-31",
        "Hs_mean": 0.6830444931983948,
        "Hs_max": 4.862218379974365,
        "Hs_95": 1.396981382369995,
        "Tp_mean": 5.42758321762085,
        "Dp_mean": 166.0439910888672,
        "Dm_mean": 163.76295471191406,
        "Tm02_mean": 4.994976043701172
      },
      "geometry": {
        "type": "Point",
        "coordinates": [
          -78.35214233398438,
          33.875396728515625
        ]
      }
    },
    {
      "type": "Feature",
      "properties": {
        "id": "0000070",
        "dataset_index": 70,
        "time_start": "1980-01-01",
        "time_end": "2023-12-31",
        "Hs_mean": 0.6869755983352661,
        "Hs_max": 5.046879291534424,
        "Hs_95": 1.4210157692432401,
        "Tp_mean": 5.478042125701904,
        "Dp_mean": 165.89492797851562,
        "Dm_mean": 163.99655151367188,
        "Tm02_mean": 5.030483722686768
      },
      "geometry": {
        "type": "Point",
        "coordinates": [
          -78.34671783447266,
          33.87529754638672
        ]
      }
    },
    {
      "type": "Feature",
      "properties": {
        "id": "0000071",
        "dataset_index": 71,
        "time_start": "1980-01-01",
        "time_end": "2023-12-31",
        "Hs_mean": 0.689445972442627,
        "Hs_max": 5.0044846534729,
        "Hs_95": 1.4297316253185268,
        "Tp_mean": 5.467310428619385,
        "Dp_mean": 165.70089721679688,
        "Dm_mean": 163.7489471435547,
        "Tm02_mean": 4.985448360443115
      },
      "geometry": {
        "type": "Point",
        "coordinates": [
          -78.34129333496094,
          33.87519454956055
        ]
      }
    },
    {
      "type": "Feature",
      "properties": {
        "id": "0000072",
        "dataset_index": 72,
        "time_start": "1980-01-01",
        "time_end": "2023-12-31",
        "Hs_mean": 0.6909053325653076,
        "Hs_max": 4.954912185668945,
        "Hs_95": 1.4315733969211577,
        "Tp_mean": 5.5000715255737305,
        "Dp_mean": 164.8551025390625,
        "Dm_mean": 163.04049682617188,
        "Tm02_mean": 5.0190043449401855
      },
      "geometry": {
        "type": "Point",
        "coordinates": [
          -78.33586883544922,
          33.875091552734375
        ]
      }
    },
    {
      "type": "Feature",
      "properties": {
        "id": "0000073",
        "dataset_index": 73,
        "time_start": "1980-01-01",
        "time_end": "2023-12-31",
        "Hs_mean": 0.6974565386772156,
        "Hs_max": 5.004616737365723,
        "Hs_95": 1.4387495577335356,
        "Tp_mean": 5.482466220855713,
        "Dp_mean": 163.5144805908203,
        "Dm_mean": 161.69635009765625,
        "Tm02_mean": 4.9997968673706055
      },
      "geometry": {
        "type": "Point",
        "coordinates": [
          -78.3304443359375,
          33.87499237060547
        ]
      }
    },
    {
      "type": "Feature",
      "properties": {
        "id": "0000074",
        "dataset_index": 74,
        "time_start": "1980-01-01",
        "time_end": "2023-12-31",
        "Hs_mean": 0.7026669383049011,
        "Hs_max": 5.107118606567383,
        "Hs_95": 1.448937964439392,
        "Tp_mean": 5.472949028015137,
        "Dp_mean": 163.6693572998047,
        "Dm_mean": 162.01974487304688,
        "Tm02_mean": 5.003966808319092
      },
      "geometry": {
        "type": "Point",
        "coordinates": [
          -78.32501983642578,
          33.8748893737793
        ]
      }
    },
    {
      "type": "Feature",
      "properties": {
        "id": "0000075",
        "dataset_index": 75,
        "time_start": "1980-01-01",
        "time_end": "2023-12-31",
        "Hs_mean": 0.7039588689804077,
        "Hs_max": 5.156981468200684,
        "Hs_95": 1.455861574411392,
        "Tp_mean": 5.476468086242676,
        "Dp_mean": 163.89439392089844,
        "Dm_mean": 162.30001831054688,
        "Tm02_mean": 5.007242679595947
      },
      "geometry": {
        "type": "Point",
        "coordinates": [
          -78.31959533691406,
          33.87479019165039
        ]
      }
    },
    {
      "type": "Feature",
      "properties": {
        "id": "0000076",
        "dataset_index": 76,
        "time_start": "1980-01-01",
        "time_end": "2023-12-31",
        "Hs_mean": 0.7044619917869568,
        "Hs_max": 5.1892595291137695,
        "Hs_95": 1.4610415399074554,
        "Tp_mean": 5.4609222412109375,
        "Dp_mean": 163.9403533935547,
        "Dm_mean": 162.38731384277344,
        "Tm02_mean": 4.9875712394714355
      },
      "geometry": {
        "type": "Point",
        "coordinates": [
          -78.31419372558594,
          33.87480163574219
        ]
      }
    },
    {
      "type": "Feature",
      "properties": {
        "id": "0000077",
        "dataset_index": 77,
        "time_start": "1980-01-01",
        "time_end": "2023-12-31",
        "Hs_mean": 0.697020947933197,
        "Hs_max": 5.137678146362305,
        "Hs_95": 1.4559646725654598,
        "Tp_mean": 5.481961727142334,
        "Dp_mean": 164.66526794433594,
        "Dm_mean": 162.98231506347656,
        "Tm02_mean": 5.000553131103516
      },
      "geometry": {
        "type": "Point",
        "coordinates": [
          -78.30904388427734,
          33.876220703125
        ]
      }
    },
    {
      "type": "Feature",
      "properties": {
        "id": "0000078",
        "dataset_index": 78,
        "time_start": "1980-01-01",
        "time_end": "2023-12-31",
        "Hs_mean": 0.6902096271514893,
        "Hs_max": 5.068416118621826,
        "Hs_95": 1.441727441549301,
        "Tp_mean": 5.4696946144104,
        "Dp_mean": 164.99903869628906,
        "Dm_mean": 163.2798309326172,
        "Tm02_mean": 5.0009765625
      },
      "geometry": {
        "type": "Point",
        "coordinates": [
          -78.30389404296875,
          33.87763977050781
        ]
      }
    },
    {
      "type": "Feature",
      "properties": {
        "id": "0000079",
        "dataset_index": 79,
        "time_start": "1980-01-01",
        "time_end": "2023-12-31",
        "Hs_mean": 0.6868409514427185,
        "Hs_max": 5.003749847412109,
        "Hs_95": 1.428887927532195,
        "Tp_mean": 5.399649143218994,
        "Dp_mean": 163.93287658691406,
        "Dm_mean": 162.34823608398438,
        "Tm02_mean": 4.9558892250061035
      },
      "geometry": {
        "type": "Point",
        "coordinates": [
          -78.29874420166016,
          33.879058837890625
        ]
      }
    },
    {
      "type": "Feature",
      "properties": {
        "id": "0000080",
        "dataset_index": 80,
        "time_start": "1980-01-01",
        "time_end": "2023-12-31",
        "Hs_mean": 0.6851400136947632,
        "Hs_max": 4.976395606994629,
        "Hs_95": 1.4274827003479005,
        "Tp_mean": 5.376424789428711,
        "Dp_mean": 164.36366271972656,
        "Dm_mean": 162.71116638183594,
        "Tm02_mean": 4.946803569793701
      },
      "geometry": {
        "type": "Point",
        "coordinates": [
          -78.29359436035156,
          33.88047790527344
        ]
      }
    },
    {
      "type": "Feature",
      "properties": {
        "id": "0000081",
        "dataset_index": 81,
        "time_start": "1980-01-01",
        "time_end": "2023-12-31",
        "Hs_mean": 0.6833800077438354,
        "Hs_max": 4.925995349884033,
        "Hs_95": 1.4308458268642423,
        "Tp_mean": 5.378809928894043,
        "Dp_mean": 166.00648498535156,
        "Dm_mean": 164.37689208984375,
        "Tm02_mean": 4.944231033325195
      },
      "geometry": {
        "type": "Point",
        "coordinates": [
          -78.28844451904297,
          33.88189697265625
        ]
      }
    },
    {
      "type": "Feature",
      "properties": {
        "id": "0000082",
        "dataset_index": 82,
        "time_start": "1980-01-01",
        "time_end": "2023-12-31",
        "Hs_mean": 0.6786183714866638,
        "Hs_max": 4.825291633605957,
        "Hs_95": 1.42477947473526,
        "Tp_mean": 5.373924255371094,
        "Dp_mean": 167.11692810058594,
        "Dm_mean": 165.34335327148438,
        "Tm02_mean": 4.937493324279785
      },
      "geometry": {
        "type": "Point",
        "coordinates": [
          -78.28329467773438,
          33.88331604003906
        ]
      }
    },
    {
      "type": "Feature",
      "properties": {
        "id": "0000083",
        "dataset_index": 83,
        "time_start": "1980-01-01",
        "time_end": "2023-12-31",
        "Hs_mean": 0.6740862727165222,
        "Hs_max": 4.703757286071777,
        "Hs_95": 1.413773119449615,
        "Tp_mean": 5.359936237335205,
        "Dp_mean": 166.20188903808594,
        "Dm_mean": 164.65200805664062,
        "Tm02_mean": 4.936941623687744
      },
      "geometry": {
        "type": "Point",
        "coordinates": [
          -78.27814483642578,
          33.884735107421875
        ]
      }
    },
    {
      "type": "Feature",
      "properties": {
        "id": "0000084",
        "dataset_index": 84,
        "time_start": "1980-01-01",
        "time_end": "2023-12-31",
        "Hs_mean": 0.6718318462371826,
        "Hs_max": 4.702280521392822,
        "Hs_95": 1.4094197809696196,
        "Tp_mean": 5.370590686798096,
        "Dp_mean": 167.474853515625,
        "Dm_mean": 165.87977600097656,
        "Tm02_mean": 4.941113471984863
      },
      "geometry": {
        "type": "Point",
        "coordinates": [
          -78.27299499511719,
          33.88615417480469
        ]
      }
    },
    {
      "type": "Feature",
      "properties": {
        "id": "0000085",
        "dataset_index": 85,
        "time_start": "1980-01-01",
        "time_end": "2023-12-31",
        "Hs_mean": 0.6741452217102051,
        "Hs_max": 4.812449932098389,
        "Hs_95": 1.4216573953628537,
        "Tp_mean": 5.394184589385986,
        "Dp_mean": 167.71435546875,
        "Dm_mean": 166.13711547851562,
        "Tm02_mean": 4.965280055999756
      },
      "geometry": {
        "type": "Point",
        "coordinates": [
          -78.267578125,
          33.886051177978516
        ]
      }
    },
    {
      "type": "Feature",
      "properties": {
        "id": "0000086",
        "dataset_index": 86,
        "time_start": "1980-01-01",
        "time_end": "2023-12-31",
        "Hs_mean": 0.677347719669342,
        "Hs_max": 4.7930827140808105,
        "Hs_95": 1.4276200830936427,
        "Tp_mean": 5.378067493438721,
        "Dp_mean": 168.3041229248047,
        "Dm_mean": 166.6005401611328,
        "Tm02_mean": 4.945990562438965
      },
      "geometry": {
        "type": "Point",
        "coordinates": [
          -78.26215362548828,
          33.885929107666016
        ]
      }
    },
    {
      "type": "Feature",
      "properties": {
        "id": "0000087",
        "dataset_index": 87,
        "time_start": "1980-01-01",
        "time_end": "2023-12-31",
        "Hs_mean": 0.6789546608924866,
        "Hs_max": 4.754378795623779,
        "Hs_95": 1.4278928518295286,
        "Tp_mean": 5.371117115020752,
        "Dp_mean": 167.92678833007812,
        "Dm_mean": 166.1741485595703,
        "Tm02_mean": 4.940945148468018
      },
      "geometry": {
        "type": "Point",
        "coordinates": [
          -78.25672912597656,
          33.885807037353516
        ]
      }
    },
    {
      "type": "Feature",
      "properties": {
        "id": "0000088",
        "dataset_index": 88,
        "time_start": "1980-01-01",
        "time_end": "2023-12-31",
        "Hs_mean": 0.6782636642456055,
        "Hs_max": 4.7237443923950195,
        "Hs_95": 1.425879424810409,
        "Tp_mean": 5.3658576011657715,
        "Dp_mean": 168.0947265625,
        "Dm_mean": 166.30479431152344,
        "Tm02_mean": 4.933055877685547
      },
      "geometry": {
        "type": "Point",
        "coordinates": [
          -78.25130462646484,
          33.88568115234375
        ]
      }
    },
    {
      "type": "Feature",
      "properties": {
        "id": "0000089",
        "dataset_index": 89,
        "time_start": "1980-01-01",
        "time_end": "2023-12-31",
        "Hs_mean": 0.6778174638748169,
        "Hs_max": 4.643702983856201,
        "Hs_95": 1.4193366765975952,
        "Tp_mean": 5.339688777923584,
        "Dp_mean": 168.26539611816406,
        "Dm_mean": 166.55313110351562,
        "Tm02_mean": 4.915500164031982
      },
      "geometry": {
        "type": "Point",
        "coordinates": [
          -78.24588012695312,
          33.88555908203125
        ]
      }
    },
    {
      "type": "Feature",
      "properties": {
        "id": "0000090",
        "dataset_index": 90,
        "time_start": "1980-01-01",
        "time_end": "2023-12-31",
        "Hs_mean": 0.6832790374755859,
        "Hs_max": 4.5883469581604,
        "Hs_95": 1.4200963735580443,
        "Tp_mean": 5.344809055328369,
        "Dp_mean": 170.3912353515625,
        "Dm_mean": 168.194580078125,
        "Tm02_mean": 4.922393798828125
      },
      "geometry": {
        "type": "Point",
        "coordinates": [
          -78.2404556274414,
          33.885433197021484
        ]
      }
    },
    {
      "type": "Feature",
      "properties": {
        "id": "0000091",
        "dataset_index": 91,
        "time_start": "1980-01-01",
        "time_end": "2023-12-31",
        "Hs_mean": 0.6904231905937195,
        "Hs_max": 4.741779327392578,
        "Hs_95": 1.4326024949550629,
        "Tp_mean": 5.411433696746826,
        "Dp_mean": 170.7770538330078,
        "Dm_mean": 168.62252807617188,
        "Tm02_mean": 4.981172561645508
      },
      "geometry": {
        "type": "Point",
        "coordinates": [
          -78.23514556884766,
          33.88454818725586
        ]
      }
    },
    {
      "type": "Feature",
      "properties": {
        "id": "0000092",
        "dataset_index": 92,
        "time_start": "1980-01-01",
        "time_end": "2023-12-31",
        "Hs_mean": 0.6953139901161194,
        "Hs_max": 4.900280475616455,
        "Hs_95": 1.4443136513233186,
        "Tp_mean": 5.404689311981201,
        "Dp_mean": 170.7962188720703,
        "Dm_mean": 168.61602783203125,
        "Tm02_mean": 4.978023529052734
      },
      "geometry": {
        "type": "Point",
        "coordinates": [
          -78.22986602783203,
          33.88352584838867
        ]
      }
    },
    {
      "type": "Feature",
      "properties": {
        "id": "0000093",
        "dataset_index": 93,
        "time_start": "1980-01-01",
        "time_end": "2023-12-31",
        "Hs_mean": 0.6957057118415833,
        "Hs_max": 5.061445236206055,
        "Hs_95": 1.4519444525241851,
        "Tp_mean": 5.365612506866455,
        "Dp_mean": 170.66297912597656,
        "Dm_mean": 168.6110076904297,
        "Tm02_mean": 4.959740161895752
      },
      "geometry": {
        "type": "Point",
        "coordinates": [
          -78.22457885742188,
          33.88249969482422
        ]
      }
    },
    {
      "type": "Feature",
      "properties": {
        "id": "0000094",
        "dataset_index": 94,
        "time_start": "1980-01-01",
        "time_end": "2023-12-31",
        "Hs_mean": 0.6953124403953552,
        "Hs_max": 5.124005317687988,
        "Hs_95": 1.4593624651432036,
        "Tp_mean": 5.307258129119873,
        "Dp_mean": 170.34461975097656,
        "Dm_mean": 168.26576232910156,
        "Tm02_mean": 4.921713352203369
      },
      "geometry": {
        "type": "Point",
        "coordinates": [
          -78.21929931640625,
          33.88147735595703
        ]
      }
    },
    {
      "type": "Feature",
      "properties": {
        "id": "0000095",
        "dataset_index": 95,
        "time_start": "1980-01-01",
        "time_end": "2023-12-31",
        "Hs_mean": 0.6928199529647827,
        "Hs_max": 4.958350658416748,
        "Hs_95": 1.4531997561454773,
        "Tp_mean": 5.294519424438477,
        "Dp_mean": 169.724365234375,
        "Dm_mean": 167.90875244140625,
        "Tm02_mean": 4.903410911560059
      },
      "geometry": {
        "type": "Point",
        "coordinates": [
          -78.21400451660156,
          33.880645751953125
        ]
      }
    },
    {
      "type": "Feature",
      "properties": {
        "id": "0000096",
        "dataset_index": 96,
        "time_start": "1980-01-01",
        "time_end": "2023-12-31",
        "Hs_mean": 0.6914681792259216,
        "Hs_max": 4.865184307098389,
        "Hs_95": 1.441117906570434,
        "Tp_mean": 5.276141166687012,
        "Dp_mean": 169.7788848876953,
        "Dm_mean": 168.1559295654297,
        "Tm02_mean": 4.896352767944336
      },
      "geometry": {
        "type": "Point",
        "coordinates": [
          -78.20865631103516,
          33.88141632080078
        ]
      }
    },
    {
      "type": "Feature",
      "properties": {
        "id": "0000097",
        "dataset_index": 97,
        "time_start": "1980-01-01",
        "time_end": "2023-12-31",
        "Hs_mean": 0.6884437799453735,
        "Hs_max": 4.90202522277832,
        "Hs_95": 1.4345221459865567,
        "Tp_mean": 5.263669013977051,
        "Dp_mean": 170.08868408203125,
        "Dm_mean": 168.55149841308594,
        "Tm02_mean": 4.881772041320801
      },
      "geometry": {
        "type": "Point",
        "coordinates": [
          -78.20331573486328,
          33.88218688964844
        ]
      }
    },
    {
      "type": "Feature",
      "properties": {
        "id": "0000098",
        "dataset_index": 98,
        "time_start": "1980-01-01",
        "time_end": "2023-12-31",
        "Hs_mean": 0.6880402565002441,
        "Hs_max": 5.001375198364258,
        "Hs_95": 1.4346349120140074,
        "Tp_mean": 5.223453998565674,
        "Dp_mean": 170.47848510742188,
        "Dm_mean": 168.82009887695312,
        "Tm02_mean": 4.857604026794434
      },
      "geometry": {
        "type": "Point",
        "coordinates": [
          -78.19796752929688,
          33.882957458496094
        ]
      }
    },
    {
      "type": "Feature",
      "properties": {
        "id": "0000099",
        "dataset_index": 99,
        "time_start": "1980-01-01",
        "time_end": "2023-12-31",
        "Hs_mean": 0.6879026293754578,
        "Hs_max": 5.154356956481934,
        "Hs_95": 1.4430805206298827,
        "Tp_mean": 5.226616382598877,
        "Dp_mean": 170.9437713623047,
        "Dm_mean": 169.22906494140625,
        "Tm02_mean": 4.873566150665283
      },
      "geometry": {
        "type": "Point",
        "coordinates": [
          -78.19261932373047,
          33.883724212646484
        ]
      }
    },
    {
      "type": "Feature",
      "properties": {
        "id": "0000100",
        "dataset_index": 100,
        "time_start": "1980-01-01",
        "time_end": "2023-12-31",
        "Hs_mean": 0.690764307975769,
        "Hs_max": 5.284117221832275,
        "Hs_95": 1.455083358287811,
        "Tp_mean": 5.1836724281311035,
        "Dp_mean": 169.59507751464844,
        "Dm_mean": 168.14749145507812,
        "Tm02_mean": 4.842918872833252
      },
      "geometry": {
        "type": "Point",
        "coordinates": [
          -78.1872787475586,
          33.88449478149414
        ]
      }
    },
    {
      "type": "Feature",
      "properties": {
        "id": "0000101",
        "dataset_index": 101,
        "time_start": "1980-01-01",
        "time_end": "2023-12-31",
        "Hs_mean": 0.6880030035972595,
        "Hs_max": 5.319912910461426,
        "Hs_95": 1.458396607637405,
        "Tp_mean": 5.174510478973389,
        "Dp_mean": 170.82032775878906,
        "Dm_mean": 169.18936157226562,
        "Tm02_mean": 4.827549934387207
      },
      "geometry": {
        "type": "Point",
        "coordinates": [
          -78.18193054199219,
          33.8852653503418
        ]
      }
    },
    {
      "type": "Feature",
      "properties": {
        "id": "0000102",
        "dataset_index": 102,
        "time_start": "1980-01-01",
        "time_end": "2023-12-31",
        "Hs_mean": 0.6826141476631165,
        "Hs_max": 5.27215051651001,
        "Hs_95": 1.4563113093376157,
        "Tp_mean": 5.17729377746582,
        "Dp_mean": 169.97227478027344,
        "Dm_mean": 168.40660095214844,
        "Tm02_mean": 4.819499492645264
      },
      "geometry": {
        "type": "Point",
        "coordinates": [
          -78.17658233642578,
          33.88603591918945
        ]
      }
    },
    {
      "type": "Feature",
      "properties": {
        "id": "0000103",
        "dataset_index": 103,
        "time_start": "1980-01-01",
        "time_end": "2023-12-31",
        "Hs_mean": 0.6773318648338318,
        "Hs_max": 5.0992112159729,
        "Hs_95": 1.4507789969444274,
        "Tp_mean": 5.226539134979248,
        "Dp_mean": 171.37484741210938,
        "Dm_mean": 169.4496612548828,
        "Tm02_mean": 4.846108436584473
      },
      "geometry": {
        "type": "Point",
        "coordinates": [
          -78.17123413085938,
          33.88680648803711
        ]
      }
    },
    {
      "type": "Feature",
      "properties": {
        "id": "0000104",
        "dataset_index": 104,
        "time_start": "1980-01-01",
        "time_end": "2023-12-31",
        "Hs_mean": 0.6737960577011108,
        "Hs_max": 4.941591262817383,
        "Hs_95": 1.443589115142822,
        "Tp_mean": 5.22719144821167,
        "Dp_mean": 172.1644287109375,
        "Dm_mean": 170.20602416992188,
        "Tm02_mean": 4.842074394226074
      },
      "geometry": {
        "type": "Point",
        "coordinates": [
          -78.1658935546875,
          33.887577056884766
        ]
      }
    },
    {
      "type": "Feature",
      "properties": {
        "id": "0000105",
        "dataset_index": 105,
        "time_start": "1980-01-01",
        "time_end": "2023-12-31",
        "Hs_mean": 0.672650933265686,
        "Hs_max": 4.854061603546143,
        "Hs_95": 1.4403028666973114,
        "Tp_mean": 5.194026947021484,
        "Dp_mean": 172.60667419433594,
        "Dm_mean": 170.72628784179688,
        "Tm02_mean": 4.819986820220947
      },
      "geometry": {
        "type": "Point",
        "coordinates": [
          -78.1605453491211,
          33.88834762573242
        ]
      }
    },
    {
      "type": "Feature",
      "properties": {
        "id": "0000106",
        "dataset_index": 106,
        "time_start": "1980-01-01",
        "time_end": "2023-12-31",
        "Hs_mean": 0.6700754761695862,
        "Hs_max": 4.6536760330200195,
        "Hs_95": 1.430748230218887,
        "Tp_mean": 5.213500022888184,
        "Dp_mean": 173.40560913085938,
        "Dm_mean": 171.36231994628906,
        "Tm02_mean": 4.84526252746582
      },
      "geometry": {
        "type": "Point",
        "coordinates": [
          -78.15512084960938,
          33.888275146484375
        ]
      }
    },
    {
      "type": "Feature",
      "properties": {
        "id": "0000107",
        "dataset_index": 107,
        "time_start": "1980-01-01",
        "time_end": "2023-12-31",
        "Hs_mean": 0.6679449081420898,
        "Hs_max": 4.5156779289245605,
        "Hs_95": 1.41887589097023,
        "Tp_mean": 5.223082542419434,
        "Dp_mean": 172.92819213867188,
        "Dm_mean": 170.7991180419922,
        "Tm02_mean": 4.845183372497559
      },
      "geometry": {
        "type": "Point",
        "coordinates": [
          -78.14969635009766,
          33.888187408447266
        ]
      }
    },
    {
      "type": "Feature",
      "properties": {
        "id": "0000108",
        "dataset_index": 108,
        "time_start": "1980-01-01",
        "time_end": "2023-12-31",
        "Hs_mean": 0.6625840067863464,
        "Hs_max": 4.5427751541137695,
        "Hs_95": 1.4095318377017974,
        "Tp_mean": 5.254916667938232,
        "Dp_mean": 173.03012084960938,
        "Dm_mean": 171.0697021484375,
        "Tm02_mean": 4.874413013458252
      },
      "geometry": {
        "type": "Point",
        "coordinates": [
          -78.14427185058594,
          33.888099670410156
        ]
      }
    },
    {
      "type": "Feature",
      "properties": {
        "id": "0000109",
        "dataset_index": 109,
        "time_start": "1980-01-01",
        "time_end": "2023-12-31",
        "Hs_mean": 0.6595450043678284,
        "Hs_max": 4.593559741973877,
        "Hs_95": 1.4048117697238922,
        "Tp_mean": 5.221855640411377,
        "Dp_mean": 173.45346069335938,
        "Dm_mean": 171.47059631347656,
        "Tm02_mean": 4.869816303253174
      },
      "geometry": {
        "type": "Point",
        "coordinates": [
          -78.13884735107422,
          33.88800811767578
        ]
      }
    },
    {
      "type": "Feature",
      "properties": {
        "id": "0000110",
        "dataset_index": 110,
        "time_start": "1980-01-01",
        "time_end": "2023-12-31",
        "Hs_mean": 0.6609711647033691,
        "Hs_max": 4.706211566925049,
        "Hs_95": 1.4102351009845733,
        "Tp_mean": 5.194830417633057,
        "Dp_mean": 173.2652587890625,
        "Dm_mean": 171.0792694091797,
        "Tm02_mean": 4.868209362030029
      },
      "geometry": {
        "type": "Point",
        "coordinates": [
          -78.13356018066406,
          33.88734817504883
        ]
      }
    },
    {
      "type": "Feature",
      "properties": {
        "id": "0000111",
        "dataset_index": 111,
        "time_start": "1980-01-01",
        "time_end": "2023-12-31",
        "Hs_mean": 0.6628801226615906,
        "Hs_max": 4.751463413238525,
        "Hs_95": 1.41567263007164,
        "Tp_mean": 5.166083812713623,
        "Dp_mean": 172.88729858398438,
        "Dm_mean": 170.5979766845703,
        "Tm02_mean": 4.8510894775390625
      },
      "geometry": {
        "type": "Point",
        "coordinates": [
          -78.12850189208984,
          33.885711669921875
        ]
      }
    },
    {
      "type": "Feature",
      "properties": {
        "id": "0000112",
        "dataset_index": 112,
        "time_start": "1980-01-01",
        "time_end": "2023-12-31",
        "Hs_mean": 0.6636703014373779,
        "Hs_max": 4.605719089508057,
        "Hs_95": 1.409781539440155,
        "Tp_mean": 5.125385284423828,
        "Dp_mean": 173.38682556152344,
        "Dm_mean": 170.82354736328125,
        "Tm02_mean": 4.825118064880371
      },
      "geometry": {
        "type": "Point",
        "coordinates": [
          -78.12345123291016,
          33.88407516479492
        ]
      }
    },
    {
      "type": "Feature",
      "properties": {
        "id": "0000113",
        "dataset_index": 113,
        "time_start": "1980-01-01",
        "time_end": "2023-12-31",
        "Hs_mean": 0.6632274389266968,
        "Hs_max": 4.486568450927734,
        "Hs_95": 1.4008916497230528,
        "Tp_mean": 5.1346611976623535,
        "Dp_mean": 174.5485076904297,
        "Dm_mean": 171.7321319580078,
        "Tm02_mean": 4.829376697540283
      },
      "geometry": {
        "type": "Point",
        "coordinates": [
          -78.11839294433594,
          33.8824348449707
        ]
      }
    },
    {
      "type": "Feature",
      "properties": {
        "id": "0000114",
        "dataset_index": 114,
        "time_start": "1980-01-01",
        "time_end": "2023-12-31",
        "Hs_mean": 0.6720629930496216,
        "Hs_max": 4.696047306060791,
        "Hs_95": 1.4109999835491176,
        "Tp_mean": 5.162651538848877,
        "Dp_mean": 174.05250549316406,
        "Dm_mean": 171.14369201660156,
        "Tm02_mean": 4.8675689697265625
      },
      "geometry": {
        "type": "Point",
        "coordinates": [
          -78.11334228515625,
          33.88079833984375
        ]
      }
    },
    {
      "type": "Feature",
      "properties": {
        "id": "0000115",
        "dataset_index": 115,
        "time_start": "1980-01-01",
        "time_end": "2023-12-31",
        "Hs_mean": 0.6793405413627625,
        "Hs_max": 4.874680519104004,
        "Hs_95": 1.424866944551468,
        "Tp_mean": 5.150153160095215,
        "Dp_mean": 175.1710968017578,
        "Dm_mean": 171.62933349609375,
        "Tm02_mean": 4.862978935241699
      },
      "geometry": {
        "type": "Point",
        "coordinates": [
          -78.10828399658203,
          33.87915802001953
        ]
      }
    },
    {
      "type": "Feature",
      "properties": {
        "id": "0000116",
        "dataset_index": 116,
        "time_start": "1980-01-01",
        "time_end": "2023-12-31",
        "Hs_mean": 0.6804519891738892,
        "Hs_max": 4.790472030639648,
        "Hs_95": 1.4194380044937125,
        "Tp_mean": 5.110386848449707,
        "Dp_mean": 171.95208740234375,
        "Dm_mean": 168.85379028320312,
        "Tm02_mean": 4.8282976150512695
      },
      "geometry": {
        "type": "Point",
        "coordinates": [
          -78.10323333740234,
          33.87752151489258
        ]
      }
    },
    {
      "type": "Feature",
      "properties": {
        "id": "0000117",
        "dataset_index": 117,
        "time_start": "1980-01-01",
        "time_end": "2023-12-31",
        "Hs_mean": 0.6820071339607239,
        "Hs_max": 4.624881267547607,
        "Hs_95": 1.4063069760799407,
        "Tp_mean": 5.090122222900391,
        "Dp_mean": 171.2749481201172,
        "Dm_mean": 168.0232391357422,
        "Tm02_mean": 4.806495189666748
      },
      "geometry": {
        "type": "Point",
        "coordinates": [
          -78.09817504882812,
          33.87588119506836
        ]
      }
    },
    {
      "type": "Feature",
      "properties": {
        "id": "0000118",
        "dataset_index": 118,
        "time_start": "1980-01-01",
        "time_end": "2023-12-31",
        "Hs_mean": 0.685149073600769,
        "Hs_max": 4.6134772300720215,
        "Hs_95": 1.4029553830623627,
        "Tp_mean": 5.087602138519287,
        "Dp_mean": 170.6788330078125,
        "Dm_mean": 167.19447326660156,
        "Tm02_mean": 4.803648948669434
      },
      "geometry": {
        "type": "Point",
        "coordinates": [
          -78.09312438964844,
          33.874244689941406
        ]
      }
    },
    {
      "type": "Feature",
      "properties": {
        "id": "0000119",
        "dataset_index": 119,
        "time_start": "1980-01-01",
        "time_end": "2023-12-31",
        "Hs_mean": 0.6868036389350891,
        "Hs_max": 4.529040813446045,
        "Hs_95": 1.3940513134002683,
        "Tp_mean": 5.065051078796387,
        "Dp_mean": 169.7651824951172,
        "Dm_mean": 166.10467529296875,
        "Tm02_mean": 4.785264492034912
      },
      "geometry": {
        "type": "Point",
        "coordinates": [
          -78.08806610107422,
          33.87260818481445
        ]
      }
    },
    {
      "type": "Feature",
      "properties": {
        "id": "0000120",
        "dataset_index": 120,
        "time_start": "1980-01-01",
        "time_end": "2023-12-31",
        "Hs_mean": 0.6860886812210083,
        "Hs_max": 4.371227264404297,
        "Hs_95": 1.3805083751678464,
        "Tp_mean": 5.03993558883667,
        "Dp_mean": 169.64291381835938,
        "Dm_mean": 166.09107971191406,
        "Tm02_mean": 4.762755393981934
      },
      "geometry": {
        "type": "Point",
        "coordinates": [
          -78.08301544189453,
          33.870967864990234
        ]
      }
    },
    {
      "type": "Feature",
      "properties": {
        "id": "0000121",
        "dataset_index": 121,
        "time_start": "1980-01-01",
        "time_end": "2023-12-31",
        "Hs_mean": 0.6881417036056519,
        "Hs_max": 4.300799369812012,
        "Hs_95": 1.3738043427467346,
        "Tp_mean": 5.053361415863037,
        "Dp_mean": 169.93515014648438,
        "Dm_mean": 166.4504852294922,
        "Tm02_mean": 4.791882514953613
      },
      "geometry": {
        "type": "Point",
        "coordinates": [
          -78.07894134521484,
          33.86817932128906
        ]
      }
    },
    {
      "type": "Feature",
      "properties": {
        "id": "0000122",
        "dataset_index": 122,
        "time_start": "1980-01-01",
        "time_end": "2023-12-31",
        "Hs_mean": 0.6938384771347046,
        "Hs_max": 4.333640098571777,
        "Hs_95": 1.3745130121707916,
        "Tp_mean": 5.08687162399292,
        "Dp_mean": 170.2730255126953,
        "Dm_mean": 166.7514190673828,
        "Tm02_mean": 4.839142322540283
      },
      "geometry": {
        "type": "Point",
        "coordinates": [
          -78.07539367675781,
          33.864768981933594
        ]
      }
    },
    {
      "type": "Feature",
      "properties": {
        "id": "0000123",
        "dataset_index": 123,
        "time_start": "1980-01-01",
        "time_end": "2023-12-31",
        "Hs_mean": 0.7037936449050903,
        "Hs_max": 4.490009784698486,
        "Hs_95": 1.3876852035522456,
        "Tp_mean": 5.122843265533447,
        "Dp_mean": 171.32925415039062,
        "Dm_mean": 167.50975036621094,
        "Tm02_mean": 4.899432182312012
      },
      "geometry": {
        "type": "Point",
        "coordinates": [
          -78.07215881347656,
          33.86118698120117
        ]
      }
    },
    {
      "type": "Feature",
      "properties": {
        "id": "0000124",
        "dataset_index": 124,
        "time_start": "1980-01-01",
        "time_end": "2023-12-31",
        "Hs_mean": 0.7168416976928711,
        "Hs_max": 4.760512351989746,
        "Hs_95": 1.4156127214431757,
        "Tp_mean": 5.133946895599365,
        "Dp_mean": 170.85801696777344,
        "Dm_mean": 166.76739501953125,
        "Tm02_mean": 4.908141136169434
      },
      "geometry": {
        "type": "Point",
        "coordinates": [
          -78.06964874267578,
          33.85719299316406
        ]
      }
    },
    {
      "type": "Feature",
      "properties": {
        "id": "0000125",
        "dataset_index": 125,
        "time_start": "1980-01-01",
        "time_end": "2023-12-31",
        "Hs_mean": 0.7305393815040588,
        "Hs_max": 4.794171333312988,
        "Hs_95": 1.4406341552734374,
        "Tp_mean": 5.13968563079834,
        "Dp_mean": 169.12950134277344,
        "Dm_mean": 164.53636169433594,
        "Tm02_mean": 4.910300254821777
      },
      "geometry": {
        "type": "Point",
        "coordinates": [
          -78.067138671875,
          33.85319900512695
        ]
      }
    },
    {
      "type": "Feature",
      "properties": {
        "id": "0000126",
        "dataset_index": 126,
        "time_start": "1980-01-01",
        "time_end": "2023-12-31",
        "Hs_mean": 0.7394633889198303,
        "Hs_max": 5.084644794464111,
        "Hs_95": 1.455421960353851,
        "Tp_mean": 5.16304349899292,
        "Dp_mean": 167.864990234375,
        "Dm_mean": 162.94448852539062,
        "Tm02_mean": 4.9245195388793945
      },
      "geometry": {
        "type": "Point",
        "coordinates": [
          -78.06462860107422,
          33.849205017089844
        ]
      }
    },
    {
      "type": "Feature",
      "properties": {
        "id": "0000127",
        "dataset_index": 127,
        "time_start": "1980-01-01",
        "time_end": "2023-12-31",
        "Hs_mean": 0.7447406053543091,
        "Hs_max": 5.159945487976074,
        "Hs_95": 1.46198610663414,
        "Tp_mean": 5.180467128753662,
        "Dp_mean": 169.26979064941406,
        "Dm_mean": 164.32485961914062,
        "Tm02_mean": 4.931201934814453
      },
      "geometry": {
        "type": "Point",
        "coordinates": [
          -78.06212615966797,
          33.845211029052734
        ]
      }
    },
    {
      "type": "Feature",
      "properties": {
        "id": "0000128",
        "dataset_index": 128,
        "time_start": "1980-01-01",
        "time_end": "2023-12-31",
        "Hs_mean": 0.7447136640548706,
        "Hs_max": 5.244499683380127,
        "Hs_95": 1.4663099348545072,
        "Tp_mean": 5.2120442390441895,
        "Dp_mean": 167.19143676757812,
        "Dm_mean": 162.00123596191406,
        "Tm02_mean": 4.970412254333496
      },
      "geometry": {
        "type": "Point",
        "coordinates": [
          -78.05896759033203,
          33.84170150756836
        ]
      }
    },
    {
      "type": "Feature",
      "properties": {
        "id": "0000129",
        "dataset_index": 129,
        "time_start": "1980-01-01",
        "time_end": "2023-12-31",
        "Hs_mean": 0.7437781095504761,
        "Hs_max": 5.330269813537598,
        "Hs_95": 1.4691022753715512,
        "Tp_mean": 5.206213474273682,
        "Dp_mean": 168.45013427734375,
        "Dm_mean": 162.30157470703125,
        "Tm02_mean": 4.976670742034912
      },
      "geometry": {
        "type": "Point",
        "coordinates": [
          -78.054443359375,
          33.8392219543457
        ]
      }
    },
    {
      "type": "Feature",
      "properties": {
        "id": "0000130",
        "dataset_index": 130,
        "time_start": "1980-01-01",
        "time_end": "2023-12-31",
        "Hs_mean": 0.7448724508285522,
        "Hs_max": 5.432963848114014,
        "Hs_95": 1.4799538612365721,
        "Tp_mean": 5.194488048553467,
        "Dp_mean": 168.64224243164062,
        "Dm_mean": 161.9647216796875,
        "Tm02_mean": 4.9680376052856445
      },
      "geometry": {
        "type": "Point",
        "coordinates": [
          -78.049560546875,
          33.837425231933594
        ]
      }
    },
    {
      "type": "Feature",
      "properties": {
        "id": "0000131",
        "dataset_index": 131,
        "time_start": "1980-01-01",
        "time_end": "2023-12-31",
        "Hs_mean": 0.7406370043754578,
        "Hs_max": 5.313869476318359,
        "Hs_95": 1.4738860070705408,
        "Tp_mean": 5.155648708343506,
        "Dp_mean": 168.16184997558594,
        "Dm_mean": 161.5664825439453,
        "Tm02_mean": 4.941318511962891
      },
      "geometry": {
        "type": "Point",
        "coordinates": [
          -78.04428100585938,
          33.83638000488281
        ]
      }
    },
    {
      "type": "Feature",
      "properties": {
        "id": "0000132",
        "dataset_index": 132,
        "time_start": "1980-01-01",
        "time_end": "2023-12-31",
        "Hs_mean": 0.7291520237922668,
        "Hs_max": 4.897769451141357,
        "Hs_95": 1.442332512140274,
        "Tp_mean": 5.133596897125244,
        "Dp_mean": 171.38706970214844,
        "Dm_mean": 164.3838348388672,
        "Tm02_mean": 4.921123027801514
      },
      "geometry": {
        "type": "Point",
        "coordinates": [
          -78.03900909423828,
          33.835330963134766
        ]
      }
    },
    {
      "type": "Feature",
      "properties": {
        "id": "0000133",
        "dataset_index": 133,
        "time_start": "1980-01-01",
        "time_end": "2023-12-31",
        "Hs_mean": 0.7311059236526489,
        "Hs_max": 4.763551712036133,
        "Hs_95": 1.4407406091690063,
        "Tp_mean": 5.19593620300293,
        "Dp_mean": 171.70396423339844,
        "Dm_mean": 164.27757263183594,
        "Tm02_mean": 4.993575096130371
      },
      "geometry": {
        "type": "Point",
        "coordinates": [
          -78.03414154052734,
          33.833648681640625
        ]
      }
    },
    {
      "type": "Feature",
      "properties": {
        "id": "0000134",
        "dataset_index": 134,
        "time_start": "1980-01-01",
        "time_end": "2023-12-31",
        "Hs_mean": 0.7371823191642761,
        "Hs_max": 4.82969856262207,
        "Hs_95": 1.4432657480239868,
        "Tp_mean": 5.224368572235107,
        "Dp_mean": 171.22796630859375,
        "Dm_mean": 164.26153564453125,
        "Tm02_mean": 5.031591415405273
      },
      "geometry": {
        "type": "Point",
        "coordinates": [
          -78.03013610839844,
          33.83061218261719
        ]
      }
    },
    {
      "type": "Feature",
      "properties": {
        "id": "0000135",
        "dataset_index": 135,
        "time_start": "1980-01-01",
        "time_end": "2023-12-31",
        "Hs_mean": 0.7471819519996643,
        "Hs_max": 5.071055889129639,
        "Hs_95": 1.4669717729091643,
        "Tp_mean": 5.262226581573486,
        "Dp_mean": 174.20375061035156,
        "Dm_mean": 166.30319213867188,
        "Tm02_mean": 5.075469970703125
      },
      "geometry": {
        "type": "Point",
        "coordinates": [
          -78.02613067626953,
          33.82757568359375
        ]
      }
    },
    {
      "type": "Feature",
      "properties": {
        "id": "0000136",
        "dataset_index": 136,
        "time_start": "1980-01-01",
        "time_end": "2023-12-31",
        "Hs_mean": 0.754836916923523,
        "Hs_max": 5.228145599365234,
        "Hs_95": 1.4828336358070373,
        "Tp_mean": 5.285757064819336,
        "Dp_mean": 172.4411163330078,
        "Dm_mean": 164.83792114257812,
        "Tm02_mean": 5.094240665435791
      },
      "geometry": {
        "type": "Point",
        "coordinates": [
          -78.02212524414062,
          33.82453918457031
        ]
      }
    },
    {
      "type": "Feature",
      "properties": {
        "id": "0000137",
        "dataset_index": 137,
        "time_start": "1980-01-01",
        "time_end": "2023-12-31",
        "Hs_mean": 0.7579778432846069,
        "Hs_max": 5.174553394317627,
        "Hs_95": 1.4820355772972102,
        "Tp_mean": 5.3147430419921875,
        "Dp_mean": 171.4363250732422,
        "Dm_mean": 163.85391235351562,
        "Tm02_mean": 5.117927551269531
      },
      "geometry": {
        "type": "Point",
        "coordinates": [
          -78.01811981201172,
          33.821502685546875
        ]
      }
    },
    {
      "type": "Feature",
      "properties": {
        "id": "0000138",
        "dataset_index": 138,
        "time_start": "1980-01-01",
        "time_end": "2023-12-31",
        "Hs_mean": 0.7646738886833191,
        "Hs_max": 5.138442039489746,
        "Hs_95": 1.4871022939682006,
        "Tp_mean": 5.333729267120361,
        "Dp_mean": 170.32286071777344,
        "Dm_mean": 163.08688354492188,
        "Tm02_mean": 5.148091793060303
      },
      "geometry": {
        "type": "Point",
        "coordinates": [
          -78.01411437988281,
          33.81846618652344
        ]
      }
    },
    {
      "type": "Feature",
      "properties": {
        "id": "0000139",
        "dataset_index": 139,
        "time_start": "1980-01-01",
        "time_end": "2023-12-31",
        "Hs_mean": 0.771503746509552,
        "Hs_max": 5.1565680503845215,
        "Hs_95": 1.4914537429809571,
        "Tp_mean": 5.372960090637207,
        "Dp_mean": 168.57485961914062,
        "Dm_mean": 161.29998779296875,
        "Tm02_mean": 5.204748153686523
      },
      "geometry": {
        "type": "Point",
        "coordinates": [
          -78.01011657714844,
          33.8154296875
        ]
      }
    },
    {
      "type": "Feature",
      "properties": {
        "id": "0000140",
        "dataset_index": 140,
        "time_start": "1980-01-01",
        "time_end": "2023-12-31",
        "Hs_mean": 0.7787293791770935,
        "Hs_max": 5.208071708679199,
        "Hs_95": 1.4970810472965241,
        "Tp_mean": 5.392977714538574,
        "Dp_mean": 168.05393981933594,
        "Dm_mean": 160.5410614013672,
        "Tm02_mean": 5.239753723144531
      },
      "geometry": {
        "type": "Point",
        "coordinates": [
          -78.00611114501953,
          33.8123893737793
        ]
      }
    },
    {
      "type": "Feature",
      "properties": {
        "id": "0000141",
        "dataset_index": 141,
        "time_start": "1980-01-01",
        "time_end": "2023-12-31",
        "Hs_mean": 0.786620557308197,
        "Hs_max": 5.275829315185547,
        "Hs_95": 1.50761758685112,
        "Tp_mean": 5.432625770568848,
        "Dp_mean": 168.13180541992188,
        "Dm_mean": 160.3672637939453,
        "Tm02_mean": 5.285521507263184
      },
      "geometry": {
        "type": "Point",
        "coordinates": [
          -78.0025634765625,
          33.80904769897461
        ]
      }
    },
    {
      "type": "Feature",
      "properties": {
        "id": "0000142",
        "dataset_index": 142,
        "time_start": "1980-01-01",
        "time_end": "2023-12-31",
        "Hs_mean": 0.797486424446106,
        "Hs_max": 5.2894744873046875,
        "Hs_95": 1.526527804136276,
        "Tp_mean": 5.480044841766357,
        "Dp_mean": 166.70802307128906,
        "Dm_mean": 159.33099365234375,
        "Tm02_mean": 5.334343910217285
      },
      "geometry": {
        "type": "Point",
        "coordinates": [
          -77.9998779296875,
          33.805137634277344
        ]
      }
    },
    {
      "type": "Feature",
      "properties": {
        "id": "0000143",
        "dataset_index": 143,
        "time_start": "1980-01-01",
        "time_end": "2023-12-31",
        "Hs_mean": 0.8046912550926208,
        "Hs_max": 5.287603378295898,
        "Hs_95": 1.5371525228023528,
        "Tp_mean": 5.5005998611450195,
        "Dp_mean": 165.60031127929688,
        "Dm_mean": 158.70774841308594,
        "Tm02_mean": 5.346738338470459
      },
      "geometry": {
        "type": "Point",
        "coordinates": [
          -77.99718475341797,
          33.80122756958008
        ]
      }
    },
    {
      "type": "Feature",
      "properties": {
        "id": "0000144",
        "dataset_index": 144,
        "time_start": "1980-01-01",
        "time_end": "2023-12-31",
        "Hs_mean": 0.809573233127594,
        "Hs_max": 5.276068210601807,
        "Hs_95": 1.5411010742187499,
        "Tp_mean": 5.500732898712158,
        "Dp_mean": 164.2707061767578,
        "Dm_mean": 157.9591827392578,
        "Tm02_mean": 5.338175296783447
      },
      "geometry": {
        "type": "Point",
        "coordinates": [
          -77.99449157714844,
          33.79731750488281
        ]
      }
    },
    {
      "type": "Feature",
      "properties": {
        "id": "0000145",
        "dataset_index": 145,
        "time_start": "1980-01-01",
        "time_end": "2023-12-31",
        "Hs_mean": 0.812066912651062,
        "Hs_max": 5.39091682434082,
        "Hs_95": 1.5421809315681456,
        "Tp_mean": 5.479103088378906,
        "Dp_mean": 163.5660858154297,
        "Dm_mean": 157.61605834960938,
        "Tm02_mean": 5.326206684112549
      },
      "geometry": {
        "type": "Point",
        "coordinates": [
          -77.99180603027344,
          33.79340744018555
        ]
      }
    },
    {
      "type": "Feature",
      "properties": {
        "id": "0000146",
        "dataset_index": 146,
        "time_start": "1980-01-01",
        "time_end": "2023-12-31",
        "Hs_mean": 0.8152982592582703,
        "Hs_max": 5.443507194519043,
        "Hs_95": 1.5479425251483914,
        "Tp_mean": 5.418543815612793,
        "Dp_mean": 166.35113525390625,
        "Dm_mean": 159.3470001220703,
        "Tm02_mean": 5.275475978851318
      },
      "geometry": {
        "type": "Point",
        "coordinates": [
          -77.9891128540039,
          33.789493560791016
        ]
      }
    },
    {
      "type": "Feature",
      "properties": {
        "id": "0000147",
        "dataset_index": 147,
        "time_start": "1980-01-01",
        "time_end": "2023-12-31",
        "Hs_mean": 0.8218021988868713,
        "Hs_max": 5.644824028015137,
        "Hs_95": 1.560723084211349,
        "Tp_mean": 5.426784992218018,
        "Dp_mean": 161.82254028320312,
        "Dm_mean": 155.98223876953125,
        "Tm02_mean": 5.273626804351807
      },
      "geometry": {
        "type": "Point",
        "coordinates": [
          -77.9864273071289,
          33.78558349609375
        ]
      }
    },
    {
      "type": "Feature",
      "properties": {
        "id": "0000148",
        "dataset_index": 148,
        "time_start": "1980-01-01",
        "time_end": "2023-12-31",
        "Hs_mean": 0.828205943107605,
        "Hs_max": 5.679031848907471,
        "Hs_95": 1.5763829171657562,
        "Tp_mean": 5.480234146118164,
        "Dp_mean": 160.51132202148438,
        "Dm_mean": 154.15261840820312,
        "Tm02_mean": 5.309298992156982
      },
      "geometry": {
        "type": "Point",
        "coordinates": [
          -77.98373413085938,
          33.781673431396484
        ]
      }
    },
    {
      "type": "Feature",
      "properties": {
        "id": "0000149",
        "dataset_index": 149,
        "time_start": "1980-01-01",
        "time_end": "2023-12-31",
        "Hs_mean": 0.8372417092323303,
        "Hs_max": 5.620693683624268,
        "Hs_95": 1.5917461156845092,
        "Tp_mean": 5.515233993530273,
        "Dp_mean": 158.28976440429688,
        "Dm_mean": 152.32276916503906,
        "Tm02_mean": 5.334290027618408
      },
      "geometry": {
        "type": "Point",
        "coordinates": [
          -77.98104858398438,
          33.77776336669922
        ]
      }
    },
    {
      "type": "Feature",
      "properties": {
        "id": "0000150",
        "dataset_index": 150,
        "time_start": "1980-01-01",
        "time_end": "2023-12-31",
        "Hs_mean": 0.842585563659668,
        "Hs_max": 5.466310977935791,
        "Hs_95": 1.6008016109466552,
        "Tp_mean": 5.530564785003662,
        "Dp_mean": 158.1314239501953,
        "Dm_mean": 152.27357482910156,
        "Tm02_mean": 5.366918563842773
      },
      "geometry": {
        "type": "Point",
        "coordinates": [
          -77.97835540771484,
          33.77385330200195
        ]
      }
    },
    {
      "type": "Feature",
      "properties": {
        "id": "0000151",
        "dataset_index": 151,
        "time_start": "1980-01-01",
        "time_end": "2023-12-31",
        "Hs_mean": 0.8419681787490845,
        "Hs_max": 5.307961463928223,
        "Hs_95": 1.597379398345947,
        "Tp_mean": 5.495211601257324,
        "Dp_mean": 158.25576782226562,
        "Dm_mean": 152.97438049316406,
        "Tm02_mean": 5.336648464202881
      },
      "geometry": {
        "type": "Point",
        "coordinates": [
          -77.97566986083984,
          33.76994323730469
        ]
      }
    },
    {
      "type": "Feature",
      "properties": {
        "id": "0000152",
        "dataset_index": 152,
        "time_start": "1980-01-01",
        "time_end": "2023-12-31",
        "Hs_mean": 0.8402501940727234,
        "Hs_max": 5.210668563842773,
        "Hs_95": 1.589018040895462,
        "Tp_mean": 5.479119300842285,
        "Dp_mean": 160.45074462890625,
        "Dm_mean": 155.02989196777344,
        "Tm02_mean": 5.324975490570068
      },
      "geometry": {
        "type": "Point",
        "coordinates": [
          -77.97297668457031,
          33.766029357910156
        ]
      }
    },
    {
      "type": "Feature",
      "properties": {
        "id": "0000153",
        "dataset_index": 153,
        "time_start": "1980-01-01",
        "time_end": "2023-12-31",
        "Hs_mean": 0.8349611759185791,
        "Hs_max": 5.141680717468262,
        "Hs_95": 1.5754076123237608,
        "Tp_mean": 5.452171802520752,
        "Dp_mean": 161.34918212890625,
        "Dm_mean": 155.6590118408203,
        "Tm02_mean": 5.307311534881592
      },
      "geometry": {
        "type": "Point",
        "coordinates": [
          -77.97029113769531,
          33.76211929321289
        ]
      }
    },
    {
      "type": "Feature",
      "properties": {
        "id": "0000154",
        "dataset_index": 154,
        "time_start": "1980-01-01",
        "time_end": "2023-12-31",
        "Hs_mean": 0.8293721675872803,
        "Hs_max": 5.1467413902282715,
        "Hs_95": 1.5617531001567837,
        "Tp_mean": 5.425666809082031,
        "Dp_mean": 161.19464111328125,
        "Dm_mean": 155.53195190429688,
        "Tm02_mean": 5.288412570953369
      },
      "geometry": {
        "type": "Point",
        "coordinates": [
          -77.96759796142578,
          33.758209228515625
        ]
      }
    },
    {
      "type": "Feature",
      "properties": {
        "id": "0000155",
        "dataset_index": 155,
        "time_start": "1980-01-01",
        "time_end": "2023-12-31",
        "Hs_mean": 0.8279715180397034,
        "Hs_max": 5.209737300872803,
        "Hs_95": 1.5586583912372587,
        "Tp_mean": 5.4142327308654785,
        "Dp_mean": 160.3797607421875,
        "Dm_mean": 154.41802978515625,
        "Tm02_mean": 5.287778377532959
      },
      "geometry": {
        "type": "Point",
        "coordinates": [
          -77.96491241455078,
          33.75429916381836
        ]
      }
    },
    {
      "type": "Feature",
      "properties": {
        "id": "0000156",
        "dataset_index": 156,
        "time_start": "1980-01-01",
        "time_end": "2023-12-31",
        "Hs_mean": 0.827640950679779,
        "Hs_max": 5.391143798828125,
        "Hs_95": 1.567014914751052,
        "Tp_mean": 5.408758640289307,
        "Dp_mean": 156.57473754882812,
        "Dm_mean": 151.6981964111328,
        "Tm02_mean": 5.29520320892334
      },
      "geometry": {
        "type": "Point",
        "coordinates": [
          -77.96271514892578,
          33.750213623046875
        ]
      }
    },
    {
      "type": "Feature",
      "properties": {
        "id": "0000157",
        "dataset_index": 157,
        "time_start": "1980-01-01",
        "time_end": "2023-12-31",
        "Hs_mean": 0.83835369348526,
        "Hs_max": 5.626496315002441,
        "Hs_95": 1.5955201804637902,
        "Tp_mean": 5.487201690673828,
        "Dp_mean": 153.95135498046875,
        "Dm_mean": 149.55828857421875,
        "Tm02_mean": 5.361506462097168
      },
      "geometry": {
        "type": "Point",
        "coordinates": [
          -77.96116638183594,
          33.74589538574219
        ]
      }
    },
    {
      "type": "Feature",
      "properties": {
        "id": "0000158",
        "dataset_index": 158,
        "time_start": "1980-01-01",
        "time_end": "2023-12-31",
        "Hs_mean": 0.8613041639328003,
        "Hs_max": 5.930718421936035,
        "Hs_95": 1.6423585712909698,
        "Tp_mean": 5.6025824546813965,
        "Dp_mean": 150.39764404296875,
        "Dm_mean": 146.23635864257812,
        "Tm02_mean": 5.465732574462891
      },
      "geometry": {
        "type": "Point",
        "coordinates": [
          -77.9596176147461,
          33.7415771484375
        ]
      }
    },
    {
      "type": "Feature",
      "properties": {
        "id": "0000159",
        "dataset_index": 159,
        "time_start": "1980-01-01",
        "time_end": "2023-12-31",
        "Hs_mean": 0.8794546127319336,
        "Hs_max": 6.087569236755371,
        "Hs_95": 1.6791533052921295,
        "Tp_mean": 5.6383137702941895,
        "Dp_mean": 148.82850646972656,
        "Dm_mean": 144.74110412597656,
        "Tm02_mean": 5.496974468231201
      },
      "geometry": {
        "type": "Point",
        "coordinates": [
          -77.95807647705078,
          33.73726272583008
        ]
      }
    },
    {
      "type": "Feature",
      "properties": {
        "id": "0000160",
        "dataset_index": 160,
        "time_start": "1980-01-01",
        "time_end": "2023-12-31",
        "Hs_mean": 0.8834336400032043,
        "Hs_max": 6.07047700881958,
        "Hs_95": 1.6862521648406983,
        "Tp_mean": 5.62709379196167,
        "Dp_mean": 149.27088928222656,
        "Dm_mean": 145.3589324951172,
        "Tm02_mean": 5.462375640869141
      },
      "geometry": {
        "type": "Point",
        "coordinates": [
          -77.95652770996094,
          33.73294448852539
        ]
      }
    },
    {
      "type": "Feature",
      "properties": {
        "id": "0000161",
        "dataset_index": 161,
        "time_start": "1980-01-01",
        "time_end": "2023-12-31",
        "Hs_mean": 0.888687252998352,
        "Hs_max": 6.0393195152282715,
        "Hs_95": 1.6993647098541258,
        "Tp_mean": 5.613865375518799,
        "Dp_mean": 148.59840393066406,
        "Dm_mean": 144.8257598876953,
        "Tm02_mean": 5.4409284591674805
      },
      "geometry": {
        "type": "Point",
        "coordinates": [
          -77.9549789428711,
          33.72863006591797
        ]
      }
    },
    {
      "type": "Feature",
      "properties": {
        "id": "0000162",
        "dataset_index": 162,
        "time_start": "1980-01-01",
        "time_end": "2023-12-31",
        "Hs_mean": 0.897646963596344,
        "Hs_max": 6.1019439697265625,
        "Hs_95": 1.720942884683609,
        "Tp_mean": 5.6660614013671875,
        "Dp_mean": 146.22891235351562,
        "Dm_mean": 142.96450805664062,
        "Tm02_mean": 5.491303443908691
      },
      "geometry": {
        "type": "Point",
        "coordinates": [
          -77.95301818847656,
          33.72443771362305
        ]
      }
    },
    {
      "type": "Feature",
      "properties": {
        "id": "0000163",
        "dataset_index": 163,
        "time_start": "1980-01-01",
        "time_end": "2023-12-31",
        "Hs_mean": 0.8985459208488464,
        "Hs_max": 5.994234085083008,
        "Hs_95": 1.7206370234489439,
        "Tp_mean": 5.637335300445557,
        "Dp_mean": 146.16592407226562,
        "Dm_mean": 143.24313354492188,
        "Tm02_mean": 5.459657192230225
      },
      "geometry": {
        "type": "Point",
        "coordinates": [
          -77.95082092285156,
          33.72032165527344
        ]
      }
    },
    {
      "type": "Feature",
      "properties": {
        "id": "0000164",
        "dataset_index": 164,
        "time_start": "1980-01-01",
        "time_end": "2023-12-31",
        "Hs_mean": 0.8972381949424744,
        "Hs_max": 5.885324478149414,
        "Hs_95": 1.7133927524089811,
        "Tp_mean": 5.613189220428467,
        "Dp_mean": 146.3746337890625,
        "Dm_mean": 143.78773498535156,
        "Tm02_mean": 5.456172943115234
      },
      "geometry": {
        "type": "Point",
        "coordinates": [
          -77.9486312866211,
          33.71620178222656
        ]
      }
    },
    {
      "type": "Feature",
      "properties": {
        "id": "0000165",
        "dataset_index": 165,
        "time_start": "1980-01-01",
        "time_end": "2023-12-31",
        "Hs_mean": 0.8985201716423035,
        "Hs_max": 5.898617267608643,
        "Hs_95": 1.7150487422943113,
        "Tp_mean": 5.614151477813721,
        "Dp_mean": 148.43875122070312,
        "Dm_mean": 145.2586212158203,
        "Tm02_mean": 5.468868732452393
      },
      "geometry": {
        "type": "Point",
        "coordinates": [
          -77.94644165039062,
          33.71208190917969
        ]
      }
    },
    {
      "type": "Feature",
      "properties": {
        "id": "0000166",
        "dataset_index": 166,
        "time_start": "1980-01-01",
        "time_end": "2023-12-31",
        "Hs_mean": 0.9035094380378723,
        "Hs_max": 5.9088239669799805,
        "Hs_95": 1.726023471355438,
        "Tp_mean": 5.628113269805908,
        "Dp_mean": 147.688232421875,
        "Dm_mean": 144.6424102783203,
        "Tm02_mean": 5.491052150726318
      },
      "geometry": {
        "type": "Point",
        "coordinates": [
          -77.94424438476562,
          33.70796585083008
        ]
      }
    },
    {
      "type": "Feature",
      "properties": {
        "id": "0000167",
        "dataset_index": 167,
        "time_start": "1980-01-01",
        "time_end": "2023-12-31",
        "Hs_mean": 0.9096769690513611,
        "Hs_max": 5.841686725616455,
        "Hs_95": 1.7400792002677916,
        "Tp_mean": 5.630115509033203,
        "Dp_mean": 148.23471069335938,
        "Dm_mean": 145.503662109375,
        "Tm02_mean": 5.5007734298706055
      },
      "geometry": {
        "type": "Point",
        "coordinates": [
          -77.94205474853516,
          33.7038459777832
        ]
      }
    },
    {
      "type": "Feature",
      "properties": {
        "id": "0000168",
        "dataset_index": 168,
        "time_start": "1980-01-01",
        "time_end": "2023-12-31",
        "Hs_mean": 0.9076119661331177,
        "Hs_max": 5.8089189529418945,
        "Hs_95": 1.7314791679382322,
        "Tp_mean": 5.614773273468018,
        "Dp_mean": 150.6320343017578,
        "Dm_mean": 148.06166076660156,
        "Tm02_mean": 5.487678050994873
      },
      "geometry": {
        "type": "Point",
        "coordinates": [
          -77.93985748291016,
          33.69972610473633
        ]
      }
    },
    {
      "type": "Feature",
      "properties": {
        "id": "0000169",
        "dataset_index": 169,
        "time_start": "1980-01-01",
        "time_end": "2023-12-31",
        "Hs_mean": 0.9050493836402893,
        "Hs_max": 5.823761463165283,
        "Hs_95": 1.7287253856658928,
        "Tp_mean": 5.615549564361572,
        "Dp_mean": 152.22052001953125,
        "Dm_mean": 149.77389526367188,
        "Tm02_mean": 5.484973430633545
      },
      "geometry": {
        "type": "Point",
        "coordinates": [
          -77.93766784667969,
          33.69561004638672
        ]
      }
    },
    {
      "type": "Feature",
      "properties": {
        "id": "0000170",
        "dataset_index": 170,
        "time_start": "1980-01-01",
        "time_end": "2023-12-31",
        "Hs_mean": 0.9085429906845093,
        "Hs_max": 5.782533168792725,
        "Hs_95": 1.7383749663829802,
        "Tp_mean": 5.603043079376221,
        "Dp_mean": 154.2723388671875,
        "Dm_mean": 151.134765625,
        "Tm02_mean": 5.4713945388793945
      },
      "geometry": {
        "type": "Point",
        "coordinates": [
          -77.93547821044922,
          33.691490173339844
        ]
      }
    },
    {
      "type": "Feature",
      "properties": {
        "id": "0000171",
        "dataset_index": 171,
        "time_start": "1980-01-01",
        "time_end": "2023-12-31",
        "Hs_mean": 0.9083287715911865,
        "Hs_max": 5.900829315185547,
        "Hs_95": 1.734756428003311,
        "Tp_mean": 5.601552486419678,
        "Dp_mean": 155.13946533203125,
        "Dm_mean": 151.5723876953125,
        "Tm02_mean": 5.47193717956543
      },
      "geometry": {
        "type": "Point",
        "coordinates": [
          -77.93328094482422,
          33.68737030029297
        ]
      }
    },
    {
      "type": "Feature",
      "properties": {
        "id": "0000172",
        "dataset_index": 172,
        "time_start": "1980-01-01",
        "time_end": "2023-12-31",
        "Hs_mean": 0.9109221696853638,
        "Hs_max": 6.159069061279297,
        "Hs_95": 1.7432971835136413,
        "Tp_mean": 5.609094142913818,
        "Dp_mean": 155.69761657714844,
        "Dm_mean": 152.2124481201172,
        "Tm02_mean": 5.4871368408203125
      },
      "geometry": {
        "type": "Point",
        "coordinates": [
          -77.93109130859375,
          33.68325424194336
        ]
      }
    },
    {
      "type": "Feature",
      "properties": {
        "id": "0000173",
        "dataset_index": 173,
        "time_start": "1980-01-01",
        "time_end": "2023-12-31",
        "Hs_mean": 0.9201920032501221,
        "Hs_max": 6.49910306930542,
        "Hs_95": 1.7714411556720733,
        "Tp_mean": 5.646810531616211,
        "Dp_mean": 155.87718200683594,
        "Dm_mean": 151.81192016601562,
        "Tm02_mean": 5.520553112030029
      },
      "geometry": {
        "type": "Point",
        "coordinates": [
          -77.92945861816406,
          33.678985595703125
        ]
      }
    },
    {
      "type": "Feature",
      "properties": {
        "id": "0000174",
        "dataset_index": 174,
        "time_start": "1980-01-01",
        "time_end": "2023-12-31",
        "Hs_mean": 0.9362233877182007,
        "Hs_max": 6.826629638671875,
        "Hs_95": 1.8143550276756284,
        "Tp_mean": 5.742234230041504,
        "Dp_mean": 154.7519989013672,
        "Dm_mean": 150.3317413330078,
        "Tm02_mean": 5.612468719482422
      },
      "geometry": {
        "type": "Point",
        "coordinates": [
          -77.92835998535156,
          33.6745719909668
        ]
      }
    },
    {
      "type": "Feature",
      "properties": {
        "id": "0000175",
        "dataset_index": 175,
        "time_start": "1980-01-01",
        "time_end": "2023-12-31",
        "Hs_mean": 0.9479624629020691,
        "Hs_max": 6.95286226272583,
        "Hs_95": 1.8406292080879205,
        "Tp_mean": 5.73513650894165,
        "Dp_mean": 151.98851013183594,
        "Dm_mean": 147.6250457763672,
        "Tm02_mean": 5.597968101501465
      },
      "geometry": {
        "type": "Point",
        "coordinates": [
          -77.92726135253906,
          33.670162200927734
        ]
      }
    },
    {
      "type": "Feature",
      "properties": {
        "id": "0000176",
        "dataset_index": 176,
        "time_start": "1980-01-01",
        "time_end": "2023-12-31",
        "Hs_mean": 0.9613738656044006,
        "Hs_max": 6.877496719360352,
        "Hs_95": 1.8679806768894192,
        "Tp_mean": 5.729405879974365,
        "Dp_mean": 151.15159606933594,
        "Dm_mean": 146.89849853515625,
        "Tm02_mean": 5.580702781677246
      },
      "geometry": {
        "type": "Point",
        "coordinates": [
          -77.92616271972656,
          33.66575241088867
        ]
      }
    },
    {
      "type": "Feature",
      "properties": {
        "id": "0000177",
        "dataset_index": 177,
        "time_start": "1980-01-01",
        "time_end": "2023-12-31",
        "Hs_mean": 0.9733806252479553,
        "Hs_max": 6.914745330810547,
        "Hs_95": 1.8982517719268797,
        "Tp_mean": 5.790631294250488,
        "Dp_mean": 149.8319091796875,
        "Dm_mean": 146.4431610107422,
        "Tm02_mean": 5.634807109832764
      },
      "geometry": {
        "type": "Point",
        "coordinates": [
          -77.92506408691406,
          33.66134262084961
        ]
      }
    },
    {
      "type": "Feature",
      "properties": {
        "id": "0000178",
        "dataset_index": 178,
        "time_start": "1980-01-01",
        "time_end": "2023-12-31",
        "Hs_mean": 0.968913197517395,
        "Hs_max": 6.906649112701416,
        "Hs_95": 1.8847830295562742,
        "Tp_mean": 5.787538051605225,
        "Dp_mean": 150.55621337890625,
        "Dm_mean": 147.358642578125,
        "Tm02_mean": 5.623212814331055
      },
      "geometry": {
        "type": "Point",
        "coordinates": [
          -77.92225646972656,
          33.65757369995117
        ]
      }
    },
    {
      "type": "Feature",
      "properties": {
        "id": "0000179",
        "dataset_index": 179,
        "time_start": "1980-01-01",
        "time_end": "2023-12-31",
        "Hs_mean": 0.9595608115196228,
        "Hs_max": 6.849124431610107,
        "Hs_95": 1.8566282212734222,
        "Tp_mean": 5.76465368270874,
        "Dp_mean": 151.9505157470703,
        "Dm_mean": 148.77108764648438,
        "Tm02_mean": 5.600818157196045
      },
      "geometry": {
        "type": "Point",
        "coordinates": [
          -77.91899871826172,
          33.65398025512695
        ]
      }
    },
    {
      "type": "Feature",
      "properties": {
        "id": "0000180",
        "dataset_index": 180,
        "time_start": "1980-01-01",
        "time_end": "2023-12-31",
        "Hs_mean": 0.9548534750938416,
        "Hs_max": 6.9495320320129395,
        "Hs_95": 1.8475358664989472,
        "Tp_mean": 5.765278339385986,
        "Dp_mean": 153.57762145996094,
        "Dm_mean": 150.1768341064453,
        "Tm02_mean": 5.607053279876709
      },
      "geometry": {
        "type": "Point",
        "coordinates": [
          -77.91574096679688,
          33.650386810302734
        ]
      }
    },
    {
      "type": "Feature",
      "properties": {
        "id": "0000181",
        "dataset_index": 181,
        "time_start": "1980-01-01",
        "time_end": "2023-12-31",
        "Hs_mean": 0.9596085548400879,
        "Hs_max": 7.153982162475586,
        "Hs_95": 1.862049067020416,
        "Tp_mean": 5.754471778869629,
        "Dp_mean": 154.17852783203125,
        "Dm_mean": 150.7971649169922,
        "Tm02_mean": 5.601311206817627
      },
      "geometry": {
        "type": "Point",
        "coordinates": [
          -77.9124755859375,
          33.646793365478516
        ]
      }
    },
    {
      "type": "Feature",
      "properties": {
        "id": "0000182",
        "dataset_index": 182,
        "time_start": "1980-01-01",
        "time_end": "2023-12-31",
        "Hs_mean": 0.9753426313400269,
        "Hs_max": 7.576504707336426,
        "Hs_95": 1.9073844730854035,
        "Tp_mean": 5.792893886566162,
        "Dp_mean": 153.803466796875,
        "Dm_mean": 149.83824157714844,
        "Tm02_mean": 5.656368255615234
      },
      "geometry": {
        "type": "Point",
        "coordinates": [
          -77.90921783447266,
          33.64319610595703
        ]
      }
    },
    {
      "type": "Feature",
      "properties": {
        "id": "0000183",
        "dataset_index": 183,
        "time_start": "1980-01-01",
        "time_end": "2023-12-31",
        "Hs_mean": 0.9907121658325195,
        "Hs_max": 7.7147674560546875,
        "Hs_95": 1.9441218495368957,
        "Tp_mean": 5.79836368560791,
        "Dp_mean": 153.03948974609375,
        "Dm_mean": 148.86260986328125,
        "Tm02_mean": 5.669522762298584
      },
      "geometry": {
        "type": "Point",
        "coordinates": [
          -77.90595245361328,
          33.63960266113281
        ]
      }
    },
    {
      "type": "Feature",
      "properties": {
        "id": "0000184",
        "dataset_index": 184,
        "time_start": "1980-01-01",
        "time_end": "2023-12-31",
        "Hs_mean": 1.0043563842773438,
        "Hs_max": 7.67873477935791,
        "Hs_95": 1.971346944570541,
        "Tp_mean": 5.7953338623046875,
        "Dp_mean": 154.9779815673828,
        "Dm_mean": 150.3214874267578,
        "Tm02_mean": 5.6718244552612305
      },
      "geometry": {
        "type": "Point",
        "coordinates": [
          -77.90269470214844,
          33.636009216308594
        ]
      }
    },
    {
      "type": "Feature",
      "properties": {
        "id": "0000185",
        "dataset_index": 185,
        "time_start": "1980-01-01",
        "time_end": "2023-12-31",
        "Hs_mean": 1.0136696100234985,
        "Hs_max": 7.658106327056885,
        "Hs_95": 1.992035561800003,
        "Tp_mean": 5.793389320373535,
        "Dp_mean": 155.1890411376953,
        "Dm_mean": 150.5138702392578,
        "Tm02_mean": 5.672085285186768
      },
      "geometry": {
        "type": "Point",
        "coordinates": [
          -77.89942932128906,
          33.632415771484375
        ]
      }
    },
    {
      "type": "Feature",
      "properties": {
        "id": "0000186",
        "dataset_index": 186,
        "time_start": "1980-01-01",
        "time_end": "2023-12-31",
        "Hs_mean": 1.016855239868164,
        "Hs_max": 7.640295505523682,
        "Hs_95": 1.9980789184570311,
        "Tp_mean": 5.7467122077941895,
        "Dp_mean": 157.25025939941406,
        "Dm_mean": 152.25698852539062,
        "Tm02_mean": 5.603756427764893
      },
      "geometry": {
        "type": "Point",
        "coordinates": [
          -77.89617156982422,
          33.62881851196289
        ]
      }
    },
    {
      "type": "Feature",
      "properties": {
        "id": "0000187",
        "dataset_index": 187,
        "time_start": "1980-01-01",
        "time_end": "2023-12-31",
        "Hs_mean": 1.021712064743042,
        "Hs_max": 7.880744934082031,
        "Hs_95": 2.0035534977912897,
        "Tp_mean": 5.813314914703369,
        "Dp_mean": 158.81275939941406,
        "Dm_mean": 153.86570739746094,
        "Tm02_mean": 5.657641887664795
      },
      "geometry": {
        "type": "Point",
        "coordinates": [
          -77.89234924316406,
          33.625694274902344
        ]
      }
    },
    {
      "type": "Feature",
      "properties": {
        "id": "0000188",
        "dataset_index": 188,
        "time_start": "1980-01-01",
        "time_end": "2023-12-31",
        "Hs_mean": 1.024910569190979,
        "Hs_max": 8.076629638671875,
        "Hs_95": 2.011022484302521,
        "Tp_mean": 5.86719274520874,
        "Dp_mean": 158.80072021484375,
        "Dm_mean": 153.98648071289062,
        "Tm02_mean": 5.697282791137695
      },
      "geometry": {
        "type": "Point",
        "coordinates": [
          -77.88800811767578,
          33.62300491333008
        ]
      }
    },
    {
      "type": "Feature",
      "properties": {
        "id": "0000189",
        "dataset_index": 189,
        "time_start": "1980-01-01",
        "time_end": "2023-12-31",
        "Hs_mean": 1.0356687307357788,
        "Hs_max": 8.461604118347168,
        "Hs_95": 2.043980324268341,
        "Tp_mean": 5.95357084274292,
        "Dp_mean": 158.42901611328125,
        "Dm_mean": 153.4477996826172,
        "Tm02_mean": 5.759342670440674
      },
      "geometry": {
        "type": "Point",
        "coordinates": [
          -77.88337707519531,
          33.620765686035156
        ]
      }
    },
    {
      "type": "Feature",
      "properties": {
        "id": "0000190",
        "dataset_index": 190,
        "time_start": "1980-01-01",
        "time_end": "2023-12-31",
        "Hs_mean": 1.0480883121490479,
        "Hs_max": 8.73454475402832,
        "Hs_95": 2.073762822151184,
        "Tp_mean": 6.07118558883667,
        "Dp_mean": 155.20394897460938,
        "Dm_mean": 150.14808654785156,
        "Tm02_mean": 5.8608012199401855
      },
      "geometry": {
        "type": "Point",
        "coordinates": [
          -77.87830352783203,
          33.619197845458984
        ]
      }
    },
    {
      "type": "Feature",
      "properties": {
        "id": "0000191",
        "dataset_index": 191,
        "time_start": "1980-01-01",
        "time_end": "2023-12-31",
        "Hs_mean": 1.0547935962677002,
        "Hs_max": 8.68896484375,
        "Hs_95": 2.0858494639396667,
        "Tp_mean": 6.07703161239624,
        "Dp_mean": 152.6026611328125,
        "Dm_mean": 147.51992797851562,
        "Tm02_mean": 5.873039245605469
      },
      "geometry": {
        "type": "Point",
        "coordinates": [
          -77.87323760986328,
          33.61763000488281
        ]
      }
    },
    {
      "type": "Feature",
      "properties": {
        "id": "0000192",
        "dataset_index": 192,
        "time_start": "1980-01-01",
        "time_end": "2023-12-31",
        "Hs_mean": 1.0684115886688232,
        "Hs_max": 8.818541526794434,
        "Hs_95": 2.1202934145927426,
        "Tp_mean": 6.087900638580322,
        "Dp_mean": 151.32005310058594,
        "Dm_mean": 145.82911682128906,
        "Tm02_mean": 5.903160095214844
      },
      "geometry": {
        "type": "Point",
        "coordinates": [
          -77.86786651611328,
          33.61717224121094
        ]
      }
    },
    {
      "type": "Feature",
      "properties": {
        "id": "0000193",
        "dataset_index": 193,
        "time_start": "1980-01-01",
        "time_end": "2023-12-31",
        "Hs_mean": 1.0913212299346924,
        "Hs_max": 8.932119369506836,
        "Hs_95": 2.172202920913696,
        "Tp_mean": 6.139058589935303,
        "Dp_mean": 150.14088439941406,
        "Dm_mean": 144.3921661376953,
        "Tm02_mean": 5.980759620666504
      },
      "geometry": {
        "type": "Point",
        "coordinates": [
          -77.86248016357422,
          33.61678695678711
        ]
      }
    },
    {
      "type": "Feature",
      "properties": {
        "id": "0000194",
        "dataset_index": 194,
        "time_start": "1980-01-01",
        "time_end": "2023-12-31",
        "Hs_mean": 1.1144208908081055,
        "Hs_max": 9.132943153381348,
        "Hs_95": 2.231800341606139,
        "Tp_mean": 6.1464009284973145,
        "Dp_mean": 149.23094177246094,
        "Dm_mean": 143.16346740722656,
        "Tm02_mean": 5.9747185707092285
      },
      "geometry": {
        "type": "Point",
        "coordinates": [
          -77.85708618164062,
          33.61640548706055
        ]
      }
    },
    {
      "type": "Feature",
      "properties": {
        "id": "0000195",
        "dataset_index": 195,
        "time_start": "1980-01-01",
        "time_end": "2023-12-31",
        "Hs_mean": 1.1239733695983887,
        "Hs_max": 9.136066436767578,
        "Hs_95": 2.252882218360901,
        "Tp_mean": 6.195993423461914,
        "Dp_mean": 146.59597778320312,
        "Dm_mean": 141.58218383789062,
        "Tm02_mean": 5.998632431030273
      },
      "geometry": {
        "type": "Point",
        "coordinates": [
          -77.85169982910156,
          33.61602020263672
        ]
      }
    },
    {
      "type": "Feature",
      "properties": {
        "id": "0000196",
        "dataset_index": 196,
        "time_start": "1980-01-01",
        "time_end": "2023-12-31",
        "Hs_mean": 1.1081457138061523,
        "Hs_max": 8.727170944213867,
        "Hs_95": 2.2063068270683286,
        "Tp_mean": 6.1648101806640625,
        "Dp_mean": 146.08238220214844,
        "Dm_mean": 141.952880859375,
        "Tm02_mean": 5.9271392822265625
      },
      "geometry": {
        "type": "Point",
        "coordinates": [
          -77.84630584716797,
          33.615638732910156
        ]
      }
    },
    {
      "type": "Feature",
      "properties": {
        "id": "0000197",
        "dataset_index": 197,
        "time_start": "1980-01-01",
        "time_end": "2023-12-31",
        "Hs_mean": 1.089152455329895,
        "Hs_max": 8.304485321044922,
        "Hs_95": 2.1552007913589475,
        "Tp_mean": 6.085555076599121,
        "Dp_mean": 146.8707733154297,
        "Dm_mean": 143.1107635498047,
        "Tm02_mean": 5.823421955108643
      },
      "geometry": {
        "type": "Point",
        "coordinates": [
          -77.8409194946289,
          33.61525344848633
        ]
      }
    },
    {
      "type": "Feature",
      "properties": {
        "id": "0000198",
        "dataset_index": 198,
        "time_start": "1980-01-01",
        "time_end": "2023-12-31",
        "Hs_mean": 1.086344599723816,
        "Hs_max": 8.225619316101074,
        "Hs_95": 2.142866623401642,
        "Tp_mean": 6.0788469314575195,
        "Dp_mean": 147.96144104003906,
        "Dm_mean": 144.61643981933594,
        "Tm02_mean": 5.818215370178223
      },
      "geometry": {
        "type": "Point",
        "coordinates": [
          -77.83553314208984,
          33.614871978759766
        ]
      }
    },
    {
      "type": "Feature",
      "properties": {
        "id": "0000199",
        "dataset_index": 199,
        "time_start": "1980-01-01",
        "time_end": "2023-12-31",
        "Hs_mean": 1.0926837921142578,
        "Hs_max": 8.355817794799805,
        "Hs_95": 2.149848663806915,
        "Tp_mean": 6.082023620605469,
        "Dp_mean": 147.87890625,
        "Dm_mean": 144.98329162597656,
        "Tm02_mean": 5.84089994430542
      },
      "geometry": {
        "type": "Point",
        "coordinates": [
          -77.83016204833984,
          33.61436462402344
        ]
      }
    },
    {
      "type": "Feature",
      "properties": {
        "id": "0000200",
        "dataset_index": 200,
        "time_start": "1980-01-01",
        "time_end": "2023-12-31",
        "Hs_mean": 1.103365182876587,
        "Hs_max": 8.491294860839844,
        "Hs_95": 2.169164621829986,
        "Tp_mean": 6.087873935699463,
        "Dp_mean": 147.76480102539062,
        "Dm_mean": 144.9091796875,
        "Tm02_mean": 5.859914779663086
      },
      "geometry": {
        "type": "Point",
        "coordinates": [
          -77.82488250732422,
          33.6133918762207
        ]
      }
    },
    {
      "type": "Feature",
      "properties": {
        "id": "0000201",
        "dataset_index": 201,
        "time_start": "1980-01-01",
        "time_end": "2023-12-31",
        "Hs_mean": 1.1128697395324707,
        "Hs_max": 8.717605590820312,
        "Hs_95": 2.182594406604765,
        "Tp_mean": 6.118161678314209,
        "Dp_mean": 148.4546356201172,
        "Dm_mean": 145.52845764160156,
        "Tm02_mean": 5.892845153808594
      },
      "geometry": {
        "type": "Point",
        "coordinates": [
          -77.8196029663086,
          33.6124153137207
        ]
      }
    },
    {
      "type": "Feature",
      "properties": {
        "id": "0000202",
        "dataset_index": 202,
        "time_start": "1980-01-01",
        "time_end": "2023-12-31",
        "Hs_mean": 1.123339056968689,
        "Hs_max": 9.09223747253418,
        "Hs_95": 2.1960929393768307,
        "Tp_mean": 6.211206436157227,
        "Dp_mean": 148.8330841064453,
        "Dm_mean": 145.84103393554688,
        "Tm02_mean": 5.973755836486816
      },
      "geometry": {
        "type": "Point",
        "coordinates": [
          -77.81432342529297,
          33.61144256591797
        ]
      }
    },
    {
      "type": "Feature",
      "properties": {
        "id": "0000203",
        "dataset_index": 203,
        "time_start": "1980-01-01",
        "time_end": "2023-12-31",
        "Hs_mean": 1.1237874031066895,
        "Hs_max": 9.194430351257324,
        "Hs_95": 2.1873282313346865,
        "Tp_mean": 6.264159202575684,
        "Dp_mean": 148.038330078125,
        "Dm_mean": 145.4085235595703,
        "Tm02_mean": 6.007304668426514
      },
      "geometry": {
        "type": "Point",
        "coordinates": [
          -77.80903625488281,
          33.610469818115234
        ]
      }
    },
    {
      "type": "Feature",
      "properties": {
        "id": "0000204",
        "dataset_index": 204,
        "time_start": "1980-01-01",
        "time_end": "2023-12-31",
        "Hs_mean": 1.1259777545928955,
        "Hs_max": 9.342387199401855,
        "Hs_95": 2.1870159983634947,
        "Tp_mean": 6.269730567932129,
        "Dp_mean": 146.47711181640625,
        "Dm_mean": 144.00355529785156,
        "Tm02_mean": 6.015878200531006
      },
      "geometry": {
        "type": "Point",
        "coordinates": [
          -77.80375671386719,
          33.609493255615234
        ]
      }
    },
    {
      "type": "Feature",
      "properties": {
        "id": "0000205",
        "dataset_index": 205,
        "time_start": "1980-01-01",
        "time_end": "2023-12-31",
        "Hs_mean": 1.1327252388000488,
        "Hs_max": 9.542930603027344,
        "Hs_95": 2.2032748579978945,
        "Tp_mean": 6.250749588012695,
        "Dp_mean": 144.93624877929688,
        "Dm_mean": 142.28025817871094,
        "Tm02_mean": 6.007030010223389
      },
      "geometry": {
        "type": "Point",
        "coordinates": [
          -77.79847717285156,
          33.6085205078125
        ]
      }
    },
    {
      "type": "Feature",
      "properties": {
        "id": "0000206",
        "dataset_index": 206,
        "time_start": "1980-01-01",
        "time_end": "2023-12-31",
        "Hs_mean": 1.1401821374893188,
        "Hs_max": 9.65417766571045,
        "Hs_95": 2.221353185176849,
        "Tp_mean": 6.2174224853515625,
        "Dp_mean": 144.34181213378906,
        "Dm_mean": 141.80076599121094,
        "Tm02_mean": 5.977903842926025
      },
      "geometry": {
        "type": "Point",
        "coordinates": [
          -77.79318237304688,
          33.60763931274414
        ]
      }
    },
    {
      "type": "Feature",
      "properties": {
        "id": "0000207",
        "dataset_index": 207,
        "time_start": "1980-01-01",
        "time_end": "2023-12-31",
        "Hs_mean": 1.1507452726364136,
        "Hs_max": 10.056933403015137,
        "Hs_95": 2.24602917432785,
        "Tp_mean": 6.2666521072387695,
        "Dp_mean": 143.57801818847656,
        "Dm_mean": 141.11907958984375,
        "Tm02_mean": 6.031922340393066
      },
      "geometry": {
        "type": "Point",
        "coordinates": [
          -77.78777313232422,
          33.60757827758789
        ]
      }
    },
    {
      "type": "Feature",
      "properties": {
        "id": "0000208",
        "dataset_index": 208,
        "time_start": "1980-01-01",
        "time_end": "2023-12-31",
        "Hs_mean": 1.1548694372177124,
        "Hs_max": 10.5468111038208,
        "Hs_95": 2.2633779764175412,
        "Tp_mean": 6.312320709228516,
        "Dp_mean": 142.12002563476562,
        "Dm_mean": 139.61781311035156,
        "Tm02_mean": 6.063541412353516
      },
      "geometry": {
        "type": "Point",
        "coordinates": [
          -77.7823715209961,
          33.60751724243164
        ]
      }
    },
    {
      "type": "Feature",
      "properties": {
        "id": "0000209",
        "dataset_index": 209,
        "time_start": "1980-01-01",
        "time_end": "2023-12-31",
        "Hs_mean": 1.1513360738754272,
        "Hs_max": 10.453787803649902,
        "Hs_95": 2.262169229984283,
        "Tp_mean": 6.281704902648926,
        "Dp_mean": 140.37014770507812,
        "Dm_mean": 137.39382934570312,
        "Tm02_mean": 6.01533842086792
      },
      "geometry": {
        "type": "Point",
        "coordinates": [
          -77.77696228027344,
          33.60748291015625
        ]
      }
    },
    {
      "type": "Feature",
      "properties": {
        "id": "0000210",
        "dataset_index": 210,
        "time_start": "1980-01-01",
        "time_end": "2023-12-31",
        "Hs_mean": 1.1506383419036865,
        "Hs_max": 10.250298500061035,
        "Hs_95": 2.257444405555725,
        "Tp_mean": 6.264354705810547,
        "Dp_mean": 139.26190185546875,
        "Dm_mean": 136.18896484375,
        "Tm02_mean": 6.006161689758301
      },
      "geometry": {
        "type": "Point",
        "coordinates": [
          -77.77176666259766,
          33.608726501464844
        ]
      }
    },
    {
      "type": "Feature",
      "properties": {
        "id": "0000211",
        "dataset_index": 211,
        "time_start": "1980-01-01",
        "time_end": "2023-12-31",
        "Hs_mean": 1.1565356254577637,
        "Hs_max": 10.386361122131348,
        "Hs_95": 2.27222558259964,
        "Tp_mean": 6.263294219970703,
        "Dp_mean": 138.33920288085938,
        "Dm_mean": 135.2162322998047,
        "Tm02_mean": 6.019717693328857
      },
      "geometry": {
        "type": "Point",
        "coordinates": [
          -77.76657104492188,
          33.6099739074707
        ]
      }
    },
    {
      "type": "Feature",
      "properties": {
        "id": "0000212",
        "dataset_index": 212,
        "time_start": "1980-01-01",
        "time_end": "2023-12-31",
        "Hs_mean": 1.162063479423523,
        "Hs_max": 10.532510757446289,
        "Hs_95": 2.2872841835021966,
        "Tp_mean": 6.276299476623535,
        "Dp_mean": 137.2596435546875,
        "Dm_mean": 134.16505432128906,
        "Tm02_mean": 6.03203010559082
      },
      "geometry": {
        "type": "Point",
        "coordinates": [
          -77.76136779785156,
          33.6112174987793
        ]
      }
    },
    {
      "type": "Feature",
      "properties": {
        "id": "0000213",
        "dataset_index": 213,
        "time_start": "1980-01-01",
        "time_end": "2023-12-31",
        "Hs_mean": 1.164512038230896,
        "Hs_max": 10.563572883605957,
        "Hs_95": 2.2916831970214844,
        "Tp_mean": 6.2954792976379395,
        "Dp_mean": 136.46707153320312,
        "Dm_mean": 133.185302734375,
        "Tm02_mean": 6.040273189544678
      },
      "geometry": {
        "type": "Point",
        "coordinates": [
          -77.75617218017578,
          33.612464904785156
        ]
      }
    },
    {
      "type": "Feature",
      "properties": {
        "id": "0000214",
        "dataset_index": 214,
        "time_start": "1980-01-01",
        "time_end": "2023-12-31",
        "Hs_mean": 1.1697275638580322,
        "Hs_max": 10.53249454498291,
        "Hs_95": 2.2987188577651976,
        "Tp_mean": 6.3236894607543945,
        "Dp_mean": 135.19546508789062,
        "Dm_mean": 131.84432983398438,
        "Tm02_mean": 6.079623222351074
      },
      "geometry": {
        "type": "Point",
        "coordinates": [
          -77.7513198852539,
          33.614158630371094
        ]
      }
    },
    {
      "type": "Feature",
      "properties": {
        "id": "0000215",
        "dataset_index": 215,
        "time_start": "1980-01-01",
        "time_end": "2023-12-31",
        "Hs_mean": 1.1721333265304565,
        "Hs_max": 10.610479354858398,
        "Hs_95": 2.3033711552619933,
        "Tp_mean": 6.332199573516846,
        "Dp_mean": 133.38182067871094,
        "Dm_mean": 130.2212677001953,
        "Tm02_mean": 6.096888065338135
      },
      "geometry": {
        "type": "Point",
        "coordinates": [
          -77.74772644042969,
          33.61752700805664
        ]
      }
    },
    {
      "type": "Feature",
      "properties": {
        "id": "0000216",
        "dataset_index": 216,
        "time_start": "1980-01-01",
        "time_end": "2023-12-31",
        "Hs_mean": 1.1594467163085938,
        "Hs_max": 10.51416301727295,
        "Hs_95": 2.2755946755409235,
        "Tp_mean": 6.273451328277588,
        "Dp_mean": 132.118408203125,
        "Dm_mean": 129.098388671875,
        "Tm02_mean": 6.0361328125
      },
      "geometry": {
        "type": "Point",
        "coordinates": [
          -77.7469253540039,
          33.621585845947266
        ]
      }
    },
    {
      "type": "Feature",
      "properties": {
        "id": "0000217",
        "dataset_index": 217,
        "time_start": "1980-01-01",
        "time_end": "2023-12-31",
        "Hs_mean": 1.1425853967666626,
        "Hs_max": 10.392833709716797,
        "Hs_95": 2.2427630782127372,
        "Tp_mean": 6.230809211730957,
        "Dp_mean": 131.96237182617188,
        "Dm_mean": 129.02322387695312,
        "Tm02_mean": 5.9850969314575195
      },
      "geometry": {
        "type": "Point",
        "coordinates": [
          -77.74908447265625,
          33.625640869140625
        ]
      }
    },
    {
      "type": "Feature",
      "properties": {
        "id": "0000218",
        "dataset_index": 218,
        "time_start": "1980-01-01",
        "time_end": "2023-12-31",
        "Hs_mean": 1.1296534538269043,
        "Hs_max": 10.384742736816406,
        "Hs_95": 2.22384614944458,
        "Tp_mean": 6.227120399475098,
        "Dp_mean": 131.98265075683594,
        "Dm_mean": 129.2299346923828,
        "Tm02_mean": 5.972450256347656
      },
      "geometry": {
        "type": "Point",
        "coordinates": [
          -77.7518310546875,
          33.62952423095703
        ]
      }
    },
    {
      "type": "Feature",
      "properties": {
        "id": "0000219",
        "dataset_index": 219,
        "time_start": "1980-01-01",
        "time_end": "2023-12-31",
        "Hs_mean": 1.125078558921814,
        "Hs_max": 10.355186462402344,
        "Hs_95": 2.2202101707458493,
        "Tp_mean": 6.235799312591553,
        "Dp_mean": 132.0094757080078,
        "Dm_mean": 129.7757110595703,
        "Tm02_mean": 5.97021484375
      },
      "geometry": {
        "type": "Point",
        "coordinates": [
          -77.75457763671875,
          33.63340377807617
        ]
      }
    },
    {
      "type": "Feature",
      "properties": {
        "id": "0000220",
        "dataset_index": 220,
        "time_start": "1980-01-01",
        "time_end": "2023-12-31",
        "Hs_mean": 1.1272029876708984,
        "Hs_max": 10.277485847473145,
        "Hs_95": 2.238223886489868,
        "Tp_mean": 6.223015785217285,
        "Dp_mean": 131.2793731689453,
        "Dm_mean": 129.11827087402344,
        "Tm02_mean": 5.964206218719482
      },
      "geometry": {
        "type": "Point",
        "coordinates": [
          -77.75731658935547,
          33.63728713989258
        ]
      }
    },
    {
      "type": "Feature",
      "properties": {
        "id": "0000221",
        "dataset_index": 221,
        "time_start": "1980-01-01",
        "time_end": "2023-12-31",
        "Hs_mean": 1.1211814880371094,
        "Hs_max": 10.205142974853516,
        "Hs_95": 2.229970562458038,
        "Tp_mean": 6.171674728393555,
        "Dp_mean": 129.9231414794922,
        "Dm_mean": 128.0656280517578,
        "Tm02_mean": 5.92772102355957
      },
      "geometry": {
        "type": "Point",
        "coordinates": [
          -77.76006317138672,
          33.641170501708984
        ]
      }
    },
    {
      "type": "Feature",
      "properties": {
        "id": "0000222",
        "dataset_index": 222,
        "time_start": "1980-01-01",
        "time_end": "2023-12-31",
        "Hs_mean": 1.1085596084594727,
        "Hs_max": 10.13784122467041,
        "Hs_95": 2.1904607415199275,
        "Tp_mean": 6.13593053817749,
        "Dp_mean": 129.23114013671875,
        "Dm_mean": 127.34040069580078,
        "Tm02_mean": 5.902584075927734
      },
      "geometry": {
        "type": "Point",
        "coordinates": [
          -77.7642822265625,
          33.6439094543457
        ]
      }
    },
    {
      "type": "Feature",
      "properties": {
        "id": "0000223",
        "dataset_index": 223,
        "time_start": "1980-01-01",
        "time_end": "2023-12-31",
        "Hs_mean": 1.0970158576965332,
        "Hs_max": 9.974695205688477,
        "Hs_95": 2.1539288520812985,
        "Tp_mean": 6.1133341789245605,
        "Dp_mean": 129.04026794433594,
        "Dm_mean": 127.3377914428711,
        "Tm02_mean": 5.878844738006592
      },
      "geometry": {
        "type": "Point",
        "coordinates": [
          -77.76873016357422,
          33.64647674560547
        ]
      }
    },
    {
      "type": "Feature",
      "properties": {
        "id": "0000224",
        "dataset_index": 224,
        "time_start": "1980-01-01",
        "time_end": "2023-12-31",
        "Hs_mean": 1.095017433166504,
        "Hs_max": 9.858562469482422,
        "Hs_95": 2.149354314804077,
        "Tp_mean": 6.102299213409424,
        "Dp_mean": 127.91766357421875,
        "Dm_mean": 126.30502319335938,
        "Tm02_mean": 5.8785271644592285
      },
      "geometry": {
        "type": "Point",
        "coordinates": [
          -77.77317810058594,
          33.64904022216797
        ]
      }
    },
    {
      "type": "Feature",
      "properties": {
        "id": "0000225",
        "dataset_index": 225,
        "time_start": "1980-01-01",
        "time_end": "2023-12-31",
        "Hs_mean": 1.0895074605941772,
        "Hs_max": 9.64068603515625,
        "Hs_95": 2.137214720249176,
        "Tp_mean": 6.056997776031494,
        "Dp_mean": 127.46502685546875,
        "Dm_mean": 126.02970123291016,
        "Tm02_mean": 5.837196350097656
      },
      "geometry": {
        "type": "Point",
        "coordinates": [
          -77.77762603759766,
          33.651607513427734
        ]
      }
    },
    {
      "type": "Feature",
      "properties": {
        "id": "0000226",
        "dataset_index": 226,
        "time_start": "1980-01-01",
        "time_end": "2023-12-31",
        "Hs_mean": 1.0800625085830688,
        "Hs_max": 9.380145072937012,
        "Hs_95": 2.1165279388427733,
        "Tp_mean": 6.020927906036377,
        "Dp_mean": 127.37174987792969,
        "Dm_mean": 126.0829086303711,
        "Tm02_mean": 5.791684150695801
      },
      "geometry": {
        "type": "Point",
        "coordinates": [
          -77.78207397460938,
          33.6541748046875
        ]
      }
    },
    {
      "type": "Feature",
      "properties": {
        "id": "0000227",
        "dataset_index": 227,
        "time_start": "1980-01-01",
        "time_end": "2023-12-31",
        "Hs_mean": 1.071543574333191,
        "Hs_max": 9.185309410095215,
        "Hs_95": 2.1004912972450254,
        "Tp_mean": 6.007912635803223,
        "Dp_mean": 127.92037963867188,
        "Dm_mean": 126.84525299072266,
        "Tm02_mean": 5.767739772796631
      },
      "geometry": {
        "type": "Point",
        "coordinates": [
          -77.7865219116211,
          33.656742095947266
        ]
      }
    },
    {
      "type": "Feature",
      "properties": {
        "id": "0000228",
        "dataset_index": 228,
        "time_start": "1980-01-01",
        "time_end": "2023-12-31",
        "Hs_mean": 1.0665695667266846,
        "Hs_max": 9.233184814453125,
        "Hs_95": 2.094981014728546,
        "Tp_mean": 5.9931840896606445,
        "Dp_mean": 128.22616577148438,
        "Dm_mean": 127.71595001220703,
        "Tm02_mean": 5.7566094398498535
      },
      "geometry": {
        "type": "Point",
        "coordinates": [
          -77.79096984863281,
          33.65930938720703
        ]
      }
    },
    {
      "type": "Feature",
      "properties": {
        "id": "0000229",
        "dataset_index": 229,
        "time_start": "1980-01-01",
        "time_end": "2023-12-31",
        "Hs_mean": 1.0619913339614868,
        "Hs_max": 9.317678451538086,
        "Hs_95": 2.0925273180007933,
        "Tp_mean": 5.996702671051025,
        "Dp_mean": 127.3857421875,
        "Dm_mean": 127.64794921875,
        "Tm02_mean": 5.773733615875244
      },
      "geometry": {
        "type": "Point",
        "coordinates": [
          -77.79541778564453,
          33.6618766784668
        ]
      }
    },
    {
      "type": "Feature",
      "properties": {
        "id": "0000230",
        "dataset_index": 230,
        "time_start": "1980-01-01",
        "time_end": "2023-12-31",
        "Hs_mean": 1.0576059818267822,
        "Hs_max": 9.45449447631836,
        "Hs_95": 2.0955459833145142,
        "Tp_mean": 6.005624294281006,
        "Dp_mean": 126.81503295898438,
        "Dm_mean": 127.7093276977539,
        "Tm02_mean": 5.777856826782227
      },
      "geometry": {
        "type": "Point",
        "coordinates": [
          -77.79985809326172,
          33.6644401550293
        ]
      }
    },
    {
      "type": "Feature",
      "properties": {
        "id": "0000231",
        "dataset_index": 231,
        "time_start": "1980-01-01",
        "time_end": "2023-12-31",
        "Hs_mean": 1.0591681003570557,
        "Hs_max": 9.681666374206543,
        "Hs_95": 2.1094265103340146,
        "Tp_mean": 6.033119201660156,
        "Dp_mean": 128.39126586914062,
        "Dm_mean": 128.53829956054688,
        "Tm02_mean": 5.813019275665283
      },
      "geometry": {
        "type": "Point",
        "coordinates": [
          -77.80477142333984,
          33.6660041809082
        ]
      }
    },
    {
      "type": "Feature",
      "properties": {
        "id": "0000232",
        "dataset_index": 232,
        "time_start": "1980-01-01",
        "time_end": "2023-12-31",
        "Hs_mean": 1.0592567920684814,
        "Hs_max": 9.782649993896484,
        "Hs_95": 2.1066400170326234,
        "Tp_mean": 6.064624786376953,
        "Dp_mean": 129.368896484375,
        "Dm_mean": 129.52484130859375,
        "Tm02_mean": 5.862066268920898
      },
      "geometry": {
        "type": "Point",
        "coordinates": [
          -77.81014251708984,
          33.666568756103516
        ]
      }
    },
    {
      "type": "Feature",
      "properties": {
        "id": "0000233",
        "dataset_index": 233,
        "time_start": "1980-01-01",
        "time_end": "2023-12-31",
        "Hs_mean": 1.044642686843872,
        "Hs_max": 9.321890830993652,
        "Hs_95": 2.056215727329254,
        "Tp_mean": 6.0277509689331055,
        "Dp_mean": 129.70809936523438,
        "Dm_mean": 130.4691925048828,
        "Tm02_mean": 5.846989631652832
      },
      "geometry": {
        "type": "Point",
        "coordinates": [
          -77.81551361083984,
          33.66712951660156
        ]
      }
    },
    {
      "type": "Feature",
      "properties": {
        "id": "0000234",
        "dataset_index": 234,
        "time_start": "1980-01-01",
        "time_end": "2023-12-31",
        "Hs_mean": 1.0312800407409668,
        "Hs_max": 8.8168363571167,
        "Hs_95": 2.007182466983795,
        "Tp_mean": 6.033649444580078,
        "Dp_mean": 129.30538940429688,
        "Dm_mean": 130.14955139160156,
        "Tm02_mean": 5.8629631996154785
      },
      "geometry": {
        "type": "Point",
        "coordinates": [
          -77.82087707519531,
          33.66769027709961
        ]
      }
    },
    {
      "type": "Feature",
      "properties": {
        "id": "0000235",
        "dataset_index": 235,
        "time_start": "1980-01-01",
        "time_end": "2023-12-31",
        "Hs_mean": 1.0266962051391602,
        "Hs_max": 8.568900108337402,
        "Hs_95": 1.9903823971748351,
        "Tp_mean": 6.031641483306885,
        "Dp_mean": 128.56201171875,
        "Dm_mean": 129.30517578125,
        "Tm02_mean": 5.842121601104736
      },
      "geometry": {
        "type": "Point",
        "coordinates": [
          -77.82597351074219,
          33.6690673828125
        ]
      }
    },
    {
      "type": "Feature",
      "properties": {
        "id": "0000236",
        "dataset_index": 236,
        "time_start": "1980-01-01",
        "time_end": "2023-12-31",
        "Hs_mean": 1.022583246231079,
        "Hs_max": 8.477572441101074,
        "Hs_95": 1.9783528625965119,
        "Tp_mean": 6.025254249572754,
        "Dp_mean": 128.93609619140625,
        "Dm_mean": 129.5768280029297,
        "Tm02_mean": 5.818328857421875
      },
      "geometry": {
        "type": "Point",
        "coordinates": [
          -77.83089447021484,
          33.67094039916992
        ]
      }
    },
    {
      "type": "Feature",
      "properties": {
        "id": "0000237",
        "dataset_index": 237,
        "time_start": "1980-01-01",
        "time_end": "2023-12-31",
        "Hs_mean": 1.0137536525726318,
        "Hs_max": 8.22730827331543,
        "Hs_95": 1.9549788951873777,
        "Tp_mean": 5.992165565490723,
        "Dp_mean": 129.1476593017578,
        "Dm_mean": 129.99258422851562,
        "Tm02_mean": 5.7796549797058105
      },
      "geometry": {
        "type": "Point",
        "coordinates": [
          -77.8340835571289,
          33.674522399902344
        ]
      }
    },
    {
      "type": "Feature",
      "properties": {
        "id": "0000238",
        "dataset_index": 238,
        "time_start": "1980-01-01",
        "time_end": "2023-12-31",
        "Hs_mean": 1.003066897392273,
        "Hs_max": 8.014447212219238,
        "Hs_95": 1.9372262835502623,
        "Tp_mean": 5.970596790313721,
        "Dp_mean": 129.233642578125,
        "Dm_mean": 130.35116577148438,
        "Tm02_mean": 5.729514122009277
      },
      "geometry": {
        "type": "Point",
        "coordinates": [
          -77.83714294433594,
          33.67824172973633
        ]
      }
    },
    {
      "type": "Feature",
      "properties": {
        "id": "0000239",
        "dataset_index": 239,
        "time_start": "1980-01-01",
        "time_end": "2023-12-31",
        "Hs_mean": 0.9974772930145264,
        "Hs_max": 8.107239723205566,
        "Hs_95": 1.9385125517845154,
        "Tp_mean": 5.968883514404297,
        "Dp_mean": 130.98788452148438,
        "Dm_mean": 131.37623596191406,
        "Tm02_mean": 5.705755233764648
      },
      "geometry": {
        "type": "Point",
        "coordinates": [
          -77.84020233154297,
          33.68196105957031
        ]
      }
    },
    {
      "type": "Feature",
      "properties": {
        "id": "0000240",
        "dataset_index": 240,
        "time_start": "1980-01-01",
        "time_end": "2023-12-31",
        "Hs_mean": 0.996640145778656,
        "Hs_max": 8.249908447265625,
        "Hs_95": 1.9493779599666592,
        "Tp_mean": 5.974677085876465,
        "Dp_mean": 132.3909149169922,
        "Dm_mean": 131.64236450195312,
        "Tm02_mean": 5.721249580383301
      },
      "geometry": {
        "type": "Point",
        "coordinates": [
          -77.84325408935547,
          33.68567657470703
        ]
      }
    },
    {
      "type": "Feature",
      "properties": {
        "id": "0000241",
        "dataset_index": 241,
        "time_start": "1980-01-01",
        "time_end": "2023-12-31",
        "Hs_mean": 0.9953991770744324,
        "Hs_max": 8.257820129394531,
        "Hs_95": 1.9511086344718929,
        "Tp_mean": 5.967584133148193,
        "Dp_mean": 131.95057678222656,
        "Dm_mean": 130.7157440185547,
        "Tm02_mean": 5.719611167907715
      },
      "geometry": {
        "type": "Point",
        "coordinates": [
          -77.8463134765625,
          33.689395904541016
        ]
      }
    },
    {
      "type": "Feature",
      "properties": {
        "id": "0000242",
        "dataset_index": 242,
        "time_start": "1980-01-01",
        "time_end": "2023-12-31",
        "Hs_mean": 0.9903440475463867,
        "Hs_max": 8.0910005569458,
        "Hs_95": 1.9381103456020354,
        "Tp_mean": 5.966144561767578,
        "Dp_mean": 130.37197875976562,
        "Dm_mean": 129.61106872558594,
        "Tm02_mean": 5.73654317855835
      },
      "geometry": {
        "type": "Point",
        "coordinates": [
          -77.85023498535156,
          33.69227981567383
        ]
      }
    },
    {
      "type": "Feature",
      "properties": {
        "id": "0000243",
        "dataset_index": 243,
        "time_start": "1980-01-01",
        "time_end": "2023-12-31",
        "Hs_mean": 0.9808993339538574,
        "Hs_max": 7.7309794425964355,
        "Hs_95": 1.9150923192501066,
        "Tp_mean": 5.938229560852051,
        "Dp_mean": 128.0659637451172,
        "Dm_mean": 128.3489990234375,
        "Tm02_mean": 5.713167190551758
      },
      "geometry": {
        "type": "Point",
        "coordinates": [
          -77.85511016845703,
          33.694236755371094
        ]
      }
    },
    {
      "type": "Feature",
      "properties": {
        "id": "0000244",
        "dataset_index": 244,
        "time_start": "1980-01-01",
        "time_end": "2023-12-31",
        "Hs_mean": 0.973789632320404,
        "Hs_max": 7.42018985748291,
        "Hs_95": 1.8901125848293305,
        "Tp_mean": 5.9194488525390625,
        "Dp_mean": 126.7931137084961,
        "Dm_mean": 127.14497375488281,
        "Tm02_mean": 5.703242778778076
      },
      "geometry": {
        "type": "Point",
        "coordinates": [
          -77.85997772216797,
          33.696197509765625
        ]
      }
    },
    {
      "type": "Feature",
      "properties": {
        "id": "0000245",
        "dataset_index": 245,
        "time_start": "1980-01-01",
        "time_end": "2023-12-31",
        "Hs_mean": 0.9664468765258789,
        "Hs_max": 7.185023784637451,
        "Hs_95": 1.8651362895965575,
        "Tp_mean": 5.9017133712768555,
        "Dp_mean": 126.28229522705078,
        "Dm_mean": 126.51580810546875,
        "Tm02_mean": 5.691598892211914
      },
      "geometry": {
        "type": "Point",
        "coordinates": [
          -77.86473846435547,
          33.69826126098633
        ]
      }
    },
    {
      "type": "Feature",
      "properties": {
        "id": "0000246",
        "dataset_index": 246,
        "time_start": "1980-01-01",
        "time_end": "2023-12-31",
        "Hs_mean": 0.9600008726119995,
        "Hs_max": 7.187720775604248,
        "Hs_95": 1.8509491562843319,
        "Tp_mean": 5.90271520614624,
        "Dp_mean": 126.47333526611328,
        "Dm_mean": 126.82422637939453,
        "Tm02_mean": 5.674234390258789
      },
      "geometry": {
        "type": "Point",
        "coordinates": [
          -77.86758422851562,
          33.70209503173828
        ]
      }
    },
    {
      "type": "Feature",
      "properties": {
        "id": "0000247",
        "dataset_index": 247,
        "time_start": "1980-01-01",
        "time_end": "2023-12-31",
        "Hs_mean": 0.9544544219970703,
        "Hs_max": 7.196985721588135,
        "Hs_95": 1.849080818891525,
        "Tp_mean": 5.860204696655273,
        "Dp_mean": 128.34197998046875,
        "Dm_mean": 128.04595947265625,
        "Tm02_mean": 5.627110004425049
      },
      "geometry": {
        "type": "Point",
        "coordinates": [
          -77.87042999267578,
          33.705928802490234
        ]
      }
    },
    {
      "type": "Feature",
      "properties": {
        "id": "0000248",
        "dataset_index": 248,
        "time_start": "1980-01-01",
        "time_end": "2023-12-31",
        "Hs_mean": 0.9563500881195068,
        "Hs_max": 7.349754333496094,
        "Hs_95": 1.8654769480228424,
        "Tp_mean": 5.8651347160339355,
        "Dp_mean": 128.22462463378906,
        "Dm_mean": 127.75078582763672,
        "Tm02_mean": 5.6500091552734375
      },
      "geometry": {
        "type": "Point",
        "coordinates": [
          -77.87327575683594,
          33.70976257324219
        ]
      }
    },
    {
      "type": "Feature",
      "properties": {
        "id": "0000249",
        "dataset_index": 249,
        "time_start": "1980-01-01",
        "time_end": "2023-12-31",
        "Hs_mean": 0.9541068077087402,
        "Hs_max": 7.349707126617432,
        "Hs_95": 1.8602823495864869,
        "Tp_mean": 5.8790283203125,
        "Dp_mean": 127.43993377685547,
        "Dm_mean": 126.98023223876953,
        "Tm02_mean": 5.670938491821289
      },
      "geometry": {
        "type": "Point",
        "coordinates": [
          -77.8761215209961,
          33.71359634399414
        ]
      }
    },
    {
      "type": "Feature",
      "properties": {
        "id": "0000250",
        "dataset_index": 250,
        "time_start": "1980-01-01",
        "time_end": "2023-12-31",
        "Hs_mean": 0.9476439356803894,
        "Hs_max": 7.243785858154297,
        "Hs_95": 1.8420177519321437,
        "Tp_mean": 5.872199535369873,
        "Dp_mean": 126.82159423828125,
        "Dm_mean": 126.30934143066406,
        "Tm02_mean": 5.664315700531006
      },
      "geometry": {
        "type": "Point",
        "coordinates": [
          -77.87896728515625,
          33.71742630004883
        ]
      }
    },
    {
      "type": "Feature",
      "properties": {
        "id": "0000251",
        "dataset_index": 251,
        "time_start": "1980-01-01",
        "time_end": "2023-12-31",
        "Hs_mean": 0.9404749870300293,
        "Hs_max": 7.07724666595459,
        "Hs_95": 1.8187105953693388,
        "Tp_mean": 5.857860565185547,
        "Dp_mean": 126.01537322998047,
        "Dm_mean": 125.53275299072266,
        "Tm02_mean": 5.647549152374268
      },
      "geometry": {
        "type": "Point",
        "coordinates": [
          -77.88145446777344,
          33.721378326416016
        ]
      }
    },
    {
      "type": "Feature",
      "properties": {
        "id": "0000252",
        "dataset_index": 252,
        "time_start": "1980-01-01",
        "time_end": "2023-12-31",
        "Hs_mean": 0.9384651184082031,
        "Hs_max": 6.963364601135254,
        "Hs_95": 1.8079545378684998,
        "Tp_mean": 5.847438812255859,
        "Dp_mean": 125.06788635253906,
        "Dm_mean": 125.0262680053711,
        "Tm02_mean": 5.637885570526123
      },
      "geometry": {
        "type": "Point",
        "coordinates": [
          -77.88248443603516,
          33.725799560546875
        ]
      }
    },
    {
      "type": "Feature",
      "properties": {
        "id": "0000253",
        "dataset_index": 253,
        "time_start": "1980-01-01",
        "time_end": "2023-12-31",
        "Hs_mean": 0.9367304444313049,
        "Hs_max": 6.956812858581543,
        "Hs_95": 1.8040297567844388,
        "Tp_mean": 5.857314586639404,
        "Dp_mean": 124.93090057373047,
        "Dm_mean": 125.07816314697266,
        "Tm02_mean": 5.630529880523682
      },
      "geometry": {
        "type": "Point",
        "coordinates": [
          -77.8835220336914,
          33.730220794677734
        ]
      }
    },
    {
      "type": "Feature",
      "properties": {
        "id": "0000254",
        "dataset_index": 254,
        "time_start": "1980-01-01",
        "time_end": "2023-12-31",
        "Hs_mean": 0.9352765679359436,
        "Hs_max": 6.983115196228027,
        "Hs_95": 1.7999868094921108,
        "Tp_mean": 5.9032087326049805,
        "Dp_mean": 125.14478302001953,
        "Dm_mean": 125.51093292236328,
        "Tm02_mean": 5.650129795074463
      },
      "geometry": {
        "type": "Point",
        "coordinates": [
          -77.88455963134766,
          33.734642028808594
        ]
      }
    },
    {
      "type": "Feature",
      "properties": {
        "id": "0000255",
        "dataset_index": 255,
        "time_start": "1980-01-01",
        "time_end": "2023-12-31",
        "Hs_mean": 0.9315997362136841,
        "Hs_max": 7.012169361114502,
        "Hs_95": 1.7968748807907104,
        "Tp_mean": 5.896212577819824,
        "Dp_mean": 125.60111999511719,
        "Dm_mean": 126.25428771972656,
        "Tm02_mean": 5.622952461242676
      },
      "geometry": {
        "type": "Point",
        "coordinates": [
          -77.88558959960938,
          33.73906326293945
        ]
      }
    },
    {
      "type": "Feature",
      "properties": {
        "id": "0000256",
        "dataset_index": 256,
        "time_start": "1980-01-01",
        "time_end": "2023-12-31",
        "Hs_mean": 0.9300466179847717,
        "Hs_max": 7.018779754638672,
        "Hs_95": 1.7961112678050994,
        "Tp_mean": 5.883533954620361,
        "Dp_mean": 126.06353759765625,
        "Dm_mean": 126.63064575195312,
        "Tm02_mean": 5.620356559753418
      },
      "geometry": {
        "type": "Point",
        "coordinates": [
          -77.88662719726562,
          33.74348449707031
        ]
      }
    },
    {
      "type": "Feature",
      "properties": {
        "id": "0000257",
        "dataset_index": 257,
        "time_start": "1980-01-01",
        "time_end": "2023-12-31",
        "Hs_mean": 0.9288501143455505,
        "Hs_max": 7.0620646476745605,
        "Hs_95": 1.7942718744277955,
        "Tp_mean": 5.876034736633301,
        "Dp_mean": 126.65044403076172,
        "Dm_mean": 126.78279876708984,
        "Tm02_mean": 5.615584373474121
      },
      "geometry": {
        "type": "Point",
        "coordinates": [
          -77.88766479492188,
          33.74790573120117
        ]
      }
    },
    {
      "type": "Feature",
      "properties": {
        "id": "0000258",
        "dataset_index": 258,
        "time_start": "1980-01-01",
        "time_end": "2023-12-31",
        "Hs_mean": 0.9255117774009705,
        "Hs_max": 7.026088714599609,
        "Hs_95": 1.7859866380691527,
        "Tp_mean": 5.862504959106445,
        "Dp_mean": 126.90084075927734,
        "Dm_mean": 127.0010757446289,
        "Tm02_mean": 5.610450744628906
      },
      "geometry": {
        "type": "Point",
        "coordinates": [
          -77.8886947631836,
          33.75232696533203
        ]
      }
    },
    {
      "type": "Feature",
      "properties": {
        "id": "0000259",
        "dataset_index": 259,
        "time_start": "1980-01-01",
        "time_end": "2023-12-31",
        "Hs_mean": 0.9227364659309387,
        "Hs_max": 7.039538860321045,
        "Hs_95": 1.7814801692962643,
        "Tp_mean": 5.879634380340576,
        "Dp_mean": 126.96842956542969,
        "Dm_mean": 126.94505310058594,
        "Tm02_mean": 5.632220268249512
      },
      "geometry": {
        "type": "Point",
        "coordinates": [
          -77.88973236083984,
          33.75674819946289
        ]
      }
    },
    {
      "type": "Feature",
      "properties": {
        "id": "0000260",
        "dataset_index": 260,
        "time_start": "1980-01-01",
        "time_end": "2023-12-31",
        "Hs_mean": 0.9205446839332581,
        "Hs_max": 6.972891330718994,
        "Hs_95": 1.7806295514106747,
        "Tp_mean": 5.873704433441162,
        "Dp_mean": 126.75003814697266,
        "Dm_mean": 126.6292953491211,
        "Tm02_mean": 5.632152080535889
      },
      "geometry": {
        "type": "Point",
        "coordinates": [
          -77.8907699584961,
          33.76116943359375
        ]
      }
    },
    {
      "type": "Feature",
      "properties": {
        "id": "0000261",
        "dataset_index": 261,
        "time_start": "1980-01-01",
        "time_end": "2023-12-31",
        "Hs_mean": 0.9179733395576477,
        "Hs_max": 6.891146659851074,
        "Hs_95": 1.780528837442398,
        "Tp_mean": 5.861076831817627,
        "Dp_mean": 126.0293197631836,
        "Dm_mean": 125.63749694824219,
        "Tm02_mean": 5.621976375579834
      },
      "geometry": {
        "type": "Point",
        "coordinates": [
          -77.89180755615234,
          33.76559066772461
        ]
      }
    },
    {
      "type": "Feature",
      "properties": {
        "id": "0000262",
        "dataset_index": 262,
        "time_start": "1980-01-01",
        "time_end": "2023-12-31",
        "Hs_mean": 0.9142736792564392,
        "Hs_max": 6.786526679992676,
        "Hs_95": 1.7778423488140105,
        "Tp_mean": 5.861268043518066,
        "Dp_mean": 126.09395599365234,
        "Dm_mean": 125.71074676513672,
        "Tm02_mean": 5.612636089324951
      },
      "geometry": {
        "type": "Point",
        "coordinates": [
          -77.89283752441406,
          33.77001190185547
        ]
      }
    },
    {
      "type": "Feature",
      "properties": {
        "id": "0000263",
        "dataset_index": 263,
        "time_start": "1980-01-01",
        "time_end": "2023-12-31",
        "Hs_mean": 0.9113829731941223,
        "Hs_max": 6.7555646896362305,
        "Hs_95": 1.7752626597881316,
        "Tp_mean": 5.8914055824279785,
        "Dp_mean": 125.69574737548828,
        "Dm_mean": 124.97950744628906,
        "Tm02_mean": 5.648078441619873
      },
      "geometry": {
        "type": "Point",
        "coordinates": [
          -77.89387512207031,
          33.77443313598633
        ]
      }
    },
    {
      "type": "Feature",
      "properties": {
        "id": "0000264",
        "dataset_index": 264,
        "time_start": "1980-01-01",
        "time_end": "2023-12-31",
        "Hs_mean": 0.910589873790741,
        "Hs_max": 6.752338409423828,
        "Hs_95": 1.7745298922061918,
        "Tp_mean": 5.885804653167725,
        "Dp_mean": 125.69771575927734,
        "Dm_mean": 124.83535766601562,
        "Tm02_mean": 5.651392936706543
      },
      "geometry": {
        "type": "Point",
        "coordinates": [
          -77.89456176757812,
          33.77888870239258
        ]
      }
    },
    {
      "type": "Feature",
      "properties": {
        "id": "0000265",
        "dataset_index": 265,
        "time_start": "1980-01-01",
        "time_end": "2023-12-31",
        "Hs_mean": 0.9081466794013977,
        "Hs_max": 6.697940349578857,
        "Hs_95": 1.7671039462089537,
        "Tp_mean": 5.860052585601807,
        "Dp_mean": 125.47035217285156,
        "Dm_mean": 124.79585266113281,
        "Tm02_mean": 5.6276679039001465
      },
      "geometry": {
        "type": "Point",
        "coordinates": [
          -77.89473724365234,
          33.783390045166016
        ]
      }
    },
    {
      "type": "Feature",
      "properties": {
        "id": "0000266",
        "dataset_index": 266,
        "time_start": "1980-01-01",
        "time_end": "2023-12-31",
        "Hs_mean": 0.906688928604126,
        "Hs_max": 6.720755100250244,
        "Hs_95": 1.7622029900550842,
        "Tp_mean": 5.869990825653076,
        "Dp_mean": 124.86763000488281,
        "Dm_mean": 124.1962890625,
        "Tm02_mean": 5.630292892456055
      },
      "geometry": {
        "type": "Point",
        "coordinates": [
          -77.89491271972656,
          33.78789138793945
        ]
      }
    },
    {
      "type": "Feature",
      "properties": {
        "id": "0000267",
        "dataset_index": 267,
        "time_start": "1980-01-01",
        "time_end": "2023-12-31",
        "Hs_mean": 0.9054569602012634,
        "Hs_max": 6.744394779205322,
        "Hs_95": 1.7608436346054073,
        "Tp_mean": 5.865970134735107,
        "Dp_mean": 124.62523651123047,
        "Dm_mean": 124.01397705078125,
        "Tm02_mean": 5.618576526641846
      },
      "geometry": {
        "type": "Point",
        "coordinates": [
          -77.89508819580078,
          33.792396545410156
        ]
      }
    },
    {
      "type": "Feature",
      "properties": {
        "id": "0000268",
        "dataset_index": 268,
        "time_start": "1980-01-01",
        "time_end": "2023-12-31",
        "Hs_mean": 0.9037372469902039,
        "Hs_max": 6.751069068908691,
        "Hs_95": 1.7576981484889984,
        "Tp_mean": 5.867711544036865,
        "Dp_mean": 124.3674087524414,
        "Dm_mean": 123.85347747802734,
        "Tm02_mean": 5.61984395980835
      },
      "geometry": {
        "type": "Point",
        "coordinates": [
          -77.89525604248047,
          33.796897888183594
        ]
      }
    },
    {
      "type": "Feature",
      "properties": {
        "id": "0000269",
        "dataset_index": 269,
        "time_start": "1980-01-01",
        "time_end": "2023-12-31",
        "Hs_mean": 0.903959333896637,
        "Hs_max": 6.775381565093994,
        "Hs_95": 1.7626868903636932,
        "Tp_mean": 5.865862846374512,
        "Dp_mean": 124.13601684570312,
        "Dm_mean": 124.1039810180664,
        "Tm02_mean": 5.600657939910889
      },
      "geometry": {
        "type": "Point",
        "coordinates": [
          -77.89543151855469,
          33.80139923095703
        ]
      }
    },
    {
      "type": "Feature",
      "properties": {
        "id": "0000270",
        "dataset_index": 270,
        "time_start": "1980-01-01",
        "time_end": "2023-12-31",
        "Hs_mean": 0.90479576587677,
        "Hs_max": 6.808934211730957,
        "Hs_95": 1.7714806199073792,
        "Tp_mean": 5.863828659057617,
        "Dp_mean": 123.55998992919922,
        "Dm_mean": 123.7374496459961,
        "Tm02_mean": 5.5978875160217285
      },
      "geometry": {
        "type": "Point",
        "coordinates": [
          -77.8956069946289,
          33.80590057373047
        ]
      }
    },
    {
      "type": "Feature",
      "properties": {
        "id": "0000271",
        "dataset_index": 271,
        "time_start": "1980-01-01",
        "time_end": "2023-12-31",
        "Hs_mean": 0.9027293920516968,
        "Hs_max": 6.779933929443359,
        "Hs_95": 1.7712097823619841,
        "Tp_mean": 5.851294994354248,
        "Dp_mean": 122.81693267822266,
        "Dm_mean": 123.1279067993164,
        "Tm02_mean": 5.584181785583496
      },
      "geometry": {
        "type": "Point",
        "coordinates": [
          -77.89694213867188,
          33.81025695800781
        ]
      }
    },
    {
      "type": "Feature",
      "properties": {
        "id": "0000272",
        "dataset_index": 272,
        "time_start": "1980-01-01",
        "time_end": "2023-12-31",
        "Hs_mean": 0.8985154032707214,
        "Hs_max": 6.754727840423584,
        "Hs_95": 1.7627315938472747,
        "Tp_mean": 5.832347393035889,
        "Dp_mean": 120.9844741821289,
        "Dm_mean": 121.61569213867188,
        "Tm02_mean": 5.561387062072754
      },
      "geometry": {
        "type": "Point",
        "coordinates": [
          -77.89837646484375,
          33.81460189819336
        ]
      }
    },
    {
      "type": "Feature",
      "properties": {
        "id": "0000273",
        "dataset_index": 273,
        "time_start": "1980-01-01",
        "time_end": "2023-12-31",
        "Hs_mean": 0.8936123251914978,
        "Hs_max": 6.682770729064941,
        "Hs_95": 1.7508819997310638,
        "Tp_mean": 5.833378791809082,
        "Dp_mean": 121.09883880615234,
        "Dm_mean": 121.87155151367188,
        "Tm02_mean": 5.55840539932251
      },
      "geometry": {
        "type": "Point",
        "coordinates": [
          -77.89981079101562,
          33.818946838378906
        ]
      }
    },
    {
      "type": "Feature",
      "properties": {
        "id": "0000274",
        "dataset_index": 274,
        "time_start": "1980-01-01",
        "time_end": "2023-12-31",
        "Hs_mean": 0.8896614909172058,
        "Hs_max": 6.630335330963135,
        "Hs_95": 1.7447167098522185,
        "Tp_mean": 5.837676048278809,
        "Dp_mean": 121.18035125732422,
        "Dm_mean": 122.02823638916016,
        "Tm02_mean": 5.5556206703186035
      },
      "geometry": {
        "type": "Point",
        "coordinates": [
          -77.90116119384766,
          33.82330322265625
        ]
      }
    },
    {
      "type": "Feature",
      "properties": {
        "id": "0000275",
        "dataset_index": 275,
        "time_start": "1980-01-01",
        "time_end": "2023-12-31",
        "Hs_mean": 0.8891199231147766,
        "Hs_max": 6.6168975830078125,
        "Hs_95": 1.743871533870697,
        "Tp_mean": 5.84253454208374,
        "Dp_mean": 121.24945831298828,
        "Dm_mean": 122.00544738769531,
        "Tm02_mean": 5.563693523406982
      },
      "geometry": {
        "type": "Point",
        "coordinates": [
          -77.90164184570312,
          33.827789306640625
        ]
      }
    },
    {
      "type": "Feature",
      "properties": {
        "id": "0000276",
        "dataset_index": 276,
        "time_start": "1980-01-01",
        "time_end": "2023-12-31",
        "Hs_mean": 0.8902590274810791,
        "Hs_max": 6.638787746429443,
        "Hs_95": 1.744022393226623,
        "Tp_mean": 5.855869293212891,
        "Dp_mean": 121.85403442382812,
        "Dm_mean": 122.12003326416016,
        "Tm02_mean": 5.578916549682617
      },
      "geometry": {
        "type": "Point",
        "coordinates": [
          -77.9021224975586,
          33.832275390625
        ]
      }
    },
    {
      "type": "Feature",
      "properties": {
        "id": "0000277",
        "dataset_index": 277,
        "time_start": "1980-01-01",
        "time_end": "2023-12-31",
        "Hs_mean": 0.8894776105880737,
        "Hs_max": 6.658259391784668,
        "Hs_95": 1.7431954324245449,
        "Tp_mean": 5.883566856384277,
        "Dp_mean": 121.6949462890625,
        "Dm_mean": 121.74699401855469,
        "Tm02_mean": 5.606745719909668
      },
      "geometry": {
        "type": "Point",
        "coordinates": [
          -77.9026107788086,
          33.836761474609375
        ]
      }
    },
    {
      "type": "Feature",
      "properties": {
        "id": "0000278",
        "dataset_index": 278,
        "time_start": "1980-01-01",
        "time_end": "2023-12-31",
        "Hs_mean": 0.889270544052124,
        "Hs_max": 6.697362899780273,
        "Hs_95": 1.7375652849674221,
        "Tp_mean": 5.896461009979248,
        "Dp_mean": 121.05703735351562,
        "Dm_mean": 120.67162322998047,
        "Tm02_mean": 5.620345592498779
      },
      "geometry": {
        "type": "Point",
        "coordinates": [
          -77.90309143066406,
          33.841251373291016
        ]
      }
    },
    {
      "type": "Feature",
      "properties": {
        "id": "0000279",
        "dataset_index": 279,
        "time_start": "1980-01-01",
        "time_end": "2023-12-31",
        "Hs_mean": 0.8856940865516663,
        "Hs_max": 6.707427501678467,
        "Hs_95": 1.723885530233383,
        "Tp_mean": 5.872129917144775,
        "Dp_mean": 120.55050659179688,
        "Dm_mean": 119.62364959716797,
        "Tm02_mean": 5.5819573402404785
      },
      "geometry": {
        "type": "Point",
        "coordinates": [
          -77.90357208251953,
          33.84573745727539
        ]
      }
    },
    {
      "type": "Feature",
      "properties": {
        "id": "0000280",
        "dataset_index": 280,
        "time_start": "1980-01-01",
        "time_end": "2023-12-31",
        "Hs_mean": 0.8766102194786072,
        "Hs_max": 6.5905303955078125,
        "Hs_95": 1.7039596378803252,
        "Tp_mean": 5.842902183532715,
        "Dp_mean": 120.0755386352539,
        "Dm_mean": 119.07353973388672,
        "Tm02_mean": 5.545448303222656
      },
      "geometry": {
        "type": "Point",
        "coordinates": [
          -77.904052734375,
          33.850223541259766
        ]
      }
    },
    {
      "type": "Feature",
      "properties": {
        "id": "0000281",
        "dataset_index": 281,
        "time_start": "1980-01-01",
        "time_end": "2023-12-31",
        "Hs_mean": 0.869114339351654,
        "Hs_max": 6.48090934753418,
        "Hs_95": 1.6925308585166932,
        "Tp_mean": 5.850310325622559,
        "Dp_mean": 119.01019287109375,
        "Dm_mean": 118.12771606445312,
        "Tm02_mean": 5.530076026916504
      },
      "geometry": {
        "type": "Point",
        "coordinates": [
          -77.90453338623047,
          33.85470962524414
        ]
      }
    },
    {
      "type": "Feature",
      "properties": {
        "id": "0000282",
        "dataset_index": 282,
        "time_start": "1980-01-01",
        "time_end": "2023-12-31",
        "Hs_mean": 0.8639565110206604,
        "Hs_max": 6.322795391082764,
        "Hs_95": 1.683757436275482,
        "Tp_mean": 5.856715202331543,
        "Dp_mean": 117.87873077392578,
        "Dm_mean": 117.53427124023438,
        "Tm02_mean": 5.484203338623047
      },
      "geometry": {
        "type": "Point",
        "coordinates": [
          -77.90501403808594,
          33.859195709228516
        ]
      }
    },
    {
      "type": "Feature",
      "properties": {
        "id": "0000283",
        "dataset_index": 283,
        "time_start": "1980-01-01",
        "time_end": "2023-12-31",
        "Hs_mean": 0.8616430163383484,
        "Hs_max": 6.185663223266602,
        "Hs_95": 1.6768939316272733,
        "Tp_mean": 5.7965779304504395,
        "Dp_mean": 118.31367492675781,
        "Dm_mean": 118.05025482177734,
        "Tm02_mean": 5.4185662269592285
      },
      "geometry": {
        "type": "Point",
        "coordinates": [
          -77.90601348876953,
          33.863616943359375
        ]
      }
    },
    {
      "type": "Feature",
      "properties": {
        "id": "0000284",
        "dataset_index": 284,
        "time_start": "1980-01-01",
        "time_end": "2023-12-31",
        "Hs_mean": 0.8563240170478821,
        "Hs_max": 6.1424384117126465,
        "Hs_95": 1.6750694632530212,
        "Tp_mean": 5.8159260749816895,
        "Dp_mean": 118.7796859741211,
        "Dm_mean": 118.1474609375,
        "Tm02_mean": 5.383229732513428
      },
      "geometry": {
        "type": "Point",
        "coordinates": [
          -77.9072036743164,
          33.868011474609375
        ]
      }
    },
    {
      "type": "Feature",
      "properties": {
        "id": "0000285",
        "dataset_index": 285,
        "time_start": "1980-01-01",
        "time_end": "2023-12-31",
        "Hs_mean": 0.8509830236434937,
        "Hs_max": 6.101648330688477,
        "Hs_95": 1.6746924579143525,
        "Tp_mean": 5.877655029296875,
        "Dp_mean": 116.71276092529297,
        "Dm_mean": 116.40398406982422,
        "Tm02_mean": 5.397720813751221
      },
      "geometry": {
        "type": "Point",
        "coordinates": [
          -77.90839385986328,
          33.872406005859375
        ]
      }
    },
    {
      "type": "Feature",
      "properties": {
        "id": "0000286",
        "dataset_index": 286,
        "time_start": "1980-01-01",
        "time_end": "2023-12-31",
        "Hs_mean": 0.8487132787704468,
        "Hs_max": 6.061127185821533,
        "Hs_95": 1.6724801003932952,
        "Tp_mean": 5.878259181976318,
        "Dp_mean": 115.51995086669922,
        "Dm_mean": 114.99860382080078,
        "Tm02_mean": 5.375295639038086
      },
      "geometry": {
        "type": "Point",
        "coordinates": [
          -77.90958404541016,
          33.876800537109375
        ]
      }
    },
    {
      "type": "Feature",
      "properties": {
        "id": "0000287",
        "dataset_index": 287,
        "time_start": "1980-01-01",
        "time_end": "2023-12-31",
        "Hs_mean": 0.8442481756210327,
        "Hs_max": 6.0020880699157715,
        "Hs_95": 1.6618050515651703,
        "Tp_mean": 5.875380039215088,
        "Dp_mean": 116.05128479003906,
        "Dm_mean": 115.7843246459961,
        "Tm02_mean": 5.362914562225342
      },
      "geometry": {
        "type": "Point",
        "coordinates": [
          -77.91077423095703,
          33.881195068359375
        ]
      }
    },
    {
      "type": "Feature",
      "properties": {
        "id": "0000288",
        "dataset_index": 288,
        "time_start": "1980-01-01",
        "time_end": "2023-12-31",
        "Hs_mean": 0.842714250087738,
        "Hs_max": 5.922486782073975,
        "Hs_95": 1.649769389629364,
        "Tp_mean": 5.835294246673584,
        "Dp_mean": 118.1190414428711,
        "Dm_mean": 117.53936767578125,
        "Tm02_mean": 5.343096733093262
      },
      "geometry": {
        "type": "Point",
        "coordinates": [
          -77.91191101074219,
          33.88559341430664
        ]
      }
    },
    {
      "type": "Feature",
      "properties": {
        "id": "0000289",
        "dataset_index": 289,
        "time_start": "1980-01-01",
        "time_end": "2023-12-31",
        "Hs_mean": 0.8495590090751648,
        "Hs_max": 5.974879264831543,
        "Hs_95": 1.6534361124038697,
        "Tp_mean": 5.799614429473877,
        "Dp_mean": 122.78766632080078,
        "Dm_mean": 121.93775939941406,
        "Tm02_mean": 5.306276321411133
      },
      "geometry": {
        "type": "Point",
        "coordinates": [
          -77.91159057617188,
          33.89009094238281
        ]
      }
    },
    {
      "type": "Feature",
      "properties": {
        "id": "0000290",
        "dataset_index": 290,
        "time_start": "1980-01-01",
        "time_end": "2023-12-31",
        "Hs_mean": 0.8467462658882141,
        "Hs_max": 6.0407538414001465,
        "Hs_95": 1.6565671324729916,
        "Tp_mean": 5.947657585144043,
        "Dp_mean": 121.91351318359375,
        "Dm_mean": 120.90685272216797,
        "Tm02_mean": 5.423497200012207
      },
      "geometry": {
        "type": "Point",
        "coordinates": [
          -77.91126251220703,
          33.89458465576172
        ]
      }
    },
    {
      "type": "Feature",
      "properties": {
        "id": "0000291",
        "dataset_index": 291,
        "time_start": "1980-01-01",
        "time_end": "2023-12-31",
        "Hs_mean": 0.8470854759216309,
        "Hs_max": 6.048769950866699,
        "Hs_95": 1.6592364609241483,
        "Tp_mean": 5.97811222076416,
        "Dp_mean": 120.95256042480469,
        "Dm_mean": 120.55693054199219,
        "Tm02_mean": 5.452733039855957
      },
      "geometry": {
        "type": "Point",
        "coordinates": [
          -77.91094207763672,
          33.89908218383789
        ]
      }
    },
    {
      "type": "Feature",
      "properties": {
        "id": "0000292",
        "dataset_index": 292,
        "time_start": "1980-01-01",
        "time_end": "2023-12-31",
        "Hs_mean": 0.8493773341178894,
        "Hs_max": 6.135611534118652,
        "Hs_95": 1.6686091542243957,
        "Tp_mean": 5.99642276763916,
        "Dp_mean": 121.05351257324219,
        "Dm_mean": 121.01698303222656,
        "Tm02_mean": 5.467431545257568
      },
      "geometry": {
        "type": "Point",
        "coordinates": [
          -77.9100341796875,
          33.903465270996094
        ]
      }
    },
    {
      "type": "Feature",
      "properties": {
        "id": "0000293",
        "dataset_index": 293,
        "time_start": "1980-01-01",
        "time_end": "2023-12-31",
        "Hs_mean": 0.8553342223167419,
        "Hs_max": 6.221912860870361,
        "Hs_95": 1.6839586317539215,
        "Tp_mean": 6.004450798034668,
        "Dp_mean": 120.06504821777344,
        "Dm_mean": 120.46734619140625,
        "Tm02_mean": 5.497836112976074
      },
      "geometry": {
        "type": "Point",
        "coordinates": [
          -77.9079360961914,
          33.90761947631836
        ]
      }
    },
    {
      "type": "Feature",
      "properties": {
        "id": "0000294",
        "dataset_index": 294,
        "time_start": "1980-01-01",
        "time_end": "2023-12-31",
        "Hs_mean": 0.8605477809906006,
        "Hs_max": 6.380214691162109,
        "Hs_95": 1.695329904556274,
        "Tp_mean": 6.040250778198242,
        "Dp_mean": 121.83163452148438,
        "Dm_mean": 122.25147247314453,
        "Tm02_mean": 5.558053016662598
      },
      "geometry": {
        "type": "Point",
        "coordinates": [
          -77.90584564208984,
          33.91177749633789
        ]
      }
    },
    {
      "type": "Feature",
      "properties": {
        "id": "0000295",
        "dataset_index": 295,
        "time_start": "1980-01-01",
        "time_end": "2023-12-31",
        "Hs_mean": 0.8609277009963989,
        "Hs_max": 6.458412170410156,
        "Hs_95": 1.6972684323787688,
        "Tp_mean": 6.028057098388672,
        "Dp_mean": 121.5565414428711,
        "Dm_mean": 121.94271087646484,
        "Tm02_mean": 5.552847862243652
      },
      "geometry": {
        "type": "Point",
        "coordinates": [
          -77.90374755859375,
          33.915931701660156
        ]
      }
    },
    {
      "type": "Feature",
      "properties": {
        "id": "0000296",
        "dataset_index": 296,
        "time_start": "1980-01-01",
        "time_end": "2023-12-31",
        "Hs_mean": 0.8589752912521362,
        "Hs_max": 6.445370674133301,
        "Hs_95": 1.6971046864986419,
        "Tp_mean": 6.002999305725098,
        "Dp_mean": 122.17092895507812,
        "Dm_mean": 122.58590698242188,
        "Tm02_mean": 5.543806552886963
      },
      "geometry": {
        "type": "Point",
        "coordinates": [
          -77.90164947509766,
          33.92008590698242
        ]
      }
    },
    {
      "type": "Feature",
      "properties": {
        "id": "0000297",
        "dataset_index": 297,
        "time_start": "1980-01-01",
        "time_end": "2023-12-31",
        "Hs_mean": 0.8568050265312195,
        "Hs_max": 6.448955535888672,
        "Hs_95": 1.6968463718891142,
        "Tp_mean": 5.9812331199646,
        "Dp_mean": 122.0795669555664,
        "Dm_mean": 122.42815399169922,
        "Tm02_mean": 5.5235724449157715
      },
      "geometry": {
        "type": "Point",
        "coordinates": [
          -77.89984893798828,
          33.924320220947266
        ]
      }
    },
    {
      "type": "Feature",
      "properties": {
        "id": "0000298",
        "dataset_index": 298,
        "time_start": "1980-01-01",
        "time_end": "2023-12-31",
        "Hs_mean": 0.8536263108253479,
        "Hs_max": 6.392035961151123,
        "Hs_95": 1.6956448614597315,
        "Tp_mean": 5.957597255706787,
        "Dp_mean": 122.56282043457031,
        "Dm_mean": 122.58261108398438,
        "Tm02_mean": 5.500301361083984
      },
      "geometry": {
        "type": "Point",
        "coordinates": [
          -77.898681640625,
          33.92871856689453
        ]
      }
    },
    {
      "type": "Feature",
      "properties": {
        "id": "0000299",
        "dataset_index": 299,
        "time_start": "1980-01-01",
        "time_end": "2023-12-31",
        "Hs_mean": 0.8510040044784546,
        "Hs_max": 6.304880619049072,
        "Hs_95": 1.6945425391197202,
        "Tp_mean": 5.950200080871582,
        "Dp_mean": 122.29671478271484,
        "Dm_mean": 122.36714935302734,
        "Tm02_mean": 5.484738826751709
      },
      "geometry": {
        "type": "Point",
        "coordinates": [
          -77.89751434326172,
          33.9331169128418
        ]
      }
    },
    {
      "type": "Feature",
      "properties": {
        "id": "0000300",
        "dataset_index": 300,
        "time_start": "1980-01-01",
        "time_end": "2023-12-31",
        "Hs_mean": 0.8486093282699585,
        "Hs_max": 6.176052093505859,
        "Hs_95": 1.6879637241363525,
        "Tp_mean": 5.954838275909424,
        "Dp_mean": 122.03409576416016,
        "Dm_mean": 121.92471313476562,
        "Tm02_mean": 5.489096164703369
      },
      "geometry": {
        "type": "Point",
        "coordinates": [
          -77.8963394165039,
          33.93751525878906
        ]
      }
    },
    {
      "type": "Feature",
      "properties": {
        "id": "0000301",
        "dataset_index": 301,
        "time_start": "1980-01-01",
        "time_end": "2023-12-31",
        "Hs_mean": 0.8467835187911987,
        "Hs_max": 6.107523441314697,
        "Hs_95": 1.676484501361847,
        "Tp_mean": 5.938675880432129,
        "Dp_mean": 122.10892486572266,
        "Dm_mean": 121.57096862792969,
        "Tm02_mean": 5.453017711639404
      },
      "geometry": {
        "type": "Point",
        "coordinates": [
          -77.89517211914062,
          33.94191360473633
        ]
      }
    },
    {
      "type": "Feature",
      "properties": {
        "id": "0000302",
        "dataset_index": 302,
        "time_start": "1980-01-01",
        "time_end": "2023-12-31",
        "Hs_mean": 0.8428192138671875,
        "Hs_max": 5.999375343322754,
        "Hs_95": 1.664422470331192,
        "Tp_mean": 5.940539360046387,
        "Dp_mean": 122.96012878417969,
        "Dm_mean": 122.00203704833984,
        "Tm02_mean": 5.447388648986816
      },
      "geometry": {
        "type": "Point",
        "coordinates": [
          -77.89399719238281,
          33.946311950683594
        ]
      }
    },
    {
      "type": "Feature",
      "properties": {
        "id": "0000303",
        "dataset_index": 303,
        "time_start": "1980-01-01",
        "time_end": "2023-12-31",
        "Hs_mean": 0.8393685221672058,
        "Hs_max": 5.9185662269592285,
        "Hs_95": 1.665181529521942,
        "Tp_mean": 5.972943305969238,
        "Dp_mean": 123.1941909790039,
        "Dm_mean": 122.12101745605469,
        "Tm02_mean": 5.4689130783081055
      },
      "geometry": {
        "type": "Point",
        "coordinates": [
          -77.89282989501953,
          33.95071029663086
        ]
      }
    },
    {
      "type": "Feature",
      "properties": {
        "id": "0000304",
        "dataset_index": 304,
        "time_start": "1980-01-01",
        "time_end": "2023-12-31",
        "Hs_mean": 0.8429887890815735,
        "Hs_max": 5.9661760330200195,
        "Hs_95": 1.6770407915115355,
        "Tp_mean": 6.020934104919434,
        "Dp_mean": 123.2718734741211,
        "Dm_mean": 122.04596710205078,
        "Tm02_mean": 5.527885913848877
      },
      "geometry": {
        "type": "Point",
        "coordinates": [
          -77.89166259765625,
          33.95511245727539
        ]
      }
    },
    {
      "type": "Feature",
      "properties": {
        "id": "0000305",
        "dataset_index": 305,
        "time_start": "1980-01-01",
        "time_end": "2023-12-31",
        "Hs_mean": 0.8469958901405334,
        "Hs_max": 6.005773067474365,
        "Hs_95": 1.6934999525547025,
        "Tp_mean": 6.108506202697754,
        "Dp_mean": 122.4494400024414,
        "Dm_mean": 121.22881317138672,
        "Tm02_mean": 5.600666522979736
      },
      "geometry": {
        "type": "Point",
        "coordinates": [
          -77.89048767089844,
          33.959510803222656
        ]
      }
    },
    {
      "type": "Feature",
      "properties": {
        "id": "0000306",
        "dataset_index": 306,
        "time_start": "1980-01-01",
        "time_end": "2023-12-31",
        "Hs_mean": 0.8482092022895813,
        "Hs_max": 6.020036697387695,
        "Hs_95": 1.697921913862228,
        "Tp_mean": 6.1629862785339355,
        "Dp_mean": 121.57424926757812,
        "Dm_mean": 120.37620544433594,
        "Tm02_mean": 5.638162136077881
      },
      "geometry": {
        "type": "Point",
        "coordinates": [
          -77.88932037353516,
          33.96390914916992
        ]
      }
    },
    {
      "type": "Feature",
      "properties": {
        "id": "0000307",
        "dataset_index": 307,
        "time_start": "1980-01-01",
        "time_end": "2023-12-31",
        "Hs_mean": 0.8486204147338867,
        "Hs_max": 6.073931694030762,
        "Hs_95": 1.698354583978653,
        "Tp_mean": 6.235017776489258,
        "Dp_mean": 120.99059295654297,
        "Dm_mean": 119.69190216064453,
        "Tm02_mean": 5.684603214263916
      },
      "geometry": {
        "type": "Point",
        "coordinates": [
          -77.88815307617188,
          33.96830749511719
        ]
      }
    },
    {
      "type": "Feature",
      "properties": {
        "id": "0000308",
        "dataset_index": 308,
        "time_start": "1980-01-01",
        "time_end": "2023-12-31",
        "Hs_mean": 0.8492722511291504,
        "Hs_max": 6.274197578430176,
        "Hs_95": 1.7008066177368164,
        "Tp_mean": 6.315093994140625,
        "Dp_mean": 120.21613311767578,
        "Dm_mean": 119.0212173461914,
        "Tm02_mean": 5.703171730041504
      },
      "geometry": {
        "type": "Point",
        "coordinates": [
          -77.88697814941406,
          33.97270584106445
        ]
      }
    },
    {
      "type": "Feature",
      "properties": {
        "id": "0000309",
        "dataset_index": 309,
        "time_start": "1980-01-01",
        "time_end": "2023-12-31",
        "Hs_mean": 0.8470455408096313,
        "Hs_max": 6.318562030792236,
        "Hs_95": 1.6995710670948025,
        "Tp_mean": 6.275084495544434,
        "Dp_mean": 119.96542358398438,
        "Dm_mean": 118.82086181640625,
        "Tm02_mean": 5.6797590255737305
      },
      "geometry": {
        "type": "Point",
        "coordinates": [
          -77.88581085205078,
          33.97710418701172
        ]
      }
    },
    {
      "type": "Feature",
      "properties": {
        "id": "0000310",
        "dataset_index": 310,
        "time_start": "1980-01-01",
        "time_end": "2023-12-31",
        "Hs_mean": 0.8404796719551086,
        "Hs_max": 6.2469635009765625,
        "Hs_95": 1.6948183178901672,
        "Tp_mean": 6.242478847503662,
        "Dp_mean": 120.39905548095703,
        "Dm_mean": 119.5201644897461,
        "Tm02_mean": 5.653860092163086
      },
      "geometry": {
        "type": "Point",
        "coordinates": [
          -77.8846435546875,
          33.981502532958984
        ]
      }
    },
    {
      "type": "Feature",
      "properties": {
        "id": "0000311",
        "dataset_index": 311,
        "time_start": "1980-01-01",
        "time_end": "2023-12-31",
        "Hs_mean": 0.8362004160881042,
        "Hs_max": 6.2053751945495605,
        "Hs_95": 1.6949048280715935,
        "Tp_mean": 6.263519287109375,
        "Dp_mean": 120.5312728881836,
        "Dm_mean": 119.5359115600586,
        "Tm02_mean": 5.673357009887695
      },
      "geometry": {
        "type": "Point",
        "coordinates": [
          -77.88346862792969,
          33.98590087890625
        ]
      }
    },
    {
      "type": "Feature",
      "properties": {
        "id": "0000312",
        "dataset_index": 312,
        "time_start": "1980-01-01",
        "time_end": "2023-12-31",
        "Hs_mean": 0.8350241780281067,
        "Hs_max": 6.152597427368164,
        "Hs_95": 1.6976421594619746,
        "Tp_mean": 6.273220062255859,
        "Dp_mean": 120.83041381835938,
        "Dm_mean": 119.8155288696289,
        "Tm02_mean": 5.680652141571045
      },
      "geometry": {
        "type": "Point",
        "coordinates": [
          -77.8823013305664,
          33.990299224853516
        ]
      }
    },
    {
      "type": "Feature",
      "properties": {
        "id": "0000313",
        "dataset_index": 313,
        "time_start": "1980-01-01",
        "time_end": "2023-12-31",
        "Hs_mean": 0.8355535864830017,
        "Hs_max": 6.138154983520508,
        "Hs_95": 1.6995900869369505,
        "Tp_mean": 6.309578895568848,
        "Dp_mean": 121.29316711425781,
        "Dm_mean": 120.37199401855469,
        "Tm02_mean": 5.718028545379639
      },
      "geometry": {
        "type": "Point",
        "coordinates": [
          -77.8810806274414,
          33.994686126708984
        ]
      }
    },
    {
      "type": "Feature",
      "properties": {
        "id": "0000314",
        "dataset_index": 314,
        "time_start": "1980-01-01",
        "time_end": "2023-12-31",
        "Hs_mean": 0.842320442199707,
        "Hs_max": 6.236306667327881,
        "Hs_95": 1.7109363794326782,
        "Tp_mean": 6.324705600738525,
        "Dp_mean": 121.3093032836914,
        "Dm_mean": 120.37393951416016,
        "Tm02_mean": 5.731045722961426
      },
      "geometry": {
        "type": "Point",
        "coordinates": [
          -77.87940216064453,
          33.99897384643555
        ]
      }
    },
    {
      "type": "Feature",
      "properties": {
        "id": "0000315",
        "dataset_index": 315,
        "time_start": "1980-01-01",
        "time_end": "2023-12-31",
        "Hs_mean": 0.8449351191520691,
        "Hs_max": 6.287189483642578,
        "Hs_95": 1.7123481571674346,
        "Tp_mean": 6.354082107543945,
        "Dp_mean": 121.1295166015625,
        "Dm_mean": 120.1552505493164,
        "Tm02_mean": 5.759132385253906
      },
      "geometry": {
        "type": "Point",
        "coordinates": [
          -77.87772369384766,
          34.003257751464844
        ]
      }
    },
    {
      "type": "Feature",
      "properties": {
        "id": "0000316",
        "dataset_index": 316,
        "time_start": "1980-01-01",
        "time_end": "2023-12-31",
        "Hs_mean": 0.8454475998878479,
        "Hs_max": 6.3325066566467285,
        "Hs_95": 1.7065313696861266,
        "Tp_mean": 6.401808738708496,
        "Dp_mean": 121.06436157226562,
        "Dm_mean": 119.77374267578125,
        "Tm02_mean": 5.808080196380615
      },
      "geometry": {
        "type": "Point",
        "coordinates": [
          -77.87604522705078,
          34.00754165649414
        ]
      }
    },
    {
      "type": "Feature",
      "properties": {
        "id": "0000317",
        "dataset_index": 317,
        "time_start": "1980-01-01",
        "time_end": "2023-12-31",
        "Hs_mean": 0.8446313738822937,
        "Hs_max": 6.418211460113525,
        "Hs_95": 1.6997433662414547,
        "Tp_mean": 6.427761554718018,
        "Dp_mean": 120.75273895263672,
        "Dm_mean": 119.33173370361328,
        "Tm02_mean": 5.835447311401367
      },
      "geometry": {
        "type": "Point",
        "coordinates": [
          -77.8743667602539,
          34.01182556152344
        ]
      }
    },
    {
      "type": "Feature",
      "properties": {
        "id": "0000318",
        "dataset_index": 318,
        "time_start": "1980-01-01",
        "time_end": "2023-12-31",
        "Hs_mean": 0.8438641428947449,
        "Hs_max": 6.523593425750732,
        "Hs_95": 1.6965290665626527,
        "Tp_mean": 6.3973894119262695,
        "Dp_mean": 120.92499542236328,
        "Dm_mean": 119.7037582397461,
        "Tm02_mean": 5.810310363769531
      },
      "geometry": {
        "type": "Point",
        "coordinates": [
          -77.87269592285156,
          34.016109466552734
        ]
      }
    },
    {
      "type": "Feature",
      "properties": {
        "id": "0000319",
        "dataset_index": 319,
        "time_start": "1980-01-01",
        "time_end": "2023-12-31",
        "Hs_mean": 0.8368861079216003,
        "Hs_max": 6.488255023956299,
        "Hs_95": 1.6852155864238738,
        "Tp_mean": 6.355106830596924,
        "Dp_mean": 121.05679321289062,
        "Dm_mean": 119.82916259765625,
        "Tm02_mean": 5.783725738525391
      },
      "geometry": {
        "type": "Point",
        "coordinates": [
          -77.87101745605469,
          34.0203971862793
        ]
      }
    },
    {
      "type": "Feature",
      "properties": {
        "id": "0000320",
        "dataset_index": 320,
        "time_start": "1980-01-01",
        "time_end": "2023-12-31",
        "Hs_mean": 0.8325053453445435,
        "Hs_max": 6.414176940917969,
        "Hs_95": 1.6813429296016693,
        "Tp_mean": 6.304619789123535,
        "Dp_mean": 121.58104705810547,
        "Dm_mean": 120.23290252685547,
        "Tm02_mean": 5.726196765899658
      },
      "geometry": {
        "type": "Point",
        "coordinates": [
          -77.86933898925781,
          34.024681091308594
        ]
      }
    },
    {
      "type": "Feature",
      "properties": {
        "id": "0000321",
        "dataset_index": 321,
        "time_start": "1980-01-01",
        "time_end": "2023-12-31",
        "Hs_mean": 0.8314821720123291,
        "Hs_max": 6.402024745941162,
        "Hs_95": 1.6766373574733733,
        "Tp_mean": 6.280842304229736,
        "Dp_mean": 122.7261734008789,
        "Dm_mean": 121.20795440673828,
        "Tm02_mean": 5.68751859664917
      },
      "geometry": {
        "type": "Point",
        "coordinates": [
          -77.8674545288086,
          34.028900146484375
        ]
      }
    },
    {
      "type": "Feature",
      "properties": {
        "id": "0000322",
        "dataset_index": 322,
        "time_start": "1980-01-01",
        "time_end": "2023-12-31",
        "Hs_mean": 0.8439062833786011,
        "Hs_max": 6.47812557220459,
        "Hs_95": 1.6871361613273619,
        "Tp_mean": 6.151238441467285,
        "Dp_mean": 124.54731750488281,
        "Dm_mean": 122.79934692382812,
        "Tm02_mean": 5.592759609222412
      },
      "geometry": {
        "type": "Point",
        "coordinates": [
          -77.86531066894531,
          34.03303909301758
        ]
      }
    },
    {
      "type": "Feature",
      "properties": {
        "id": "0000323",
        "dataset_index": 323,
        "time_start": "1980-01-01",
        "time_end": "2023-12-31",
        "Hs_mean": 0.8450996279716492,
        "Hs_max": 6.416188716888428,
        "Hs_95": 1.6836967468261719,
        "Tp_mean": 6.105949878692627,
        "Dp_mean": 125.32489013671875,
        "Dm_mean": 123.36133575439453,
        "Tm02_mean": 5.575422286987305
      },
      "geometry": {
        "type": "Point",
        "coordinates": [
          -77.8631591796875,
          34.037174224853516
        ]
      }
    },
    {
      "type": "Feature",
      "properties": {
        "id": "0000324",
        "dataset_index": 324,
        "time_start": "1980-01-01",
        "time_end": "2023-12-31",
        "Hs_mean": 0.8454035520553589,
        "Hs_max": 6.307226181030273,
        "Hs_95": 1.6867202222347257,
        "Tp_mean": 6.0783162117004395,
        "Dp_mean": 125.63023376464844,
        "Dm_mean": 123.69634246826172,
        "Tm02_mean": 5.554144859313965
      },
      "geometry": {
        "type": "Point",
        "coordinates": [
          -77.86100769042969,
          34.04131317138672
        ]
      }
    },
    {
      "type": "Feature",
      "properties": {
        "id": "0000325",
        "dataset_index": 325,
        "time_start": "1980-01-01",
        "time_end": "2023-12-31",
        "Hs_mean": 0.8507295846939087,
        "Hs_max": 6.399819374084473,
        "Hs_95": 1.6991213381290435,
        "Tp_mean": 6.135122299194336,
        "Dp_mean": 126.68669891357422,
        "Dm_mean": 124.84656524658203,
        "Tm02_mean": 5.601736545562744
      },
      "geometry": {
        "type": "Point",
        "coordinates": [
          -77.85885620117188,
          34.04545211791992
        ]
      }
    },
    {
      "type": "Feature",
      "properties": {
        "id": "0000326",
        "dataset_index": 326,
        "time_start": "1980-01-01",
        "time_end": "2023-12-31",
        "Hs_mean": 0.8549264669418335,
        "Hs_max": 6.587078094482422,
        "Hs_95": 1.7170287191867826,
        "Tp_mean": 6.215422630310059,
        "Dp_mean": 125.92909240722656,
        "Dm_mean": 124.16665649414062,
        "Tm02_mean": 5.657867431640625
      },
      "geometry": {
        "type": "Point",
        "coordinates": [
          -77.8567123413086,
          34.04958724975586
        ]
      }
    },
    {
      "type": "Feature",
      "properties": {
        "id": "0000327",
        "dataset_index": 327,
        "time_start": "1980-01-01",
        "time_end": "2023-12-31",
        "Hs_mean": 0.8555683493614197,
        "Hs_max": 6.6038665771484375,
        "Hs_95": 1.723925232887268,
        "Tp_mean": 6.185496807098389,
        "Dp_mean": 124.84852600097656,
        "Dm_mean": 123.04685974121094,
        "Tm02_mean": 5.651302814483643
      },
      "geometry": {
        "type": "Point",
        "coordinates": [
          -77.85456085205078,
          34.05372619628906
        ]
      }
    },
    {
      "type": "Feature",
      "properties": {
        "id": "0000328",
        "dataset_index": 328,
        "time_start": "1980-01-01",
        "time_end": "2023-12-31",
        "Hs_mean": 0.8531902432441711,
        "Hs_max": 6.49970006942749,
        "Hs_95": 1.7182574212551107,
        "Tp_mean": 6.1711039543151855,
        "Dp_mean": 124.35337829589844,
        "Dm_mean": 122.56697082519531,
        "Tm02_mean": 5.6266279220581055
      },
      "geometry": {
        "type": "Point",
        "coordinates": [
          -77.85240936279297,
          34.057865142822266
        ]
      }
    },
    {
      "type": "Feature",
      "properties": {
        "id": "0000329",
        "dataset_index": 329,
        "time_start": "1980-01-01",
        "time_end": "2023-12-31",
        "Hs_mean": 0.851072371006012,
        "Hs_max": 6.446301460266113,
        "Hs_95": 1.7159826993942258,
        "Tp_mean": 6.201231002807617,
        "Dp_mean": 124.20467376708984,
        "Dm_mean": 122.43897247314453,
        "Tm02_mean": 5.646559238433838
      },
      "geometry": {
        "type": "Point",
        "coordinates": [
          -77.85052490234375,
          34.062076568603516
        ]
      }
    },
    {
      "type": "Feature",
      "properties": {
        "id": "0000330",
        "dataset_index": 330,
        "time_start": "1980-01-01",
        "time_end": "2023-12-31",
        "Hs_mean": 0.8502063751220703,
        "Hs_max": 6.412838459014893,
        "Hs_95": 1.717544686794281,
        "Tp_mean": 6.213957786560059,
        "Dp_mean": 123.94547271728516,
        "Dm_mean": 122.14664459228516,
        "Tm02_mean": 5.656430244445801
      },
      "geometry": {
        "type": "Point",
        "coordinates": [
          -77.84906005859375,
          34.06641387939453
        ]
      }
    },
    {
      "type": "Feature",
      "properties": {
        "id": "0000331",
        "dataset_index": 331,
        "time_start": "1980-01-01",
        "time_end": "2023-12-31",
        "Hs_mean": 0.8495434522628784,
        "Hs_max": 6.340583801269531,
        "Hs_95": 1.7169726371765133,
        "Tp_mean": 6.2173004150390625,
        "Dp_mean": 123.93965148925781,
        "Dm_mean": 122.12440490722656,
        "Tm02_mean": 5.660750865936279
      },
      "geometry": {
        "type": "Point",
        "coordinates": [
          -77.84758758544922,
          34.07075119018555
        ]
      }
    },
    {
      "type": "Feature",
      "properties": {
        "id": "0000332",
        "dataset_index": 332,
        "time_start": "1980-01-01",
        "time_end": "2023-12-31",
        "Hs_mean": 0.8522006273269653,
        "Hs_max": 6.290317058563232,
        "Hs_95": 1.721552550792694,
        "Tp_mean": 6.244062423706055,
        "Dp_mean": 123.94683837890625,
        "Dm_mean": 122.20767974853516,
        "Tm02_mean": 5.692174434661865
      },
      "geometry": {
        "type": "Point",
        "coordinates": [
          -77.84612274169922,
          34.07508850097656
        ]
      }
    },
    {
      "type": "Feature",
      "properties": {
        "id": "0000333",
        "dataset_index": 333,
        "time_start": "1980-01-01",
        "time_end": "2023-12-31",
        "Hs_mean": 0.8546984791755676,
        "Hs_max": 6.286961555480957,
        "Hs_95": 1.7196048498153687,
        "Tp_mean": 6.285305976867676,
        "Dp_mean": 123.69103240966797,
        "Dm_mean": 121.91643524169922,
        "Tm02_mean": 5.7221221923828125
      },
      "geometry": {
        "type": "Point",
        "coordinates": [
          -77.84465789794922,
          34.079429626464844
        ]
      }
    },
    {
      "type": "Feature",
      "properties": {
        "id": "0000334",
        "dataset_index": 334,
        "time_start": "1980-01-01",
        "time_end": "2023-12-31",
        "Hs_mean": 0.8526440858840942,
        "Hs_max": 6.276574611663818,
        "Hs_95": 1.708123135566711,
        "Tp_mean": 6.311803817749023,
        "Dp_mean": 123.68714904785156,
        "Dm_mean": 121.9682388305664,
        "Tm02_mean": 5.744428634643555
      },
      "geometry": {
        "type": "Point",
        "coordinates": [
          -77.84318542480469,
          34.083763122558594
        ]
      }
    },
    {
      "type": "Feature",
      "properties": {
        "id": "0000335",
        "dataset_index": 335,
        "time_start": "1980-01-01",
        "time_end": "2023-12-31",
        "Hs_mean": 0.8508012294769287,
        "Hs_max": 6.321768760681152,
        "Hs_95": 1.7006982386112213,
        "Tp_mean": 6.318420886993408,
        "Dp_mean": 123.8753890991211,
        "Dm_mean": 122.23046112060547,
        "Tm02_mean": 5.7507548332214355
      },
      "geometry": {
        "type": "Point",
        "coordinates": [
          -77.84172058105469,
          34.088104248046875
        ]
      }
    },
    {
      "type": "Feature",
      "properties": {
        "id": "0000336",
        "dataset_index": 336,
        "time_start": "1980-01-01",
        "time_end": "2023-12-31",
        "Hs_mean": 0.8466463088989258,
        "Hs_max": 6.378092288970947,
        "Hs_95": 1.6906341731548309,
        "Tp_mean": 6.322352886199951,
        "Dp_mean": 124.4544677734375,
        "Dm_mean": 122.90558624267578,
        "Tm02_mean": 5.751616477966309
      },
      "geometry": {
        "type": "Point",
        "coordinates": [
          -77.84025573730469,
          34.09244155883789
        ]
      }
    },
    {
      "type": "Feature",
      "properties": {
        "id": "0000337",
        "dataset_index": 337,
        "time_start": "1980-01-01",
        "time_end": "2023-12-31",
        "Hs_mean": 0.8423709869384766,
        "Hs_max": 6.465926170349121,
        "Hs_95": 1.6860061228275298,
        "Tp_mean": 6.312396049499512,
        "Dp_mean": 124.75244140625,
        "Dm_mean": 123.38577270507812,
        "Tm02_mean": 5.7107038497924805
      },
      "geometry": {
        "type": "Point",
        "coordinates": [
          -77.83878326416016,
          34.096778869628906
        ]
      }
    },
    {
      "type": "Feature",
      "properties": {
        "id": "0000338",
        "dataset_index": 338,
        "time_start": "1980-01-01",
        "time_end": "2023-12-31",
        "Hs_mean": 0.8357381820678711,
        "Hs_max": 6.426515579223633,
        "Hs_95": 1.676762199401855,
        "Tp_mean": 6.278178691864014,
        "Dp_mean": 124.83071899414062,
        "Dm_mean": 123.39924621582031,
        "Tm02_mean": 5.682448387145996
      },
      "geometry": {
        "type": "Point",
        "coordinates": [
          -77.83731842041016,
          34.10111618041992
        ]
      }
    },
    {
      "type": "Feature",
      "properties": {
        "id": "0000339",
        "dataset_index": 339,
        "time_start": "1980-01-01",
        "time_end": "2023-12-31",
        "Hs_mean": 0.8363911509513855,
        "Hs_max": 6.454051971435547,
        "Hs_95": 1.6812920331954948,
        "Tp_mean": 6.269672393798828,
        "Dp_mean": 125.20230865478516,
        "Dm_mean": 123.9625473022461,
        "Tm02_mean": 5.6739678382873535
      },
      "geometry": {
        "type": "Point",
        "coordinates": [
          -77.83531188964844,
          34.10529327392578
        ]
      }
    },
    {
      "type": "Feature",
      "properties": {
        "id": "0000340",
        "dataset_index": 340,
        "time_start": "1980-01-01",
        "time_end": "2023-12-31",
        "Hs_mean": 0.8377291560173035,
        "Hs_max": 6.505651950836182,
        "Hs_95": 1.6863236665725705,
        "Tp_mean": 6.304098129272461,
        "Dp_mean": 125.17882537841797,
        "Dm_mean": 123.91482543945312,
        "Tm02_mean": 5.704892158508301
      },
      "geometry": {
        "type": "Point",
        "coordinates": [
          -77.8331527709961,
          34.10942840576172
        ]
      }
    },
    {
      "type": "Feature",
      "properties": {
        "id": "0000341",
        "dataset_index": 341,
        "time_start": "1980-01-01",
        "time_end": "2023-12-31",
        "Hs_mean": 0.8348411321640015,
        "Hs_max": 6.449021816253662,
        "Hs_95": 1.6838165640830993,
        "Tp_mean": 6.2876129150390625,
        "Dp_mean": 125.0035629272461,
        "Dm_mean": 123.62271881103516,
        "Tm02_mean": 5.69281530380249
      },
      "geometry": {
        "type": "Point",
        "coordinates": [
          -77.83099365234375,
          34.113563537597656
        ]
      }
    },
    {
      "type": "Feature",
      "properties": {
        "id": "0000342",
        "dataset_index": 342,
        "time_start": "1980-01-01",
        "time_end": "2023-12-31",
        "Hs_mean": 0.8364608883857727,
        "Hs_max": 6.438664436340332,
        "Hs_95": 1.6956294298171994,
        "Tp_mean": 6.220488548278809,
        "Dp_mean": 125.34453582763672,
        "Dm_mean": 124.06485748291016,
        "Tm02_mean": 5.635474681854248
      },
      "geometry": {
        "type": "Point",
        "coordinates": [
          -77.8288345336914,
          34.117698669433594
        ]
      }
    },
    {
      "type": "Feature",
      "properties": {
        "id": "0000343",
        "dataset_index": 343,
        "time_start": "1980-01-01",
        "time_end": "2023-12-31",
        "Hs_mean": 0.8373582363128662,
        "Hs_max": 6.376618385314941,
        "Hs_95": 1.7056529462337493,
        "Tp_mean": 6.172633171081543,
        "Dp_mean": 125.96116638183594,
        "Dm_mean": 124.62533569335938,
        "Tm02_mean": 5.590992450714111
      },
      "geometry": {
        "type": "Point",
        "coordinates": [
          -77.82667541503906,
          34.12183380126953
        ]
      }
    },
    {
      "type": "Feature",
      "properties": {
        "id": "0000344",
        "dataset_index": 344,
        "time_start": "1980-01-01",
        "time_end": "2023-12-31",
        "Hs_mean": 0.8408939242362976,
        "Hs_max": 6.379477024078369,
        "Hs_95": 1.7134892344474788,
        "Tp_mean": 6.170910358428955,
        "Dp_mean": 126.36624908447266,
        "Dm_mean": 124.92970275878906,
        "Tm02_mean": 5.5906219482421875
      },
      "geometry": {
        "type": "Point",
        "coordinates": [
          -77.82451629638672,
          34.1259651184082
        ]
      }
    },
    {
      "type": "Feature",
      "properties": {
        "id": "0000345",
        "dataset_index": 345,
        "time_start": "1980-01-01",
        "time_end": "2023-12-31",
        "Hs_mean": 0.8482534289360046,
        "Hs_max": 6.488649845123291,
        "Hs_95": 1.727900809049606,
        "Tp_mean": 6.18569278717041,
        "Dp_mean": 126.28766632080078,
        "Dm_mean": 124.86547088623047,
        "Tm02_mean": 5.610421657562256
      },
      "geometry": {
        "type": "Point",
        "coordinates": [
          -77.82235717773438,
          34.13010025024414
        ]
      }
    },
    {
      "type": "Feature",
      "properties": {
        "id": "0000346",
        "dataset_index": 346,
        "time_start": "1980-01-01",
        "time_end": "2023-12-31",
        "Hs_mean": 0.8492763638496399,
        "Hs_max": 6.546504974365234,
        "Hs_95": 1.7191380262374876,
        "Tp_mean": 6.208718776702881,
        "Dp_mean": 126.65286254882812,
        "Dm_mean": 125.34683227539062,
        "Tm02_mean": 5.6288323402404785
      },
      "geometry": {
        "type": "Point",
        "coordinates": [
          -77.8201904296875,
          34.13423538208008
        ]
      }
    },
    {
      "type": "Feature",
      "properties": {
        "id": "0000347",
        "dataset_index": 347,
        "time_start": "1980-01-01",
        "time_end": "2023-12-31",
        "Hs_mean": 0.853400468826294,
        "Hs_max": 6.6661858558654785,
        "Hs_95": 1.724079996347427,
        "Tp_mean": 6.21282958984375,
        "Dp_mean": 126.57999420166016,
        "Dm_mean": 125.3282241821289,
        "Tm02_mean": 5.62863302230835
      },
      "geometry": {
        "type": "Point",
        "coordinates": [
          -77.8178482055664,
          34.1382942199707
        ]
      }
    },
    {
      "type": "Feature",
      "properties": {
        "id": "0000348",
        "dataset_index": 348,
        "time_start": "1980-01-01",
        "time_end": "2023-12-31",
        "Hs_mean": 0.8524296879768372,
        "Hs_max": 6.713184356689453,
        "Hs_95": 1.716371339559555,
        "Tp_mean": 6.2108330726623535,
        "Dp_mean": 127.07795715332031,
        "Dm_mean": 125.85903930664062,
        "Tm02_mean": 5.62112283706665
      },
      "geometry": {
        "type": "Point",
        "coordinates": [
          -77.81513214111328,
          34.14219665527344
        ]
      }
    },
    {
      "type": "Feature",
      "properties": {
        "id": "0000349",
        "dataset_index": 349,
        "time_start": "1980-01-01",
        "time_end": "2023-12-31",
        "Hs_mean": 0.8505069613456726,
        "Hs_max": 6.736544609069824,
        "Hs_95": 1.712706339359283,
        "Tp_mean": 6.196495532989502,
        "Dp_mean": 127.2126235961914,
        "Dm_mean": 125.94193267822266,
        "Tm02_mean": 5.609148025512695
      },
      "geometry": {
        "type": "Point",
        "coordinates": [
          -77.81241607666016,
          34.14609909057617
        ]
      }
    },
    {
      "type": "Feature",
      "properties": {
        "id": "0000350",
        "dataset_index": 350,
        "time_start": "1980-01-01",
        "time_end": "2023-12-31",
        "Hs_mean": 0.8493746519088745,
        "Hs_max": 6.712520122528076,
        "Hs_95": 1.7124412834644314,
        "Tp_mean": 6.163013458251953,
        "Dp_mean": 127.22024536132812,
        "Dm_mean": 125.9912338256836,
        "Tm02_mean": 5.582723617553711
      },
      "geometry": {
        "type": "Point",
        "coordinates": [
          -77.8096923828125,
          34.150001525878906
        ]
      }
    },
    {
      "type": "Feature",
      "properties": {
        "id": "0000351",
        "dataset_index": 351,
        "time_start": "1980-01-01",
        "time_end": "2023-12-31",
        "Hs_mean": 0.8437656760215759,
        "Hs_max": 6.609654903411865,
        "Hs_95": 1.700549018383026,
        "Tp_mean": 6.1539387702941895,
        "Dp_mean": 127.18573760986328,
        "Dm_mean": 125.85590362548828,
        "Tm02_mean": 5.570764541625977
      },
      "geometry": {
        "type": "Point",
        "coordinates": [
          -77.80697631835938,
          34.15390396118164
        ]
      }
    },
    {
      "type": "Feature",
      "properties": {
        "id": "0000352",
        "dataset_index": 352,
        "time_start": "1980-01-01",
        "time_end": "2023-12-31",
        "Hs_mean": 0.8409981727600098,
        "Hs_max": 6.519204616546631,
        "Hs_95": 1.6985617220401763,
        "Tp_mean": 6.10029935836792,
        "Dp_mean": 127.17443084716797,
        "Dm_mean": 125.92845153808594,
        "Tm02_mean": 5.531956195831299
      },
      "geometry": {
        "type": "Point",
        "coordinates": [
          -77.80426025390625,
          34.15781021118164
        ]
      }
    },
    {
      "type": "Feature",
      "properties": {
        "id": "0000353",
        "dataset_index": 353,
        "time_start": "1980-01-01",
        "time_end": "2023-12-31",
        "Hs_mean": 0.8382075428962708,
        "Hs_max": 6.3915276527404785,
        "Hs_95": 1.6960150420665738,
        "Tp_mean": 6.0834245681762695,
        "Dp_mean": 128.12059020996094,
        "Dm_mean": 126.95415496826172,
        "Tm02_mean": 5.501456260681152
      },
      "geometry": {
        "type": "Point",
        "coordinates": [
          -77.80154418945312,
          34.161712646484375
        ]
      }
    },
    {
      "type": "Feature",
      "properties": {
        "id": "0000354",
        "dataset_index": 354,
        "time_start": "1980-01-01",
        "time_end": "2023-12-31",
        "Hs_mean": 0.8422726988792419,
        "Hs_max": 6.380411624908447,
        "Hs_95": 1.7072546601295469,
        "Tp_mean": 6.083027362823486,
        "Dp_mean": 128.45901489257812,
        "Dm_mean": 127.3737564086914,
        "Tm02_mean": 5.5046305656433105
      },
      "geometry": {
        "type": "Point",
        "coordinates": [
          -77.79882049560547,
          34.16561508178711
        ]
      }
    },
    {
      "type": "Feature",
      "properties": {
        "id": "0000355",
        "dataset_index": 355,
        "time_start": "1980-01-01",
        "time_end": "2023-12-31",
        "Hs_mean": 0.8442437052726746,
        "Hs_max": 6.2921295166015625,
        "Hs_95": 1.7088684201240538,
        "Tp_mean": 6.101093292236328,
        "Dp_mean": 128.39776611328125,
        "Dm_mean": 127.17692565917969,
        "Tm02_mean": 5.51726770401001
      },
      "geometry": {
        "type": "Point",
        "coordinates": [
          -77.79610443115234,
          34.169517517089844
        ]
      }
    },
    {
      "type": "Feature",
      "properties": {
        "id": "0000356",
        "dataset_index": 356,
        "time_start": "1980-01-01",
        "time_end": "2023-12-31",
        "Hs_mean": 0.8483033776283264,
        "Hs_max": 6.264559268951416,
        "Hs_95": 1.7141947984695434,
        "Tp_mean": 6.104147434234619,
        "Dp_mean": 128.3304901123047,
        "Dm_mean": 127.07384490966797,
        "Tm02_mean": 5.528890132904053
      },
      "geometry": {
        "type": "Point",
        "coordinates": [
          -77.79338836669922,
          34.17341995239258
        ]
      }
    },
    {
      "type": "Feature",
      "properties": {
        "id": "0000357",
        "dataset_index": 357,
        "time_start": "1980-01-01",
        "time_end": "2023-12-31",
        "Hs_mean": 0.849204957485199,
        "Hs_max": 6.249703407287598,
        "Hs_95": 1.7115883767604823,
        "Tp_mean": 6.127007007598877,
        "Dp_mean": 128.29132080078125,
        "Dm_mean": 126.98887634277344,
        "Tm02_mean": 5.543732166290283
      },
      "geometry": {
        "type": "Point",
        "coordinates": [
          -77.7906723022461,
          34.17732238769531
        ]
      }
    },
    {
      "type": "Feature",
      "properties": {
        "id": "0000358",
        "dataset_index": 358,
        "time_start": "1980-01-01",
        "time_end": "2023-12-31",
        "Hs_mean": 0.8525022864341736,
        "Hs_max": 6.245009899139404,
        "Hs_95": 1.7127698957920072,
        "Tp_mean": 6.103150367736816,
        "Dp_mean": 127.86845397949219,
        "Dm_mean": 126.47058868408203,
        "Tm02_mean": 5.529002666473389
      },
      "geometry": {
        "type": "Point",
        "coordinates": [
          -77.78794860839844,
          34.18122863769531
        ]
      }
    },
    {
      "type": "Feature",
      "properties": {
        "id": "0000359",
        "dataset_index": 359,
        "time_start": "1980-01-01",
        "time_end": "2023-12-31",
        "Hs_mean": 0.8514989018440247,
        "Hs_max": 6.214722156524658,
        "Hs_95": 1.701092386245727,
        "Tp_mean": 6.116880416870117,
        "Dp_mean": 128.2130584716797,
        "Dm_mean": 126.80469512939453,
        "Tm02_mean": 5.538536071777344
      },
      "geometry": {
        "type": "Point",
        "coordinates": [
          -77.78523254394531,
          34.18513107299805
        ]
      }
    },
    {
      "type": "Feature",
      "properties": {
        "id": "0000360",
        "dataset_index": 360,
        "time_start": "1980-01-01",
        "time_end": "2023-12-31",
        "Hs_mean": 0.8542799949645996,
        "Hs_max": 6.45833158493042,
        "Hs_95": 1.7053795635700224,
        "Tp_mean": 6.145730018615723,
        "Dp_mean": 128.424560546875,
        "Dm_mean": 127.24172973632812,
        "Tm02_mean": 5.557057857513428
      },
      "geometry": {
        "type": "Point",
        "coordinates": [
          -77.78251647949219,
          34.18903350830078
        ]
      }
    },
    {
      "type": "Feature",
      "properties": {
        "id": "0000361",
        "dataset_index": 361,
        "time_start": "1980-01-01",
        "time_end": "2023-12-31",
        "Hs_mean": 0.8508971333503723,
        "Hs_max": 6.610651016235352,
        "Hs_95": 1.6980841040611265,
        "Tp_mean": 6.114062786102295,
        "Dp_mean": 128.85751342773438,
        "Dm_mean": 127.73588562011719,
        "Tm02_mean": 5.537543773651123
      },
      "geometry": {
        "type": "Point",
        "coordinates": [
          -77.77980041503906,
          34.192935943603516
        ]
      }
    },
    {
      "type": "Feature",
      "properties": {
        "id": "0000362",
        "dataset_index": 362,
        "time_start": "1980-01-01",
        "time_end": "2023-12-31",
        "Hs_mean": 0.847037672996521,
        "Hs_max": 6.660931587219238,
        "Hs_95": 1.699321585893631,
        "Tp_mean": 6.035598278045654,
        "Dp_mean": 128.86355590820312,
        "Dm_mean": 127.82158660888672,
        "Tm02_mean": 5.47752046585083
      },
      "geometry": {
        "type": "Point",
        "coordinates": [
          -77.7770767211914,
          34.19683837890625
        ]
      }
    },
    {
      "type": "Feature",
      "properties": {
        "id": "0000363",
        "dataset_index": 363,
        "time_start": "1980-01-01",
        "time_end": "2023-12-31",
        "Hs_mean": 0.8381385803222656,
        "Hs_max": 6.452071666717529,
        "Hs_95": 1.685677999258041,
        "Tp_mean": 5.953003883361816,
        "Dp_mean": 129.3511199951172,
        "Dm_mean": 128.36398315429688,
        "Tm02_mean": 5.416358470916748
      },
      "geometry": {
        "type": "Point",
        "coordinates": [
          -77.77436065673828,
          34.20074462890625
        ]
      }
    },
    {
      "type": "Feature",
      "properties": {
        "id": "0000364",
        "dataset_index": 364,
        "time_start": "1980-01-01",
        "time_end": "2023-12-31",
        "Hs_mean": 0.8319463729858398,
        "Hs_max": 6.284696102142334,
        "Hs_95": 1.67670618891716,
        "Tp_mean": 5.927587985992432,
        "Dp_mean": 129.87095642089844,
        "Dm_mean": 128.8258056640625,
        "Tm02_mean": 5.398712635040283
      },
      "geometry": {
        "type": "Point",
        "coordinates": [
          -77.77164459228516,
          34.204647064208984
        ]
      }
    },
    {
      "type": "Feature",
      "properties": {
        "id": "0000365",
        "dataset_index": 365,
        "time_start": "1980-01-01",
        "time_end": "2023-12-31",
        "Hs_mean": 0.8325220942497253,
        "Hs_max": 6.067448139190674,
        "Hs_95": 1.683195221424102,
        "Tp_mean": 5.896829605102539,
        "Dp_mean": 129.84707641601562,
        "Dm_mean": 128.76144409179688,
        "Tm02_mean": 5.370109558105469
      },
      "geometry": {
        "type": "Point",
        "coordinates": [
          -77.76892852783203,
          34.20854949951172
        ]
      }
    },
    {
      "type": "Feature",
      "properties": {
        "id": "0000366",
        "dataset_index": 366,
        "time_start": "1980-01-01",
        "time_end": "2023-12-31",
        "Hs_mean": 0.8344794511795044,
        "Hs_max": 5.9316534996032715,
        "Hs_95": 1.681007933616638,
        "Tp_mean": 5.952272415161133,
        "Dp_mean": 130.71006774902344,
        "Dm_mean": 129.40106201171875,
        "Tm02_mean": 5.409928321838379
      },
      "geometry": {
        "type": "Point",
        "coordinates": [
          -77.76587677001953,
          34.2122688293457
        ]
      }
    },
    {
      "type": "Feature",
      "properties": {
        "id": "0000367",
        "dataset_index": 367,
        "time_start": "1980-01-01",
        "time_end": "2023-12-31",
        "Hs_mean": 0.8453112244606018,
        "Hs_max": 6.009276866912842,
        "Hs_95": 1.6987335860729216,
        "Tp_mean": 5.993157386779785,
        "Dp_mean": 131.2861785888672,
        "Dm_mean": 130.17857360839844,
        "Tm02_mean": 5.448251724243164
      },
      "geometry": {
        "type": "Point",
        "coordinates": [
          -77.76252746582031,
          34.2158203125
        ]
      }
    },
    {
      "type": "Feature",
      "properties": {
        "id": "0000368",
        "dataset_index": 368,
        "time_start": "1980-01-01",
        "time_end": "2023-12-31",
        "Hs_mean": 0.853359580039978,
        "Hs_max": 6.117191791534424,
        "Hs_95": 1.7103141248226164,
        "Tp_mean": 6.0474653244018555,
        "Dp_mean": 131.93788146972656,
        "Dm_mean": 130.86720275878906,
        "Tm02_mean": 5.459397315979004
      },
      "geometry": {
        "type": "Point",
        "coordinates": [
          -77.7591781616211,
          34.2193717956543
        ]
      }
    },
    {
      "type": "Feature",
      "properties": {
        "id": "0000369",
        "dataset_index": 369,
        "time_start": "1980-01-01",
        "time_end": "2023-12-31",
        "Hs_mean": 0.8550108671188354,
        "Hs_max": 6.172791004180908,
        "Hs_95": 1.7032632529735559,
        "Tp_mean": 6.0926008224487305,
        "Dp_mean": 132.21990966796875,
        "Dm_mean": 131.17166137695312,
        "Tm02_mean": 5.495641708374023
      },
      "geometry": {
        "type": "Point",
        "coordinates": [
          -77.75582885742188,
          34.222923278808594
        ]
      }
    },
    {
      "type": "Feature",
      "properties": {
        "id": "0000370",
        "dataset_index": 370,
        "time_start": "1980-01-01",
        "time_end": "2023-12-31",
        "Hs_mean": 0.8603053092956543,
        "Hs_max": 6.226208209991455,
        "Hs_95": 1.7132800400257109,
        "Tp_mean": 6.0987420082092285,
        "Dp_mean": 131.658935546875,
        "Dm_mean": 130.87522888183594,
        "Tm02_mean": 5.5000810623168945
      },
      "geometry": {
        "type": "Point",
        "coordinates": [
          -77.75247192382812,
          34.226478576660156
        ]
      }
    },
    {
      "type": "Feature",
      "properties": {
        "id": "0000371",
        "dataset_index": 371,
        "time_start": "1980-01-01",
        "time_end": "2023-12-31",
        "Hs_mean": 0.8584843277931213,
        "Hs_max": 6.1770100593566895,
        "Hs_95": 1.7064082384109494,
        "Tp_mean": 6.140748023986816,
        "Dp_mean": 131.594970703125,
        "Dm_mean": 130.71774291992188,
        "Tm02_mean": 5.52502965927124
      },
      "geometry": {
        "type": "Point",
        "coordinates": [
          -77.7491226196289,
          34.23003005981445
        ]
      }
    },
    {
      "type": "Feature",
      "properties": {
        "id": "0000372",
        "dataset_index": 372,
        "time_start": "1980-01-01",
        "time_end": "2023-12-31",
        "Hs_mean": 0.862650454044342,
        "Hs_max": 6.25407075881958,
        "Hs_95": 1.7142687559127807,
        "Tp_mean": 6.161810874938965,
        "Dp_mean": 131.79965209960938,
        "Dm_mean": 130.98004150390625,
        "Tm02_mean": 5.541468143463135
      },
      "geometry": {
        "type": "Point",
        "coordinates": [
          -77.74577331542969,
          34.23358154296875
        ]
      }
    },
    {
      "type": "Feature",
      "properties": {
        "id": "0000373",
        "dataset_index": 373,
        "time_start": "1980-01-01",
        "time_end": "2023-12-31",
        "Hs_mean": 0.8680088520050049,
        "Hs_max": 6.390333652496338,
        "Hs_95": 1.7275823354721067,
        "Tp_mean": 6.170807361602783,
        "Dp_mean": 131.64788818359375,
        "Dm_mean": 130.8766326904297,
        "Tm02_mean": 5.545985221862793
      },
      "geometry": {
        "type": "Point",
        "coordinates": [
          -77.74242401123047,
          34.23713302612305
        ]
      }
    },
    {
      "type": "Feature",
      "properties": {
        "id": "0000374",
        "dataset_index": 374,
        "time_start": "1980-01-01",
        "time_end": "2023-12-31",
        "Hs_mean": 0.8659641742706299,
        "Hs_max": 6.383219242095947,
        "Hs_95": 1.72364222407341,
        "Tp_mean": 6.144433975219727,
        "Dp_mean": 131.5819549560547,
        "Dm_mean": 130.94215393066406,
        "Tm02_mean": 5.523525714874268
      },
      "geometry": {
        "type": "Point",
        "coordinates": [
          -77.73907470703125,
          34.240684509277344
        ]
      }
    },
    {
      "type": "Feature",
      "properties": {
        "id": "0000375",
        "dataset_index": 375,
        "time_start": "1980-01-01",
        "time_end": "2023-12-31",
        "Hs_mean": 0.8679837584495544,
        "Hs_max": 6.35770320892334,
        "Hs_95": 1.7285941779613494,
        "Tp_mean": 6.095064163208008,
        "Dp_mean": 131.48825073242188,
        "Dm_mean": 130.9859161376953,
        "Tm02_mean": 5.498054504394531
      },
      "geometry": {
        "type": "Point",
        "coordinates": [
          -77.7357177734375,
          34.24423599243164
        ]
      }
    },
    {
      "type": "Feature",
      "properties": {
        "id": "0000376",
        "dataset_index": 376,
        "time_start": "1980-01-01",
        "time_end": "2023-12-31",
        "Hs_mean": 0.8725177645683289,
        "Hs_max": 6.451709747314453,
        "Hs_95": 1.7348259925842284,
        "Tp_mean": 6.100113868713379,
        "Dp_mean": 131.95465087890625,
        "Dm_mean": 131.46263122558594,
        "Tm02_mean": 5.509844779968262
      },
      "geometry": {
        "type": "Point",
        "coordinates": [
          -77.73236846923828,
          34.24778747558594
        ]
      }
    },
    {
      "type": "Feature",
      "properties": {
        "id": "0000377",
        "dataset_index": 377,
        "time_start": "1980-01-01",
        "time_end": "2023-12-31",
        "Hs_mean": 0.874152421951294,
        "Hs_max": 6.608983516693115,
        "Hs_95": 1.7303416192531584,
        "Tp_mean": 6.141281604766846,
        "Dp_mean": 132.06263732910156,
        "Dm_mean": 131.61244201660156,
        "Tm02_mean": 5.5406999588012695
      },
      "geometry": {
        "type": "Point",
        "coordinates": [
          -77.72901916503906,
          34.2513427734375
        ]
      }
    },
    {
      "type": "Feature",
      "properties": {
        "id": "0000378",
        "dataset_index": 378,
        "time_start": "1980-01-01",
        "time_end": "2023-12-31",
        "Hs_mean": 0.8756210207939148,
        "Hs_max": 6.75703239440918,
        "Hs_95": 1.7346033990383147,
        "Tp_mean": 6.124533176422119,
        "Dp_mean": 131.90093994140625,
        "Dm_mean": 131.38223266601562,
        "Tm02_mean": 5.526912689208984
      },
      "geometry": {
        "type": "Point",
        "coordinates": [
          -77.72566986083984,
          34.2548942565918
        ]
      }
    },
    {
      "type": "Feature",
      "properties": {
        "id": "0000379",
        "dataset_index": 379,
        "time_start": "1980-01-01",
        "time_end": "2023-12-31",
        "Hs_mean": 0.8684157729148865,
        "Hs_max": 6.800107479095459,
        "Hs_95": 1.7234577834606168,
        "Tp_mean": 6.111413955688477,
        "Dp_mean": 132.1786651611328,
        "Dm_mean": 131.51025390625,
        "Tm02_mean": 5.515749454498291
      },
      "geometry": {
        "type": "Point",
        "coordinates": [
          -77.72232055664062,
          34.258445739746094
        ]
      }
    },
    {
      "type": "Feature",
      "properties": {
        "id": "0000380",
        "dataset_index": 380,
        "time_start": "1980-01-01",
        "time_end": "2023-12-31",
        "Hs_mean": 0.8678311109542847,
        "Hs_max": 6.822050094604492,
        "Hs_95": 1.7305621385574337,
        "Tp_mean": 6.056037902832031,
        "Dp_mean": 133.09925842285156,
        "Dm_mean": 132.49832153320312,
        "Tm02_mean": 5.479632377624512
      },
      "geometry": {
        "type": "Point",
        "coordinates": [
          -77.71896362304688,
          34.26199722290039
        ]
      }
    },
    {
      "type": "Feature",
      "properties": {
        "id": "0000381",
        "dataset_index": 381,
        "time_start": "1980-01-01",
        "time_end": "2023-12-31",
        "Hs_mean": 0.8700336813926697,
        "Hs_max": 6.86053991317749,
        "Hs_95": 1.7366373538970947,
        "Tp_mean": 6.011789798736572,
        "Dp_mean": 133.9532470703125,
        "Dm_mean": 133.29421997070312,
        "Tm02_mean": 5.451653003692627
      },
      "geometry": {
        "type": "Point",
        "coordinates": [
          -77.71524810791016,
          34.265289306640625
        ]
      }
    },
    {
      "type": "Feature",
      "properties": {
        "id": "0000382",
        "dataset_index": 382,
        "time_start": "1980-01-01",
        "time_end": "2023-12-31",
        "Hs_mean": 0.8676296472549438,
        "Hs_max": 6.918745994567871,
        "Hs_95": 1.7334066092967986,
        "Tp_mean": 6.030552387237549,
        "Dp_mean": 134.25233459472656,
        "Dm_mean": 133.46669006347656,
        "Tm02_mean": 5.465135097503662
      },
      "geometry": {
        "type": "Point",
        "coordinates": [
          -77.71150970458984,
          34.2685661315918
        ]
      }
    },
    {
      "type": "Feature",
      "properties": {
        "id": "0000383",
        "dataset_index": 383,
        "time_start": "1980-01-01",
        "time_end": "2023-12-31",
        "Hs_mean": 0.8675947189331055,
        "Hs_max": 6.8869524002075195,
        "Hs_95": 1.7344016671180722,
        "Tp_mean": 5.996635437011719,
        "Dp_mean": 134.02284240722656,
        "Dm_mean": 133.1753387451172,
        "Tm02_mean": 5.443535804748535
      },
      "geometry": {
        "type": "Point",
        "coordinates": [
          -77.707763671875,
          34.2718391418457
        ]
      }
    },
    {
      "type": "Feature",
      "properties": {
        "id": "0000384",
        "dataset_index": 384,
        "time_start": "1980-01-01",
        "time_end": "2023-12-31",
        "Hs_mean": 0.8642401695251465,
        "Hs_max": 6.743104934692383,
        "Hs_95": 1.7283426344394677,
        "Tp_mean": 5.955678939819336,
        "Dp_mean": 134.32815551757812,
        "Dm_mean": 133.47544860839844,
        "Tm02_mean": 5.411517143249512
      },
      "geometry": {
        "type": "Point",
        "coordinates": [
          -77.70402526855469,
          34.275115966796875
        ]
      }
    },
    {
      "type": "Feature",
      "properties": {
        "id": "0000385",
        "dataset_index": 385,
        "time_start": "1980-01-01",
        "time_end": "2023-12-31",
        "Hs_mean": 0.8564096093177795,
        "Hs_max": 6.528872013092041,
        "Hs_95": 1.709624284505844,
        "Tp_mean": 5.971116065979004,
        "Dp_mean": 134.66383361816406,
        "Dm_mean": 133.74684143066406,
        "Tm02_mean": 5.410195350646973
      },
      "geometry": {
        "type": "Point",
        "coordinates": [
          -77.70027923583984,
          34.27839279174805
        ]
      }
    },
    {
      "type": "Feature",
      "properties": {
        "id": "0000386",
        "dataset_index": 386,
        "time_start": "1980-01-01",
        "time_end": "2023-12-31",
        "Hs_mean": 0.8593155145645142,
        "Hs_max": 6.392833232879639,
        "Hs_95": 1.711173266172409,
        "Tp_mean": 5.975239276885986,
        "Dp_mean": 134.88314819335938,
        "Dm_mean": 134.055419921875,
        "Tm02_mean": 5.405093669891357
      },
      "geometry": {
        "type": "Point",
        "coordinates": [
          -77.696533203125,
          34.28166580200195
        ]
      }
    },
    {
      "type": "Feature",
      "properties": {
        "id": "0000387",
        "dataset_index": 387,
        "time_start": "1980-01-01",
        "time_end": "2023-12-31",
        "Hs_mean": 0.8647641539573669,
        "Hs_max": 6.413846015930176,
        "Hs_95": 1.7203498601913436,
        "Tp_mean": 5.978740215301514,
        "Dp_mean": 134.68539428710938,
        "Dm_mean": 133.9178924560547,
        "Tm02_mean": 5.410985469818115
      },
      "geometry": {
        "type": "Point",
        "coordinates": [
          -77.69279479980469,
          34.284942626953125
        ]
      }
    },
    {
      "type": "Feature",
      "properties": {
        "id": "0000388",
        "dataset_index": 388,
        "time_start": "1980-01-01",
        "time_end": "2023-12-31",
        "Hs_mean": 0.8661080002784729,
        "Hs_max": 6.420079708099365,
        "Hs_95": 1.7209716618061064,
        "Tp_mean": 5.975419998168945,
        "Dp_mean": 134.66542053222656,
        "Dm_mean": 133.9182891845703,
        "Tm02_mean": 5.408250331878662
      },
      "geometry": {
        "type": "Point",
        "coordinates": [
          -77.68904876708984,
          34.28821563720703
        ]
      }
    },
    {
      "type": "Feature",
      "properties": {
        "id": "0000389",
        "dataset_index": 389,
        "time_start": "1980-01-01",
        "time_end": "2023-12-31",
        "Hs_mean": 0.8634254336357117,
        "Hs_max": 6.363086223602295,
        "Hs_95": 1.71063574552536,
        "Tp_mean": 6.010801315307617,
        "Dp_mean": 135.1538543701172,
        "Dm_mean": 134.41180419921875,
        "Tm02_mean": 5.436307907104492
      },
      "geometry": {
        "type": "Point",
        "coordinates": [
          -77.68531036376953,
          34.2914924621582
        ]
      }
    },
    {
      "type": "Feature",
      "properties": {
        "id": "0000390",
        "dataset_index": 390,
        "time_start": "1980-01-01",
        "time_end": "2023-12-31",
        "Hs_mean": 0.8679827451705933,
        "Hs_max": 6.511929512023926,
        "Hs_95": 1.7163588523864743,
        "Tp_mean": 6.039416790008545,
        "Dp_mean": 135.38059997558594,
        "Dm_mean": 134.67105102539062,
        "Tm02_mean": 5.458184242248535
      },
      "geometry": {
        "type": "Point",
        "coordinates": [
          -77.68156433105469,
          34.294769287109375
        ]
      }
    },
    {
      "type": "Feature",
      "properties": {
        "id": "0000391",
        "dataset_index": 391,
        "time_start": "1980-01-01",
        "time_end": "2023-12-31",
        "Hs_mean": 0.8686095476150513,
        "Hs_max": 6.659826755523682,
        "Hs_95": 1.7185611903667442,
        "Tp_mean": 6.024326801300049,
        "Dp_mean": 135.07923889160156,
        "Dm_mean": 134.28414916992188,
        "Tm02_mean": 5.447628021240234
      },
      "geometry": {
        "type": "Point",
        "coordinates": [
          -77.67782592773438,
          34.29804229736328
        ]
      }
    },
    {
      "type": "Feature",
      "properties": {
        "id": "0000392",
        "dataset_index": 392,
        "time_start": "1980-01-01",
        "time_end": "2023-12-31",
        "Hs_mean": 0.8639141321182251,
        "Hs_max": 6.696528911590576,
        "Hs_95": 1.7101570308208465,
        "Tp_mean": 6.013134479522705,
        "Dp_mean": 135.62815856933594,
        "Dm_mean": 134.69876098632812,
        "Tm02_mean": 5.437382221221924
      },
      "geometry": {
        "type": "Point",
        "coordinates": [
          -77.67407989501953,
          34.30131912231445
        ]
      }
    },
    {
      "type": "Feature",
      "properties": {
        "id": "0000393",
        "dataset_index": 393,
        "time_start": "1980-01-01",
        "time_end": "2023-12-31",
        "Hs_mean": 0.8659287095069885,
        "Hs_max": 6.785314559936523,
        "Hs_95": 1.7159593641757964,
        "Tp_mean": 5.9962005615234375,
        "Dp_mean": 135.97488403320312,
        "Dm_mean": 134.9945526123047,
        "Tm02_mean": 5.43140983581543
      },
      "geometry": {
        "type": "Point",
        "coordinates": [
          -77.67033386230469,
          34.30459213256836
        ]
      }
    },
    {
      "type": "Feature",
      "properties": {
        "id": "0000394",
        "dataset_index": 394,
        "time_start": "1980-01-01",
        "time_end": "2023-12-31",
        "Hs_mean": 0.8625080585479736,
        "Hs_max": 6.668686866760254,
        "Hs_95": 1.7085856318473815,
        "Tp_mean": 5.974423408508301,
        "Dp_mean": 135.66806030273438,
        "Dm_mean": 134.73443603515625,
        "Tm02_mean": 5.41411828994751
      },
      "geometry": {
        "type": "Point",
        "coordinates": [
          -77.66659545898438,
          34.30786895751953
        ]
      }
    },
    {
      "type": "Feature",
      "properties": {
        "id": "0000395",
        "dataset_index": 395,
        "time_start": "1980-01-01",
        "time_end": "2023-12-31",
        "Hs_mean": 0.8594983816146851,
        "Hs_max": 6.459596633911133,
        "Hs_95": 1.6976860940456389,
        "Tp_mean": 5.946357250213623,
        "Dp_mean": 136.2528076171875,
        "Dm_mean": 135.28436279296875,
        "Tm02_mean": 5.395132064819336
      },
      "geometry": {
        "type": "Point",
        "coordinates": [
          -77.66253662109375,
          34.310848236083984
        ]
      }
    },
    {
      "type": "Feature",
      "properties": {
        "id": "0000396",
        "dataset_index": 396,
        "time_start": "1980-01-01",
        "time_end": "2023-12-31",
        "Hs_mean": 0.8599487543106079,
        "Hs_max": 6.376119136810303,
        "Hs_95": 1.6934067487716673,
        "Tp_mean": 5.9354963302612305,
        "Dp_mean": 136.808349609375,
        "Dm_mean": 135.96473693847656,
        "Tm02_mean": 5.381908416748047
      },
      "geometry": {
        "type": "Point",
        "coordinates": [
          -77.65811157226562,
          34.313480377197266
        ]
      }
    },
    {
      "type": "Feature",
      "properties": {
        "id": "0000397",
        "dataset_index": 397,
        "time_start": "1980-01-01",
        "time_end": "2023-12-31",
        "Hs_mean": 0.8623601794242859,
        "Hs_max": 6.477980136871338,
        "Hs_95": 1.6942541658878325,
        "Tp_mean": 5.95622444152832,
        "Dp_mean": 137.96644592285156,
        "Dm_mean": 137.0587921142578,
        "Tm02_mean": 5.418545246124268
      },
      "geometry": {
        "type": "Point",
        "coordinates": [
          -77.6536865234375,
          34.31611633300781
        ]
      }
    },
    {
      "type": "Feature",
      "properties": {
        "id": "0000398",
        "dataset_index": 398,
        "time_start": "1980-01-01",
        "time_end": "2023-12-31",
        "Hs_mean": 0.8616230487823486,
        "Hs_max": 6.651514530181885,
        "Hs_95": 1.6964898884296415,
        "Tp_mean": 6.0047197341918945,
        "Dp_mean": 138.48947143554688,
        "Dm_mean": 137.40194702148438,
        "Tm02_mean": 5.468555450439453
      },
      "geometry": {
        "type": "Point",
        "coordinates": [
          -77.64926147460938,
          34.318748474121094
        ]
      }
    },
    {
      "type": "Feature",
      "properties": {
        "id": "0000399",
        "dataset_index": 399,
        "time_start": "1980-01-01",
        "time_end": "2023-12-31",
        "Hs_mean": 0.857029139995575,
        "Hs_max": 6.617428779602051,
        "Hs_95": 1.68904350399971,
        "Tp_mean": 5.959383010864258,
        "Dp_mean": 138.2843780517578,
        "Dm_mean": 137.191650390625,
        "Tm02_mean": 5.428887367248535
      },
      "geometry": {
        "type": "Point",
        "coordinates": [
          -77.64483642578125,
          34.321380615234375
        ]
      }
    },
    {
      "type": "Feature",
      "properties": {
        "id": "0000400",
        "dataset_index": 400,
        "time_start": "1980-01-01",
        "time_end": "2023-12-31",
        "Hs_mean": 0.85488361120224,
        "Hs_max": 6.648548126220703,
        "Hs_95": 1.686222672462463,
        "Tp_mean": 5.937893867492676,
        "Dp_mean": 138.69081115722656,
        "Dm_mean": 137.59300231933594,
        "Tm02_mean": 5.409312725067139
      },
      "geometry": {
        "type": "Point",
        "coordinates": [
          -77.64041137695312,
          34.32401657104492
        ]
      }
    },
    {
      "type": "Feature",
      "properties": {
        "id": "0000401",
        "dataset_index": 401,
        "time_start": "1980-01-01",
        "time_end": "2023-12-31",
        "Hs_mean": 0.8539975881576538,
        "Hs_max": 6.632502555847168,
        "Hs_95": 1.684488099813461,
        "Tp_mean": 5.927553653717041,
        "Dp_mean": 138.72520446777344,
        "Dm_mean": 137.6702117919922,
        "Tm02_mean": 5.402930736541748
      },
      "geometry": {
        "type": "Point",
        "coordinates": [
          -77.63652038574219,
          34.32715606689453
        ]
      }
    },
    {
      "type": "Feature",
      "properties": {
        "id": "0000402",
        "dataset_index": 402,
        "time_start": "1980-01-01",
        "time_end": "2023-12-31",
        "Hs_mean": 0.8519472479820251,
        "Hs_max": 6.516729831695557,
        "Hs_95": 1.6778700768947599,
        "Tp_mean": 5.892891883850098,
        "Dp_mean": 138.91725158691406,
        "Dm_mean": 138.00592041015625,
        "Tm02_mean": 5.375596046447754
      },
      "geometry": {
        "type": "Point",
        "coordinates": [
          -77.63275146484375,
          34.330413818359375
        ]
      }
    },
    {
      "type": "Feature",
      "properties": {
        "id": "0000403",
        "dataset_index": 403,
        "time_start": "1980-01-01",
        "time_end": "2023-12-31",
        "Hs_mean": 0.8497353792190552,
        "Hs_max": 6.511069297790527,
        "Hs_95": 1.6725551664829252,
        "Tp_mean": 5.8742146492004395,
        "Dp_mean": 139.18296813964844,
        "Dm_mean": 138.35081481933594,
        "Tm02_mean": 5.360148906707764
      },
      "geometry": {
        "type": "Point",
        "coordinates": [
          -77.62898254394531,
          34.33367156982422
        ]
      }
    },
    {
      "type": "Feature",
      "properties": {
        "id": "0000404",
        "dataset_index": 404,
        "time_start": "1980-01-01",
        "time_end": "2023-12-31",
        "Hs_mean": 0.8507152795791626,
        "Hs_max": 6.536561965942383,
        "Hs_95": 1.6753809571266174,
        "Tp_mean": 5.841348171234131,
        "Dp_mean": 139.539794921875,
        "Dm_mean": 138.68458557128906,
        "Tm02_mean": 5.334953784942627
      },
      "geometry": {
        "type": "Point",
        "coordinates": [
          -77.6252212524414,
          34.3369255065918
        ]
      }
    },
    {
      "type": "Feature",
      "properties": {
        "id": "0000405",
        "dataset_index": 405,
        "time_start": "1980-01-01",
        "time_end": "2023-12-31",
        "Hs_mean": 0.853027880191803,
        "Hs_max": 6.616694450378418,
        "Hs_95": 1.6839179575443266,
        "Tp_mean": 5.818023681640625,
        "Dp_mean": 139.90817260742188,
        "Dm_mean": 139.0267791748047,
        "Tm02_mean": 5.323790550231934
      },
      "geometry": {
        "type": "Point",
        "coordinates": [
          -77.62126922607422,
          34.340023040771484
        ]
      }
    },
    {
      "type": "Feature",
      "properties": {
        "id": "0000406",
        "dataset_index": 406,
        "time_start": "1980-01-01",
        "time_end": "2023-12-31",
        "Hs_mean": 0.8550723195075989,
        "Hs_max": 6.698490142822266,
        "Hs_95": 1.6926157593727107,
        "Tp_mean": 5.817312717437744,
        "Dp_mean": 140.280029296875,
        "Dm_mean": 139.2094268798828,
        "Tm02_mean": 5.32822847366333
      },
      "geometry": {
        "type": "Point",
        "coordinates": [
          -77.61703491210938,
          34.342864990234375
        ]
      }
    },
    {
      "type": "Feature",
      "properties": {
        "id": "0000407",
        "dataset_index": 407,
        "time_start": "1980-01-01",
        "time_end": "2023-12-31",
        "Hs_mean": 0.8573964238166809,
        "Hs_max": 6.744856834411621,
        "Hs_95": 1.6997952580451965,
        "Tp_mean": 5.841198444366455,
        "Dp_mean": 140.20863342285156,
        "Dm_mean": 139.12315368652344,
        "Tm02_mean": 5.3289384841918945
      },
      "geometry": {
        "type": "Point",
        "coordinates": [
          -77.61280059814453,
          34.345706939697266
        ]
      }
    },
    {
      "type": "Feature",
      "properties": {
        "id": "0000408",
        "dataset_index": 408,
        "time_start": "1980-01-01",
        "time_end": "2023-12-31",
        "Hs_mean": 0.8553205132484436,
        "Hs_max": 6.680477619171143,
        "Hs_95": 1.6942030787467952,
        "Tp_mean": 5.849376678466797,
        "Dp_mean": 140.1170196533203,
        "Dm_mean": 139.0216522216797,
        "Tm02_mean": 5.331486701965332
      },
      "geometry": {
        "type": "Point",
        "coordinates": [
          -77.60856628417969,
          34.348548889160156
        ]
      }
    },
    {
      "type": "Feature",
      "properties": {
        "id": "0000409",
        "dataset_index": 409,
        "time_start": "1980-01-01",
        "time_end": "2023-12-31",
        "Hs_mean": 0.8526027202606201,
        "Hs_max": 6.605920314788818,
        "Hs_95": 1.6866554558277125,
        "Tp_mean": 5.838257789611816,
        "Dp_mean": 140.02389526367188,
        "Dm_mean": 138.95428466796875,
        "Tm02_mean": 5.3218584060668945
      },
      "geometry": {
        "type": "Point",
        "coordinates": [
          -77.60433959960938,
          34.35139083862305
        ]
      }
    },
    {
      "type": "Feature",
      "properties": {
        "id": "0000410",
        "dataset_index": 410,
        "time_start": "1980-01-01",
        "time_end": "2023-12-31",
        "Hs_mean": 0.851651132106781,
        "Hs_max": 6.594043254852295,
        "Hs_95": 1.6841011881828307,
        "Tp_mean": 5.828951358795166,
        "Dp_mean": 140.28292846679688,
        "Dm_mean": 139.1630401611328,
        "Tm02_mean": 5.315581798553467
      },
      "geometry": {
        "type": "Point",
        "coordinates": [
          -77.60010528564453,
          34.35423278808594
        ]
      }
    },
    {
      "type": "Feature",
      "properties": {
        "id": "0000411",
        "dataset_index": 411,
        "time_start": "1980-01-01",
        "time_end": "2023-12-31",
        "Hs_mean": 0.851180374622345,
        "Hs_max": 6.55910062789917,
        "Hs_95": 1.6824253737926482,
        "Tp_mean": 5.823526382446289,
        "Dp_mean": 140.03909301757812,
        "Dm_mean": 138.8416748046875,
        "Tm02_mean": 5.312462329864502
      },
      "geometry": {
        "type": "Point",
        "coordinates": [
          -77.59587097167969,
          34.35707473754883
        ]
      }
    },
    {
      "type": "Feature",
      "properties": {
        "id": "0000412",
        "dataset_index": 412,
        "time_start": "1980-01-01",
        "time_end": "2023-12-31",
        "Hs_mean": 0.8532930612564087,
        "Hs_max": 6.526648998260498,
        "Hs_95": 1.685161519050598,
        "Tp_mean": 5.849475860595703,
        "Dp_mean": 140.50323486328125,
        "Dm_mean": 139.24496459960938,
        "Tm02_mean": 5.328320026397705
      },
      "geometry": {
        "type": "Point",
        "coordinates": [
          -77.59163665771484,
          34.35991668701172
        ]
      }
    },
    {
      "type": "Feature",
      "properties": {
        "id": "0000413",
        "dataset_index": 413,
        "time_start": "1980-01-01",
        "time_end": "2023-12-31",
        "Hs_mean": 0.8571131825447083,
        "Hs_max": 6.55315637588501,
        "Hs_95": 1.6912415266036986,
        "Tp_mean": 5.907177448272705,
        "Dp_mean": 140.6338653564453,
        "Dm_mean": 139.39064025878906,
        "Tm02_mean": 5.364926815032959
      },
      "geometry": {
        "type": "Point",
        "coordinates": [
          -77.58694458007812,
          34.36219787597656
        ]
      }
    },
    {
      "type": "Feature",
      "properties": {
        "id": "0000414",
        "dataset_index": 414,
        "time_start": "1980-01-01",
        "time_end": "2023-12-31",
        "Hs_mean": 0.8597074151039124,
        "Hs_max": 6.624202728271484,
        "Hs_95": 1.6955888986587522,
        "Tp_mean": 5.9229817390441895,
        "Dp_mean": 140.69967651367188,
        "Dm_mean": 139.44676208496094,
        "Tm02_mean": 5.372674465179443
      },
      "geometry": {
        "type": "Point",
        "coordinates": [
          -77.58216094970703,
          34.364356994628906
        ]
      }
    },
    {
      "type": "Feature",
      "properties": {
        "id": "0000415",
        "dataset_index": 415,
        "time_start": "1980-01-01",
        "time_end": "2023-12-31",
        "Hs_mean": 0.8593478202819824,
        "Hs_max": 6.672079086303711,
        "Hs_95": 1.6971188068389893,
        "Tp_mean": 5.917004585266113,
        "Dp_mean": 140.84463500976562,
        "Dm_mean": 139.45071411132812,
        "Tm02_mean": 5.366182804107666
      },
      "geometry": {
        "type": "Point",
        "coordinates": [
          -77.5773696899414,
          34.36651611328125
        ]
      }
    },
    {
      "type": "Feature",
      "properties": {
        "id": "0000416",
        "dataset_index": 416,
        "time_start": "1980-01-01",
        "time_end": "2023-12-31",
        "Hs_mean": 0.8602504134178162,
        "Hs_max": 6.6014485359191895,
        "Hs_95": 1.6986391067504882,
        "Tp_mean": 5.9334492683410645,
        "Dp_mean": 141.0849609375,
        "Dm_mean": 139.55307006835938,
        "Tm02_mean": 5.373807430267334
      },
      "geometry": {
        "type": "Point",
        "coordinates": [
          -77.57257843017578,
          34.36867904663086
        ]
      }
    },
    {
      "type": "Feature",
      "properties": {
        "id": "0000417",
        "dataset_index": 417,
        "time_start": "1980-01-01",
        "time_end": "2023-12-31",
        "Hs_mean": 0.8628721833229065,
        "Hs_max": 6.547232627868652,
        "Hs_95": 1.700654327869415,
        "Tp_mean": 5.960504531860352,
        "Dp_mean": 140.92959594726562,
        "Dm_mean": 139.2736358642578,
        "Tm02_mean": 5.393463611602783
      },
      "geometry": {
        "type": "Point",
        "coordinates": [
          -77.56779479980469,
          34.3708381652832
        ]
      }
    },
    {
      "type": "Feature",
      "properties": {
        "id": "0000418",
        "dataset_index": 418,
        "time_start": "1980-01-01",
        "time_end": "2023-12-31",
        "Hs_mean": 0.866339921951294,
        "Hs_max": 6.567500114440918,
        "Hs_95": 1.704360401630401,
        "Tp_mean": 5.970688819885254,
        "Dp_mean": 140.90701293945312,
        "Dm_mean": 139.28823852539062,
        "Tm02_mean": 5.395287990570068
      },
      "geometry": {
        "type": "Point",
        "coordinates": [
          -77.56300354003906,
          34.37299728393555
        ]
      }
    },
    {
      "type": "Feature",
      "properties": {
        "id": "0000419",
        "dataset_index": 419,
        "time_start": "1980-01-01",
        "time_end": "2023-12-31",
        "Hs_mean": 0.8686903119087219,
        "Hs_max": 6.6269989013671875,
        "Hs_95": 1.709008872509002,
        "Tp_mean": 5.973857402801514,
        "Dp_mean": 140.7318878173828,
        "Dm_mean": 139.152099609375,
        "Tm02_mean": 5.399096488952637
      },
      "geometry": {
        "type": "Point",
        "coordinates": [
          -77.55895233154297,
          34.375850677490234
        ]
      }
    },
    {
      "type": "Feature",
      "properties": {
        "id": "0000420",
        "dataset_index": 420,
        "time_start": "1980-01-01",
        "time_end": "2023-12-31",
        "Hs_mean": 0.8699358701705933,
        "Hs_max": 6.693330764770508,
        "Hs_95": 1.7128402531147002,
        "Tp_mean": 5.964564323425293,
        "Dp_mean": 140.45724487304688,
        "Dm_mean": 138.85049438476562,
        "Tm02_mean": 5.396294593811035
      },
      "geometry": {
        "type": "Point",
        "coordinates": [
          -77.55577087402344,
          34.37950897216797
        ]
      }
    },
    {
      "type": "Feature",
      "properties": {
        "id": "0000421",
        "dataset_index": 421,
        "time_start": "1980-01-01",
        "time_end": "2023-12-31",
        "Hs_mean": 0.8670164346694946,
        "Hs_max": 6.632360458374023,
        "Hs_95": 1.7065851151943205,
        "Tp_mean": 5.9323296546936035,
        "Dp_mean": 140.07614135742188,
        "Dm_mean": 138.57566833496094,
        "Tm02_mean": 5.3739166259765625
      },
      "geometry": {
        "type": "Point",
        "coordinates": [
          -77.5525894165039,
          34.38317108154297
        ]
      }
    },
    {
      "type": "Feature",
      "properties": {
        "id": "0000422",
        "dataset_index": 422,
        "time_start": "1980-01-01",
        "time_end": "2023-12-31",
        "Hs_mean": 0.8658746480941772,
        "Hs_max": 6.5742316246032715,
        "Hs_95": 1.7020964920520778,
        "Tp_mean": 5.9007649421691895,
        "Dp_mean": 140.28555297851562,
        "Dm_mean": 138.89376831054688,
        "Tm02_mean": 5.3515849113464355
      },
      "geometry": {
        "type": "Point",
        "coordinates": [
          -77.54940795898438,
          34.3868293762207
        ]
      }
    },
    {
      "type": "Feature",
      "properties": {
        "id": "0000423",
        "dataset_index": 423,
        "time_start": "1980-01-01",
        "time_end": "2023-12-31",
        "Hs_mean": 0.8639250993728638,
        "Hs_max": 6.460079669952393,
        "Hs_95": 1.6915267467498778,
        "Tp_mean": 5.887442588806152,
        "Dp_mean": 140.36328125,
        "Dm_mean": 138.9278106689453,
        "Tm02_mean": 5.348143100738525
      },
      "geometry": {
        "type": "Point",
        "coordinates": [
          -77.54622650146484,
          34.3904914855957
        ]
      }
    },
    {
      "type": "Feature",
      "properties": {
        "id": "0000424",
        "dataset_index": 424,
        "time_start": "1980-01-01",
        "time_end": "2023-12-31",
        "Hs_mean": 0.8621625900268555,
        "Hs_max": 6.35090970993042,
        "Hs_95": 1.6822328865528104,
        "Tp_mean": 5.875163555145264,
        "Dp_mean": 140.84523010253906,
        "Dm_mean": 139.53260803222656,
        "Tm02_mean": 5.332909107208252
      },
      "geometry": {
        "type": "Point",
        "coordinates": [
          -77.54293060302734,
          34.3940544128418
        ]
      }
    },
    {
      "type": "Feature",
      "properties": {
        "id": "0000425",
        "dataset_index": 425,
        "time_start": "1980-01-01",
        "time_end": "2023-12-31",
        "Hs_mean": 0.8612239360809326,
        "Hs_max": 6.402419090270996,
        "Hs_95": 1.6795881807804105,
        "Tp_mean": 5.883099555969238,
        "Dp_mean": 141.37570190429688,
        "Dm_mean": 139.9377899169922,
        "Tm02_mean": 5.331586837768555
      },
      "geometry": {
        "type": "Point",
        "coordinates": [
          -77.53865051269531,
          34.396854400634766
        ]
      }
    },
    {
      "type": "Feature",
      "properties": {
        "id": "0000426",
        "dataset_index": 426,
        "time_start": "1980-01-01",
        "time_end": "2023-12-31",
        "Hs_mean": 0.8614407181739807,
        "Hs_max": 6.451080799102783,
        "Hs_95": 1.6836630702018736,
        "Tp_mean": 5.881132125854492,
        "Dp_mean": 141.8383026123047,
        "Dm_mean": 140.3180694580078,
        "Tm02_mean": 5.32822322845459
      },
      "geometry": {
        "type": "Point",
        "coordinates": [
          -77.53437042236328,
          34.39965057373047
        ]
      }
    },
    {
      "type": "Feature",
      "properties": {
        "id": "0000427",
        "dataset_index": 427,
        "time_start": "1980-01-01",
        "time_end": "2023-12-31",
        "Hs_mean": 0.864901602268219,
        "Hs_max": 6.5060858726501465,
        "Hs_95": 1.6929487526416778,
        "Tp_mean": 5.895854473114014,
        "Dp_mean": 142.32054138183594,
        "Dm_mean": 140.6005096435547,
        "Tm02_mean": 5.359859943389893
      },
      "geometry": {
        "type": "Point",
        "coordinates": [
          -77.53009033203125,
          34.40245056152344
        ]
      }
    },
    {
      "type": "Feature",
      "properties": {
        "id": "0000428",
        "dataset_index": 428,
        "time_start": "1980-01-01",
        "time_end": "2023-12-31",
        "Hs_mean": 0.8680796027183533,
        "Hs_max": 6.680001258850098,
        "Hs_95": 1.703039819002151,
        "Tp_mean": 5.950354099273682,
        "Dp_mean": 142.66014099121094,
        "Dm_mean": 140.7054443359375,
        "Tm02_mean": 5.411646842956543
      },
      "geometry": {
        "type": "Point",
        "coordinates": [
          -77.52581024169922,
          34.40524673461914
        ]
      }
    },
    {
      "type": "Feature",
      "properties": {
        "id": "0000429",
        "dataset_index": 429,
        "time_start": "1980-01-01",
        "time_end": "2023-12-31",
        "Hs_mean": 0.8669881820678711,
        "Hs_max": 6.701010704040527,
        "Hs_95": 1.7032732725143431,
        "Tp_mean": 5.928794860839844,
        "Dp_mean": 142.5933837890625,
        "Dm_mean": 140.68722534179688,
        "Tm02_mean": 5.3994903564453125
      },
      "geometry": {
        "type": "Point",
        "coordinates": [
          -77.52167510986328,
          34.40817642211914
        ]
      }
    },
    {
      "type": "Feature",
      "properties": {
        "id": "0000430",
        "dataset_index": 430,
        "time_start": "1980-01-01",
        "time_end": "2023-12-31",
        "Hs_mean": 0.8623141646385193,
        "Hs_max": 6.551898002624512,
        "Hs_95": 1.6918595790863034,
        "Tp_mean": 5.889094352722168,
        "Dp_mean": 142.51309204101562,
        "Dm_mean": 140.58645629882812,
        "Tm02_mean": 5.3692731857299805
      },
      "geometry": {
        "type": "Point",
        "coordinates": [
          -77.51783752441406,
          34.411376953125
        ]
      }
    },
    {
      "type": "Feature",
      "properties": {
        "id": "0000431",
        "dataset_index": 431,
        "time_start": "1980-01-01",
        "time_end": "2023-12-31",
        "Hs_mean": 0.8571556210517883,
        "Hs_max": 6.509712219238281,
        "Hs_95": 1.6796012997627257,
        "Tp_mean": 5.853777885437012,
        "Dp_mean": 142.07232666015625,
        "Dm_mean": 140.17938232421875,
        "Tm02_mean": 5.3436150550842285
      },
      "geometry": {
        "type": "Point",
        "coordinates": [
          -77.51399230957031,
          34.41457748413086
        ]
      }
    },
    {
      "type": "Feature",
      "properties": {
        "id": "0000432",
        "dataset_index": 432,
        "time_start": "1980-01-01",
        "time_end": "2023-12-31",
        "Hs_mean": 0.847852885723114,
        "Hs_max": 6.374593257904053,
        "Hs_95": 1.6606652259826657,
        "Tp_mean": 5.80618143081665,
        "Dp_mean": 142.9300537109375,
        "Dm_mean": 140.9544677734375,
        "Tm02_mean": 5.309571743011475
      },
      "geometry": {
        "type": "Point",
        "coordinates": [
          -77.51014709472656,
          34.41777801513672
        ]
      }
    },
    {
      "type": "Feature",
      "properties": {
        "id": "0000433",
        "dataset_index": 433,
        "time_start": "1980-01-01",
        "time_end": "2023-12-31",
        "Hs_mean": 0.8441052436828613,
        "Hs_max": 6.319646835327148,
        "Hs_95": 1.6527686476707457,
        "Tp_mean": 5.794924736022949,
        "Dp_mean": 143.6669921875,
        "Dm_mean": 141.65261840820312,
        "Tm02_mean": 5.294665336608887
      },
      "geometry": {
        "type": "Point",
        "coordinates": [
          -77.50630950927734,
          34.42097854614258
        ]
      }
    },
    {
      "type": "Feature",
      "properties": {
        "id": "0000434",
        "dataset_index": 434,
        "time_start": "1980-01-01",
        "time_end": "2023-12-31",
        "Hs_mean": 0.8422590494155884,
        "Hs_max": 6.3365559577941895,
        "Hs_95": 1.6496715307235716,
        "Tp_mean": 5.792510509490967,
        "Dp_mean": 144.1100616455078,
        "Dm_mean": 142.09205627441406,
        "Tm02_mean": 5.292299270629883
      },
      "geometry": {
        "type": "Point",
        "coordinates": [
          -77.5024642944336,
          34.42417907714844
        ]
      }
    },
    {
      "type": "Feature",
      "properties": {
        "id": "0000435",
        "dataset_index": 435,
        "time_start": "1980-01-01",
        "time_end": "2023-12-31",
        "Hs_mean": 0.8417059183120728,
        "Hs_max": 6.328419208526611,
        "Hs_95": 1.6491214156150817,
        "Tp_mean": 5.785503387451172,
        "Dp_mean": 144.4095916748047,
        "Dm_mean": 142.40640258789062,
        "Tm02_mean": 5.289188861846924
      },
      "geometry": {
        "type": "Point",
        "coordinates": [
          -77.49852752685547,
          34.427276611328125
        ]
      }
    },
    {
      "type": "Feature",
      "properties": {
        "id": "0000436",
        "dataset_index": 436,
        "time_start": "1980-01-01",
        "time_end": "2023-12-31",
        "Hs_mean": 0.8463824987411499,
        "Hs_max": 6.423564434051514,
        "Hs_95": 1.6599031448364254,
        "Tp_mean": 5.812374591827393,
        "Dp_mean": 145.18426513671875,
        "Dm_mean": 143.05029296875,
        "Tm02_mean": 5.311956405639648
      },
      "geometry": {
        "type": "Point",
        "coordinates": [
          -77.49369812011719,
          34.429378509521484
        ]
      }
    },
    {
      "type": "Feature",
      "properties": {
        "id": "0000437",
        "dataset_index": 437,
        "time_start": "1980-01-01",
        "time_end": "2023-12-31",
        "Hs_mean": 0.8539208769798279,
        "Hs_max": 6.605802536010742,
        "Hs_95": 1.679554909467697,
        "Tp_mean": 5.863574504852295,
        "Dp_mean": 146.0477294921875,
        "Dm_mean": 143.75048828125,
        "Tm02_mean": 5.353150844573975
      },
      "geometry": {
        "type": "Point",
        "coordinates": [
          -77.4888687133789,
          34.43148422241211
        ]
      }
    },
    {
      "type": "Feature",
      "properties": {
        "id": "0000438",
        "dataset_index": 438,
        "time_start": "1980-01-01",
        "time_end": "2023-12-31",
        "Hs_mean": 0.8576115965843201,
        "Hs_max": 6.7730817794799805,
        "Hs_95": 1.695319956541061,
        "Tp_mean": 5.8936991691589355,
        "Dp_mean": 145.5558624267578,
        "Dm_mean": 143.2467041015625,
        "Tm02_mean": 5.3755340576171875
      },
      "geometry": {
        "type": "Point",
        "coordinates": [
          -77.48403930664062,
          34.43358612060547
        ]
      }
    },
    {
      "type": "Feature",
      "properties": {
        "id": "0000439",
        "dataset_index": 439,
        "time_start": "1980-01-01",
        "time_end": "2023-12-31",
        "Hs_mean": 0.8538426160812378,
        "Hs_max": 6.606313705444336,
        "Hs_95": 1.6881243646144868,
        "Tp_mean": 5.877560138702393,
        "Dp_mean": 145.48361206054688,
        "Dm_mean": 143.24240112304688,
        "Tm02_mean": 5.370730876922607
      },
      "geometry": {
        "type": "Point",
        "coordinates": [
          -77.47920989990234,
          34.435691833496094
        ]
      }
    },
    {
      "type": "Feature",
      "properties": {
        "id": "0000440",
        "dataset_index": 440,
        "time_start": "1980-01-01",
        "time_end": "2023-12-31",
        "Hs_mean": 0.8530914783477783,
        "Hs_max": 6.466036796569824,
        "Hs_95": 1.6861424148082726,
        "Tp_mean": 5.874208450317383,
        "Dp_mean": 146.21707153320312,
        "Dm_mean": 143.71337890625,
        "Tm02_mean": 5.362204074859619
      },
      "geometry": {
        "type": "Point",
        "coordinates": [
          -77.47438049316406,
          34.43779373168945
        ]
      }
    },
    {
      "type": "Feature",
      "properties": {
        "id": "0000441",
        "dataset_index": 441,
        "time_start": "1980-01-01",
        "time_end": "2023-12-31",
        "Hs_mean": 0.8559750318527222,
        "Hs_max": 6.487685203552246,
        "Hs_95": 1.6923694252967834,
        "Tp_mean": 5.908393859863281,
        "Dp_mean": 146.85772705078125,
        "Dm_mean": 144.2069549560547,
        "Tm02_mean": 5.3902387619018555
      },
      "geometry": {
        "type": "Point",
        "coordinates": [
          -77.46955108642578,
          34.43989562988281
        ]
      }
    },
    {
      "type": "Feature",
      "properties": {
        "id": "0000442",
        "dataset_index": 442,
        "time_start": "1980-01-01",
        "time_end": "2023-12-31",
        "Hs_mean": 0.8602064251899719,
        "Hs_max": 6.62760066986084,
        "Hs_95": 1.7030504047870634,
        "Tp_mean": 5.947543144226074,
        "Dp_mean": 146.701904296875,
        "Dm_mean": 143.91754150390625,
        "Tm02_mean": 5.420852184295654
      },
      "geometry": {
        "type": "Point",
        "coordinates": [
          -77.4647216796875,
          34.44199752807617
        ]
      }
    },
    {
      "type": "Feature",
      "properties": {
        "id": "0000443",
        "dataset_index": 443,
        "time_start": "1980-01-01",
        "time_end": "2023-12-31",
        "Hs_mean": 0.860755443572998,
        "Hs_max": 6.669159889221191,
        "Hs_95": 1.7060101449489593,
        "Tp_mean": 5.952021598815918,
        "Dp_mean": 146.6375732421875,
        "Dm_mean": 143.87879943847656,
        "Tm02_mean": 5.421631813049316
      },
      "geometry": {
        "type": "Point",
        "coordinates": [
          -77.45989227294922,
          34.4441032409668
        ]
      }
    },
    {
      "type": "Feature",
      "properties": {
        "id": "0000444",
        "dataset_index": 444,
        "time_start": "1980-01-01",
        "time_end": "2023-12-31",
        "Hs_mean": 0.8599041104316711,
        "Hs_max": 6.648852348327637,
        "Hs_95": 1.7031466722488402,
        "Tp_mean": 5.936150074005127,
        "Dp_mean": 146.27769470214844,
        "Dm_mean": 143.36550903320312,
        "Tm02_mean": 5.407104969024658
      },
      "geometry": {
        "type": "Point",
        "coordinates": [
          -77.45506286621094,
          34.446205139160156
        ]
      }
    },
    {
      "type": "Feature",
      "properties": {
        "id": "0000445",
        "dataset_index": 445,
        "time_start": "1980-01-01",
        "time_end": "2023-12-31",
        "Hs_mean": 0.8596802949905396,
        "Hs_max": 6.789504051208496,
        "Hs_95": 1.705580520629882,
        "Tp_mean": 5.921098709106445,
        "Dp_mean": 146.55067443847656,
        "Dm_mean": 143.61190795898438,
        "Tm02_mean": 5.397424697875977
      },
      "geometry": {
        "type": "Point",
        "coordinates": [
          -77.45043182373047,
          34.44856262207031
        ]
      }
    },
    {
      "type": "Feature",
      "properties": {
        "id": "0000446",
        "dataset_index": 446,
        "time_start": "1980-01-01",
        "time_end": "2023-12-31",
        "Hs_mean": 0.8590538501739502,
        "Hs_max": 6.934640407562256,
        "Hs_95": 1.7144382238388058,
        "Tp_mean": 5.893930912017822,
        "Dp_mean": 146.39739990234375,
        "Dm_mean": 143.52999877929688,
        "Tm02_mean": 5.381017208099365
      },
      "geometry": {
        "type": "Point",
        "coordinates": [
          -77.44611358642578,
          34.451324462890625
        ]
      }
    },
    {
      "type": "Feature",
      "properties": {
        "id": "0000447",
        "dataset_index": 447,
        "time_start": "1980-01-01",
        "time_end": "2023-12-31",
        "Hs_mean": 0.8568345904350281,
        "Hs_max": 6.7742695808410645,
        "Hs_95": 1.7129371285438537,
        "Tp_mean": 5.871102809906006,
        "Dp_mean": 146.5719451904297,
        "Dm_mean": 143.72195434570312,
        "Tm02_mean": 5.366158485412598
      },
      "geometry": {
        "type": "Point",
        "coordinates": [
          -77.44180297851562,
          34.45408630371094
        ]
      }
    },
    {
      "type": "Feature",
      "properties": {
        "id": "0000448",
        "dataset_index": 448,
        "time_start": "1980-01-01",
        "time_end": "2023-12-31",
        "Hs_mean": 0.8565173149108887,
        "Hs_max": 6.59066104888916,
        "Hs_95": 1.7109572052955628,
        "Tp_mean": 5.8501505851745605,
        "Dp_mean": 147.1832733154297,
        "Dm_mean": 144.3838653564453,
        "Tm02_mean": 5.352720260620117
      },
      "geometry": {
        "type": "Point",
        "coordinates": [
          -77.43748474121094,
          34.456851959228516
        ]
      }
    },
    {
      "type": "Feature",
      "properties": {
        "id": "0000449",
        "dataset_index": 449,
        "time_start": "1980-01-01",
        "time_end": "2023-12-31",
        "Hs_mean": 0.8543886542320251,
        "Hs_max": 6.600406646728516,
        "Hs_95": 1.708171635866165,
        "Tp_mean": 5.8252129554748535,
        "Dp_mean": 147.6584930419922,
        "Dm_mean": 144.78416442871094,
        "Tm02_mean": 5.333746433258057
      },
      "geometry": {
        "type": "Point",
        "coordinates": [
          -77.43317413330078,
          34.45961380004883
        ]
      }
    },
    {
      "type": "Feature",
      "properties": {
        "id": "0000450",
        "dataset_index": 450,
        "time_start": "1980-01-01",
        "time_end": "2023-12-31",
        "Hs_mean": 0.8514131903648376,
        "Hs_max": 6.691398620605469,
        "Hs_95": 1.7065508246421812,
        "Tp_mean": 5.788413047790527,
        "Dp_mean": 148.12722778320312,
        "Dm_mean": 145.2001190185547,
        "Tm02_mean": 5.310655117034912
      },
      "geometry": {
        "type": "Point",
        "coordinates": [
          -77.42829895019531,
          34.46141815185547
        ]
      }
    },
    {
      "type": "Feature",
      "properties": {
        "id": "0000451",
        "dataset_index": 451,
        "time_start": "1980-01-01",
        "time_end": "2023-12-31",
        "Hs_mean": 0.8524599671363831,
        "Hs_max": 6.702984809875488,
        "Hs_95": 1.7123849391937254,
        "Tp_mean": 5.786976337432861,
        "Dp_mean": 148.42617797851562,
        "Dm_mean": 145.51828002929688,
        "Tm02_mean": 5.304553031921387
      },
      "geometry": {
        "type": "Point",
        "coordinates": [
          -77.42298126220703,
          34.46245193481445
        ]
      }
    },
    {
      "type": "Feature",
      "properties": {
        "id": "0000452",
        "dataset_index": 452,
        "time_start": "1980-01-01",
        "time_end": "2023-12-31",
        "Hs_mean": 0.8616729378700256,
        "Hs_max": 6.639623165130615,
        "Hs_95": 1.730810612440109,
        "Tp_mean": 5.787992477416992,
        "Dp_mean": 149.60052490234375,
        "Dm_mean": 146.7523651123047,
        "Tm02_mean": 5.3005547523498535
      },
      "geometry": {
        "type": "Point",
        "coordinates": [
          -77.41766357421875,
          34.46348571777344
        ]
      }
    },
    {
      "type": "Feature",
      "properties": {
        "id": "0000453",
        "dataset_index": 453,
        "time_start": "1980-01-01",
        "time_end": "2023-12-31",
        "Hs_mean": 0.8676111102104187,
        "Hs_max": 6.548364162445068,
        "Hs_95": 1.7427801251411432,
        "Tp_mean": 5.821483135223389,
        "Dp_mean": 150.4478759765625,
        "Dm_mean": 147.71539306640625,
        "Tm02_mean": 5.334177017211914
      },
      "geometry": {
        "type": "Point",
        "coordinates": [
          -77.41234588623047,
          34.46451950073242
        ]
      }
    },
    {
      "type": "Feature",
      "properties": {
        "id": "0000454",
        "dataset_index": 454,
        "time_start": "1980-01-01",
        "time_end": "2023-12-31",
        "Hs_mean": 0.8690550327301025,
        "Hs_max": 6.451354026794434,
        "Hs_95": 1.7386995196342463,
        "Tp_mean": 5.831483364105225,
        "Dp_mean": 150.29876708984375,
        "Dm_mean": 147.51504516601562,
        "Tm02_mean": 5.344413757324219
      },
      "geometry": {
        "type": "Point",
        "coordinates": [
          -77.40702819824219,
          34.46554946899414
        ]
      }
    },
    {
      "type": "Feature",
      "properties": {
        "id": "0000455",
        "dataset_index": 455,
        "time_start": "1980-01-01",
        "time_end": "2023-12-31",
        "Hs_mean": 0.8727049231529236,
        "Hs_max": 6.490999221801758,
        "Hs_95": 1.73864928483963,
        "Tp_mean": 5.808053970336914,
        "Dp_mean": 149.90321350097656,
        "Dm_mean": 146.91461181640625,
        "Tm02_mean": 5.3361430168151855
      },
      "geometry": {
        "type": "Point",
        "coordinates": [
          -77.4017105102539,
          34.466583251953125
        ]
      }
    },
    {
      "type": "Feature",
      "properties": {
        "id": "0000456",
        "dataset_index": 456,
        "time_start": "1980-01-01",
        "time_end": "2023-12-31",
        "Hs_mean": 0.8742628693580627,
        "Hs_max": 6.557466506958008,
        "Hs_95": 1.740869736671446,
        "Tp_mean": 5.794013500213623,
        "Dp_mean": 149.52642822265625,
        "Dm_mean": 146.65753173828125,
        "Tm02_mean": 5.327630519866943
      },
      "geometry": {
        "type": "Point",
        "coordinates": [
          -77.39639282226562,
          34.46761703491211
        ]
      }
    },
    {
      "type": "Feature",
      "properties": {
        "id": "0000457",
        "dataset_index": 457,
        "time_start": "1980-01-01",
        "time_end": "2023-12-31",
        "Hs_mean": 0.881848931312561,
        "Hs_max": 6.589367866516113,
        "Hs_95": 1.7543172955512996,
        "Tp_mean": 5.786066055297852,
        "Dp_mean": 149.41305541992188,
        "Dm_mean": 146.57711791992188,
        "Tm02_mean": 5.321131229400635
      },
      "geometry": {
        "type": "Point",
        "coordinates": [
          -77.39107513427734,
          34.468650817871094
        ]
      }
    },
    {
      "type": "Feature",
      "properties": {
        "id": "0000458",
        "dataset_index": 458,
        "time_start": "1980-01-01",
        "time_end": "2023-12-31",
        "Hs_mean": 0.8889223337173462,
        "Hs_max": 6.591057777404785,
        "Hs_95": 1.765993463993072,
        "Tp_mean": 5.8359694480896,
        "Dp_mean": 149.33326721191406,
        "Dm_mean": 146.6047821044922,
        "Tm02_mean": 5.326913833618164
      },
      "geometry": {
        "type": "Point",
        "coordinates": [
          -77.38575744628906,
          34.46968460083008
        ]
      }
    },
    {
      "type": "Feature",
      "properties": {
        "id": "0000459",
        "dataset_index": 459,
        "time_start": "1980-01-01",
        "time_end": "2023-12-31",
        "Hs_mean": 0.897404670715332,
        "Hs_max": 6.772746562957764,
        "Hs_95": 1.7822695374488828,
        "Tp_mean": 5.88694953918457,
        "Dp_mean": 148.73495483398438,
        "Dm_mean": 145.93301391601562,
        "Tm02_mean": 5.368793964385986
      },
      "geometry": {
        "type": "Point",
        "coordinates": [
          -77.38056945800781,
          34.470951080322266
        ]
      }
    },
    {
      "type": "Feature",
      "properties": {
        "id": "0000460",
        "dataset_index": 460,
        "time_start": "1980-01-01",
        "time_end": "2023-12-31",
        "Hs_mean": 0.8985795378684998,
        "Hs_max": 6.853450298309326,
        "Hs_95": 1.785115188360213,
        "Tp_mean": 5.899159908294678,
        "Dp_mean": 147.6867218017578,
        "Dm_mean": 144.97726440429688,
        "Tm02_mean": 5.376710414886475
      },
      "geometry": {
        "type": "Point",
        "coordinates": [
          -77.3760757446289,
          34.47351837158203
        ]
      }
    },
    {
      "type": "Feature",
      "properties": {
        "id": "0000461",
        "dataset_index": 461,
        "time_start": "1980-01-01",
        "time_end": "2023-12-31",
        "Hs_mean": 0.8961697220802307,
        "Hs_max": 6.706797122955322,
        "Hs_95": 1.774858248233795,
        "Tp_mean": 5.871626377105713,
        "Dp_mean": 147.05104064941406,
        "Dm_mean": 144.4770050048828,
        "Tm02_mean": 5.356969833374023
      },
      "geometry": {
        "type": "Point",
        "coordinates": [
          -77.37158966064453,
          34.47608947753906
        ]
      }
    },
    {
      "type": "Feature",
      "properties": {
        "id": "0000462",
        "dataset_index": 462,
        "time_start": "1980-01-01",
        "time_end": "2023-12-31",
        "Hs_mean": 0.8942424654960632,
        "Hs_max": 6.645026206970215,
        "Hs_95": 1.7646106898784635,
        "Tp_mean": 5.839724063873291,
        "Dp_mean": 147.79994201660156,
        "Dm_mean": 144.9945526123047,
        "Tm02_mean": 5.334909439086914
      },
      "geometry": {
        "type": "Point",
        "coordinates": [
          -77.36710357666016,
          34.47865676879883
        ]
      }
    },
    {
      "type": "Feature",
      "properties": {
        "id": "0000463",
        "dataset_index": 463,
        "time_start": "1980-01-01",
        "time_end": "2023-12-31",
        "Hs_mean": 0.8934788107872009,
        "Hs_max": 6.801497459411621,
        "Hs_95": 1.7661328494548791,
        "Tp_mean": 5.7919135093688965,
        "Dp_mean": 148.3660125732422,
        "Dm_mean": 145.4822540283203,
        "Tm02_mean": 5.30419921875
      },
      "geometry": {
        "type": "Point",
        "coordinates": [
          -77.36260986328125,
          34.481224060058594
        ]
      }
    },
    {
      "type": "Feature",
      "properties": {
        "id": "0000464",
        "dataset_index": 464,
        "time_start": "1980-01-01",
        "time_end": "2023-12-31",
        "Hs_mean": 0.8949568271636963,
        "Hs_max": 7.020043849945068,
        "Hs_95": 1.7757206380367279,
        "Tp_mean": 5.747170925140381,
        "Dp_mean": 148.08335876464844,
        "Dm_mean": 145.5111541748047,
        "Tm02_mean": 5.274217128753662
      },
      "geometry": {
        "type": "Point",
        "coordinates": [
          -77.35812377929688,
          34.483795166015625
        ]
      }
    },
    {
      "type": "Feature",
      "properties": {
        "id": "0000465",
        "dataset_index": 465,
        "time_start": "1980-01-01",
        "time_end": "2023-12-31",
        "Hs_mean": 0.8965262174606323,
        "Hs_max": 7.294883728027344,
        "Hs_95": 1.790145581960678,
        "Tp_mean": 5.732179164886475,
        "Dp_mean": 147.89297485351562,
        "Dm_mean": 145.30343627929688,
        "Tm02_mean": 5.263102054595947
      },
      "geometry": {
        "type": "Point",
        "coordinates": [
          -77.35363006591797,
          34.48636245727539
        ]
      }
    },
    {
      "type": "Feature",
      "properties": {
        "id": "0000466",
        "dataset_index": 466,
        "time_start": "1980-01-01",
        "time_end": "2023-12-31",
        "Hs_mean": 0.8933847546577454,
        "Hs_max": 7.206535339355469,
        "Hs_95": 1.7922338306903838,
        "Tp_mean": 5.6916093826293945,
        "Dp_mean": 147.687744140625,
        "Dm_mean": 145.1432647705078,
        "Tm02_mean": 5.226073265075684
      },
      "geometry": {
        "type": "Point",
        "coordinates": [
          -77.3491439819336,
          34.488929748535156
        ]
      }
    },
    {
      "type": "Feature",
      "properties": {
        "id": "0000467",
        "dataset_index": 467,
        "time_start": "1980-01-01",
        "time_end": "2023-12-31",
        "Hs_mean": 0.8905050754547119,
        "Hs_max": 6.912571430206299,
        "Hs_95": 1.7844363808631887,
        "Tp_mean": 5.67993688583374,
        "Dp_mean": 147.9993133544922,
        "Dm_mean": 145.49191284179688,
        "Tm02_mean": 5.216289520263672
      },
      "geometry": {
        "type": "Point",
        "coordinates": [
          -77.34465026855469,
          34.49150085449219
        ]
      }
    },
    {
      "type": "Feature",
      "properties": {
        "id": "0000468",
        "dataset_index": 468,
        "time_start": "1980-01-01",
        "time_end": "2023-12-31",
        "Hs_mean": 0.890003502368927,
        "Hs_max": 6.836907386779785,
        "Hs_95": 1.7819841504096978,
        "Tp_mean": 5.676875591278076,
        "Dp_mean": 148.1135711669922,
        "Dm_mean": 145.5114288330078,
        "Tm02_mean": 5.213299751281738
      },
      "geometry": {
        "type": "Point",
        "coordinates": [
          -77.34010314941406,
          34.49398422241211
        ]
      }
    },
    {
      "type": "Feature",
      "properties": {
        "id": "0000469",
        "dataset_index": 469,
        "time_start": "1980-01-01",
        "time_end": "2023-12-31",
        "Hs_mean": 0.8905087113380432,
        "Hs_max": 6.764008522033691,
        "Hs_95": 1.7800373673439025,
        "Tp_mean": 5.648193836212158,
        "Dp_mean": 148.31689453125,
        "Dm_mean": 145.77511596679688,
        "Tm02_mean": 5.1885175704956055
      },
      "geometry": {
        "type": "Point",
        "coordinates": [
          -77.33514404296875,
          34.495872497558594
        ]
      }
    },
    {
      "type": "Feature",
      "properties": {
        "id": "0000470",
        "dataset_index": 470,
        "time_start": "1980-01-01",
        "time_end": "2023-12-31",
        "Hs_mean": 0.8895139098167419,
        "Hs_max": 6.650841236114502,
        "Hs_95": 1.777150076627731,
        "Tp_mean": 5.642212867736816,
        "Dp_mean": 148.5191650390625,
        "Dm_mean": 146.0305633544922,
        "Tm02_mean": 5.178426265716553
      },
      "geometry": {
        "type": "Point",
        "coordinates": [
          -77.33018493652344,
          34.49776077270508
        ]
      }
    },
    {
      "type": "Feature",
      "properties": {
        "id": "0000471",
        "dataset_index": 471,
        "time_start": "1980-01-01",
        "time_end": "2023-12-31",
        "Hs_mean": 0.8909045457839966,
        "Hs_max": 6.560963153839111,
        "Hs_95": 1.7784177780151367,
        "Tp_mean": 5.659942626953125,
        "Dp_mean": 149.33546447753906,
        "Dm_mean": 146.85646057128906,
        "Tm02_mean": 5.1819257736206055
      },
      "geometry": {
        "type": "Point",
        "coordinates": [
          -77.3252182006836,
          34.49965286254883
        ]
      }
    },
    {
      "type": "Feature",
      "properties": {
        "id": "0000472",
        "dataset_index": 472,
        "time_start": "1980-01-01",
        "time_end": "2023-12-31",
        "Hs_mean": 0.8956781029701233,
        "Hs_max": 6.488107204437256,
        "Hs_95": 1.788341104984283,
        "Tp_mean": 5.702673435211182,
        "Dp_mean": 149.71282958984375,
        "Dm_mean": 147.1693572998047,
        "Tm02_mean": 5.209604263305664
      },
      "geometry": {
        "type": "Point",
        "coordinates": [
          -77.32025909423828,
          34.50154113769531
        ]
      }
    },
    {
      "type": "Feature",
      "properties": {
        "id": "0000473",
        "dataset_index": 473,
        "time_start": "1980-01-01",
        "time_end": "2023-12-31",
        "Hs_mean": 0.902418851852417,
        "Hs_max": 6.515399932861328,
        "Hs_95": 1.7986630201339722,
        "Tp_mean": 5.7450642585754395,
        "Dp_mean": 150.30194091796875,
        "Dm_mean": 147.82875061035156,
        "Tm02_mean": 5.226947784423828
      },
      "geometry": {
        "type": "Point",
        "coordinates": [
          -77.31529235839844,
          34.5034294128418
        ]
      }
    },
    {
      "type": "Feature",
      "properties": {
        "id": "0000474",
        "dataset_index": 474,
        "time_start": "1980-01-01",
        "time_end": "2023-12-31",
        "Hs_mean": 0.9080040454864502,
        "Hs_max": 6.602750778198242,
        "Hs_95": 1.806425654888153,
        "Tp_mean": 5.786756992340088,
        "Dp_mean": 150.34214782714844,
        "Dm_mean": 147.905029296875,
        "Tm02_mean": 5.259188175201416
      },
      "geometry": {
        "type": "Point",
        "coordinates": [
          -77.31033325195312,
          34.50531768798828
        ]
      }
    },
    {
      "type": "Feature",
      "properties": {
        "id": "0000475",
        "dataset_index": 475,
        "time_start": "1980-01-01",
        "time_end": "2023-12-31",
        "Hs_mean": 0.9143173694610596,
        "Hs_max": 6.630388259887695,
        "Hs_95": 1.8153857111930845,
        "Tp_mean": 5.795933723449707,
        "Dp_mean": 150.05126953125,
        "Dm_mean": 147.58917236328125,
        "Tm02_mean": 5.263969421386719
      },
      "geometry": {
        "type": "Point",
        "coordinates": [
          -77.30537414550781,
          34.507205963134766
        ]
      }
    },
    {
      "type": "Feature",
      "properties": {
        "id": "0000476",
        "dataset_index": 476,
        "time_start": "1980-01-01",
        "time_end": "2023-12-31",
        "Hs_mean": 0.9170818328857422,
        "Hs_max": 6.672942161560059,
        "Hs_95": 1.8147623062133786,
        "Tp_mean": 5.793485164642334,
        "Dp_mean": 150.43942260742188,
        "Dm_mean": 147.91195678710938,
        "Tm02_mean": 5.2637810707092285
      },
      "geometry": {
        "type": "Point",
        "coordinates": [
          -77.30040740966797,
          34.50909423828125
        ]
      }
    },
    {
      "type": "Feature",
      "properties": {
        "id": "0000477",
        "dataset_index": 477,
        "time_start": "1980-01-01",
        "time_end": "2023-12-31",
        "Hs_mean": 0.9211491346359253,
        "Hs_max": 6.913876056671143,
        "Hs_95": 1.819502735137939,
        "Tp_mean": 5.758570194244385,
        "Dp_mean": 151.41770935058594,
        "Dm_mean": 149.09158325195312,
        "Tm02_mean": 5.249175548553467
      },
      "geometry": {
        "type": "Point",
        "coordinates": [
          -77.29544830322266,
          34.510986328125
        ]
      }
    },
    {
      "type": "Feature",
      "properties": {
        "id": "0000478",
        "dataset_index": 478,
        "time_start": "1980-01-01",
        "time_end": "2023-12-31",
        "Hs_mean": 0.9210548996925354,
        "Hs_max": 7.134040832519531,
        "Hs_95": 1.8248485386371596,
        "Tp_mean": 5.712254047393799,
        "Dp_mean": 150.9335479736328,
        "Dm_mean": 148.53433227539062,
        "Tm02_mean": 5.228971481323242
      },
      "geometry": {
        "type": "Point",
        "coordinates": [
          -77.29048156738281,
          34.512874603271484
        ]
      }
    },
    {
      "type": "Feature",
      "properties": {
        "id": "0000479",
        "dataset_index": 479,
        "time_start": "1980-01-01",
        "time_end": "2023-12-31",
        "Hs_mean": 0.921129584312439,
        "Hs_max": 7.388878345489502,
        "Hs_95": 1.8384227037429806,
        "Tp_mean": 5.678793430328369,
        "Dp_mean": 151.16844177246094,
        "Dm_mean": 148.78369140625,
        "Tm02_mean": 5.210650444030762
      },
      "geometry": {
        "type": "Point",
        "coordinates": [
          -77.2855224609375,
          34.51476287841797
        ]
      }
    },
    {
      "type": "Feature",
      "properties": {
        "id": "0000480",
        "dataset_index": 480,
        "time_start": "1980-01-01",
        "time_end": "2023-12-31",
        "Hs_mean": 0.9148213267326355,
        "Hs_max": 7.417129039764404,
        "Hs_95": 1.835931348800659,
        "Tp_mean": 5.620480060577393,
        "Dp_mean": 150.81353759765625,
        "Dm_mean": 148.35302734375,
        "Tm02_mean": 5.17703914642334
      },
      "geometry": {
        "type": "Point",
        "coordinates": [
          -77.28150939941406,
          34.51781463623047
        ]
      }
    },
    {
      "type": "Feature",
      "properties": {
        "id": "0000481",
        "dataset_index": 481,
        "time_start": "1980-01-01",
        "time_end": "2023-12-31",
        "Hs_mean": 0.9080440402030945,
        "Hs_max": 7.159079074859619,
        "Hs_95": 1.826433914899825,
        "Tp_mean": 5.563957691192627,
        "Dp_mean": 150.40328979492188,
        "Dm_mean": 147.87957763671875,
        "Tm02_mean": 5.1480512619018555
      },
      "geometry": {
        "type": "Point",
        "coordinates": [
          -77.27751922607422,
          34.52089309692383
        ]
      }
    },
    {
      "type": "Feature",
      "properties": {
        "id": "0000482",
        "dataset_index": 482,
        "time_start": "1980-01-01",
        "time_end": "2023-12-31",
        "Hs_mean": 0.9015389680862427,
        "Hs_max": 6.928441524505615,
        "Hs_95": 1.8089454948902106,
        "Tp_mean": 5.589128494262695,
        "Dp_mean": 150.91383361816406,
        "Dm_mean": 148.12246704101562,
        "Tm02_mean": 5.1533122062683105
      },
      "geometry": {
        "type": "Point",
        "coordinates": [
          -77.27352905273438,
          34.52397155761719
        ]
      }
    },
    {
      "type": "Feature",
      "properties": {
        "id": "0000483",
        "dataset_index": 483,
        "time_start": "1980-01-01",
        "time_end": "2023-12-31",
        "Hs_mean": 0.9062095880508423,
        "Hs_max": 6.912708759307861,
        "Hs_95": 1.8141351521015163,
        "Tp_mean": 5.622572422027588,
        "Dp_mean": 150.5785675048828,
        "Dm_mean": 147.73095703125,
        "Tm02_mean": 5.163580894470215
      },
      "geometry": {
        "type": "Point",
        "coordinates": [
          -77.26953125,
          34.52705001831055
        ]
      }
    },
    {
      "type": "Feature",
      "properties": {
        "id": "0000484",
        "dataset_index": 484,
        "time_start": "1980-01-01",
        "time_end": "2023-12-31",
        "Hs_mean": 0.9089568853378296,
        "Hs_max": 7.028567790985107,
        "Hs_95": 1.8217080771923042,
        "Tp_mean": 5.657785892486572,
        "Dp_mean": 149.77462768554688,
        "Dm_mean": 146.8640594482422,
        "Tm02_mean": 5.190365314483643
      },
      "geometry": {
        "type": "Point",
        "coordinates": [
          -77.26622772216797,
          34.53062057495117
        ]
      }
    },
    {
      "type": "Feature",
      "properties": {
        "id": "0000485",
        "dataset_index": 485,
        "time_start": "1980-01-01",
        "time_end": "2023-12-31",
        "Hs_mean": 0.900397002696991,
        "Hs_max": 6.98033332824707,
        "Hs_95": 1.8069874703884123,
        "Tp_mean": 5.674566268920898,
        "Dp_mean": 149.18798828125,
        "Dm_mean": 146.2311248779297,
        "Tm02_mean": 5.2211198806762695
      },
      "geometry": {
        "type": "Point",
        "coordinates": [
          -77.26309204101562,
          34.53430938720703
        ]
      }
    },
    {
      "type": "Feature",
      "properties": {
        "id": "0000486",
        "dataset_index": 486,
        "time_start": "1980-01-01",
        "time_end": "2023-12-31",
        "Hs_mean": 0.8962761163711548,
        "Hs_max": 6.8099164962768555,
        "Hs_95": 1.7995707392692561,
        "Tp_mean": 5.648056507110596,
        "Dp_mean": 149.15277099609375,
        "Dm_mean": 146.38034057617188,
        "Tm02_mean": 5.205066680908203
      },
      "geometry": {
        "type": "Point",
        "coordinates": [
          -77.25995635986328,
          34.53799819946289
        ]
      }
    },
    {
      "type": "Feature",
      "properties": {
        "id": "0000487",
        "dataset_index": 487,
        "time_start": "1980-01-01",
        "time_end": "2023-12-31",
        "Hs_mean": 0.8934217691421509,
        "Hs_max": 6.698152542114258,
        "Hs_95": 1.7918887078762042,
        "Tp_mean": 5.645956993103027,
        "Dp_mean": 149.2932586669922,
        "Dm_mean": 146.6428680419922,
        "Tm02_mean": 5.208425521850586
      },
      "geometry": {
        "type": "Point",
        "coordinates": [
          -77.2568130493164,
          34.54168701171875
        ]
      }
    },
    {
      "type": "Feature",
      "properties": {
        "id": "0000488",
        "dataset_index": 488,
        "time_start": "1980-01-01",
        "time_end": "2023-12-31",
        "Hs_mean": 0.8866089582443237,
        "Hs_max": 6.6655378341674805,
        "Hs_95": 1.7776516020298003,
        "Tp_mean": 5.6702046394348145,
        "Dp_mean": 149.67379760742188,
        "Dm_mean": 146.8905029296875,
        "Tm02_mean": 5.219672203063965
      },
      "geometry": {
        "type": "Point",
        "coordinates": [
          -77.25367736816406,
          34.54537582397461
        ]
      }
    },
    {
      "type": "Feature",
      "properties": {
        "id": "0000489",
        "dataset_index": 489,
        "time_start": "1980-01-01",
        "time_end": "2023-12-31",
        "Hs_mean": 0.8862596750259399,
        "Hs_max": 6.654305458068848,
        "Hs_95": 1.7767930626869195,
        "Tp_mean": 5.6826677322387695,
        "Dp_mean": 149.7621612548828,
        "Dm_mean": 147.09640502929688,
        "Tm02_mean": 5.22808313369751
      },
      "geometry": {
        "type": "Point",
        "coordinates": [
          -77.25054168701172,
          34.54906463623047
        ]
      }
    },
    {
      "type": "Feature",
      "properties": {
        "id": "0000490",
        "dataset_index": 490,
        "time_start": "1980-01-01",
        "time_end": "2023-12-31",
        "Hs_mean": 0.8797435164451599,
        "Hs_max": 6.627632141113281,
        "Hs_95": 1.76557098031044,
        "Tp_mean": 5.693711280822754,
        "Dp_mean": 150.63372802734375,
        "Dm_mean": 148.07260131835938,
        "Tm02_mean": 5.247949600219727
      },
      "geometry": {
        "type": "Point",
        "coordinates": [
          -77.24723815917969,
          34.55263137817383
        ]
      }
    },
    {
      "type": "Feature",
      "properties": {
        "id": "0000491",
        "dataset_index": 491,
        "time_start": "1980-01-01",
        "time_end": "2023-12-31",
        "Hs_mean": 0.8785998821258545,
        "Hs_max": 6.616593360900879,
        "Hs_95": 1.7633398354053498,
        "Tp_mean": 5.637707233428955,
        "Dp_mean": 151.46041870117188,
        "Dm_mean": 148.80133056640625,
        "Tm02_mean": 5.203126430511475
      },
      "geometry": {
        "type": "Point",
        "coordinates": [
          -77.24317932128906,
          34.5556526184082
        ]
      }
    },
    {
      "type": "Feature",
      "properties": {
        "id": "0000492",
        "dataset_index": 492,
        "time_start": "1980-01-01",
        "time_end": "2023-12-31",
        "Hs_mean": 0.8729137778282166,
        "Hs_max": 6.589649200439453,
        "Hs_95": 1.7541444122791285,
        "Tp_mean": 5.584803581237793,
        "Dp_mean": 152.31796264648438,
        "Dm_mean": 149.66844177246094,
        "Tm02_mean": 5.170137405395508
      },
      "geometry": {
        "type": "Point",
        "coordinates": [
          -77.23912048339844,
          34.55867385864258
        ]
      }
    },
    {
      "type": "Feature",
      "properties": {
        "id": "0000493",
        "dataset_index": 493,
        "time_start": "1980-01-01",
        "time_end": "2023-12-31",
        "Hs_mean": 0.8705996870994568,
        "Hs_max": 6.665365695953369,
        "Hs_95": 1.7527412056922913,
        "Tp_mean": 5.56907320022583,
        "Dp_mean": 152.64166259765625,
        "Dm_mean": 150.0158233642578,
        "Tm02_mean": 5.157066345214844
      },
      "geometry": {
        "type": "Point",
        "coordinates": [
          -77.23506164550781,
          34.56169509887695
        ]
      }
    },
    {
      "type": "Feature",
      "properties": {
        "id": "0000494",
        "dataset_index": 494,
        "time_start": "1980-01-01",
        "time_end": "2023-12-31",
        "Hs_mean": 0.861000657081604,
        "Hs_max": 6.753402233123779,
        "Hs_95": 1.7359398782253257,
        "Tp_mean": 5.578175067901611,
        "Dp_mean": 152.79832458496094,
        "Dm_mean": 150.1197052001953,
        "Tm02_mean": 5.163666725158691
      },
      "geometry": {
        "type": "Point",
        "coordinates": [
          -77.2309799194336,
          34.5646858215332
        ]
      }
    },
    {
      "type": "Feature",
      "properties": {
        "id": "0000495",
        "dataset_index": 495,
        "time_start": "1980-01-01",
        "time_end": "2023-12-31",
        "Hs_mean": 0.8589826822280884,
        "Hs_max": 6.703006267547607,
        "Hs_95": 1.7307732462882994,
        "Tp_mean": 5.513766288757324,
        "Dp_mean": 152.89549255371094,
        "Dm_mean": 150.32611083984375,
        "Tm02_mean": 5.102560043334961
      },
      "geometry": {
        "type": "Point",
        "coordinates": [
          -77.2264404296875,
          34.56719970703125
        ]
      }
    },
    {
      "type": "Feature",
      "properties": {
        "id": "0000496",
        "dataset_index": 496,
        "time_start": "1980-01-01",
        "time_end": "2023-12-31",
        "Hs_mean": 0.8610982894897461,
        "Hs_max": 6.743573188781738,
        "Hs_95": 1.7368843913078305,
        "Tp_mean": 5.5234174728393555,
        "Dp_mean": 153.3932342529297,
        "Dm_mean": 150.8109130859375,
        "Tm02_mean": 5.104920387268066
      },
      "geometry": {
        "type": "Point",
        "coordinates": [
          -77.2219009399414,
          34.5697135925293
        ]
      }
    },
    {
      "type": "Feature",
      "properties": {
        "id": "0000497",
        "dataset_index": 497,
        "time_start": "1980-01-01",
        "time_end": "2023-12-31",
        "Hs_mean": 0.866330623626709,
        "Hs_max": 6.8048248291015625,
        "Hs_95": 1.7531492710113519,
        "Tp_mean": 5.5409746170043945,
        "Dp_mean": 154.2459716796875,
        "Dm_mean": 151.45571899414062,
        "Tm02_mean": 5.116232395172119
      },
      "geometry": {
        "type": "Point",
        "coordinates": [
          -77.21736145019531,
          34.572227478027344
        ]
      }
    },
    {
      "type": "Feature",
      "properties": {
        "id": "0000498",
        "dataset_index": 498,
        "time_start": "1980-01-01",
        "time_end": "2023-12-31",
        "Hs_mean": 0.8681527972221375,
        "Hs_max": 6.705894470214844,
        "Hs_95": 1.7588012874126429,
        "Tp_mean": 5.559068202972412,
        "Dp_mean": 153.46221923828125,
        "Dm_mean": 150.8927459716797,
        "Tm02_mean": 5.126313209533691
      },
      "geometry": {
        "type": "Point",
        "coordinates": [
          -77.21282196044922,
          34.574737548828125
        ]
      }
    },
    {
      "type": "Feature",
      "properties": {
        "id": "0000499",
        "dataset_index": 499,
        "time_start": "1980-01-01",
        "time_end": "2023-12-31",
        "Hs_mean": 0.8705354928970337,
        "Hs_max": 6.5471882820129395,
        "Hs_95": 1.7620115518569945,
        "Tp_mean": 5.578909397125244,
        "Dp_mean": 153.34852600097656,
        "Dm_mean": 150.89454650878906,
        "Tm02_mean": 5.137839317321777
      },
      "geometry": {
        "type": "Point",
        "coordinates": [
          -77.20828247070312,
          34.57725143432617
        ]
      }
    },
    {
      "type": "Feature",
      "properties": {
        "id": "0000500",
        "dataset_index": 500,
        "time_start": "1980-01-01",
        "time_end": "2023-12-31",
        "Hs_mean": 0.8726205229759216,
        "Hs_max": 6.537685394287109,
        "Hs_95": 1.7636607825756068,
        "Tp_mean": 5.612630844116211,
        "Dp_mean": 153.35906982421875,
        "Dm_mean": 150.7972869873047,
        "Tm02_mean": 5.16116189956665
      },
      "geometry": {
        "type": "Point",
        "coordinates": [
          -77.20396423339844,
          34.58000946044922
        ]
      }
    },
    {
      "type": "Feature",
      "properties": {
        "id": "0000501",
        "dataset_index": 501,
        "time_start": "1980-01-01",
        "time_end": "2023-12-31",
        "Hs_mean": 0.8715576529502869,
        "Hs_max": 6.5084757804870605,
        "Hs_95": 1.7608874499797817,
        "Tp_mean": 5.605023384094238,
        "Dp_mean": 153.0623016357422,
        "Dm_mean": 150.52676391601562,
        "Tm02_mean": 5.158425807952881
      },
      "geometry": {
        "type": "Point",
        "coordinates": [
          -77.19983673095703,
          34.58296585083008
        ]
      }
    },
    {
      "type": "Feature",
      "properties": {
        "id": "0000502",
        "dataset_index": 502,
        "time_start": "1980-01-01",
        "time_end": "2023-12-31",
        "Hs_mean": 0.8649817109107971,
        "Hs_max": 6.378530025482178,
        "Hs_95": 1.747578632831572,
        "Tp_mean": 5.548951625823975,
        "Dp_mean": 153.3389129638672,
        "Dm_mean": 150.75254821777344,
        "Tm02_mean": 5.12429666519165
      },
      "geometry": {
        "type": "Point",
        "coordinates": [
          -77.19570922851562,
          34.58592224121094
        ]
      }
    },
    {
      "type": "Feature",
      "properties": {
        "id": "0000503",
        "dataset_index": 503,
        "time_start": "1980-01-01",
        "time_end": "2023-12-31",
        "Hs_mean": 0.8606539964675903,
        "Hs_max": 6.293975830078125,
        "Hs_95": 1.7385061204433436,
        "Tp_mean": 5.509685516357422,
        "Dp_mean": 154.04672241210938,
        "Dm_mean": 151.6782684326172,
        "Tm02_mean": 5.096879482269287
      },
      "geometry": {
        "type": "Point",
        "coordinates": [
          -77.19158172607422,
          34.5888786315918
        ]
      }
    },
    {
      "type": "Feature",
      "properties": {
        "id": "0000504",
        "dataset_index": 504,
        "time_start": "1980-01-01",
        "time_end": "2023-12-31",
        "Hs_mean": 0.8517488241195679,
        "Hs_max": 6.332729339599609,
        "Hs_95": 1.723124903440475,
        "Tp_mean": 5.53679895401001,
        "Dp_mean": 155.052001953125,
        "Dm_mean": 152.5664520263672,
        "Tm02_mean": 5.113012790679932
      },
      "geometry": {
        "type": "Point",
        "coordinates": [
          -77.18745422363281,
          34.591835021972656
        ]
      }
    },
    {
      "type": "Feature",
      "properties": {
        "id": "0000505",
        "dataset_index": 505,
        "time_start": "1980-01-01",
        "time_end": "2023-12-31",
        "Hs_mean": 0.8506119847297668,
        "Hs_max": 6.376222133636475,
        "Hs_95": 1.7235049426555633,
        "Tp_mean": 5.521300792694092,
        "Dp_mean": 155.76097106933594,
        "Dm_mean": 153.30027770996094,
        "Tm02_mean": 5.067489147186279
      },
      "geometry": {
        "type": "Point",
        "coordinates": [
          -77.18302917480469,
          34.594417572021484
        ]
      }
    },
    {
      "type": "Feature",
      "properties": {
        "id": "0000506",
        "dataset_index": 506,
        "time_start": "1980-01-01",
        "time_end": "2023-12-31",
        "Hs_mean": 0.8521605134010315,
        "Hs_max": 6.43902587890625,
        "Hs_95": 1.7285807669162747,
        "Tp_mean": 5.521189212799072,
        "Dp_mean": 156.55787658691406,
        "Dm_mean": 154.22787475585938,
        "Tm02_mean": 5.077241897583008
      },
      "geometry": {
        "type": "Point",
        "coordinates": [
          -77.17807006835938,
          34.5963134765625
        ]
      }
    },
    {
      "type": "Feature",
      "properties": {
        "id": "0000507",
        "dataset_index": 507,
        "time_start": "1980-01-01",
        "time_end": "2023-12-31",
        "Hs_mean": 0.8622088432312012,
        "Hs_max": 6.719618320465088,
        "Hs_95": 1.7525385499000545,
        "Tp_mean": 5.487374305725098,
        "Dp_mean": 156.64280700683594,
        "Dm_mean": 154.48629760742188,
        "Tm02_mean": 5.054165363311768
      },
      "geometry": {
        "type": "Point",
        "coordinates": [
          -77.17310333251953,
          34.598209381103516
        ]
      }
    },
    {
      "type": "Feature",
      "properties": {
        "id": "0000508",
        "dataset_index": 508,
        "time_start": "1980-01-01",
        "time_end": "2023-12-31",
        "Hs_mean": 0.8616827130317688,
        "Hs_max": 6.777353763580322,
        "Hs_95": 1.7595413446426391,
        "Tp_mean": 5.504217624664307,
        "Dp_mean": 157.8389129638672,
        "Dm_mean": 155.67884826660156,
        "Tm02_mean": 5.069513320922852
      },
      "geometry": {
        "type": "Point",
        "coordinates": [
          -77.16813659667969,
          34.6001091003418
        ]
      }
    },
    {
      "type": "Feature",
      "properties": {
        "id": "0000509",
        "dataset_index": 509,
        "time_start": "1980-01-01",
        "time_end": "2023-12-31",
        "Hs_mean": 0.86070317029953,
        "Hs_max": 6.690724849700928,
        "Hs_95": 1.7604289889335631,
        "Tp_mean": 5.501058578491211,
        "Dp_mean": 157.6780242919922,
        "Dm_mean": 155.58285522460938,
        "Tm02_mean": 5.072140693664551
      },
      "geometry": {
        "type": "Point",
        "coordinates": [
          -77.16317749023438,
          34.60200500488281
        ]
      }
    },
    {
      "type": "Feature",
      "properties": {
        "id": "0000510",
        "dataset_index": 510,
        "time_start": "1980-01-01",
        "time_end": "2023-12-31",
        "Hs_mean": 0.8581838607788086,
        "Hs_max": 6.603363513946533,
        "Hs_95": 1.754572588205337,
        "Tp_mean": 5.486544132232666,
        "Dp_mean": 158.8395233154297,
        "Dm_mean": 156.8374786376953,
        "Tm02_mean": 5.067798614501953
      },
      "geometry": {
        "type": "Point",
        "coordinates": [
          -77.15821075439453,
          34.60390090942383
        ]
      }
    },
    {
      "type": "Feature",
      "properties": {
        "id": "0000511",
        "dataset_index": 511,
        "time_start": "1980-01-01",
        "time_end": "2023-12-31",
        "Hs_mean": 0.8525897860527039,
        "Hs_max": 6.624818801879883,
        "Hs_95": 1.7444663405418395,
        "Tp_mean": 5.4465012550354,
        "Dp_mean": 158.09674072265625,
        "Dm_mean": 156.03402709960938,
        "Tm02_mean": 5.054890155792236
      },
      "geometry": {
        "type": "Point",
        "coordinates": [
          -77.15324401855469,
          34.605796813964844
        ]
      }
    },
    {
      "type": "Feature",
      "properties": {
        "id": "0000512",
        "dataset_index": 512,
        "time_start": "1980-01-01",
        "time_end": "2023-12-31",
        "Hs_mean": 0.8452872633934021,
        "Hs_max": 6.554654121398926,
        "Hs_95": 1.7289461553096768,
        "Tp_mean": 5.39608097076416,
        "Dp_mean": 158.70960998535156,
        "Dm_mean": 156.46804809570312,
        "Tm02_mean": 5.017359733581543
      },
      "geometry": {
        "type": "Point",
        "coordinates": [
          -77.14828491210938,
          34.60769271850586
        ]
      }
    },
    {
      "type": "Feature",
      "properties": {
        "id": "0000513",
        "dataset_index": 513,
        "time_start": "1980-01-01",
        "time_end": "2023-12-31",
        "Hs_mean": 0.8412468433380127,
        "Hs_max": 6.462442874908447,
        "Hs_95": 1.7196233868598938,
        "Tp_mean": 5.355156421661377,
        "Dp_mean": 159.31448364257812,
        "Dm_mean": 157.03082275390625,
        "Tm02_mean": 4.987640857696533
      },
      "geometry": {
        "type": "Point",
        "coordinates": [
          -77.14331817626953,
          34.609588623046875
        ]
      }
    },
    {
      "type": "Feature",
      "properties": {
        "id": "0000514",
        "dataset_index": 514,
        "time_start": "1980-01-01",
        "time_end": "2023-12-31",
        "Hs_mean": 0.8505401611328125,
        "Hs_max": 6.623831748962402,
        "Hs_95": 1.741741096973419,
        "Tp_mean": 5.344105243682861,
        "Dp_mean": 160.3605499267578,
        "Dm_mean": 158.10899353027344,
        "Tm02_mean": 4.9822468757629395
      },
      "geometry": {
        "type": "Point",
        "coordinates": [
          -77.13829040527344,
          34.611351013183594
        ]
      }
    },
    {
      "type": "Feature",
      "properties": {
        "id": "0000515",
        "dataset_index": 515,
        "time_start": "1980-01-01",
        "time_end": "2023-12-31",
        "Hs_mean": 0.8546918630599976,
        "Hs_max": 6.645630359649658,
        "Hs_95": 1.751732635498046,
        "Tp_mean": 5.369054317474365,
        "Dp_mean": 160.96267700195312,
        "Dm_mean": 158.92124938964844,
        "Tm02_mean": 4.997267246246338
      },
      "geometry": {
        "type": "Point",
        "coordinates": [
          -77.13306427001953,
          34.612693786621094
        ]
      }
    },
    {
      "type": "Feature",
      "properties": {
        "id": "0000516",
        "dataset_index": 516,
        "time_start": "1980-01-01",
        "time_end": "2023-12-31",
        "Hs_mean": 0.8568196296691895,
        "Hs_max": 6.613720893859863,
        "Hs_95": 1.7562067866325348,
        "Tp_mean": 5.395776748657227,
        "Dp_mean": 161.1029510498047,
        "Dm_mean": 159.34860229492188,
        "Tm02_mean": 5.016400337219238
      },
      "geometry": {
        "type": "Point",
        "coordinates": [
          -77.12784576416016,
          34.61404037475586
        ]
      }
    },
    {
      "type": "Feature",
      "properties": {
        "id": "0000517",
        "dataset_index": 517,
        "time_start": "1980-01-01",
        "time_end": "2023-12-31",
        "Hs_mean": 0.8572884798049927,
        "Hs_max": 6.649299144744873,
        "Hs_95": 1.7609734833240502,
        "Tp_mean": 5.395970821380615,
        "Dp_mean": 161.62193298339844,
        "Dm_mean": 159.92361450195312,
        "Tm02_mean": 5.017905235290527
      },
      "geometry": {
        "type": "Point",
        "coordinates": [
          -77.12261199951172,
          34.6153450012207
        ]
      }
    },
    {
      "type": "Feature",
      "properties": {
        "id": "0000518",
        "dataset_index": 518,
        "time_start": "1980-01-01",
        "time_end": "2023-12-31",
        "Hs_mean": 0.866162896156311,
        "Hs_max": 6.78450345993042,
        "Hs_95": 1.7866136252880094,
        "Tp_mean": 5.385133266448975,
        "Dp_mean": 161.91818237304688,
        "Dm_mean": 160.27886962890625,
        "Tm02_mean": 5.010993957519531
      },
      "geometry": {
        "type": "Point",
        "coordinates": [
          -77.11719512939453,
          34.61601257324219
        ]
      }
    },
    {
      "type": "Feature",
      "properties": {
        "id": "0000519",
        "dataset_index": 519,
        "time_start": "1980-01-01",
        "time_end": "2023-12-31",
        "Hs_mean": 0.8696416020393372,
        "Hs_max": 6.7084527015686035,
        "Hs_95": 1.7920548498630524,
        "Tp_mean": 5.4116597175598145,
        "Dp_mean": 162.36119079589844,
        "Dm_mean": 160.66552734375,
        "Tm02_mean": 5.029208660125732
      },
      "geometry": {
        "type": "Point",
        "coordinates": [
          -77.11178588867188,
          34.61668395996094
        ]
      }
    },
    {
      "type": "Feature",
      "properties": {
        "id": "0000520",
        "dataset_index": 520,
        "time_start": "1980-01-01",
        "time_end": "2023-12-31",
        "Hs_mean": 0.8754153251647949,
        "Hs_max": 6.886082172393799,
        "Hs_95": 1.8067220449447625,
        "Tp_mean": 5.4346022605896,
        "Dp_mean": 162.30935668945312,
        "Dm_mean": 160.58786010742188,
        "Tm02_mean": 5.04617166519165
      },
      "geometry": {
        "type": "Point",
        "coordinates": [
          -77.10636901855469,
          34.61735153198242
        ]
      }
    },
    {
      "type": "Feature",
      "properties": {
        "id": "0000521",
        "dataset_index": 521,
        "time_start": "1980-01-01",
        "time_end": "2023-12-31",
        "Hs_mean": 0.8749240636825562,
        "Hs_max": 7.03827428817749,
        "Hs_95": 1.8137736737728098,
        "Tp_mean": 5.444318771362305,
        "Dp_mean": 161.95262145996094,
        "Dm_mean": 160.16586303710938,
        "Tm02_mean": 5.054793834686279
      },
      "geometry": {
        "type": "Point",
        "coordinates": [
          -77.10095977783203,
          34.618019104003906
        ]
      }
    },
    {
      "type": "Feature",
      "properties": {
        "id": "0000522",
        "dataset_index": 522,
        "time_start": "1980-01-01",
        "time_end": "2023-12-31",
        "Hs_mean": 0.8766837120056152,
        "Hs_max": 7.086662769317627,
        "Hs_95": 1.8242010712623593,
        "Tp_mean": 5.474093437194824,
        "Dp_mean": 162.9459686279297,
        "Dm_mean": 160.96017456054688,
        "Tm02_mean": 5.073763370513916
      },
      "geometry": {
        "type": "Point",
        "coordinates": [
          -77.09554290771484,
          34.61868667602539
        ]
      }
    },
    {
      "type": "Feature",
      "properties": {
        "id": "0000523",
        "dataset_index": 523,
        "time_start": "1980-01-01",
        "time_end": "2023-12-31",
        "Hs_mean": 0.8762706518173218,
        "Hs_max": 7.140585899353027,
        "Hs_95": 1.826518428325653,
        "Tp_mean": 5.485520839691162,
        "Dp_mean": 162.73765563964844,
        "Dm_mean": 160.75601196289062,
        "Tm02_mean": 5.0783162117004395
      },
      "geometry": {
        "type": "Point",
        "coordinates": [
          -77.09013366699219,
          34.619354248046875
        ]
      }
    },
    {
      "type": "Feature",
      "properties": {
        "id": "0000524",
        "dataset_index": 524,
        "time_start": "1980-01-01",
        "time_end": "2023-12-31",
        "Hs_mean": 0.8809927701950073,
        "Hs_max": 7.020159721374512,
        "Hs_95": 1.8338228523731224,
        "Tp_mean": 5.4702229499816895,
        "Dp_mean": 162.8000030517578,
        "Dm_mean": 160.90011596679688,
        "Tm02_mean": 5.057727813720703
      },
      "geometry": {
        "type": "Point",
        "coordinates": [
          -77.084716796875,
          34.620025634765625
        ]
      }
    },
    {
      "type": "Feature",
      "properties": {
        "id": "0000525",
        "dataset_index": 525,
        "time_start": "1980-01-01",
        "time_end": "2023-12-31",
        "Hs_mean": 0.882215678691864,
        "Hs_max": 6.748837471008301,
        "Hs_95": 1.8308609008789059,
        "Tp_mean": 5.50460958480835,
        "Dp_mean": 163.01722717285156,
        "Dm_mean": 161.1152801513672,
        "Tm02_mean": 5.07384729385376
      },
      "geometry": {
        "type": "Point",
        "coordinates": [
          -77.07951354980469,
          34.6212158203125
        ]
      }
    },
    {
      "type": "Feature",
      "properties": {
        "id": "0000526",
        "dataset_index": 526,
        "time_start": "1980-01-01",
        "time_end": "2023-12-31",
        "Hs_mean": 0.8857148885726929,
        "Hs_max": 6.5525336265563965,
        "Hs_95": 1.8314829826354977,
        "Tp_mean": 5.559046745300293,
        "Dp_mean": 163.01956176757812,
        "Dm_mean": 161.12994384765625,
        "Tm02_mean": 5.108952522277832
      },
      "geometry": {
        "type": "Point",
        "coordinates": [
          -77.07469177246094,
          34.62333679199219
        ]
      }
    },
    {
      "type": "Feature",
      "properties": {
        "id": "0000527",
        "dataset_index": 527,
        "time_start": "1980-01-01",
        "time_end": "2023-12-31",
        "Hs_mean": 0.8850954174995422,
        "Hs_max": 6.546041488647461,
        "Hs_95": 1.829044073820114,
        "Tp_mean": 5.575864315032959,
        "Dp_mean": 162.84336853027344,
        "Dm_mean": 161.02880859375,
        "Tm02_mean": 5.124325752258301
      },
      "geometry": {
        "type": "Point",
        "coordinates": [
          -77.06986236572266,
          34.62546157836914
        ]
      }
    },
    {
      "type": "Feature",
      "properties": {
        "id": "0000528",
        "dataset_index": 528,
        "time_start": "1980-01-01",
        "time_end": "2023-12-31",
        "Hs_mean": 0.8742338418960571,
        "Hs_max": 6.51057243347168,
        "Hs_95": 1.813381946086883,
        "Tp_mean": 5.519164085388184,
        "Dp_mean": 163.09536743164062,
        "Dm_mean": 161.43548583984375,
        "Tm02_mean": 5.077194690704346
      },
      "geometry": {
        "type": "Point",
        "coordinates": [
          -77.06503295898438,
          34.627586364746094
        ]
      }
    },
    {
      "type": "Feature",
      "properties": {
        "id": "0000529",
        "dataset_index": 529,
        "time_start": "1980-01-01",
        "time_end": "2023-12-31",
        "Hs_mean": 0.8648431897163391,
        "Hs_max": 6.420577049255371,
        "Hs_95": 1.7939588427543636,
        "Tp_mean": 5.501218795776367,
        "Dp_mean": 163.400634765625,
        "Dm_mean": 161.73989868164062,
        "Tm02_mean": 5.058903694152832
      },
      "geometry": {
        "type": "Point",
        "coordinates": [
          -77.0602035522461,
          34.62970733642578
        ]
      }
    },
    {
      "type": "Feature",
      "properties": {
        "id": "0000530",
        "dataset_index": 530,
        "time_start": "1980-01-01",
        "time_end": "2023-12-31",
        "Hs_mean": 0.8645774126052856,
        "Hs_max": 6.5175347328186035,
        "Hs_95": 1.7865575134754172,
        "Tp_mean": 5.528127193450928,
        "Dp_mean": 163.9475860595703,
        "Dm_mean": 162.17776489257812,
        "Tm02_mean": 5.0764946937561035
      },
      "geometry": {
        "type": "Point",
        "coordinates": [
          -77.05537414550781,
          34.631832122802734
        ]
      }
    },
    {
      "type": "Feature",
      "properties": {
        "id": "0000531",
        "dataset_index": 531,
        "time_start": "1980-01-01",
        "time_end": "2023-12-31",
        "Hs_mean": 0.8648421168327332,
        "Hs_max": 6.769524574279785,
        "Hs_95": 1.7919304072856885,
        "Tp_mean": 5.540990829467773,
        "Dp_mean": 163.51596069335938,
        "Dm_mean": 161.6215057373047,
        "Tm02_mean": 5.085920333862305
      },
      "geometry": {
        "type": "Point",
        "coordinates": [
          -77.05054473876953,
          34.63395309448242
        ]
      }
    },
    {
      "type": "Feature",
      "properties": {
        "id": "0000532",
        "dataset_index": 532,
        "time_start": "1980-01-01",
        "time_end": "2023-12-31",
        "Hs_mean": 0.8636377453804016,
        "Hs_max": 6.8983941078186035,
        "Hs_95": 1.7985460460185991,
        "Tp_mean": 5.533907413482666,
        "Dp_mean": 163.13095092773438,
        "Dm_mean": 161.17587280273438,
        "Tm02_mean": 5.084151268005371
      },
      "geometry": {
        "type": "Point",
        "coordinates": [
          -77.04571533203125,
          34.636077880859375
        ]
      }
    },
    {
      "type": "Feature",
      "properties": {
        "id": "0000533",
        "dataset_index": 533,
        "time_start": "1980-01-01",
        "time_end": "2023-12-31",
        "Hs_mean": 0.8599452972412109,
        "Hs_max": 6.802374839782715,
        "Hs_95": 1.7974768817424769,
        "Tp_mean": 5.498387813568115,
        "Dp_mean": 163.17868041992188,
        "Dm_mean": 161.2338409423828,
        "Tm02_mean": 5.056570053100586
      },
      "geometry": {
        "type": "Point",
        "coordinates": [
          -77.0408935546875,
          34.63820266723633
        ]
      }
    },
    {
      "type": "Feature",
      "properties": {
        "id": "0000534",
        "dataset_index": 534,
        "time_start": "1980-01-01",
        "time_end": "2023-12-31",
        "Hs_mean": 0.8563178181648254,
        "Hs_max": 6.573951721191406,
        "Hs_95": 1.7876048624515524,
        "Tp_mean": 5.492976188659668,
        "Dp_mean": 164.00559997558594,
        "Dm_mean": 162.082275390625,
        "Tm02_mean": 5.054369926452637
      },
      "geometry": {
        "type": "Point",
        "coordinates": [
          -77.03606414794922,
          34.640323638916016
        ]
      }
    },
    {
      "type": "Feature",
      "properties": {
        "id": "0000535",
        "dataset_index": 535,
        "time_start": "1980-01-01",
        "time_end": "2023-12-31",
        "Hs_mean": 0.8602014780044556,
        "Hs_max": 6.453300476074219,
        "Hs_95": 1.7901743233203888,
        "Tp_mean": 5.463413238525391,
        "Dp_mean": 164.593994140625,
        "Dm_mean": 162.59078979492188,
        "Tm02_mean": 5.053002834320068
      },
      "geometry": {
        "type": "Point",
        "coordinates": [
          -77.03123474121094,
          34.6424446105957
        ]
      }
    },
    {
      "type": "Feature",
      "properties": {
        "id": "0000536",
        "dataset_index": 536,
        "time_start": "1980-01-01",
        "time_end": "2023-12-31",
        "Hs_mean": 0.8588110208511353,
        "Hs_max": 6.532577991485596,
        "Hs_95": 1.7921198666095728,
        "Tp_mean": 5.4608988761901855,
        "Dp_mean": 165.60498046875,
        "Dm_mean": 163.48226928710938,
        "Tm02_mean": 5.053058624267578
      },
      "geometry": {
        "type": "Point",
        "coordinates": [
          -77.02597045898438,
          34.64368438720703
        ]
      }
    },
    {
      "type": "Feature",
      "properties": {
        "id": "0000537",
        "dataset_index": 537,
        "time_start": "1980-01-01",
        "time_end": "2023-12-31",
        "Hs_mean": 0.8602536916732788,
        "Hs_max": 6.816237926483154,
        "Hs_95": 1.8119298398494714,
        "Tp_mean": 5.452552795410156,
        "Dp_mean": 165.99037170410156,
        "Dm_mean": 163.82696533203125,
        "Tm02_mean": 5.048405170440674
      },
      "geometry": {
        "type": "Point",
        "coordinates": [
          -77.02070617675781,
          34.644920349121094
        ]
      }
    },
    {
      "type": "Feature",
      "properties": {
        "id": "0000538",
        "dataset_index": 538,
        "time_start": "1980-01-01",
        "time_end": "2023-12-31",
        "Hs_mean": 0.8593413829803467,
        "Hs_max": 6.8156232833862305,
        "Hs_95": 1.8200046002864823,
        "Tp_mean": 5.455116271972656,
        "Dp_mean": 166.30982971191406,
        "Dm_mean": 164.3012237548828,
        "Tm02_mean": 5.041811466217041
      },
      "geometry": {
        "type": "Point",
        "coordinates": [
          -77.01544189453125,
          34.64616012573242
        ]
      }
    },
    {
      "type": "Feature",
      "properties": {
        "id": "0000539",
        "dataset_index": 539,
        "time_start": "1980-01-01",
        "time_end": "2023-12-31",
        "Hs_mean": 0.8618687391281128,
        "Hs_max": 6.667491436004639,
        "Hs_95": 1.8261171519756316,
        "Tp_mean": 5.430211544036865,
        "Dp_mean": 166.5316619873047,
        "Dm_mean": 164.41429138183594,
        "Tm02_mean": 5.016657829284668
      },
      "geometry": {
        "type": "Point",
        "coordinates": [
          -77.01016998291016,
          34.64735794067383
        ]
      }
    },
    {
      "type": "Feature",
      "properties": {
        "id": "0000540",
        "dataset_index": 540,
        "time_start": "1980-01-01",
        "time_end": "2023-12-31",
        "Hs_mean": 0.8600873947143555,
        "Hs_max": 6.483889102935791,
        "Hs_95": 1.8206859171390526,
        "Tp_mean": 5.42677116394043,
        "Dp_mean": 166.90774536132812,
        "Dm_mean": 164.794189453125,
        "Tm02_mean": 5.016201019287109
      },
      "geometry": {
        "type": "Point",
        "coordinates": [
          -77.00471496582031,
          34.64775466918945
        ]
      }
    },
    {
      "type": "Feature",
      "properties": {
        "id": "0000541",
        "dataset_index": 541,
        "time_start": "1980-01-01",
        "time_end": "2023-12-31",
        "Hs_mean": 0.8642794489860535,
        "Hs_max": 6.328751564025879,
        "Hs_95": 1.8225955903530107,
        "Tp_mean": 5.413347244262695,
        "Dp_mean": 167.58346557617188,
        "Dm_mean": 165.6373291015625,
        "Tm02_mean": 5.015366077423096
      },
      "geometry": {
        "type": "Point",
        "coordinates": [
          -76.99925994873047,
          34.648155212402344
        ]
      }
    },
    {
      "type": "Feature",
      "properties": {
        "id": "0000542",
        "dataset_index": 542,
        "time_start": "1980-01-01",
        "time_end": "2023-12-31",
        "Hs_mean": 0.8649577498435974,
        "Hs_max": 6.205154895782471,
        "Hs_95": 1.8162767529487607,
        "Tp_mean": 5.4506425857543945,
        "Dp_mean": 168.23348999023438,
        "Dm_mean": 166.27456665039062,
        "Tm02_mean": 5.043013095855713
      },
      "geometry": {
        "type": "Point",
        "coordinates": [
          -76.99380493164062,
          34.64855194091797
        ]
      }
    },
    {
      "type": "Feature",
      "properties": {
        "id": "0000543",
        "dataset_index": 543,
        "time_start": "1980-01-01",
        "time_end": "2023-12-31",
        "Hs_mean": 0.873961865901947,
        "Hs_max": 6.326186180114746,
        "Hs_95": 1.828231793642044,
        "Tp_mean": 5.456286430358887,
        "Dp_mean": 169.91053771972656,
        "Dm_mean": 167.8412322998047,
        "Tm02_mean": 5.063032627105713
      },
      "geometry": {
        "type": "Point",
        "coordinates": [
          -76.98835754394531,
          34.64873504638672
        ]
      }
    },
    {
      "type": "Feature",
      "properties": {
        "id": "0000544",
        "dataset_index": 544,
        "time_start": "1980-01-01",
        "time_end": "2023-12-31",
        "Hs_mean": 0.8794090747833252,
        "Hs_max": 6.618412494659424,
        "Hs_95": 1.8428862690925596,
        "Tp_mean": 5.44792366027832,
        "Dp_mean": 169.72048950195312,
        "Dm_mean": 167.5984649658203,
        "Tm02_mean": 5.057214260101318
      },
      "geometry": {
        "type": "Point",
        "coordinates": [
          -76.98291778564453,
          34.64817810058594
        ]
      }
    },
    {
      "type": "Feature",
      "properties": {
        "id": "0000545",
        "dataset_index": 545,
        "time_start": "1980-01-01",
        "time_end": "2023-12-31",
        "Hs_mean": 0.8768296837806702,
        "Hs_max": 6.59921932220459,
        "Hs_95": 1.8446898519992825,
        "Tp_mean": 5.424245834350586,
        "Dp_mean": 170.76889038085938,
        "Dm_mean": 168.73081970214844,
        "Tm02_mean": 5.029573440551758
      },
      "geometry": {
        "type": "Point",
        "coordinates": [
          -76.97748565673828,
          34.64762496948242
        ]
      }
    },
    {
      "type": "Feature",
      "properties": {
        "id": "0000546",
        "dataset_index": 546,
        "time_start": "1980-01-01",
        "time_end": "2023-12-31",
        "Hs_mean": 0.8815194964408875,
        "Hs_max": 6.627009391784668,
        "Hs_95": 1.851718175411223,
        "Tp_mean": 5.395815372467041,
        "Dp_mean": 171.21697998046875,
        "Dm_mean": 169.19876098632812,
        "Tm02_mean": 5.019363880157471
      },
      "geometry": {
        "type": "Point",
        "coordinates": [
          -76.97205352783203,
          34.64706802368164
        ]
      }
    },
    {
      "type": "Feature",
      "properties": {
        "id": "0000547",
        "dataset_index": 547,
        "time_start": "1980-01-01",
        "time_end": "2023-12-31",
        "Hs_mean": 0.8879914283752441,
        "Hs_max": 6.751175880432129,
        "Hs_95": 1.861993378400802,
        "Tp_mean": 5.3846306800842285,
        "Dp_mean": 170.91485595703125,
        "Dm_mean": 169.0575408935547,
        "Tm02_mean": 5.019433975219727
      },
      "geometry": {
        "type": "Point",
        "coordinates": [
          -76.96662139892578,
          34.646514892578125
        ]
      }
    },
    {
      "type": "Feature",
      "properties": {
        "id": "0000548",
        "dataset_index": 548,
        "time_start": "1980-01-01",
        "time_end": "2023-12-31",
        "Hs_mean": 0.8880264163017273,
        "Hs_max": 6.835426330566406,
        "Hs_95": 1.8661908209323872,
        "Tp_mean": 5.396182537078857,
        "Dp_mean": 170.0012969970703,
        "Dm_mean": 168.1781005859375,
        "Tm02_mean": 5.023318290710449
      },
      "geometry": {
        "type": "Point",
        "coordinates": [
          -76.96118927001953,
          34.645957946777344
        ]
      }
    },
    {
      "type": "Feature",
      "properties": {
        "id": "0000549",
        "dataset_index": 549,
        "time_start": "1980-01-01",
        "time_end": "2023-12-31",
        "Hs_mean": 0.8915508389472961,
        "Hs_max": 6.9210100173950195,
        "Hs_95": 1.8722587525844572,
        "Tp_mean": 5.367147445678711,
        "Dp_mean": 170.4741973876953,
        "Dm_mean": 168.64686584472656,
        "Tm02_mean": 5.008538246154785
      },
      "geometry": {
        "type": "Point",
        "coordinates": [
          -76.95574951171875,
          34.64540481567383
        ]
      }
    },
    {
      "type": "Feature",
      "properties": {
        "id": "0000550",
        "dataset_index": 550,
        "time_start": "1980-01-01",
        "time_end": "2023-12-31",
        "Hs_mean": 0.8932055234909058,
        "Hs_max": 6.986884593963623,
        "Hs_95": 1.8797290623188017,
        "Tp_mean": 5.331955432891846,
        "Dp_mean": 170.19606018066406,
        "Dm_mean": 168.3155517578125,
        "Tm02_mean": 4.982922554016113
      },
      "geometry": {
        "type": "Point",
        "coordinates": [
          -76.9504165649414,
          34.64554214477539
        ]
      }
    },
    {
      "type": "Feature",
      "properties": {
        "id": "0000551",
        "dataset_index": 551,
        "time_start": "1980-01-01",
        "time_end": "2023-12-31",
        "Hs_mean": 0.8871115446090698,
        "Hs_max": 6.9662251472473145,
        "Hs_95": 1.8702963232994079,
        "Tp_mean": 5.313140869140625,
        "Dp_mean": 170.21742248535156,
        "Dm_mean": 168.41046142578125,
        "Tm02_mean": 4.9595208168029785
      },
      "geometry": {
        "type": "Point",
        "coordinates": [
          -76.94529724121094,
          34.647132873535156
        ]
      }
    },
    {
      "type": "Feature",
      "properties": {
        "id": "0000552",
        "dataset_index": 552,
        "time_start": "1980-01-01",
        "time_end": "2023-12-31",
        "Hs_mean": 0.880081057548523,
        "Hs_max": 7.067059516906738,
        "Hs_95": 1.8613898217678069,
        "Tp_mean": 5.303713798522949,
        "Dp_mean": 170.12887573242188,
        "Dm_mean": 168.2667236328125,
        "Tm02_mean": 4.944500923156738
      },
      "geometry": {
        "type": "Point",
        "coordinates": [
          -76.94017028808594,
          34.648719787597656
        ]
      }
    },
    {
      "type": "Feature",
      "properties": {
        "id": "0000553",
        "dataset_index": 553,
        "time_start": "1980-01-01",
        "time_end": "2023-12-31",
        "Hs_mean": 0.8749068379402161,
        "Hs_max": 7.228868007659912,
        "Hs_95": 1.8593862891197204,
        "Tp_mean": 5.270622253417969,
        "Dp_mean": 170.1915740966797,
        "Dm_mean": 168.27920532226562,
        "Tm02_mean": 4.917378902435303
      },
      "geometry": {
        "type": "Point",
        "coordinates": [
          -76.93504333496094,
          34.650306701660156
        ]
      }
    },
    {
      "type": "Feature",
      "properties": {
        "id": "0000554",
        "dataset_index": 554,
        "time_start": "1980-01-01",
        "time_end": "2023-12-31",
        "Hs_mean": 0.8748272657394409,
        "Hs_max": 7.190936088562012,
        "Hs_95": 1.861289554834365,
        "Tp_mean": 5.231566429138184,
        "Dp_mean": 170.20982360839844,
        "Dm_mean": 168.3281707763672,
        "Tm02_mean": 4.8871564865112305
      },
      "geometry": {
        "type": "Point",
        "coordinates": [
          -76.92991638183594,
          34.651893615722656
        ]
      }
    },
    {
      "type": "Feature",
      "properties": {
        "id": "0000555",
        "dataset_index": 555,
        "time_start": "1980-01-01",
        "time_end": "2023-12-31",
        "Hs_mean": 0.8719795346260071,
        "Hs_max": 7.1193952560424805,
        "Hs_95": 1.8586708128452296,
        "Tp_mean": 5.235532283782959,
        "Dp_mean": 170.0276641845703,
        "Dm_mean": 168.17478942871094,
        "Tm02_mean": 4.884648323059082
      },
      "geometry": {
        "type": "Point",
        "coordinates": [
          -76.92478942871094,
          34.653480529785156
        ]
      }
    },
    {
      "type": "Feature",
      "properties": {
        "id": "0000556",
        "dataset_index": 556,
        "time_start": "1980-01-01",
        "time_end": "2023-12-31",
        "Hs_mean": 0.8691443800926208,
        "Hs_max": 7.057218074798584,
        "Hs_95": 1.8577056646347043,
        "Tp_mean": 5.252026081085205,
        "Dp_mean": 169.84820556640625,
        "Dm_mean": 167.9573974609375,
        "Tm02_mean": 4.886388301849365
      },
      "geometry": {
        "type": "Point",
        "coordinates": [
          -76.91967010498047,
          34.655067443847656
        ]
      }
    },
    {
      "type": "Feature",
      "properties": {
        "id": "0000557",
        "dataset_index": 557,
        "time_start": "1980-01-01",
        "time_end": "2023-12-31",
        "Hs_mean": 0.8683368563652039,
        "Hs_max": 6.971114635467529,
        "Hs_95": 1.8576325297355643,
        "Tp_mean": 5.270729064941406,
        "Dp_mean": 169.994873046875,
        "Dm_mean": 168.2430419921875,
        "Tm02_mean": 4.888404369354248
      },
      "geometry": {
        "type": "Point",
        "coordinates": [
          -76.91454315185547,
          34.656654357910156
        ]
      }
    },
    {
      "type": "Feature",
      "properties": {
        "id": "0000558",
        "dataset_index": 558,
        "time_start": "1980-01-01",
        "time_end": "2023-12-31",
        "Hs_mean": 0.8687785267829895,
        "Hs_max": 6.848065376281738,
        "Hs_95": 1.8592532932758328,
        "Tp_mean": 5.3003010749816895,
        "Dp_mean": 170.78668212890625,
        "Dm_mean": 169.36288452148438,
        "Tm02_mean": 4.902314186096191
      },
      "geometry": {
        "type": "Point",
        "coordinates": [
          -76.90941619873047,
          34.658241271972656
        ]
      }
    },
    {
      "type": "Feature",
      "properties": {
        "id": "0000559",
        "dataset_index": 559,
        "time_start": "1980-01-01",
        "time_end": "2023-12-31",
        "Hs_mean": 0.8755872249603271,
        "Hs_max": 6.704808712005615,
        "Hs_95": 1.8658118247985835,
        "Tp_mean": 5.310925483703613,
        "Dp_mean": 171.21180725097656,
        "Dm_mean": 169.72418212890625,
        "Tm02_mean": 4.923089981079102
      },
      "geometry": {
        "type": "Point",
        "coordinates": [
          -76.90428924560547,
          34.659828186035156
        ]
      }
    },
    {
      "type": "Feature",
      "properties": {
        "id": "0000560",
        "dataset_index": 560,
        "time_start": "1980-01-01",
        "time_end": "2023-12-31",
        "Hs_mean": 0.8750126957893372,
        "Hs_max": 6.629427909851074,
        "Hs_95": 1.8647574245929712,
        "Tp_mean": 5.351823806762695,
        "Dp_mean": 170.9691162109375,
        "Dm_mean": 169.20008850097656,
        "Tm02_mean": 4.954562187194824
      },
      "geometry": {
        "type": "Point",
        "coordinates": [
          -76.899169921875,
          34.661415100097656
        ]
      }
    },
    {
      "type": "Feature",
      "properties": {
        "id": "0000561",
        "dataset_index": 561,
        "time_start": "1980-01-01",
        "time_end": "2023-12-31",
        "Hs_mean": 0.8717208504676819,
        "Hs_max": 6.589572906494141,
        "Hs_95": 1.8615906000137312,
        "Tp_mean": 5.340484619140625,
        "Dp_mean": 170.86256408691406,
        "Dm_mean": 168.98403930664062,
        "Tm02_mean": 4.9436492919921875
      },
      "geometry": {
        "type": "Point",
        "coordinates": [
          -76.89404296875,
          34.663002014160156
        ]
      }
    },
    {
      "type": "Feature",
      "properties": {
        "id": "0000562",
        "dataset_index": 562,
        "time_start": "1980-01-01",
        "time_end": "2023-12-31",
        "Hs_mean": 0.8675320744514465,
        "Hs_max": 6.632192134857178,
        "Hs_95": 1.8576720774173727,
        "Tp_mean": 5.337794780731201,
        "Dp_mean": 171.2588348388672,
        "Dm_mean": 169.31954956054688,
        "Tm02_mean": 4.9463210105896
      },
      "geometry": {
        "type": "Point",
        "coordinates": [
          -76.888916015625,
          34.664588928222656
        ]
      }
    },
    {
      "type": "Feature",
      "properties": {
        "id": "0000563",
        "dataset_index": 563,
        "time_start": "1980-01-01",
        "time_end": "2023-12-31",
        "Hs_mean": 0.8671036958694458,
        "Hs_max": 6.63176965713501,
        "Hs_95": 1.8577783048152923,
        "Tp_mean": 5.316781997680664,
        "Dp_mean": 171.93653869628906,
        "Dm_mean": 170.2177734375,
        "Tm02_mean": 4.937359809875488
      },
      "geometry": {
        "type": "Point",
        "coordinates": [
          -76.88379669189453,
          34.666175842285156
        ]
      }
    },
    {
      "type": "Feature",
      "properties": {
        "id": "0000564",
        "dataset_index": 564,
        "time_start": "1980-01-01",
        "time_end": "2023-12-31",
        "Hs_mean": 0.8632638454437256,
        "Hs_max": 6.613092422485352,
        "Hs_95": 1.8538373708724971,
        "Tp_mean": 5.3093485832214355,
        "Dp_mean": 171.55850219726562,
        "Dm_mean": 169.6240692138672,
        "Tm02_mean": 4.930689811706543
      },
      "geometry": {
        "type": "Point",
        "coordinates": [
          -76.87866973876953,
          34.667762756347656
        ]
      }
    },
    {
      "type": "Feature",
      "properties": {
        "id": "0000565",
        "dataset_index": 565,
        "time_start": "1980-01-01",
        "time_end": "2023-12-31",
        "Hs_mean": 0.8587454557418823,
        "Hs_max": 6.4866108894348145,
        "Hs_95": 1.843103116750717,
        "Tp_mean": 5.303908348083496,
        "Dp_mean": 171.47064208984375,
        "Dm_mean": 169.38674926757812,
        "Tm02_mean": 4.9216766357421875
      },
      "geometry": {
        "type": "Point",
        "coordinates": [
          -76.87354278564453,
          34.669349670410156
        ]
      }
    },
    {
      "type": "Feature",
      "properties": {
        "id": "0000566",
        "dataset_index": 566,
        "time_start": "1980-01-01",
        "time_end": "2023-12-31",
        "Hs_mean": 0.8582799434661865,
        "Hs_max": 6.325927257537842,
        "Hs_95": 1.8442512154579158,
        "Tp_mean": 5.296892166137695,
        "Dp_mean": 172.62144470214844,
        "Dm_mean": 170.5338592529297,
        "Tm02_mean": 4.917880535125732
      },
      "geometry": {
        "type": "Point",
        "coordinates": [
          -76.86841583251953,
          34.670936584472656
        ]
      }
    },
    {
      "type": "Feature",
      "properties": {
        "id": "0000567",
        "dataset_index": 567,
        "time_start": "1980-01-01",
        "time_end": "2023-12-31",
        "Hs_mean": 0.8562009334564209,
        "Hs_max": 6.309360027313232,
        "Hs_95": 1.8450580835342403,
        "Tp_mean": 5.33831787109375,
        "Dp_mean": 173.36874389648438,
        "Dm_mean": 171.3973846435547,
        "Tm02_mean": 4.943423748016357
      },
      "geometry": {
        "type": "Point",
        "coordinates": [
          -76.86321258544922,
          34.67226791381836
        ]
      }
    },
    {
      "type": "Feature",
      "properties": {
        "id": "0000568",
        "dataset_index": 568,
        "time_start": "1980-01-01",
        "time_end": "2023-12-31",
        "Hs_mean": 0.8649411201477051,
        "Hs_max": 6.226401329040527,
        "Hs_95": 1.8646305084228514,
        "Tp_mean": 5.328357219696045,
        "Dp_mean": 174.1845703125,
        "Dm_mean": 172.33154296875,
        "Tm02_mean": 4.949429988861084
      },
      "geometry": {
        "type": "Point",
        "coordinates": [
          -76.85778045654297,
          34.67283630371094
        ]
      }
    },
    {
      "type": "Feature",
      "properties": {
        "id": "0000569",
        "dataset_index": 569,
        "time_start": "1980-01-01",
        "time_end": "2023-12-31",
        "Hs_mean": 0.8616982698440552,
        "Hs_max": 6.102293491363525,
        "Hs_95": 1.8597272157669065,
        "Tp_mean": 5.3407883644104,
        "Dp_mean": 174.5558624267578,
        "Dm_mean": 172.5822296142578,
        "Tm02_mean": 4.959385395050049
      },
      "geometry": {
        "type": "Point",
        "coordinates": [
          -76.85234832763672,
          34.67340850830078
        ]
      }
    },
    {
      "type": "Feature",
      "properties": {
        "id": "0000570",
        "dataset_index": 570,
        "time_start": "1980-01-01",
        "time_end": "2023-12-31",
        "Hs_mean": 0.8649787306785583,
        "Hs_max": 6.120340824127197,
        "Hs_95": 1.8659791111946091,
        "Tp_mean": 5.293988227844238,
        "Dp_mean": 174.9257049560547,
        "Dm_mean": 172.95950317382812,
        "Tm02_mean": 4.941380977630615
      },
      "geometry": {
        "type": "Point",
        "coordinates": [
          -76.84691619873047,
          34.67397689819336
        ]
      }
    },
    {
      "type": "Feature",
      "properties": {
        "id": "0000571",
        "dataset_index": 571,
        "time_start": "1980-01-01",
        "time_end": "2023-12-31",
        "Hs_mean": 0.8552719354629517,
        "Hs_max": 6.302657127380371,
        "Hs_95": 1.8481320202350606,
        "Tp_mean": 5.295979976654053,
        "Dp_mean": 174.92311096191406,
        "Dm_mean": 172.82180786132812,
        "Tm02_mean": 4.931182861328125
      },
      "geometry": {
        "type": "Point",
        "coordinates": [
          -76.84148406982422,
          34.67454528808594
        ]
      }
    },
    {
      "type": "Feature",
      "properties": {
        "id": "0000572",
        "dataset_index": 572,
        "time_start": "1980-01-01",
        "time_end": "2023-12-31",
        "Hs_mean": 0.8570752143859863,
        "Hs_max": 6.507526874542236,
        "Hs_95": 1.8581362903118133,
        "Tp_mean": 5.226229190826416,
        "Dp_mean": 175.2197265625,
        "Dm_mean": 173.0316925048828,
        "Tm02_mean": 4.884212970733643
      },
      "geometry": {
        "type": "Point",
        "coordinates": [
          -76.83604431152344,
          34.67511749267578
        ]
      }
    },
    {
      "type": "Feature",
      "properties": {
        "id": "0000573",
        "dataset_index": 573,
        "time_start": "1980-01-01",
        "time_end": "2023-12-31",
        "Hs_mean": 0.853029727935791,
        "Hs_max": 6.498944282531738,
        "Hs_95": 1.8598292350769043,
        "Tp_mean": 5.201418399810791,
        "Dp_mean": 175.82174682617188,
        "Dm_mean": 173.66761779785156,
        "Tm02_mean": 4.8653035163879395
      },
      "geometry": {
        "type": "Point",
        "coordinates": [
          -76.83061218261719,
          34.67568588256836
        ]
      }
    },
    {
      "type": "Feature",
      "properties": {
        "id": "0000574",
        "dataset_index": 574,
        "time_start": "1980-01-01",
        "time_end": "2023-12-31",
        "Hs_mean": 0.8583226203918457,
        "Hs_max": 6.383541584014893,
        "Hs_95": 1.8747115492820734,
        "Tp_mean": 5.173559665679932,
        "Dp_mean": 176.94873046875,
        "Dm_mean": 174.8131866455078,
        "Tm02_mean": 4.861401557922363
      },
      "geometry": {
        "type": "Point",
        "coordinates": [
          -76.82518005371094,
          34.67625427246094
        ]
      }
    },
    {
      "type": "Feature",
      "properties": {
        "id": "0000575",
        "dataset_index": 575,
        "time_start": "1980-01-01",
        "time_end": "2023-12-31",
        "Hs_mean": 0.8547142744064331,
        "Hs_max": 6.2021636962890625,
        "Hs_95": 1.870996737480163,
        "Tp_mean": 5.166536331176758,
        "Dp_mean": 177.5396728515625,
        "Dm_mean": 175.47337341308594,
        "Tm02_mean": 4.85528564453125
      },
      "geometry": {
        "type": "Point",
        "coordinates": [
          -76.81974792480469,
          34.67682647705078
        ]
      }
    },
    {
      "type": "Feature",
      "properties": {
        "id": "0000576",
        "dataset_index": 576,
        "time_start": "1980-01-01",
        "time_end": "2023-12-31",
        "Hs_mean": 0.853393018245697,
        "Hs_max": 6.02939510345459,
        "Hs_95": 1.8698862910270688,
        "Tp_mean": 5.124855041503906,
        "Dp_mean": 178.5182342529297,
        "Dm_mean": 176.3743438720703,
        "Tm02_mean": 4.8338623046875
      },
      "geometry": {
        "type": "Point",
        "coordinates": [
          -76.81431579589844,
          34.67739486694336
        ]
      }
    },
    {
      "type": "Feature",
      "properties": {
        "id": "0000577",
        "dataset_index": 577,
        "time_start": "1980-01-01",
        "time_end": "2023-12-31",
        "Hs_mean": 0.8496086001396179,
        "Hs_max": 5.951545715332031,
        "Hs_95": 1.856741166114807,
        "Tp_mean": 5.141182899475098,
        "Dp_mean": 178.3263397216797,
        "Dm_mean": 176.17678833007812,
        "Tm02_mean": 4.848171710968018
      },
      "geometry": {
        "type": "Point",
        "coordinates": [
          -76.80888366699219,
          34.6779670715332
        ]
      }
    },
    {
      "type": "Feature",
      "properties": {
        "id": "0000578",
        "dataset_index": 578,
        "time_start": "1980-01-01",
        "time_end": "2023-12-31",
        "Hs_mean": 0.8558609485626221,
        "Hs_max": 6.062947750091553,
        "Hs_95": 1.872527593374252,
        "Tp_mean": 5.11261510848999,
        "Dp_mean": 179.34164428710938,
        "Dm_mean": 177.35887145996094,
        "Tm02_mean": 4.838145732879639
      },
      "geometry": {
        "type": "Point",
        "coordinates": [
          -76.8034439086914,
          34.67853546142578
        ]
      }
    },
    {
      "type": "Feature",
      "properties": {
        "id": "0000579",
        "dataset_index": 579,
        "time_start": "1980-01-01",
        "time_end": "2023-12-31",
        "Hs_mean": 0.8531592488288879,
        "Hs_max": 6.068404197692871,
        "Hs_95": 1.8683760643005372,
        "Tp_mean": 5.1247663497924805,
        "Dp_mean": 179.46180725097656,
        "Dm_mean": 177.42230224609375,
        "Tm02_mean": 4.841063499450684
      },
      "geometry": {
        "type": "Point",
        "coordinates": [
          -76.79801177978516,
          34.679107666015625
        ]
      }
    },
    {
      "type": "Feature",
      "properties": {
        "id": "0000580",
        "dataset_index": 580,
        "time_start": "1980-01-01",
        "time_end": "2023-12-31",
        "Hs_mean": 0.8552035689353943,
        "Hs_max": 6.101332187652588,
        "Hs_95": 1.8764979064464569,
        "Tp_mean": 5.104471683502197,
        "Dp_mean": 179.846435546875,
        "Dm_mean": 177.849365234375,
        "Tm02_mean": 4.831617832183838
      },
      "geometry": {
        "type": "Point",
        "coordinates": [
          -76.7925796508789,
          34.6796760559082
        ]
      }
    },
    {
      "type": "Feature",
      "properties": {
        "id": "0000581",
        "dataset_index": 581,
        "time_start": "1980-01-01",
        "time_end": "2023-12-31",
        "Hs_mean": 0.8508294224739075,
        "Hs_max": 6.1808695793151855,
        "Hs_95": 1.8708698391914367,
        "Tp_mean": 5.100687026977539,
        "Dp_mean": 180.45880126953125,
        "Dm_mean": 178.2253875732422,
        "Tm02_mean": 4.829469203948975
      },
      "geometry": {
        "type": "Point",
        "coordinates": [
          -76.78714752197266,
          34.68024444580078
        ]
      }
    },
    {
      "type": "Feature",
      "properties": {
        "id": "0000582",
        "dataset_index": 582,
        "time_start": "1980-01-01",
        "time_end": "2023-12-31",
        "Hs_mean": 0.844257116317749,
        "Hs_max": 6.292755126953125,
        "Hs_95": 1.8619805514812457,
        "Tp_mean": 5.09102725982666,
        "Dp_mean": 180.8322296142578,
        "Dm_mean": 178.69540405273438,
        "Tm02_mean": 4.8211846351623535
      },
      "geometry": {
        "type": "Point",
        "coordinates": [
          -76.7817153930664,
          34.680816650390625
        ]
      }
    },
    {
      "type": "Feature",
      "properties": {
        "id": "0000583",
        "dataset_index": 583,
        "time_start": "1980-01-01",
        "time_end": "2023-12-31",
        "Hs_mean": 0.8469028472900391,
        "Hs_max": 6.29267692565918,
        "Hs_95": 1.8759092092514027,
        "Tp_mean": 5.031065464019775,
        "Dp_mean": 181.9439239501953,
        "Dm_mean": 179.53082275390625,
        "Tm02_mean": 4.790521144866943
      },
      "geometry": {
        "type": "Point",
        "coordinates": [
          -76.77628326416016,
          34.6813850402832
        ]
      }
    },
    {
      "type": "Feature",
      "properties": {
        "id": "0000584",
        "dataset_index": 584,
        "time_start": "1980-01-01",
        "time_end": "2023-12-31",
        "Hs_mean": 0.8385469317436218,
        "Hs_max": 6.254903316497803,
        "Hs_95": 1.8627812147140501,
        "Tp_mean": 5.017940521240234,
        "Dp_mean": 182.5890655517578,
        "Dm_mean": 180.2992401123047,
        "Tm02_mean": 4.781584739685059
      },
      "geometry": {
        "type": "Point",
        "coordinates": [
          -76.77083587646484,
          34.681610107421875
        ]
      }
    },
    {
      "type": "Feature",
      "properties": {
        "id": "0000585",
        "dataset_index": 585,
        "time_start": "1980-01-01",
        "time_end": "2023-12-31",
        "Hs_mean": 0.8358930945396423,
        "Hs_max": 6.203675270080566,
        "Hs_95": 1.8642215132713318,
        "Tp_mean": 5.007112503051758,
        "Dp_mean": 182.60000610351562,
        "Dm_mean": 180.5321502685547,
        "Tm02_mean": 4.773179531097412
      },
      "geometry": {
        "type": "Point",
        "coordinates": [
          -76.76537322998047,
          34.6812744140625
        ]
      }
    },
    {
      "type": "Feature",
      "properties": {
        "id": "0000586",
        "dataset_index": 586,
        "time_start": "1980-01-01",
        "time_end": "2023-12-31",
        "Hs_mean": 0.8395764827728271,
        "Hs_max": 6.1928019523620605,
        "Hs_95": 1.874999761581421,
        "Tp_mean": 4.976724147796631,
        "Dp_mean": 182.99215698242188,
        "Dm_mean": 180.94384765625,
        "Tm02_mean": 4.7906060218811035
      },
      "geometry": {
        "type": "Point",
        "coordinates": [
          -76.7599105834961,
          34.680938720703125
        ]
      }
    },
    {
      "type": "Feature",
      "properties": {
        "id": "0000587",
        "dataset_index": 587,
        "time_start": "1980-01-01",
        "time_end": "2023-12-31",
        "Hs_mean": 0.8323803544044495,
        "Hs_max": 6.162631511688232,
        "Hs_95": 1.8610200643539418,
        "Tp_mean": 4.981794834136963,
        "Dp_mean": 183.89620971679688,
        "Dm_mean": 181.8170623779297,
        "Tm02_mean": 4.786101341247559
      },
      "geometry": {
        "type": "Point",
        "coordinates": [
          -76.75444793701172,
          34.680599212646484
        ]
      }
    },
    {
      "type": "Feature",
      "properties": {
        "id": "0000588",
        "dataset_index": 588,
        "time_start": "1980-01-01",
        "time_end": "2023-12-31",
        "Hs_mean": 0.8320494890213013,
        "Hs_max": 6.1529765129089355,
        "Hs_95": 1.8717122316360464,
        "Tp_mean": 5.015869617462158,
        "Dp_mean": 185.04269409179688,
        "Dm_mean": 182.70277404785156,
        "Tm02_mean": 4.797129154205322
      },
      "geometry": {
        "type": "Point",
        "coordinates": [
          -76.74898529052734,
          34.68026351928711
        ]
      }
    },
    {
      "type": "Feature",
      "properties": {
        "id": "0000589",
        "dataset_index": 589,
        "time_start": "1980-01-01",
        "time_end": "2023-12-31",
        "Hs_mean": 0.8322920799255371,
        "Hs_max": 6.1372761726379395,
        "Hs_95": 1.881691592931747,
        "Tp_mean": 5.038581371307373,
        "Dp_mean": 185.62319946289062,
        "Dm_mean": 183.19061279296875,
        "Tm02_mean": 4.851345062255859
      },
      "geometry": {
        "type": "Point",
        "coordinates": [
          -76.74352264404297,
          34.679927825927734
        ]
      }
    },
    {
      "type": "Feature",
      "properties": {
        "id": "0000590",
        "dataset_index": 590,
        "time_start": "1980-01-01",
        "time_end": "2023-12-31",
        "Hs_mean": 0.8253031373023987,
        "Hs_max": 6.080960273742676,
        "Hs_95": 1.87179080247879,
        "Tp_mean": 5.0547685623168945,
        "Dp_mean": 186.32376098632812,
        "Dm_mean": 183.79542541503906,
        "Tm02_mean": 4.852956771850586
      },
      "geometry": {
        "type": "Point",
        "coordinates": [
          -76.7380599975586,
          34.67959213256836
        ]
      }
    },
    {
      "type": "Feature",
      "properties": {
        "id": "0000591",
        "dataset_index": 591,
        "time_start": "1980-01-01",
        "time_end": "2023-12-31",
        "Hs_mean": 0.8246473670005798,
        "Hs_max": 5.946889877319336,
        "Hs_95": 1.8726665318012237,
        "Tp_mean": 5.04286003112793,
        "Dp_mean": 187.20455932617188,
        "Dm_mean": 184.54452514648438,
        "Tm02_mean": 4.845994472503662
      },
      "geometry": {
        "type": "Point",
        "coordinates": [
          -76.73259735107422,
          34.679256439208984
        ]
      }
    },
    {
      "type": "Feature",
      "properties": {
        "id": "0000592",
        "dataset_index": 592,
        "time_start": "1980-01-01",
        "time_end": "2023-12-31",
        "Hs_mean": 0.8267937302589417,
        "Hs_max": 5.604611873626709,
        "Hs_95": 1.8699696600437163,
        "Tp_mean": 5.042374610900879,
        "Dp_mean": 188.10899353027344,
        "Dm_mean": 185.02174377441406,
        "Tm02_mean": 4.841141223907471
      },
      "geometry": {
        "type": "Point",
        "coordinates": [
          -76.72731018066406,
          34.67816925048828
        ]
      }
    },
    {
      "type": "Feature",
      "properties": {
        "id": "0000593",
        "dataset_index": 593,
        "time_start": "1980-01-01",
        "time_end": "2023-12-31",
        "Hs_mean": 0.8336973190307617,
        "Hs_max": 5.432610034942627,
        "Hs_95": 1.8679220855236054,
        "Tp_mean": 5.097273349761963,
        "Dp_mean": 188.70916748046875,
        "Dm_mean": 185.3756561279297,
        "Tm02_mean": 4.882152080535889
      },
      "geometry": {
        "type": "Point",
        "coordinates": [
          -76.72207641601562,
          34.67683029174805
        ]
      }
    },
    {
      "type": "Feature",
      "properties": {
        "id": "0000594",
        "dataset_index": 594,
        "time_start": "1980-01-01",
        "time_end": "2023-12-31",
        "Hs_mean": 0.8440178632736206,
        "Hs_max": 5.561222553253174,
        "Hs_95": 1.874562233686447,
        "Tp_mean": 5.1718316078186035,
        "Dp_mean": 188.50634765625,
        "Dm_mean": 184.77569580078125,
        "Tm02_mean": 4.93615198135376
      },
      "geometry": {
        "type": "Point",
        "coordinates": [
          -76.71685028076172,
          34.67549514770508
        ]
      }
    },
    {
      "type": "Feature",
      "properties": {
        "id": "0000595",
        "dataset_index": 595,
        "time_start": "1980-01-01",
        "time_end": "2023-12-31",
        "Hs_mean": 0.8487688899040222,
        "Hs_max": 5.718026161193848,
        "Hs_95": 1.8838585257530212,
        "Tp_mean": 5.174354076385498,
        "Dp_mean": 188.34710693359375,
        "Dm_mean": 184.1331024169922,
        "Tm02_mean": 4.9425129890441895
      },
      "geometry": {
        "type": "Point",
        "coordinates": [
          -76.71161651611328,
          34.67416000366211
        ]
      }
    },
    {
      "type": "Feature",
      "properties": {
        "id": "0000596",
        "dataset_index": 596,
        "time_start": "1980-01-01",
        "time_end": "2023-12-31",
        "Hs_mean": 0.8402116298675537,
        "Hs_max": 5.750082969665527,
        "Hs_95": 1.8717699289321899,
        "Tp_mean": 5.145090103149414,
        "Dp_mean": 189.1773681640625,
        "Dm_mean": 185.01693725585938,
        "Tm02_mean": 4.9213337898254395
      },
      "geometry": {
        "type": "Point",
        "coordinates": [
          -76.70639038085938,
          34.67282485961914
        ]
      }
    },
    {
      "type": "Feature",
      "properties": {
        "id": "0000597",
        "dataset_index": 597,
        "time_start": "1980-01-01",
        "time_end": "2023-12-31",
        "Hs_mean": 0.8404838442802429,
        "Hs_max": 5.884603500366211,
        "Hs_95": 1.875233650207519,
        "Tp_mean": 5.117088794708252,
        "Dp_mean": 190.70883178710938,
        "Dm_mean": 185.95433044433594,
        "Tm02_mean": 4.892650127410889
      },
      "geometry": {
        "type": "Point",
        "coordinates": [
          -76.70140838623047,
          34.67094039916992
        ]
      }
    },
    {
      "type": "Feature",
      "properties": {
        "id": "0000598",
        "dataset_index": 598,
        "time_start": "1980-01-01",
        "time_end": "2023-12-31",
        "Hs_mean": 0.8457743525505066,
        "Hs_max": 5.957056522369385,
        "Hs_95": 1.8805498361587518,
        "Tp_mean": 5.086153030395508,
        "Dp_mean": 191.70028686523438,
        "Dm_mean": 186.3926239013672,
        "Tm02_mean": 4.895086288452148
      },
      "geometry": {
        "type": "Point",
        "coordinates": [
          -76.69644165039062,
          34.669044494628906
        ]
      }
    },
    {
      "type": "Feature",
      "properties": {
        "id": "0000599",
        "dataset_index": 599,
        "time_start": "1980-01-01",
        "time_end": "2023-12-31",
        "Hs_mean": 0.8504365682601929,
        "Hs_max": 6.020138740539551,
        "Hs_95": 1.889092355966568,
        "Tp_mean": 5.148108959197998,
        "Dp_mean": 192.8412322998047,
        "Dm_mean": 187.02560424804688,
        "Tm02_mean": 4.943886756896973
      },
      "geometry": {
        "type": "Point",
        "coordinates": [
          -76.69147491455078,
          34.66714859008789
        ]
      }
    },
    {
      "type": "Feature",
      "properties": {
        "id": "0000600",
        "dataset_index": 600,
        "time_start": "1980-01-01",
        "time_end": "2023-12-31",
        "Hs_mean": 0.8586786985397339,
        "Hs_max": 6.036296844482422,
        "Hs_95": 1.8995082139968857,
        "Tp_mean": 5.154588222503662,
        "Dp_mean": 193.684326171875,
        "Dm_mean": 187.41412353515625,
        "Tm02_mean": 4.958383083343506
      },
      "geometry": {
        "type": "Point",
        "coordinates": [
          -76.68650817871094,
          34.665252685546875
        ]
      }
    },
    {
      "type": "Feature",
      "properties": {
        "id": "0000601",
        "dataset_index": 601,
        "time_start": "1980-01-01",
        "time_end": "2023-12-31",
        "Hs_mean": 0.867402195930481,
        "Hs_max": 6.04373025894165,
        "Hs_95": 1.9136240422725674,
        "Tp_mean": 5.155597686767578,
        "Dp_mean": 191.47525024414062,
        "Dm_mean": 185.70114135742188,
        "Tm02_mean": 4.97809362411499
      },
      "geometry": {
        "type": "Point",
        "coordinates": [
          -76.6815414428711,
          34.66335678100586
        ]
      }
    },
    {
      "type": "Feature",
      "properties": {
        "id": "0000602",
        "dataset_index": 602,
        "time_start": "1980-01-01",
        "time_end": "2023-12-31",
        "Hs_mean": 0.8634433150291443,
        "Hs_max": 5.776309490203857,
        "Hs_95": 1.8978495836257934,
        "Tp_mean": 5.164846420288086,
        "Dp_mean": 190.24459838867188,
        "Dm_mean": 184.3011474609375,
        "Tm02_mean": 4.98149299621582
      },
      "geometry": {
        "type": "Point",
        "coordinates": [
          -76.67627716064453,
          34.66212844848633
        ]
      }
    },
    {
      "type": "Feature",
      "properties": {
        "id": "0000603",
        "dataset_index": 603,
        "time_start": "1980-01-01",
        "time_end": "2023-12-31",
        "Hs_mean": 0.8587290644645691,
        "Hs_max": 5.590214252471924,
        "Hs_95": 1.873594969511032,
        "Tp_mean": 5.150156497955322,
        "Dp_mean": 191.0808868408203,
        "Dm_mean": 185.6756591796875,
        "Tm02_mean": 4.976877212524414
      },
      "geometry": {
        "type": "Point",
        "coordinates": [
          -76.67098999023438,
          34.66094207763672
        ]
      }
    },
    {
      "type": "Feature",
      "properties": {
        "id": "0000604",
        "dataset_index": 604,
        "time_start": "1980-01-01",
        "time_end": "2023-12-31",
        "Hs_mean": 0.8623042106628418,
        "Hs_max": 6.197782516479492,
        "Hs_95": 1.8828778266906738,
        "Tp_mean": 5.1941914558410645,
        "Dp_mean": 191.4759979248047,
        "Dm_mean": 187.0573272705078,
        "Tm02_mean": 5.013360023498535
      },
      "geometry": {
        "type": "Point",
        "coordinates": [
          -76.66571044921875,
          34.65975570678711
        ]
      }
    },
    {
      "type": "Feature",
      "properties": {
        "id": "0000605",
        "dataset_index": 605,
        "time_start": "1980-01-01",
        "time_end": "2023-12-31",
        "Hs_mean": 0.8551241159439087,
        "Hs_max": 6.303300380706787,
        "Hs_95": 1.88422389626503,
        "Tp_mean": 5.199970245361328,
        "Dp_mean": 191.79319763183594,
        "Dm_mean": 188.0978240966797,
        "Tm02_mean": 4.995561599731445
      },
      "geometry": {
        "type": "Point",
        "coordinates": [
          -76.66043090820312,
          34.658565521240234
        ]
      }
    },
    {
      "type": "Feature",
      "properties": {
        "id": "0000606",
        "dataset_index": 606,
        "time_start": "1980-01-01",
        "time_end": "2023-12-31",
        "Hs_mean": 0.8464890122413635,
        "Hs_max": 5.924374580383301,
        "Hs_95": 1.868093341588974,
        "Tp_mean": 5.211174488067627,
        "Dp_mean": 192.6872100830078,
        "Dm_mean": 189.98646545410156,
        "Tm02_mean": 4.988715171813965
      },
      "geometry": {
        "type": "Point",
        "coordinates": [
          -76.65514373779297,
          34.657379150390625
        ]
      }
    },
    {
      "type": "Feature",
      "properties": {
        "id": "0000607",
        "dataset_index": 607,
        "time_start": "1980-01-01",
        "time_end": "2023-12-31",
        "Hs_mean": 0.8402546048164368,
        "Hs_max": 5.603575229644775,
        "Hs_95": 1.8509469091892239,
        "Tp_mean": 5.239721775054932,
        "Dp_mean": 193.30934143066406,
        "Dm_mean": 191.2935028076172,
        "Tm02_mean": 4.996300220489502
      },
      "geometry": {
        "type": "Point",
        "coordinates": [
          -76.64986419677734,
          34.656192779541016
        ]
      }
    },
    {
      "type": "Feature",
      "properties": {
        "id": "0000608",
        "dataset_index": 608,
        "time_start": "1980-01-01",
        "time_end": "2023-12-31",
        "Hs_mean": 0.8358544707298279,
        "Hs_max": 5.458221912384033,
        "Hs_95": 1.837100118398666,
        "Tp_mean": 5.262125015258789,
        "Dp_mean": 193.64231872558594,
        "Dm_mean": 191.52244567871094,
        "Tm02_mean": 5.001606464385986
      },
      "geometry": {
        "type": "Point",
        "coordinates": [
          -76.64458465576172,
          34.655006408691406
        ]
      }
    },
    {
      "type": "Feature",
      "properties": {
        "id": "0000609",
        "dataset_index": 609,
        "time_start": "1980-01-01",
        "time_end": "2023-12-31",
        "Hs_mean": 0.8348352909088135,
        "Hs_max": 5.4149909019470215,
        "Hs_95": 1.8304107487201688,
        "Tp_mean": 5.330874919891357,
        "Dp_mean": 194.40249633789062,
        "Dm_mean": 191.80419921875,
        "Tm02_mean": 5.049668312072754
      },
      "geometry": {
        "type": "Point",
        "coordinates": [
          -76.63929748535156,
          34.65381622314453
        ]
      }
    },
    {
      "type": "Feature",
      "properties": {
        "id": "0000610",
        "dataset_index": 610,
        "time_start": "1980-01-01",
        "time_end": "2023-12-31",
        "Hs_mean": 0.8364583849906921,
        "Hs_max": 5.507089614868164,
        "Hs_95": 1.8277546167373653,
        "Tp_mean": 5.416547775268555,
        "Dp_mean": 194.5610809326172,
        "Dm_mean": 191.61740112304688,
        "Tm02_mean": 5.114412784576416
      },
      "geometry": {
        "type": "Point",
        "coordinates": [
          -76.63401794433594,
          34.65262985229492
        ]
      }
    },
    {
      "type": "Feature",
      "properties": {
        "id": "0000611",
        "dataset_index": 611,
        "time_start": "1980-01-01",
        "time_end": "2023-12-31",
        "Hs_mean": 0.8315156102180481,
        "Hs_max": 5.547008037567139,
        "Hs_95": 1.819176959991455,
        "Tp_mean": 5.43743896484375,
        "Dp_mean": 193.87570190429688,
        "Dm_mean": 190.8308868408203,
        "Tm02_mean": 5.126148223876953
      },
      "geometry": {
        "type": "Point",
        "coordinates": [
          -76.62873840332031,
          34.65144348144531
        ]
      }
    },
    {
      "type": "Feature",
      "properties": {
        "id": "0000612",
        "dataset_index": 612,
        "time_start": "1980-01-01",
        "time_end": "2023-12-31",
        "Hs_mean": 0.8267106413841248,
        "Hs_max": 5.412156581878662,
        "Hs_95": 1.8088708758354186,
        "Tp_mean": 5.371551513671875,
        "Dp_mean": 195.08209228515625,
        "Dm_mean": 191.345947265625,
        "Tm02_mean": 5.075226783752441
      },
      "geometry": {
        "type": "Point",
        "coordinates": [
          -76.62345123291016,
          34.65025329589844
        ]
      }
    },
    {
      "type": "Feature",
      "properties": {
        "id": "0000613",
        "dataset_index": 613,
        "time_start": "1980-01-01",
        "time_end": "2023-12-31",
        "Hs_mean": 0.8250586986541748,
        "Hs_max": 5.3666181564331055,
        "Hs_95": 1.802819275856018,
        "Tp_mean": 5.370116710662842,
        "Dp_mean": 195.10400390625,
        "Dm_mean": 190.905517578125,
        "Tm02_mean": 5.08182430267334
      },
      "geometry": {
        "type": "Point",
        "coordinates": [
          -76.61817169189453,
          34.64906692504883
        ]
      }
    },
    {
      "type": "Feature",
      "properties": {
        "id": "0000614",
        "dataset_index": 614,
        "time_start": "1980-01-01",
        "time_end": "2023-12-31",
        "Hs_mean": 0.8253388404846191,
        "Hs_max": 5.355657577514648,
        "Hs_95": 1.8026484072208404,
        "Tp_mean": 5.377527236938477,
        "Dp_mean": 194.78768920898438,
        "Dm_mean": 190.65858459472656,
        "Tm02_mean": 5.0903239250183105
      },
      "geometry": {
        "type": "Point",
        "coordinates": [
          -76.6128921508789,
          34.64788055419922
        ]
      }
    },
    {
      "type": "Feature",
      "properties": {
        "id": "0000615",
        "dataset_index": 615,
        "time_start": "1980-01-01",
        "time_end": "2023-12-31",
        "Hs_mean": 0.8233312964439392,
        "Hs_max": 5.261470794677734,
        "Hs_95": 1.7973247468471525,
        "Tp_mean": 5.3786187171936035,
        "Dp_mean": 195.50836181640625,
        "Dm_mean": 191.73538208007812,
        "Tm02_mean": 5.091177940368652
      },
      "geometry": {
        "type": "Point",
        "coordinates": [
          -76.60760498046875,
          34.64669418334961
        ]
      }
    },
    {
      "type": "Feature",
      "properties": {
        "id": "0000616",
        "dataset_index": 616,
        "time_start": "1980-01-01",
        "time_end": "2023-12-31",
        "Hs_mean": 0.8176172971725464,
        "Hs_max": 5.146970272064209,
        "Hs_95": 1.7843110263347626,
        "Tp_mean": 5.378042221069336,
        "Dp_mean": 195.8507080078125,
        "Dm_mean": 192.1548614501953,
        "Tm02_mean": 5.090559959411621
      },
      "geometry": {
        "type": "Point",
        "coordinates": [
          -76.60232543945312,
          34.645503997802734
        ]
      }
    },
    {
      "type": "Feature",
      "properties": {
        "id": "0000617",
        "dataset_index": 617,
        "time_start": "1980-01-01",
        "time_end": "2023-12-31",
        "Hs_mean": 0.8076640367507935,
        "Hs_max": 5.118138790130615,
        "Hs_95": 1.7612531721591949,
        "Tp_mean": 5.380249977111816,
        "Dp_mean": 196.51980590820312,
        "Dm_mean": 192.69891357421875,
        "Tm02_mean": 5.090132713317871
      },
      "geometry": {
        "type": "Point",
        "coordinates": [
          -76.59703826904297,
          34.644317626953125
        ]
      }
    },
    {
      "type": "Feature",
      "properties": {
        "id": "0000618",
        "dataset_index": 618,
        "time_start": "1980-01-01",
        "time_end": "2023-12-31",
        "Hs_mean": 0.802679717540741,
        "Hs_max": 5.134005546569824,
        "Hs_95": 1.7488355576992034,
        "Tp_mean": 5.394566059112549,
        "Dp_mean": 197.6893310546875,
        "Dm_mean": 193.98146057128906,
        "Tm02_mean": 5.11747932434082
      },
      "geometry": {
        "type": "Point",
        "coordinates": [
          -76.59197235107422,
          34.64268112182617
        ]
      }
    },
    {
      "type": "Feature",
      "properties": {
        "id": "0000619",
        "dataset_index": 619,
        "time_start": "1980-01-01",
        "time_end": "2023-12-31",
        "Hs_mean": 0.7988504767417908,
        "Hs_max": 5.194352626800537,
        "Hs_95": 1.7430723190307618,
        "Tp_mean": 5.413627624511719,
        "Dp_mean": 198.14100646972656,
        "Dm_mean": 194.68402099609375,
        "Tm02_mean": 5.118292331695557
      },
      "geometry": {
        "type": "Point",
        "coordinates": [
          -76.58709716796875,
          34.640628814697266
        ]
      }
    },
    {
      "type": "Feature",
      "properties": {
        "id": "0000620",
        "dataset_index": 620,
        "time_start": "1980-01-01",
        "time_end": "2023-12-31",
        "Hs_mean": 0.7934839725494385,
        "Hs_max": 5.253134727478027,
        "Hs_95": 1.7366574525833127,
        "Tp_mean": 5.436394691467285,
        "Dp_mean": 200.56883239746094,
        "Dm_mean": 196.8623504638672,
        "Tm02_mean": 5.1401214599609375
      },
      "geometry": {
        "type": "Point",
        "coordinates": [
          -76.58303833007812,
          34.63779830932617
        ]
      }
    },
    {
      "type": "Feature",
      "properties": {
        "id": "0000621",
        "dataset_index": 621,
        "time_start": "1980-01-01",
        "time_end": "2023-12-31",
        "Hs_mean": 0.7954000234603882,
        "Hs_max": 5.298360824584961,
        "Hs_95": 1.7394445419311522,
        "Tp_mean": 5.449002265930176,
        "Dp_mean": 200.83580017089844,
        "Dm_mean": 197.10235595703125,
        "Tm02_mean": 5.1435160636901855
      },
      "geometry": {
        "type": "Point",
        "coordinates": [
          -76.58045959472656,
          34.63390350341797
        ]
      }
    },
    {
      "type": "Feature",
      "properties": {
        "id": "0000622",
        "dataset_index": 622,
        "time_start": "1980-01-01",
        "time_end": "2023-12-31",
        "Hs_mean": 0.7984124422073364,
        "Hs_max": 5.317114353179932,
        "Hs_95": 1.744130080938339,
        "Tp_mean": 5.461447238922119,
        "Dp_mean": 201.42327880859375,
        "Dm_mean": 197.50308227539062,
        "Tm02_mean": 5.149771690368652
      },
      "geometry": {
        "type": "Point",
        "coordinates": [
          -76.57906341552734,
          34.629547119140625
        ]
      }
    },
    {
      "type": "Feature",
      "properties": {
        "id": "0000623",
        "dataset_index": 623,
        "time_start": "1980-01-01",
        "time_end": "2023-12-31",
        "Hs_mean": 0.8072115182876587,
        "Hs_max": 5.381681442260742,
        "Hs_95": 1.7572383940219873,
        "Tp_mean": 5.45009708404541,
        "Dp_mean": 201.96107482910156,
        "Dm_mean": 197.8623504638672,
        "Tm02_mean": 5.196712017059326
      },
      "geometry": {
        "type": "Point",
        "coordinates": [
          -76.57767486572266,
          34.62519073486328
        ]
      }
    },
    {
      "type": "Feature",
      "properties": {
        "id": "0000624",
        "dataset_index": 624,
        "time_start": "1980-01-01",
        "time_end": "2023-12-31",
        "Hs_mean": 0.8114494681358337,
        "Hs_max": 5.4128570556640625,
        "Hs_95": 1.7618799746036529,
        "Tp_mean": 5.4571709632873535,
        "Dp_mean": 201.02392578125,
        "Dm_mean": 196.70204162597656,
        "Tm02_mean": 5.208392143249512
      },
      "geometry": {
        "type": "Point",
        "coordinates": [
          -76.57627868652344,
          34.62083435058594
        ]
      }
    },
    {
      "type": "Feature",
      "properties": {
        "id": "0000625",
        "dataset_index": 625,
        "time_start": "1980-01-01",
        "time_end": "2023-12-31",
        "Hs_mean": 0.8173210024833679,
        "Hs_max": 5.430339336395264,
        "Hs_95": 1.7697839617729187,
        "Tp_mean": 5.470654010772705,
        "Dp_mean": 200.81631469726562,
        "Dm_mean": 196.3066864013672,
        "Tm02_mean": 5.227724552154541
      },
      "geometry": {
        "type": "Point",
        "coordinates": [
          -76.57489013671875,
          34.616477966308594
        ]
      }
    },
    {
      "type": "Feature",
      "properties": {
        "id": "0000626",
        "dataset_index": 626,
        "time_start": "1980-01-01",
        "time_end": "2023-12-31",
        "Hs_mean": 0.8228709697723389,
        "Hs_max": 5.456948280334473,
        "Hs_95": 1.776461327075958,
        "Tp_mean": 5.467130661010742,
        "Dp_mean": 200.6095733642578,
        "Dm_mean": 196.19024658203125,
        "Tm02_mean": 5.226795673370361
      },
      "geometry": {
        "type": "Point",
        "coordinates": [
          -76.57289123535156,
          34.612308502197266
        ]
      }
    },
    {
      "type": "Feature",
      "properties": {
        "id": "0000627",
        "dataset_index": 627,
        "time_start": "1980-01-01",
        "time_end": "2023-12-31",
        "Hs_mean": 0.8273789882659912,
        "Hs_max": 5.483240127563477,
        "Hs_95": 1.782728052139282,
        "Tp_mean": 5.451905727386475,
        "Dp_mean": 200.91322326660156,
        "Dm_mean": 195.91873168945312,
        "Tm02_mean": 5.217764854431152
      },
      "geometry": {
        "type": "Point",
        "coordinates": [
          -76.57042694091797,
          34.6082878112793
        ]
      }
    },
    {
      "type": "Feature",
      "properties": {
        "id": "0000628",
        "dataset_index": 628,
        "time_start": "1980-01-01",
        "time_end": "2023-12-31",
        "Hs_mean": 0.8319248557090759,
        "Hs_max": 5.501171588897705,
        "Hs_95": 1.785783928632736,
        "Tp_mean": 5.418181419372559,
        "Dp_mean": 201.15956115722656,
        "Dm_mean": 195.78244018554688,
        "Tm02_mean": 5.196153163909912
      },
      "geometry": {
        "type": "Point",
        "coordinates": [
          -76.56796264648438,
          34.60426712036133
        ]
      }
    },
    {
      "type": "Feature",
      "properties": {
        "id": "0000629",
        "dataset_index": 629,
        "time_start": "1980-01-01",
        "time_end": "2023-12-31",
        "Hs_mean": 0.8342385292053223,
        "Hs_max": 5.512611389160156,
        "Hs_95": 1.7854167819023126,
        "Tp_mean": 5.382600784301758,
        "Dp_mean": 201.57876586914062,
        "Dm_mean": 195.5684814453125,
        "Tm02_mean": 5.16175651550293
      },
      "geometry": {
        "type": "Point",
        "coordinates": [
          -76.56549835205078,
          34.60024642944336
        ]
      }
    },
    {
      "type": "Feature",
      "properties": {
        "id": "0000630",
        "dataset_index": 630,
        "time_start": "1980-01-01",
        "time_end": "2023-12-31",
        "Hs_mean": 0.8371548056602478,
        "Hs_max": 5.511477470397949,
        "Hs_95": 1.782146918773651,
        "Tp_mean": 5.320784091949463,
        "Dp_mean": 201.23338317871094,
        "Dm_mean": 194.34983825683594,
        "Tm02_mean": 5.128626346588135
      },
      "geometry": {
        "type": "Point",
        "coordinates": [
          -76.56303405761719,
          34.596221923828125
        ]
      }
    },
    {
      "type": "Feature",
      "properties": {
        "id": "0000631",
        "dataset_index": 631,
        "time_start": "1980-01-01",
        "time_end": "2023-12-31",
        "Hs_mean": 0.8389468789100647,
        "Hs_max": 5.473147392272949,
        "Hs_95": 1.7755962610244749,
        "Tp_mean": 5.307149410247803,
        "Dp_mean": 201.59310913085938,
        "Dm_mean": 193.9340362548828,
        "Tm02_mean": 5.137704849243164
      },
      "geometry": {
        "type": "Point",
        "coordinates": [
          -76.5605697631836,
          34.592201232910156
        ]
      }
    },
    {
      "type": "Feature",
      "properties": {
        "id": "0000632",
        "dataset_index": 632,
        "time_start": "1980-01-01",
        "time_end": "2023-12-31",
        "Hs_mean": 0.8521217703819275,
        "Hs_max": 5.527694225311279,
        "Hs_95": 1.779447567462921,
        "Tp_mean": 5.271325588226318,
        "Dp_mean": 201.92225646972656,
        "Dm_mean": 192.71812438964844,
        "Tm02_mean": 5.113981246948242
      },
      "geometry": {
        "type": "Point",
        "coordinates": [
          -76.55843353271484,
          34.58807373046875
        ]
      }
    },
    {
      "type": "Feature",
      "properties": {
        "id": "0000633",
        "dataset_index": 633,
        "time_start": "1980-01-01",
        "time_end": "2023-12-31",
        "Hs_mean": 0.877017080783844,
        "Hs_max": 5.594113349914551,
        "Hs_95": 1.8074216961860654,
        "Tp_mean": 5.294132232666016,
        "Dp_mean": 198.4111785888672,
        "Dm_mean": 187.9511260986328,
        "Tm02_mean": 5.15289306640625
      },
      "geometry": {
        "type": "Point",
        "coordinates": [
          -76.55693054199219,
          34.583740234375
        ]
      }
    },
    {
      "type": "Feature",
      "properties": {
        "id": "0000634",
        "dataset_index": 634,
        "time_start": "1980-01-01",
        "time_end": "2023-12-31",
        "Hs_mean": 0.8961367011070251,
        "Hs_max": 5.597356796264648,
        "Hs_95": 1.823345535993576,
        "Tp_mean": 5.327327251434326,
        "Dp_mean": 193.15805053710938,
        "Dm_mean": 182.86111450195312,
        "Tm02_mean": 5.187038421630859
      },
      "geometry": {
        "type": "Point",
        "coordinates": [
          -76.555419921875,
          34.579410552978516
        ]
      }
    },
    {
      "type": "Feature",
      "properties": {
        "id": "0000635",
        "dataset_index": 635,
        "time_start": "1980-01-01",
        "time_end": "2023-12-31",
        "Hs_mean": 0.9155508875846863,
        "Hs_max": 5.6363420486450195,
        "Hs_95": 1.8408650755882259,
        "Tp_mean": 5.355403423309326,
        "Dp_mean": 192.0528106689453,
        "Dm_mean": 182.19139099121094,
        "Tm02_mean": 5.215742588043213
      },
      "geometry": {
        "type": "Point",
        "coordinates": [
          -76.55391693115234,
          34.57508087158203
        ]
      }
    },
    {
      "type": "Feature",
      "properties": {
        "id": "0000636",
        "dataset_index": 636,
        "time_start": "1980-01-01",
        "time_end": "2023-12-31",
        "Hs_mean": 0.9322813749313354,
        "Hs_max": 5.750932693481445,
        "Hs_95": 1.8676157295703886,
        "Tp_mean": 5.4136834144592285,
        "Dp_mean": 190.80104064941406,
        "Dm_mean": 179.70367431640625,
        "Tm02_mean": 5.278481960296631
      },
      "geometry": {
        "type": "Point",
        "coordinates": [
          -76.55240631103516,
          34.57075119018555
        ]
      }
    },
    {
      "type": "Feature",
      "properties": {
        "id": "0000637",
        "dataset_index": 637,
        "time_start": "1980-01-01",
        "time_end": "2023-12-31",
        "Hs_mean": 0.9513817429542542,
        "Hs_max": 6.039282321929932,
        "Hs_95": 1.896769541501999,
        "Tp_mean": 5.456418514251709,
        "Dp_mean": 190.18043518066406,
        "Dm_mean": 178.3657684326172,
        "Tm02_mean": 5.324061870574951
      },
      "geometry": {
        "type": "Point",
        "coordinates": [
          -76.5509033203125,
          34.56642150878906
        ]
      }
    },
    {
      "type": "Feature",
      "properties": {
        "id": "0000638",
        "dataset_index": 638,
        "time_start": "1980-01-01",
        "time_end": "2023-12-31",
        "Hs_mean": 0.9629321694374084,
        "Hs_max": 6.278264999389648,
        "Hs_95": 1.9187871873378752,
        "Tp_mean": 5.498654365539551,
        "Dp_mean": 187.6166229248047,
        "Dm_mean": 176.8662567138672,
        "Tm02_mean": 5.3637895584106445
      },
      "geometry": {
        "type": "Point",
        "coordinates": [
          -76.54939270019531,
          34.56209182739258
        ]
      }
    },
    {
      "type": "Feature",
      "properties": {
        "id": "0000639",
        "dataset_index": 639,
        "time_start": "1980-01-01",
        "time_end": "2023-12-31",
        "Hs_mean": 0.9661964774131775,
        "Hs_max": 6.363909721374512,
        "Hs_95": 1.92963376045227,
        "Tp_mean": 5.496253967285156,
        "Dp_mean": 183.0380096435547,
        "Dm_mean": 173.8890380859375,
        "Tm02_mean": 5.349492073059082
      },
      "geometry": {
        "type": "Point",
        "coordinates": [
          -76.54703521728516,
          34.55807113647461
        ]
      }
    },
    {
      "type": "Feature",
      "properties": {
        "id": "0000640",
        "dataset_index": 640,
        "time_start": "1980-01-01",
        "time_end": "2023-12-31",
        "Hs_mean": 0.969465434551239,
        "Hs_max": 6.363235950469971,
        "Hs_95": 1.935337883234024,
        "Tp_mean": 5.538155555725098,
        "Dp_mean": 181.3494415283203,
        "Dm_mean": 172.2748565673828,
        "Tm02_mean": 5.381413459777832
      },
      "geometry": {
        "type": "Point",
        "coordinates": [
          -76.54414367675781,
          34.55425262451172
        ]
      }
    },
    {
      "type": "Feature",
      "properties": {
        "id": "0000641",
        "dataset_index": 641,
        "time_start": "1980-01-01",
        "time_end": "2023-12-31",
        "Hs_mean": 0.9765015840530396,
        "Hs_max": 6.306415557861328,
        "Hs_95": 1.9398911178112028,
        "Tp_mean": 5.541067600250244,
        "Dp_mean": 180.8174591064453,
        "Dm_mean": 170.95367431640625,
        "Tm02_mean": 5.384366035461426
      },
      "geometry": {
        "type": "Point",
        "coordinates": [
          -76.54124450683594,
          34.55043029785156
        ]
      }
    },
    {
      "type": "Feature",
      "properties": {
        "id": "0000642",
        "dataset_index": 642,
        "time_start": "1980-01-01",
        "time_end": "2023-12-31",
        "Hs_mean": 0.9906399250030518,
        "Hs_max": 6.191578388214111,
        "Hs_95": 1.9521832406520838,
        "Tp_mean": 5.525045871734619,
        "Dp_mean": 174.42041015625,
        "Dm_mean": 165.83360290527344,
        "Tm02_mean": 5.38231086730957
      },
      "geometry": {
        "type": "Point",
        "coordinates": [
          -76.53834533691406,
          34.546607971191406
        ]
      }
    },
    {
      "type": "Feature",
      "properties": {
        "id": "0000643",
        "dataset_index": 643,
        "time_start": "1980-01-01",
        "time_end": "2023-12-31",
        "Hs_mean": 0.9948420524597168,
        "Hs_max": 6.134154319763184,
        "Hs_95": 1.9488632798194883,
        "Tp_mean": 5.547410011291504,
        "Dp_mean": 174.131103515625,
        "Dm_mean": 165.24197387695312,
        "Tm02_mean": 5.4069013595581055
      },
      "geometry": {
        "type": "Point",
        "coordinates": [
          -76.53545379638672,
          34.542789459228516
        ]
      }
    },
    {
      "type": "Feature",
      "properties": {
        "id": "0000644",
        "dataset_index": 644,
        "time_start": "1980-01-01",
        "time_end": "2023-12-31",
        "Hs_mean": 0.9981540441513062,
        "Hs_max": 6.144748687744141,
        "Hs_95": 1.9551957547664636,
        "Tp_mean": 5.537579536437988,
        "Dp_mean": 177.9490966796875,
        "Dm_mean": 168.24717712402344,
        "Tm02_mean": 5.4003520011901855
      },
      "geometry": {
        "type": "Point",
        "coordinates": [
          -76.53255462646484,
          34.53896713256836
        ]
      }
    },
    {
      "type": "Feature",
      "properties": {
        "id": "0000645",
        "dataset_index": 645,
        "time_start": "1980-01-01",
        "time_end": "2023-12-31",
        "Hs_mean": 1.0015950202941895,
        "Hs_max": 6.050059795379639,
        "Hs_95": 1.9620787560939787,
        "Tp_mean": 5.550918102264404,
        "Dp_mean": 174.38233947753906,
        "Dm_mean": 166.4143524169922,
        "Tm02_mean": 5.415162563323975
      },
      "geometry": {
        "type": "Point",
        "coordinates": [
          -76.5296630859375,
          34.5351448059082
        ]
      }
    },
    {
      "type": "Feature",
      "properties": {
        "id": "0000646",
        "dataset_index": 646,
        "time_start": "1980-01-01",
        "time_end": "2023-12-31",
        "Hs_mean": 1.0105441808700562,
        "Hs_max": 5.8705902099609375,
        "Hs_95": 1.967821657657623,
        "Tp_mean": 5.567379951477051,
        "Dp_mean": 174.5993194580078,
        "Dm_mean": 166.50619506835938,
        "Tm02_mean": 5.4285759925842285
      },
      "geometry": {
        "type": "Point",
        "coordinates": [
          -76.52676391601562,
          34.53132247924805
        ]
      }
    },
    {
      "type": "Feature",
      "properties": {
        "id": "0000647",
        "dataset_index": 647,
        "time_start": "1980-01-01",
        "time_end": "2023-12-31",
        "Hs_mean": 1.0124924182891846,
        "Hs_max": 5.83988094329834,
        "Hs_95": 1.9656078994274138,
        "Tp_mean": 5.574645519256592,
        "Dp_mean": 176.45840454101562,
        "Dm_mean": 168.19203186035156,
        "Tm02_mean": 5.4267191886901855
      },
      "geometry": {
        "type": "Point",
        "coordinates": [
          -76.52387237548828,
          34.527503967285156
        ]
      }
    },
    {
      "type": "Feature",
      "properties": {
        "id": "0000648",
        "dataset_index": 648,
        "time_start": "1980-01-01",
        "time_end": "2023-12-31",
        "Hs_mean": 1.0082931518554688,
        "Hs_max": 5.942351341247559,
        "Hs_95": 1.9556505441665644,
        "Tp_mean": 5.589932441711426,
        "Dp_mean": 182.00291442871094,
        "Dm_mean": 172.1053924560547,
        "Tm02_mean": 5.430161476135254
      },
      "geometry": {
        "type": "Point",
        "coordinates": [
          -76.5209732055664,
          34.523681640625
        ]
      }
    },
    {
      "type": "Feature",
      "properties": {
        "id": "0000649",
        "dataset_index": 649,
        "time_start": "1980-01-01",
        "time_end": "2023-12-31",
        "Hs_mean": 1.0211169719696045,
        "Hs_max": 6.15179967880249,
        "Hs_95": 1.9860514760017394,
        "Tp_mean": 5.6772685050964355,
        "Dp_mean": 180.71124267578125,
        "Dm_mean": 170.39878845214844,
        "Tm02_mean": 5.519212245941162
      },
      "geometry": {
        "type": "Point",
        "coordinates": [
          -76.51899719238281,
          34.51950454711914
        ]
      }
    },
    {
      "type": "Feature",
      "properties": {
        "id": "0000650",
        "dataset_index": 650,
        "time_start": "1980-01-01",
        "time_end": "2023-12-31",
        "Hs_mean": 1.0519222021102905,
        "Hs_max": 6.381607532501221,
        "Hs_95": 2.04030315876007,
        "Tp_mean": 5.732163429260254,
        "Dp_mean": 178.55300903320312,
        "Dm_mean": 168.4896697998047,
        "Tm02_mean": 5.586532115936279
      },
      "geometry": {
        "type": "Point",
        "coordinates": [
          -76.51725006103516,
          34.515235900878906
        ]
      }
    },
    {
      "type": "Feature",
      "properties": {
        "id": "0000651",
        "dataset_index": 651,
        "time_start": "1980-01-01",
        "time_end": "2023-12-31",
        "Hs_mean": 1.0790112018585205,
        "Hs_max": 6.62718391418457,
        "Hs_95": 2.084555304050445,
        "Tp_mean": 5.826730251312256,
        "Dp_mean": 174.6023406982422,
        "Dm_mean": 165.70382690429688,
        "Tm02_mean": 5.673044681549072
      },
      "geometry": {
        "type": "Point",
        "coordinates": [
          -76.5155029296875,
          34.51096725463867
        ]
      }
    },
    {
      "type": "Feature",
      "properties": {
        "id": "0000652",
        "dataset_index": 652,
        "time_start": "1980-01-01",
        "time_end": "2023-12-31",
        "Hs_mean": 1.1043908596038818,
        "Hs_max": 6.920764446258545,
        "Hs_95": 2.1274879574775696,
        "Tp_mean": 5.884802341461182,
        "Dp_mean": 170.93307495117188,
        "Dm_mean": 163.32516479492188,
        "Tm02_mean": 5.709278583526611
      },
      "geometry": {
        "type": "Point",
        "coordinates": [
          -76.51375579833984,
          34.50669860839844
        ]
      }
    },
    {
      "type": "Feature",
      "properties": {
        "id": "0000653",
        "dataset_index": 653,
        "time_start": "1980-01-01",
        "time_end": "2023-12-31",
        "Hs_mean": 1.123107671737671,
        "Hs_max": 7.14239501953125,
        "Hs_95": 2.1597988247871394,
        "Tp_mean": 5.957430362701416,
        "Dp_mean": 169.81802368164062,
        "Dm_mean": 162.8849334716797,
        "Tm02_mean": 5.754217624664307
      },
      "geometry": {
        "type": "Point",
        "coordinates": [
          -76.51200866699219,
          34.5024299621582
        ]
      }
    },
    {
      "type": "Feature",
      "properties": {
        "id": "0000654",
        "dataset_index": 654,
        "time_start": "1980-01-01",
        "time_end": "2023-12-31",
        "Hs_mean": 1.1317613124847412,
        "Hs_max": 7.267149925231934,
        "Hs_95": 2.1787724137306212,
        "Tp_mean": 5.9573469161987305,
        "Dp_mean": 165.4546356201172,
        "Dm_mean": 160.812255859375,
        "Tm02_mean": 5.739072799682617
      },
      "geometry": {
        "type": "Point",
        "coordinates": [
          -76.51026153564453,
          34.49816131591797
        ]
      }
    },
    {
      "type": "Feature",
      "properties": {
        "id": "0000655",
        "dataset_index": 655,
        "time_start": "1980-01-01",
        "time_end": "2023-12-31",
        "Hs_mean": 1.143470287322998,
        "Hs_max": 7.4775567054748535,
        "Hs_95": 2.2099816679954523,
        "Tp_mean": 5.954248428344727,
        "Dp_mean": 164.67727661132812,
        "Dm_mean": 160.0532684326172,
        "Tm02_mean": 5.743074417114258
      },
      "geometry": {
        "type": "Point",
        "coordinates": [
          -76.50851440429688,
          34.493892669677734
        ]
      }
    },
    {
      "type": "Feature",
      "properties": {
        "id": "0000656",
        "dataset_index": 656,
        "time_start": "1980-01-01",
        "time_end": "2023-12-31",
        "Hs_mean": 1.1675294637680054,
        "Hs_max": 7.826494216918945,
        "Hs_95": 2.2655449271202084,
        "Tp_mean": 5.979579925537109,
        "Dp_mean": 162.58348083496094,
        "Dm_mean": 157.9943389892578,
        "Tm02_mean": 5.783203125
      },
      "geometry": {
        "type": "Point",
        "coordinates": [
          -76.50676727294922,
          34.489627838134766
        ]
      }
    },
    {
      "type": "Feature",
      "properties": {
        "id": "0000657",
        "dataset_index": 657,
        "time_start": "1980-01-01",
        "time_end": "2023-12-31",
        "Hs_mean": 1.1823843717575073,
        "Hs_max": 8.107190132141113,
        "Hs_95": 2.2971735000610343,
        "Tp_mean": 5.985664367675781,
        "Dp_mean": 160.153564453125,
        "Dm_mean": 156.1658935546875,
        "Tm02_mean": 5.778042793273926
      },
      "geometry": {
        "type": "Point",
        "coordinates": [
          -76.50502014160156,
          34.48535919189453
        ]
      }
    },
    {
      "type": "Feature",
      "properties": {
        "id": "0000658",
        "dataset_index": 658,
        "time_start": "1980-01-01",
        "time_end": "2023-12-31",
        "Hs_mean": 1.190537452697754,
        "Hs_max": 8.210391998291016,
        "Hs_95": 2.31076123714447,
        "Tp_mean": 6.018957138061523,
        "Dp_mean": 158.0872039794922,
        "Dm_mean": 154.82379150390625,
        "Tm02_mean": 5.791468143463135
      },
      "geometry": {
        "type": "Point",
        "coordinates": [
          -76.50320434570312,
          34.48112106323242
        ]
      }
    },
    {
      "type": "Feature",
      "properties": {
        "id": "0000659",
        "dataset_index": 659,
        "time_start": "1980-01-01",
        "time_end": "2023-12-31",
        "Hs_mean": 1.20020592212677,
        "Hs_max": 8.30208969116211,
        "Hs_95": 2.3318851113319394,
        "Tp_mean": 6.044966220855713,
        "Dp_mean": 156.5935821533203,
        "Dm_mean": 153.47613525390625,
        "Tm02_mean": 5.800827503204346
      },
      "geometry": {
        "type": "Point",
        "coordinates": [
          -76.49970245361328,
          34.477664947509766
        ]
      }
    },
    {
      "type": "Feature",
      "properties": {
        "id": "0000660",
        "dataset_index": 660,
        "time_start": "1980-01-01",
        "time_end": "2023-12-31",
        "Hs_mean": 1.2151262760162354,
        "Hs_max": 8.313292503356934,
        "Hs_95": 2.3630191087722774,
        "Tp_mean": 6.05302095413208,
        "Dp_mean": 154.7954559326172,
        "Dm_mean": 151.81007385253906,
        "Tm02_mean": 5.813555717468262
      },
      "geometry": {
        "type": "Point",
        "coordinates": [
          -76.4961929321289,
          34.474212646484375
        ]
      }
    },
    {
      "type": "Feature",
      "properties": {
        "id": "0000661",
        "dataset_index": 661,
        "time_start": "1980-01-01",
        "time_end": "2023-12-31",
        "Hs_mean": 1.2280893325805664,
        "Hs_max": 8.43867301940918,
        "Hs_95": 2.39125872850418,
        "Tp_mean": 6.0786895751953125,
        "Dp_mean": 154.33724975585938,
        "Dm_mean": 151.29359436035156,
        "Tm02_mean": 5.838009357452393
      },
      "geometry": {
        "type": "Point",
        "coordinates": [
          -76.49268341064453,
          34.470760345458984
        ]
      }
    },
    {
      "type": "Feature",
      "properties": {
        "id": "0000662",
        "dataset_index": 662,
        "time_start": "1980-01-01",
        "time_end": "2023-12-31",
        "Hs_mean": 1.244612693786621,
        "Hs_max": 8.639583587646484,
        "Hs_95": 2.4347536802291865,
        "Tp_mean": 6.107574462890625,
        "Dp_mean": 153.9097442626953,
        "Dm_mean": 150.5327606201172,
        "Tm02_mean": 5.876802921295166
      },
      "geometry": {
        "type": "Point",
        "coordinates": [
          -76.48917388916016,
          34.46730422973633
        ]
      }
    },
    {
      "type": "Feature",
      "properties": {
        "id": "0000663",
        "dataset_index": 663,
        "time_start": "1980-01-01",
        "time_end": "2023-12-31",
        "Hs_mean": 1.242446780204773,
        "Hs_max": 8.656097412109375,
        "Hs_95": 2.4376474499702443,
        "Tp_mean": 6.090948104858398,
        "Dp_mean": 152.65975952148438,
        "Dm_mean": 149.8256378173828,
        "Tm02_mean": 5.860447406768799
      },
      "geometry": {
        "type": "Point",
        "coordinates": [
          -76.48567199707031,
          34.46385192871094
        ]
      }
    },
    {
      "type": "Feature",
      "properties": {
        "id": "0000664",
        "dataset_index": 664,
        "time_start": "1980-01-01",
        "time_end": "2023-12-31",
        "Hs_mean": 1.2354662418365479,
        "Hs_max": 8.865270614624023,
        "Hs_95": 2.4206374168395994,
        "Tp_mean": 6.119068622589111,
        "Dp_mean": 152.17501831054688,
        "Dm_mean": 149.520751953125,
        "Tm02_mean": 5.86803674697876
      },
      "geometry": {
        "type": "Point",
        "coordinates": [
          -76.48108673095703,
          34.46142578125
        ]
      }
    },
    {
      "type": "Feature",
      "properties": {
        "id": "0000665",
        "dataset_index": 665,
        "time_start": "1980-01-01",
        "time_end": "2023-12-31",
        "Hs_mean": 1.2161318063735962,
        "Hs_max": 8.733442306518555,
        "Hs_95": 2.364304053783416,
        "Tp_mean": 6.083188056945801,
        "Dp_mean": 150.7270965576172,
        "Dm_mean": 148.21351623535156,
        "Tm02_mean": 5.839815616607666
      },
      "geometry": {
        "type": "Point",
        "coordinates": [
          -76.476318359375,
          34.459495544433594
        ]
      }
    },
    {
      "type": "Feature",
      "properties": {
        "id": "0000666",
        "dataset_index": 666,
        "time_start": "1980-01-01",
        "time_end": "2023-12-31",
        "Hs_mean": 1.2169227600097656,
        "Hs_max": 9.643824577331543,
        "Hs_95": 2.3987323880195617,
        "Tp_mean": 6.15294075012207,
        "Dp_mean": 147.91380310058594,
        "Dm_mean": 144.91290283203125,
        "Tm02_mean": 5.900431156158447
      },
      "geometry": {
        "type": "Point",
        "coordinates": [
          -76.47090911865234,
          34.460105895996094
        ]
      }
    },
    {
      "type": "Feature",
      "properties": {
        "id": "0000667",
        "dataset_index": 667,
        "time_start": "1980-01-01",
        "time_end": "2023-12-31",
        "Hs_mean": 1.212794542312622,
        "Hs_max": 9.50960922241211,
        "Hs_95": 2.400342917442322,
        "Tp_mean": 6.1632232666015625,
        "Dp_mean": 144.99563598632812,
        "Dm_mean": 142.11849975585938,
        "Tm02_mean": 5.895493507385254
      },
      "geometry": {
        "type": "Point",
        "coordinates": [
          -76.46707153320312,
          34.462677001953125
        ]
      }
    },
    {
      "type": "Feature",
      "properties": {
        "id": "0000668",
        "dataset_index": 668,
        "time_start": "1980-01-01",
        "time_end": "2023-12-31",
        "Hs_mean": 1.2048970460891724,
        "Hs_max": 8.7892427444458,
        "Hs_95": 2.3756587624549867,
        "Tp_mean": 6.199077129364014,
        "Dp_mean": 142.9187774658203,
        "Dm_mean": 140.3845672607422,
        "Tm02_mean": 5.912179946899414
      },
      "geometry": {
        "type": "Point",
        "coordinates": [
          -76.46427154541016,
          34.466548919677734
        ]
      }
    },
    {
      "type": "Feature",
      "properties": {
        "id": "0000669",
        "dataset_index": 669,
        "time_start": "1980-01-01",
        "time_end": "2023-12-31",
        "Hs_mean": 1.1953860521316528,
        "Hs_max": 8.202651023864746,
        "Hs_95": 2.350829994678497,
        "Tp_mean": 6.2262139320373535,
        "Dp_mean": 141.92152404785156,
        "Dm_mean": 139.455810546875,
        "Tm02_mean": 5.914974689483643
      },
      "geometry": {
        "type": "Point",
        "coordinates": [
          -76.46147155761719,
          34.47041702270508
        ]
      }
    },
    {
      "type": "Feature",
      "properties": {
        "id": "0000670",
        "dataset_index": 670,
        "time_start": "1980-01-01",
        "time_end": "2023-12-31",
        "Hs_mean": 1.1841932535171509,
        "Hs_max": 7.794668674468994,
        "Hs_95": 2.320543158054351,
        "Tp_mean": 6.209306240081787,
        "Dp_mean": 142.11021423339844,
        "Dm_mean": 139.52549743652344,
        "Tm02_mean": 5.884469985961914
      },
      "geometry": {
        "type": "Point",
        "coordinates": [
          -76.45867919921875,
          34.47428894042969
        ]
      }
    },
    {
      "type": "Feature",
      "properties": {
        "id": "0000671",
        "dataset_index": 671,
        "time_start": "1980-01-01",
        "time_end": "2023-12-31",
        "Hs_mean": 1.1765718460083008,
        "Hs_max": 7.664741516113281,
        "Hs_95": 2.3020303130149835,
        "Tp_mean": 6.233810901641846,
        "Dp_mean": 141.68429565429688,
        "Dm_mean": 138.8970489501953,
        "Tm02_mean": 5.896955966949463
      },
      "geometry": {
        "type": "Point",
        "coordinates": [
          -76.4565200805664,
          34.478328704833984
        ]
      }
    },
    {
      "type": "Feature",
      "properties": {
        "id": "0000672",
        "dataset_index": 672,
        "time_start": "1980-01-01",
        "time_end": "2023-12-31",
        "Hs_mean": 1.1775017976760864,
        "Hs_max": 7.604226589202881,
        "Hs_95": 2.3000968813896177,
        "Tp_mean": 6.229884624481201,
        "Dp_mean": 140.6726531982422,
        "Dm_mean": 137.65203857421875,
        "Tm02_mean": 5.904632568359375
      },
      "geometry": {
        "type": "Point",
        "coordinates": [
          -76.45600891113281,
          34.48281478881836
        ]
      }
    },
    {
      "type": "Feature",
      "properties": {
        "id": "0000673",
        "dataset_index": 673,
        "time_start": "1980-01-01",
        "time_end": "2023-12-31",
        "Hs_mean": 1.176834225654602,
        "Hs_max": 7.653707981109619,
        "Hs_95": 2.2918596029281617,
        "Tp_mean": 6.2256364822387695,
        "Dp_mean": 140.75314331054688,
        "Dm_mean": 137.6051025390625,
        "Tm02_mean": 5.89814567565918
      },
      "geometry": {
        "type": "Point",
        "coordinates": [
          -76.45549774169922,
          34.48729705810547
        ]
      }
    },
    {
      "type": "Feature",
      "properties": {
        "id": "0000674",
        "dataset_index": 674,
        "time_start": "1980-01-01",
        "time_end": "2023-12-31",
        "Hs_mean": 1.1754696369171143,
        "Hs_max": 7.816830158233643,
        "Hs_95": 2.2836621880531305,
        "Tp_mean": 6.249947547912598,
        "Dp_mean": 139.66012573242188,
        "Dm_mean": 136.480224609375,
        "Tm02_mean": 5.928691864013672
      },
      "geometry": {
        "type": "Point",
        "coordinates": [
          -76.45499420166016,
          34.491783142089844
        ]
      }
    },
    {
      "type": "Feature",
      "properties": {
        "id": "0000675",
        "dataset_index": 675,
        "time_start": "1980-01-01",
        "time_end": "2023-12-31",
        "Hs_mean": 1.1714924573898315,
        "Hs_max": 7.831812858581543,
        "Hs_95": 2.271665573120117,
        "Tp_mean": 6.191361904144287,
        "Dp_mean": 138.54087829589844,
        "Dm_mean": 135.30360412597656,
        "Tm02_mean": 5.8863983154296875
      },
      "geometry": {
        "type": "Point",
        "coordinates": [
          -76.45598602294922,
          34.496070861816406
        ]
      }
    },
    {
      "type": "Feature",
      "properties": {
        "id": "0000676",
        "dataset_index": 676,
        "time_start": "1980-01-01",
        "time_end": "2023-12-31",
        "Hs_mean": 1.1641021966934204,
        "Hs_max": 7.673328399658203,
        "Hs_95": 2.2518470048904415,
        "Tp_mean": 6.1358232498168945,
        "Dp_mean": 136.2108154296875,
        "Dm_mean": 133.523681640625,
        "Tm02_mean": 5.839061737060547
      },
      "geometry": {
        "type": "Point",
        "coordinates": [
          -76.45816040039062,
          34.500205993652344
        ]
      }
    },
    {
      "type": "Feature",
      "properties": {
        "id": "0000677",
        "dataset_index": 677,
        "time_start": "1980-01-01",
        "time_end": "2023-12-31",
        "Hs_mean": 1.1579030752182007,
        "Hs_max": 7.539764881134033,
        "Hs_95": 2.236174750328064,
        "Tp_mean": 6.1513566970825195,
        "Dp_mean": 134.9492950439453,
        "Dm_mean": 132.5635223388672,
        "Tm02_mean": 5.841240882873535
      },
      "geometry": {
        "type": "Point",
        "coordinates": [
          -76.4603271484375,
          34.50434112548828
        ]
      }
    },
    {
      "type": "Feature",
      "properties": {
        "id": "0000678",
        "dataset_index": 678,
        "time_start": "1980-01-01",
        "time_end": "2023-12-31",
        "Hs_mean": 1.1526758670806885,
        "Hs_max": 7.504624843597412,
        "Hs_95": 2.2237299323081965,
        "Tp_mean": 6.164445877075195,
        "Dp_mean": 134.04078674316406,
        "Dm_mean": 132.0179901123047,
        "Tm02_mean": 5.839306831359863
      },
      "geometry": {
        "type": "Point",
        "coordinates": [
          -76.4625015258789,
          34.50847244262695
        ]
      }
    },
    {
      "type": "Feature",
      "properties": {
        "id": "0000679",
        "dataset_index": 679,
        "time_start": "1980-01-01",
        "time_end": "2023-12-31",
        "Hs_mean": 1.1384629011154175,
        "Hs_max": 7.487186431884766,
        "Hs_95": 2.19407330751419,
        "Tp_mean": 6.1303606033325195,
        "Dp_mean": 134.92185974121094,
        "Dm_mean": 132.48574829101562,
        "Tm02_mean": 5.807376384735107
      },
      "geometry": {
        "type": "Point",
        "coordinates": [
          -76.46466827392578,
          34.51260757446289
        ]
      }
    },
    {
      "type": "Feature",
      "properties": {
        "id": "0000680",
        "dataset_index": 680,
        "time_start": "1980-01-01",
        "time_end": "2023-12-31",
        "Hs_mean": 1.1184049844741821,
        "Hs_max": 7.472212314605713,
        "Hs_95": 2.1497902631759644,
        "Tp_mean": 6.073380470275879,
        "Dp_mean": 132.68739318847656,
        "Dm_mean": 130.9902801513672,
        "Tm02_mean": 5.76958703994751
      },
      "geometry": {
        "type": "Point",
        "coordinates": [
          -76.46683502197266,
          34.51674270629883
        ]
      }
    },
    {
      "type": "Feature",
      "properties": {
        "id": "0000681",
        "dataset_index": 681,
        "time_start": "1980-01-01",
        "time_end": "2023-12-31",
        "Hs_mean": 1.1019364595413208,
        "Hs_max": 7.416827201843262,
        "Hs_95": 2.1172699213027952,
        "Tp_mean": 6.031977653503418,
        "Dp_mean": 129.90579223632812,
        "Dm_mean": 129.51223754882812,
        "Tm02_mean": 5.737087249755859
      },
      "geometry": {
        "type": "Point",
        "coordinates": [
          -76.46900939941406,
          34.520877838134766
        ]
      }
    },
    {
      "type": "Feature",
      "properties": {
        "id": "0000682",
        "dataset_index": 682,
        "time_start": "1980-01-01",
        "time_end": "2023-12-31",
        "Hs_mean": 1.0824694633483887,
        "Hs_max": 7.352209091186523,
        "Hs_95": 2.0836727738380425,
        "Tp_mean": 6.042783737182617,
        "Dp_mean": 129.1740264892578,
        "Dm_mean": 128.65798950195312,
        "Tm02_mean": 5.737442493438721
      },
      "geometry": {
        "type": "Point",
        "coordinates": [
          -76.47087097167969,
          34.52510452270508
        ]
      }
    },
    {
      "type": "Feature",
      "properties": {
        "id": "0000683",
        "dataset_index": 683,
        "time_start": "1980-01-01",
        "time_end": "2023-12-31",
        "Hs_mean": 1.0725065469741821,
        "Hs_max": 7.246950626373291,
        "Hs_95": 2.0696114301681514,
        "Tp_mean": 6.019813060760498,
        "Dp_mean": 128.4340362548828,
        "Dm_mean": 127.99463653564453,
        "Tm02_mean": 5.7101216316223145
      },
      "geometry": {
        "type": "Point",
        "coordinates": [
          -76.4724349975586,
          34.5294189453125
        ]
      }
    },
    {
      "type": "Feature",
      "properties": {
        "id": "0000684",
        "dataset_index": 684,
        "time_start": "1980-01-01",
        "time_end": "2023-12-31",
        "Hs_mean": 1.0593795776367188,
        "Hs_max": 7.08152961730957,
        "Hs_95": 2.0446160078048705,
        "Tp_mean": 5.992220401763916,
        "Dp_mean": 128.86581420898438,
        "Dm_mean": 128.15597534179688,
        "Tm02_mean": 5.701859951019287
      },
      "geometry": {
        "type": "Point",
        "coordinates": [
          -76.47400665283203,
          34.53373336791992
        ]
      }
    },
    {
      "type": "Feature",
      "properties": {
        "id": "0000685",
        "dataset_index": 685,
        "time_start": "1980-01-01",
        "time_end": "2023-12-31",
        "Hs_mean": 1.047108769416809,
        "Hs_max": 6.929722785949707,
        "Hs_95": 2.018314838409423,
        "Tp_mean": 6.009253025054932,
        "Dp_mean": 128.00550842285156,
        "Dm_mean": 127.85427856445312,
        "Tm02_mean": 5.722532272338867
      },
      "geometry": {
        "type": "Point",
        "coordinates": [
          -76.47557067871094,
          34.53805160522461
        ]
      }
    },
    {
      "type": "Feature",
      "properties": {
        "id": "0000686",
        "dataset_index": 686,
        "time_start": "1980-01-01",
        "time_end": "2023-12-31",
        "Hs_mean": 1.0424784421920776,
        "Hs_max": 6.794675827026367,
        "Hs_95": 2.0013954401016227,
        "Tp_mean": 6.0186028480529785,
        "Dp_mean": 127.11906433105469,
        "Dm_mean": 127.20132446289062,
        "Tm02_mean": 5.738739490509033
      },
      "geometry": {
        "type": "Point",
        "coordinates": [
          -76.47714233398438,
          34.54236602783203
        ]
      }
    },
    {
      "type": "Feature",
      "properties": {
        "id": "0000687",
        "dataset_index": 687,
        "time_start": "1980-01-01",
        "time_end": "2023-12-31",
        "Hs_mean": 1.0378049612045288,
        "Hs_max": 6.676889896392822,
        "Hs_95": 1.994040268659591,
        "Tp_mean": 6.024015426635742,
        "Dp_mean": 125.9393081665039,
        "Dm_mean": 126.12923431396484,
        "Tm02_mean": 5.737797737121582
      },
      "geometry": {
        "type": "Point",
        "coordinates": [
          -76.47870635986328,
          34.54668045043945
        ]
      }
    },
    {
      "type": "Feature",
      "properties": {
        "id": "0000688",
        "dataset_index": 688,
        "time_start": "1980-01-01",
        "time_end": "2023-12-31",
        "Hs_mean": 1.0288658142089844,
        "Hs_max": 6.478421211242676,
        "Hs_95": 1.9722269535064683,
        "Tp_mean": 5.9904327392578125,
        "Dp_mean": 127.26961517333984,
        "Dm_mean": 126.94810485839844,
        "Tm02_mean": 5.709038257598877
      },
      "geometry": {
        "type": "Point",
        "coordinates": [
          -76.48027038574219,
          34.55099868774414
        ]
      }
    },
    {
      "type": "Feature",
      "properties": {
        "id": "0000689",
        "dataset_index": 689,
        "time_start": "1980-01-01",
        "time_end": "2023-12-31",
        "Hs_mean": 1.0219011306762695,
        "Hs_max": 6.378123760223389,
        "Hs_95": 1.9577110350131988,
        "Tp_mean": 5.982084274291992,
        "Dp_mean": 128.70419311523438,
        "Dm_mean": 127.64269256591797,
        "Tm02_mean": 5.709166049957275
      },
      "geometry": {
        "type": "Point",
        "coordinates": [
          -76.48184204101562,
          34.55531311035156
        ]
      }
    },
    {
      "type": "Feature",
      "properties": {
        "id": "0000690",
        "dataset_index": 690,
        "time_start": "1980-01-01",
        "time_end": "2023-12-31",
        "Hs_mean": 1.0149823427200317,
        "Hs_max": 6.351869583129883,
        "Hs_95": 1.948550075292587,
        "Tp_mean": 6.000473976135254,
        "Dp_mean": 128.70794677734375,
        "Dm_mean": 127.89986419677734,
        "Tm02_mean": 5.71502161026001
      },
      "geometry": {
        "type": "Point",
        "coordinates": [
          -76.48340606689453,
          34.559627532958984
        ]
      }
    },
    {
      "type": "Feature",
      "properties": {
        "id": "0000691",
        "dataset_index": 691,
        "time_start": "1980-01-01",
        "time_end": "2023-12-31",
        "Hs_mean": 1.0133328437805176,
        "Hs_max": 6.360609531402588,
        "Hs_95": 1.9505231618881225,
        "Tp_mean": 5.993387222290039,
        "Dp_mean": 128.2303009033203,
        "Dm_mean": 127.8965835571289,
        "Tm02_mean": 5.701834678649902
      },
      "geometry": {
        "type": "Point",
        "coordinates": [
          -76.4841079711914,
          34.564083099365234
        ]
      }
    },
    {
      "type": "Feature",
      "properties": {
        "id": "0000692",
        "dataset_index": 692,
        "time_start": "1980-01-01",
        "time_end": "2023-12-31",
        "Hs_mean": 1.0088105201721191,
        "Hs_max": 6.372915744781494,
        "Hs_95": 1.9465611219406127,
        "Tp_mean": 5.986746788024902,
        "Dp_mean": 128.50155639648438,
        "Dm_mean": 127.70856475830078,
        "Tm02_mean": 5.689139366149902
      },
      "geometry": {
        "type": "Point",
        "coordinates": [
          -76.484619140625,
          34.56856918334961
        ]
      }
    },
    {
      "type": "Feature",
      "properties": {
        "id": "0000693",
        "dataset_index": 693,
        "time_start": "1980-01-01",
        "time_end": "2023-12-31",
        "Hs_mean": 1.0050287246704102,
        "Hs_max": 6.406558036804199,
        "Hs_95": 1.9476397395133964,
        "Tp_mean": 5.939979076385498,
        "Dp_mean": 129.19854736328125,
        "Dm_mean": 128.09320068359375,
        "Tm02_mean": 5.628998756408691
      },
      "geometry": {
        "type": "Point",
        "coordinates": [
          -76.4851303100586,
          34.57305145263672
        ]
      }
    },
    {
      "type": "Feature",
      "properties": {
        "id": "0000694",
        "dataset_index": 694,
        "time_start": "1980-01-01",
        "time_end": "2023-12-31",
        "Hs_mean": 0.9976067543029785,
        "Hs_max": 6.439175605773926,
        "Hs_95": 1.9389676392078397,
        "Tp_mean": 5.956331253051758,
        "Dp_mean": 128.63192749023438,
        "Dm_mean": 127.83942413330078,
        "Tm02_mean": 5.634288311004639
      },
      "geometry": {
        "type": "Point",
        "coordinates": [
          -76.48563385009766,
          34.577537536621094
        ]
      }
    },
    {
      "type": "Feature",
      "properties": {
        "id": "0000695",
        "dataset_index": 695,
        "time_start": "1980-01-01",
        "time_end": "2023-12-31",
        "Hs_mean": 0.9918249845504761,
        "Hs_max": 6.406337261199951,
        "Hs_95": 1.9294099569320675,
        "Tp_mean": 5.951915264129639,
        "Dp_mean": 128.42874145507812,
        "Dm_mean": 127.49665069580078,
        "Tm02_mean": 5.627124786376953
      },
      "geometry": {
        "type": "Point",
        "coordinates": [
          -76.48614501953125,
          34.58202362060547
        ]
      }
    },
    {
      "type": "Feature",
      "properties": {
        "id": "0000696",
        "dataset_index": 696,
        "time_start": "1980-01-01",
        "time_end": "2023-12-31",
        "Hs_mean": 0.9891921281814575,
        "Hs_max": 6.360445499420166,
        "Hs_95": 1.9234120249748228,
        "Tp_mean": 5.9634881019592285,
        "Dp_mean": 125.80330657958984,
        "Dm_mean": 125.31270599365234,
        "Tm02_mean": 5.636854648590088
      },
      "geometry": {
        "type": "Point",
        "coordinates": [
          -76.48629760742188,
          34.58649444580078
        ]
      }
    },
    {
      "type": "Feature",
      "properties": {
        "id": "0000697",
        "dataset_index": 697,
        "time_start": "1980-01-01",
        "time_end": "2023-12-31",
        "Hs_mean": 0.98490309715271,
        "Hs_max": 6.3012895584106445,
        "Hs_95": 1.9124035358428955,
        "Tp_mean": 5.990224838256836,
        "Dp_mean": 125.81979370117188,
        "Dm_mean": 124.93378448486328,
        "Tm02_mean": 5.657334804534912
      },
      "geometry": {
        "type": "Point",
        "coordinates": [
          -76.48533630371094,
          34.5909309387207
        ]
      }
    },
    {
      "type": "Feature",
      "properties": {
        "id": "0000698",
        "dataset_index": 698,
        "time_start": "1980-01-01",
        "time_end": "2023-12-31",
        "Hs_mean": 0.9807457327842712,
        "Hs_max": 6.248950481414795,
        "Hs_95": 1.9049181222915643,
        "Tp_mean": 6.025817394256592,
        "Dp_mean": 125.59202575683594,
        "Dm_mean": 124.37590789794922,
        "Tm02_mean": 5.66762113571167
      },
      "geometry": {
        "type": "Point",
        "coordinates": [
          -76.484375,
          34.59536361694336
        ]
      }
    },
    {
      "type": "Feature",
      "properties": {
        "id": "0000699",
        "dataset_index": 699,
        "time_start": "1980-01-01",
        "time_end": "2023-12-31",
        "Hs_mean": 0.9755379557609558,
        "Hs_max": 6.133332252502441,
        "Hs_95": 1.8961543679237363,
        "Tp_mean": 6.023800373077393,
        "Dp_mean": 125.45867156982422,
        "Dm_mean": 124.11215209960938,
        "Tm02_mean": 5.648012638092041
      },
      "geometry": {
        "type": "Point",
        "coordinates": [
          -76.48341369628906,
          34.59980010986328
        ]
      }
    },
    {
      "type": "Feature",
      "properties": {
        "id": "0000700",
        "dataset_index": 700,
        "time_start": "1980-01-01",
        "time_end": "2023-12-31",
        "Hs_mean": 0.9729849696159363,
        "Hs_max": 6.079043388366699,
        "Hs_95": 1.8976262152194976,
        "Tp_mean": 6.056180477142334,
        "Dp_mean": 125.95931243896484,
        "Dm_mean": 124.75233459472656,
        "Tm02_mean": 5.6554670333862305
      },
      "geometry": {
        "type": "Point",
        "coordinates": [
          -76.48246002197266,
          34.60423278808594
        ]
      }
    },
    {
      "type": "Feature",
      "properties": {
        "id": "0000701",
        "dataset_index": 701,
        "time_start": "1980-01-01",
        "time_end": "2023-12-31",
        "Hs_mean": 0.9686315655708313,
        "Hs_max": 6.255282402038574,
        "Hs_95": 1.892447578907013,
        "Tp_mean": 6.099251747131348,
        "Dp_mean": 125.82803344726562,
        "Dm_mean": 124.72218322753906,
        "Tm02_mean": 5.670460224151611
      },
      "geometry": {
        "type": "Point",
        "coordinates": [
          -76.48149871826172,
          34.60866928100586
        ]
      }
    },
    {
      "type": "Feature",
      "properties": {
        "id": "0000702",
        "dataset_index": 702,
        "time_start": "1980-01-01",
        "time_end": "2023-12-31",
        "Hs_mean": 0.9712412357330322,
        "Hs_max": 6.223756790161133,
        "Hs_95": 1.897348594665527,
        "Tp_mean": 6.0996856689453125,
        "Dp_mean": 126.23370361328125,
        "Dm_mean": 124.81072998046875,
        "Tm02_mean": 5.6631245613098145
      },
      "geometry": {
        "type": "Point",
        "coordinates": [
          -76.48053741455078,
          34.61310577392578
        ]
      }
    },
    {
      "type": "Feature",
      "properties": {
        "id": "0000703",
        "dataset_index": 703,
        "time_start": "1980-01-01",
        "time_end": "2023-12-31",
        "Hs_mean": 0.9694907665252686,
        "Hs_max": 6.254593849182129,
        "Hs_95": 1.8970264613628387,
        "Tp_mean": 6.125110149383545,
        "Dp_mean": 124.23583221435547,
        "Dm_mean": 122.86845397949219,
        "Tm02_mean": 5.689256191253662
      },
      "geometry": {
        "type": "Point",
        "coordinates": [
          -76.47957611083984,
          34.61753845214844
        ]
      }
    },
    {
      "type": "Feature",
      "properties": {
        "id": "0000704",
        "dataset_index": 704,
        "time_start": "1980-01-01",
        "time_end": "2023-12-31",
        "Hs_mean": 0.9629907011985779,
        "Hs_max": 6.241198539733887,
        "Hs_95": 1.884047955274582,
        "Tp_mean": 6.140500545501709,
        "Dp_mean": 124.15155029296875,
        "Dm_mean": 122.86076354980469,
        "Tm02_mean": 5.695221424102783
      },
      "geometry": {
        "type": "Point",
        "coordinates": [
          -76.4786148071289,
          34.621971130371094
        ]
      }
    },
    {
      "type": "Feature",
      "properties": {
        "id": "0000705",
        "dataset_index": 705,
        "time_start": "1980-01-01",
        "time_end": "2023-12-31",
        "Hs_mean": 0.9600836038589478,
        "Hs_max": 6.2024006843566895,
        "Hs_95": 1.8783347368240353,
        "Tp_mean": 6.128732204437256,
        "Dp_mean": 125.00961303710938,
        "Dm_mean": 123.6233139038086,
        "Tm02_mean": 5.7051897048950195
      },
      "geometry": {
        "type": "Point",
        "coordinates": [
          -76.47765350341797,
          34.626407623291016
        ]
      }
    },
    {
      "type": "Feature",
      "properties": {
        "id": "0000706",
        "dataset_index": 706,
        "time_start": "1980-01-01",
        "time_end": "2023-12-31",
        "Hs_mean": 0.9591653943061829,
        "Hs_max": 6.246121406555176,
        "Hs_95": 1.8828020930290221,
        "Tp_mean": 6.161315441131592,
        "Dp_mean": 125.90180206298828,
        "Dm_mean": 124.2834243774414,
        "Tm02_mean": 5.7191481590271
      },
      "geometry": {
        "type": "Point",
        "coordinates": [
          -76.47669219970703,
          34.63084030151367
        ]
      }
    },
    {
      "type": "Feature",
      "properties": {
        "id": "0000707",
        "dataset_index": 707,
        "time_start": "1980-01-01",
        "time_end": "2023-12-31",
        "Hs_mean": 0.9572909474372864,
        "Hs_max": 6.106084823608398,
        "Hs_95": 1.8828117907047266,
        "Tp_mean": 6.214954376220703,
        "Dp_mean": 125.73589324951172,
        "Dm_mean": 123.92536163330078,
        "Tm02_mean": 5.7581353187561035
      },
      "geometry": {
        "type": "Point",
        "coordinates": [
          -76.47573852539062,
          34.635276794433594
        ]
      }
    },
    {
      "type": "Feature",
      "properties": {
        "id": "0000708",
        "dataset_index": 708,
        "time_start": "1980-01-01",
        "time_end": "2023-12-31",
        "Hs_mean": 0.964538037776947,
        "Hs_max": 6.183652400970459,
        "Hs_95": 1.8913351535797118,
        "Tp_mean": 6.190584659576416,
        "Dp_mean": 126.61119842529297,
        "Dm_mean": 124.63253021240234,
        "Tm02_mean": 5.719408988952637
      },
      "geometry": {
        "type": "Point",
        "coordinates": [
          -76.47396087646484,
          34.6395378112793
        ]
      }
    },
    {
      "type": "Feature",
      "properties": {
        "id": "0000709",
        "dataset_index": 709,
        "time_start": "1980-01-01",
        "time_end": "2023-12-31",
        "Hs_mean": 0.9693366885185242,
        "Hs_max": 6.522274017333984,
        "Hs_95": 1.8955413043498988,
        "Tp_mean": 6.228221416473389,
        "Dp_mean": 126.93309020996094,
        "Dm_mean": 124.51168060302734,
        "Tm02_mean": 5.763688087463379
      },
      "geometry": {
        "type": "Point",
        "coordinates": [
          -76.47216033935547,
          34.64379119873047
        ]
      }
    },
    {
      "type": "Feature",
      "properties": {
        "id": "0000710",
        "dataset_index": 710,
        "time_start": "1980-01-01",
        "time_end": "2023-12-31",
        "Hs_mean": 0.9714885950088501,
        "Hs_max": 6.700026035308838,
        "Hs_95": 1.9032616078853606,
        "Tp_mean": 6.303629398345947,
        "Dp_mean": 127.22942352294922,
        "Dm_mean": 124.5443115234375,
        "Tm02_mean": 5.839548110961914
      },
      "geometry": {
        "type": "Point",
        "coordinates": [
          -76.4703598022461,
          34.64804458618164
        ]
      }
    },
    {
      "type": "Feature",
      "properties": {
        "id": "0000711",
        "dataset_index": 711,
        "time_start": "1980-01-01",
        "time_end": "2023-12-31",
        "Hs_mean": 0.9769093990325928,
        "Hs_max": 6.820781707763672,
        "Hs_95": 1.910388439893722,
        "Tp_mean": 6.325165271759033,
        "Dp_mean": 126.50851440429688,
        "Dm_mean": 123.44915008544922,
        "Tm02_mean": 5.863484859466553
      },
      "geometry": {
        "type": "Point",
        "coordinates": [
          -76.46855163574219,
          34.65229797363281
        ]
      }
    },
    {
      "type": "Feature",
      "properties": {
        "id": "0000712",
        "dataset_index": 712,
        "time_start": "1980-01-01",
        "time_end": "2023-12-31",
        "Hs_mean": 0.9742191433906555,
        "Hs_max": 6.796268463134766,
        "Hs_95": 1.9018345475196838,
        "Tp_mean": 6.345198154449463,
        "Dp_mean": 126.56129455566406,
        "Dm_mean": 123.73619079589844,
        "Tm02_mean": 5.881292343139648
      },
      "geometry": {
        "type": "Point",
        "coordinates": [
          -76.46675109863281,
          34.656551361083984
        ]
      }
    },
    {
      "type": "Feature",
      "properties": {
        "id": "0000713",
        "dataset_index": 713,
        "time_start": "1980-01-01",
        "time_end": "2023-12-31",
        "Hs_mean": 0.9675858616828918,
        "Hs_max": 6.859624862670898,
        "Hs_95": 1.889100784063339,
        "Tp_mean": 6.372535705566406,
        "Dp_mean": 126.56034851074219,
        "Dm_mean": 124.14761352539062,
        "Tm02_mean": 5.902482032775879
      },
      "geometry": {
        "type": "Point",
        "coordinates": [
          -76.46495056152344,
          34.660804748535156
        ]
      }
    },
    {
      "type": "Feature",
      "properties": {
        "id": "0000714",
        "dataset_index": 714,
        "time_start": "1980-01-01",
        "time_end": "2023-12-31",
        "Hs_mean": 0.9659191370010376,
        "Hs_max": 6.906821250915527,
        "Hs_95": 1.881704145669937,
        "Tp_mean": 6.365212917327881,
        "Dp_mean": 127.10885620117188,
        "Dm_mean": 124.86404418945312,
        "Tm02_mean": 5.9004082679748535
      },
      "geometry": {
        "type": "Point",
        "coordinates": [
          -76.46308135986328,
          34.665035247802734
        ]
      }
    },
    {
      "type": "Feature",
      "properties": {
        "id": "0000715",
        "dataset_index": 715,
        "time_start": "1980-01-01",
        "time_end": "2023-12-31",
        "Hs_mean": 0.9673454165458679,
        "Hs_max": 7.004293441772461,
        "Hs_95": 1.881268459558487,
        "Tp_mean": 6.33677864074707,
        "Dp_mean": 127.27794647216797,
        "Dm_mean": 125.07365417480469,
        "Tm02_mean": 5.871424674987793
      },
      "geometry": {
        "type": "Point",
        "coordinates": [
          -76.4606704711914,
          34.6690788269043
        ]
      }
    },
    {
      "type": "Feature",
      "properties": {
        "id": "0000716",
        "dataset_index": 716,
        "time_start": "1980-01-01",
        "time_end": "2023-12-31",
        "Hs_mean": 0.9683346748352051,
        "Hs_max": 7.2763590812683105,
        "Hs_95": 1.8911865532398224,
        "Tp_mean": 6.392226219177246,
        "Dp_mean": 128.80833435058594,
        "Dm_mean": 126.77367401123047,
        "Tm02_mean": 5.917149066925049
      },
      "geometry": {
        "type": "Point",
        "coordinates": [
          -76.45825958251953,
          34.67312240600586
        ]
      }
    },
    {
      "type": "Feature",
      "properties": {
        "id": "0000717",
        "dataset_index": 717,
        "time_start": "1980-01-01",
        "time_end": "2023-12-31",
        "Hs_mean": 0.9676989912986755,
        "Hs_max": 7.28549861907959,
        "Hs_95": 1.8914586901664732,
        "Tp_mean": 6.4265642166137695,
        "Dp_mean": 128.12818908691406,
        "Dm_mean": 126.14492797851562,
        "Tm02_mean": 5.957826137542725
      },
      "geometry": {
        "type": "Point",
        "coordinates": [
          -76.45584106445312,
          34.67716598510742
        ]
      }
    },
    {
      "type": "Feature",
      "properties": {
        "id": "0000718",
        "dataset_index": 718,
        "time_start": "1980-01-01",
        "time_end": "2023-12-31",
        "Hs_mean": 0.9609072804450989,
        "Hs_max": 7.164305686950684,
        "Hs_95": 1.8805701255798337,
        "Tp_mean": 6.439199447631836,
        "Dp_mean": 127.30488586425781,
        "Dm_mean": 125.33767700195312,
        "Tm02_mean": 5.9383440017700195
      },
      "geometry": {
        "type": "Point",
        "coordinates": [
          -76.45343017578125,
          34.681209564208984
        ]
      }
    },
    {
      "type": "Feature",
      "properties": {
        "id": "0000719",
        "dataset_index": 719,
        "time_start": "1980-01-01",
        "time_end": "2023-12-31",
        "Hs_mean": 0.958626389503479,
        "Hs_max": 7.291324138641357,
        "Hs_95": 1.882351040840149,
        "Tp_mean": 6.4883575439453125,
        "Dp_mean": 127.55632019042969,
        "Dm_mean": 125.62886810302734,
        "Tm02_mean": 5.976930618286133
      },
      "geometry": {
        "type": "Point",
        "coordinates": [
          -76.45101928710938,
          34.68525314331055
        ]
      }
    },
    {
      "type": "Feature",
      "properties": {
        "id": "0000720",
        "dataset_index": 720,
        "time_start": "1980-01-01",
        "time_end": "2023-12-31",
        "Hs_mean": 0.9567362666130066,
        "Hs_max": 7.212335586547852,
        "Hs_95": 1.8787569046020496,
        "Tp_mean": 6.486682415008545,
        "Dp_mean": 127.432373046875,
        "Dm_mean": 125.47394561767578,
        "Tm02_mean": 5.978096008300781
      },
      "geometry": {
        "type": "Point",
        "coordinates": [
          -76.4478988647461,
          34.6889533996582
        ]
      }
    },
    {
      "type": "Feature",
      "properties": {
        "id": "0000721",
        "dataset_index": 721,
        "time_start": "1980-01-01",
        "time_end": "2023-12-31",
        "Hs_mean": 0.9562575221061707,
        "Hs_max": 7.16007661819458,
        "Hs_95": 1.8732575356960297,
        "Tp_mean": 6.465984344482422,
        "Dp_mean": 127.87522888183594,
        "Dm_mean": 125.9668197631836,
        "Tm02_mean": 5.957698345184326
      },
      "geometry": {
        "type": "Point",
        "coordinates": [
          -76.44474029541016,
          34.6926383972168
        ]
      }
    },
    {
      "type": "Feature",
      "properties": {
        "id": "0000722",
        "dataset_index": 722,
        "time_start": "1980-01-01",
        "time_end": "2023-12-31",
        "Hs_mean": 0.9543913006782532,
        "Hs_max": 7.195248603820801,
        "Hs_95": 1.8676137924194334,
        "Tp_mean": 6.472564220428467,
        "Dp_mean": 128.81802368164062,
        "Dm_mean": 126.82469177246094,
        "Tm02_mean": 5.967770576477051
      },
      "geometry": {
        "type": "Point",
        "coordinates": [
          -76.44158935546875,
          34.69632339477539
        ]
      }
    },
    {
      "type": "Feature",
      "properties": {
        "id": "0000723",
        "dataset_index": 723,
        "time_start": "1980-01-01",
        "time_end": "2023-12-31",
        "Hs_mean": 0.9573732614517212,
        "Hs_max": 7.211089611053467,
        "Hs_95": 1.874847412109375,
        "Tp_mean": 6.473778247833252,
        "Dp_mean": 129.7024688720703,
        "Dm_mean": 127.8255615234375,
        "Tm02_mean": 5.976728916168213
      },
      "geometry": {
        "type": "Point",
        "coordinates": [
          -76.43843841552734,
          34.700008392333984
        ]
      }
    },
    {
      "type": "Feature",
      "properties": {
        "id": "0000724",
        "dataset_index": 724,
        "time_start": "1980-01-01",
        "time_end": "2023-12-31",
        "Hs_mean": 0.9587799310684204,
        "Hs_max": 7.42551326751709,
        "Hs_95": 1.8801466345787043,
        "Tp_mean": 6.53046989440918,
        "Dp_mean": 130.4137420654297,
        "Dm_mean": 128.53724670410156,
        "Tm02_mean": 6.005067348480225
      },
      "geometry": {
        "type": "Point",
        "coordinates": [
          -76.43528747558594,
          34.70369338989258
        ]
      }
    },
    {
      "type": "Feature",
      "properties": {
        "id": "0000725",
        "dataset_index": 725,
        "time_start": "1980-01-01",
        "time_end": "2023-12-31",
        "Hs_mean": 0.9695528745651245,
        "Hs_max": 7.9167585372924805,
        "Hs_95": 1.9075596570968627,
        "Tp_mean": 6.584259510040283,
        "Dp_mean": 130.38558959960938,
        "Dm_mean": 128.5834197998047,
        "Tm02_mean": 6.050251483917236
      },
      "geometry": {
        "type": "Point",
        "coordinates": [
          -76.43213653564453,
          34.70737838745117
        ]
      }
    },
    {
      "type": "Feature",
      "properties": {
        "id": "0000726",
        "dataset_index": 726,
        "time_start": "1980-01-01",
        "time_end": "2023-12-31",
        "Hs_mean": 0.9648467302322388,
        "Hs_max": 8.033602714538574,
        "Hs_95": 1.900063556432724,
        "Tp_mean": 6.599590301513672,
        "Dp_mean": 130.15194702148438,
        "Dm_mean": 128.21067810058594,
        "Tm02_mean": 6.05776834487915
      },
      "geometry": {
        "type": "Point",
        "coordinates": [
          -76.42898559570312,
          34.711063385009766
        ]
      }
    },
    {
      "type": "Feature",
      "properties": {
        "id": "0000727",
        "dataset_index": 727,
        "time_start": "1980-01-01",
        "time_end": "2023-12-31",
        "Hs_mean": 0.9602163434028625,
        "Hs_max": 7.832821369171143,
        "Hs_95": 1.8891949355602262,
        "Tp_mean": 6.539496421813965,
        "Dp_mean": 130.071533203125,
        "Dm_mean": 128.14373779296875,
        "Tm02_mean": 6.010878562927246
      },
      "geometry": {
        "type": "Point",
        "coordinates": [
          -76.42582702636719,
          34.71474838256836
        ]
      }
    },
    {
      "type": "Feature",
      "properties": {
        "id": "0000728",
        "dataset_index": 728,
        "time_start": "1980-01-01",
        "time_end": "2023-12-31",
        "Hs_mean": 0.9507728219032288,
        "Hs_max": 7.556908130645752,
        "Hs_95": 1.8688966035842896,
        "Tp_mean": 6.491913318634033,
        "Dp_mean": 130.7926788330078,
        "Dm_mean": 128.7800750732422,
        "Tm02_mean": 5.9634857177734375
      },
      "geometry": {
        "type": "Point",
        "coordinates": [
          -76.42267608642578,
          34.71843338012695
        ]
      }
    },
    {
      "type": "Feature",
      "properties": {
        "id": "0000729",
        "dataset_index": 729,
        "time_start": "1980-01-01",
        "time_end": "2023-12-31",
        "Hs_mean": 0.9495543837547302,
        "Hs_max": 7.337482452392578,
        "Hs_95": 1.8674273967742918,
        "Tp_mean": 6.4460344314575195,
        "Dp_mean": 131.97389221191406,
        "Dm_mean": 130.0032958984375,
        "Tm02_mean": 5.897977828979492
      },
      "geometry": {
        "type": "Point",
        "coordinates": [
          -76.41952514648438,
          34.72211837768555
        ]
      }
    },
    {
      "type": "Feature",
      "properties": {
        "id": "0000730",
        "dataset_index": 730,
        "time_start": "1980-01-01",
        "time_end": "2023-12-31",
        "Hs_mean": 0.9546111226081848,
        "Hs_max": 7.219510078430176,
        "Hs_95": 1.8815267264842983,
        "Tp_mean": 6.43478536605835,
        "Dp_mean": 133.0057830810547,
        "Dm_mean": 131.0653533935547,
        "Tm02_mean": 5.891622066497803
      },
      "geometry": {
        "type": "Point",
        "coordinates": [
          -76.41637420654297,
          34.72580337524414
        ]
      }
    },
    {
      "type": "Feature",
      "properties": {
        "id": "0000731",
        "dataset_index": 731,
        "time_start": "1980-01-01",
        "time_end": "2023-12-31",
        "Hs_mean": 0.9601558446884155,
        "Hs_max": 7.146589756011963,
        "Hs_95": 1.9031158030033104,
        "Tp_mean": 6.507411003112793,
        "Dp_mean": 133.02708435058594,
        "Dm_mean": 131.0404510498047,
        "Tm02_mean": 5.9685211181640625
      },
      "geometry": {
        "type": "Point",
        "coordinates": [
          -76.41321563720703,
          34.729488372802734
        ]
      }
    },
    {
      "type": "Feature",
      "properties": {
        "id": "0000732",
        "dataset_index": 732,
        "time_start": "1980-01-01",
        "time_end": "2023-12-31",
        "Hs_mean": 0.9700210094451904,
        "Hs_max": 7.105848789215088,
        "Hs_95": 1.9245320320129393,
        "Tp_mean": 6.528967380523682,
        "Dp_mean": 132.12405395507812,
        "Dm_mean": 130.19532775878906,
        "Tm02_mean": 5.981252670288086
      },
      "geometry": {
        "type": "Point",
        "coordinates": [
          -76.41006469726562,
          34.73316955566406
        ]
      }
    },
    {
      "type": "Feature",
      "properties": {
        "id": "0000733",
        "dataset_index": 733,
        "time_start": "1980-01-01",
        "time_end": "2023-12-31",
        "Hs_mean": 0.9758474230766296,
        "Hs_max": 7.419846534729004,
        "Hs_95": 1.9317225694656373,
        "Tp_mean": 6.574288368225098,
        "Dp_mean": 131.6871337890625,
        "Dm_mean": 129.75843811035156,
        "Tm02_mean": 6.030511856079102
      },
      "geometry": {
        "type": "Point",
        "coordinates": [
          -76.40691375732422,
          34.736854553222656
        ]
      }
    },
    {
      "type": "Feature",
      "properties": {
        "id": "0000734",
        "dataset_index": 734,
        "time_start": "1980-01-01",
        "time_end": "2023-12-31",
        "Hs_mean": 0.9836375713348389,
        "Hs_max": 7.831434726715088,
        "Hs_95": 1.9444946765899658,
        "Tp_mean": 6.58949613571167,
        "Dp_mean": 131.4272003173828,
        "Dm_mean": 129.5124969482422,
        "Tm02_mean": 6.071162700653076
      },
      "geometry": {
        "type": "Point",
        "coordinates": [
          -76.40376281738281,
          34.74053955078125
        ]
      }
    },
    {
      "type": "Feature",
      "properties": {
        "id": "0000735",
        "dataset_index": 735,
        "time_start": "1980-01-01",
        "time_end": "2023-12-31",
        "Hs_mean": 0.9803885221481323,
        "Hs_max": 7.947741985321045,
        "Hs_95": 1.9386150658130645,
        "Tp_mean": 6.598516464233398,
        "Dp_mean": 131.23927307128906,
        "Dm_mean": 129.27117919921875,
        "Tm02_mean": 6.0742597579956055
      },
      "geometry": {
        "type": "Point",
        "coordinates": [
          -76.4006118774414,
          34.744224548339844
        ]
      }
    },
    {
      "type": "Feature",
      "properties": {
        "id": "0000736",
        "dataset_index": 736,
        "time_start": "1980-01-01",
        "time_end": "2023-12-31",
        "Hs_mean": 0.9763192534446716,
        "Hs_max": 7.780078411102295,
        "Hs_95": 1.9269033432006832,
        "Tp_mean": 6.542649269104004,
        "Dp_mean": 131.5972137451172,
        "Dm_mean": 129.56312561035156,
        "Tm02_mean": 6.018499851226807
      },
      "geometry": {
        "type": "Point",
        "coordinates": [
          -76.39745330810547,
          34.74790954589844
        ]
      }
    },
    {
      "type": "Feature",
      "properties": {
        "id": "0000737",
        "dataset_index": 737,
        "time_start": "1980-01-01",
        "time_end": "2023-12-31",
        "Hs_mean": 0.9667826890945435,
        "Hs_max": 7.685113906860352,
        "Hs_95": 1.9070584237575527,
        "Tp_mean": 6.52186393737793,
        "Dp_mean": 132.4124755859375,
        "Dm_mean": 130.34397888183594,
        "Tm02_mean": 5.994637489318848
      },
      "geometry": {
        "type": "Point",
        "coordinates": [
          -76.39430236816406,
          34.75159454345703
        ]
      }
    },
    {
      "type": "Feature",
      "properties": {
        "id": "0000738",
        "dataset_index": 738,
        "time_start": "1980-01-01",
        "time_end": "2023-12-31",
        "Hs_mean": 0.9668451547622681,
        "Hs_max": 7.446132183074951,
        "Hs_95": 1.910525804758072,
        "Tp_mean": 6.504680633544922,
        "Dp_mean": 132.7524871826172,
        "Dm_mean": 130.7099151611328,
        "Tm02_mean": 5.978752613067627
      },
      "geometry": {
        "type": "Point",
        "coordinates": [
          -76.39115142822266,
          34.755279541015625
        ]
      }
    },
    {
      "type": "Feature",
      "properties": {
        "id": "0000739",
        "dataset_index": 739,
        "time_start": "1980-01-01",
        "time_end": "2023-12-31",
        "Hs_mean": 0.9700106978416443,
        "Hs_max": 7.274693965911865,
        "Hs_95": 1.91568968296051,
        "Tp_mean": 6.497621536254883,
        "Dp_mean": 132.92486572265625,
        "Dm_mean": 130.95860290527344,
        "Tm02_mean": 5.9749274253845215
      },
      "geometry": {
        "type": "Point",
        "coordinates": [
          -76.38800048828125,
          34.75896453857422
        ]
      }
    },
    {
      "type": "Feature",
      "properties": {
        "id": "0000740",
        "dataset_index": 740,
        "time_start": "1980-01-01",
        "time_end": "2023-12-31",
        "Hs_mean": 0.9678296446800232,
        "Hs_max": 7.439820289611816,
        "Hs_95": 1.9018912196159354,
        "Tp_mean": 6.495754718780518,
        "Dp_mean": 133.3465576171875,
        "Dm_mean": 131.19992065429688,
        "Tm02_mean": 5.97983455657959
      },
      "geometry": {
        "type": "Point",
        "coordinates": [
          -76.38484954833984,
          34.76264953613281
        ]
      }
    },
    {
      "type": "Feature",
      "properties": {
        "id": "0000741",
        "dataset_index": 741,
        "time_start": "1980-01-01",
        "time_end": "2023-12-31",
        "Hs_mean": 0.9657555222511292,
        "Hs_max": 7.6687445640563965,
        "Hs_95": 1.8895714581012724,
        "Tp_mean": 6.481942653656006,
        "Dp_mean": 133.9115753173828,
        "Dm_mean": 131.7115936279297,
        "Tm02_mean": 5.964505672454834
      },
      "geometry": {
        "type": "Point",
        "coordinates": [
          -76.38169860839844,
          34.766334533691406
        ]
      }
    },
    {
      "type": "Feature",
      "properties": {
        "id": "0000742",
        "dataset_index": 742,
        "time_start": "1980-01-01",
        "time_end": "2023-12-31",
        "Hs_mean": 0.9599804282188416,
        "Hs_max": 7.933807849884033,
        "Hs_95": 1.8753869175910944,
        "Tp_mean": 6.499364852905273,
        "Dp_mean": 134.83200073242188,
        "Dm_mean": 132.54946899414062,
        "Tm02_mean": 5.970563888549805
      },
      "geometry": {
        "type": "Point",
        "coordinates": [
          -76.37818908691406,
          34.76979446411133
        ]
      }
    },
    {
      "type": "Feature",
      "properties": {
        "id": "0000743",
        "dataset_index": 743,
        "time_start": "1980-01-01",
        "time_end": "2023-12-31",
        "Hs_mean": 0.9600530862808228,
        "Hs_max": 8.199950218200684,
        "Hs_95": 1.8790178298950193,
        "Tp_mean": 6.5071330070495605,
        "Dp_mean": 135.5184326171875,
        "Dm_mean": 133.11172485351562,
        "Tm02_mean": 5.976248264312744
      },
      "geometry": {
        "type": "Point",
        "coordinates": [
          -76.37462615966797,
          34.77322006225586
        ]
      }
    },
    {
      "type": "Feature",
      "properties": {
        "id": "0000744",
        "dataset_index": 744,
        "time_start": "1980-01-01",
        "time_end": "2023-12-31",
        "Hs_mean": 0.9624401926994324,
        "Hs_max": 8.558188438415527,
        "Hs_95": 1.894363725185394,
        "Tp_mean": 6.554366588592529,
        "Dp_mean": 135.72178649902344,
        "Dm_mean": 133.2805938720703,
        "Tm02_mean": 6.018002510070801
      },
      "geometry": {
        "type": "Point",
        "coordinates": [
          -76.37106323242188,
          34.77664566040039
        ]
      }
    },
    {
      "type": "Feature",
      "properties": {
        "id": "0000745",
        "dataset_index": 745,
        "time_start": "1980-01-01",
        "time_end": "2023-12-31",
        "Hs_mean": 0.9632209539413452,
        "Hs_max": 9.279624938964844,
        "Hs_95": 1.9061298727989195,
        "Tp_mean": 6.648068428039551,
        "Dp_mean": 135.6812744140625,
        "Dm_mean": 133.16818237304688,
        "Tm02_mean": 6.101637840270996
      },
      "geometry": {
        "type": "Point",
        "coordinates": [
          -76.36750030517578,
          34.78007125854492
        ]
      }
    },
    {
      "type": "Feature",
      "properties": {
        "id": "0000746",
        "dataset_index": 746,
        "time_start": "1980-01-01",
        "time_end": "2023-12-31",
        "Hs_mean": 0.9644538164138794,
        "Hs_max": 9.42501449584961,
        "Hs_95": 1.9116143763065336,
        "Tp_mean": 6.676887512207031,
        "Dp_mean": 135.55935668945312,
        "Dm_mean": 133.0059051513672,
        "Tm02_mean": 6.136783123016357
      },
      "geometry": {
        "type": "Point",
        "coordinates": [
          -76.36393737792969,
          34.78349685668945
        ]
      }
    },
    {
      "type": "Feature",
      "properties": {
        "id": "0000747",
        "dataset_index": 747,
        "time_start": "1980-01-01",
        "time_end": "2023-12-31",
        "Hs_mean": 0.9621439576148987,
        "Hs_max": 9.276803970336914,
        "Hs_95": 1.903553873300552,
        "Tp_mean": 6.6462788581848145,
        "Dp_mean": 135.16929626464844,
        "Dm_mean": 132.68930053710938,
        "Tm02_mean": 6.104933261871338
      },
      "geometry": {
        "type": "Point",
        "coordinates": [
          -76.3603744506836,
          34.786922454833984
        ]
      }
    },
    {
      "type": "Feature",
      "properties": {
        "id": "0000748",
        "dataset_index": 748,
        "time_start": "1980-01-01",
        "time_end": "2023-12-31",
        "Hs_mean": 0.9588002562522888,
        "Hs_max": 9.349651336669922,
        "Hs_95": 1.8904864609241485,
        "Tp_mean": 6.630687236785889,
        "Dp_mean": 135.53683471679688,
        "Dm_mean": 133.04783630371094,
        "Tm02_mean": 6.084749221801758
      },
      "geometry": {
        "type": "Point",
        "coordinates": [
          -76.3568115234375,
          34.790348052978516
        ]
      }
    },
    {
      "type": "Feature",
      "properties": {
        "id": "0000749",
        "dataset_index": 749,
        "time_start": "1980-01-01",
        "time_end": "2023-12-31",
        "Hs_mean": 0.9570713043212891,
        "Hs_max": 9.442447662353516,
        "Hs_95": 1.8859183073043824,
        "Tp_mean": 6.626265048980713,
        "Dp_mean": 135.93252563476562,
        "Dm_mean": 133.365966796875,
        "Tm02_mean": 6.08172607421875
      },
      "geometry": {
        "type": "Point",
        "coordinates": [
          -76.3532485961914,
          34.79377365112305
        ]
      }
    },
    {
      "type": "Feature",
      "properties": {
        "id": "0000750",
        "dataset_index": 750,
        "time_start": "1980-01-01",
        "time_end": "2023-12-31",
        "Hs_mean": 0.9585863351821899,
        "Hs_max": 9.583456039428711,
        "Hs_95": 1.8901750683784484,
        "Tp_mean": 6.63638162612915,
        "Dp_mean": 136.47940063476562,
        "Dm_mean": 133.80535888671875,
        "Tm02_mean": 6.09152364730835
      },
      "geometry": {
        "type": "Point",
        "coordinates": [
          -76.34968566894531,
          34.79719924926758
        ]
      }
    },
    {
      "type": "Feature",
      "properties": {
        "id": "0000751",
        "dataset_index": 751,
        "time_start": "1980-01-01",
        "time_end": "2023-12-31",
        "Hs_mean": 0.9650371670722961,
        "Hs_max": 10.176566123962402,
        "Hs_95": 1.9064291775226592,
        "Tp_mean": 6.6713385581970215,
        "Dp_mean": 137.19754028320312,
        "Dm_mean": 134.28208923339844,
        "Tm02_mean": 6.11857271194458
      },
      "geometry": {
        "type": "Point",
        "coordinates": [
          -76.34612274169922,
          34.80062484741211
        ]
      }
    },
    {
      "type": "Feature",
      "properties": {
        "id": "0000752",
        "dataset_index": 752,
        "time_start": "1980-01-01",
        "time_end": "2023-12-31",
        "Hs_mean": 0.9686735272407532,
        "Hs_max": 10.472453117370605,
        "Hs_95": 1.9205615162849425,
        "Tp_mean": 6.662762641906738,
        "Dp_mean": 137.2595672607422,
        "Dm_mean": 134.21478271484375,
        "Tm02_mean": 6.118200302124023
      },
      "geometry": {
        "type": "Point",
        "coordinates": [
          -76.34255981445312,
          34.80405044555664
        ]
      }
    },
    {
      "type": "Feature",
      "properties": {
        "id": "0000753",
        "dataset_index": 753,
        "time_start": "1980-01-01",
        "time_end": "2023-12-31",
        "Hs_mean": 0.9682661890983582,
        "Hs_max": 10.122293472290039,
        "Hs_95": 1.9261725842952728,
        "Tp_mean": 6.634903907775879,
        "Dp_mean": 136.9069366455078,
        "Dm_mean": 133.78326416015625,
        "Tm02_mean": 6.100083827972412
      },
      "geometry": {
        "type": "Point",
        "coordinates": [
          -76.33899688720703,
          34.807472229003906
        ]
      }
    },
    {
      "type": "Feature",
      "properties": {
        "id": "0000754",
        "dataset_index": 754,
        "time_start": "1980-01-01",
        "time_end": "2023-12-31",
        "Hs_mean": 0.9663773775100708,
        "Hs_max": 9.490850448608398,
        "Hs_95": 1.9215804338455196,
        "Tp_mean": 6.625316143035889,
        "Dp_mean": 136.30563354492188,
        "Dm_mean": 133.35157775878906,
        "Tm02_mean": 6.101738452911377
      },
      "geometry": {
        "type": "Point",
        "coordinates": [
          -76.33543395996094,
          34.81089782714844
        ]
      }
    },
    {
      "type": "Feature",
      "properties": {
        "id": "0000755",
        "dataset_index": 755,
        "time_start": "1980-01-01",
        "time_end": "2023-12-31",
        "Hs_mean": 0.9633859992027283,
        "Hs_max": 9.514131546020508,
        "Hs_95": 1.9056541383266443,
        "Tp_mean": 6.621301174163818,
        "Dp_mean": 136.2137908935547,
        "Dm_mean": 133.2205810546875,
        "Tm02_mean": 6.094399929046631
      },
      "geometry": {
        "type": "Point",
        "coordinates": [
          -76.33187103271484,
          34.81432342529297
        ]
      }
    },
    {
      "type": "Feature",
      "properties": {
        "id": "0000756",
        "dataset_index": 756,
        "time_start": "1980-01-01",
        "time_end": "2023-12-31",
        "Hs_mean": 0.9602108001708984,
        "Hs_max": 10.029693603515625,
        "Hs_95": 1.8926768839359276,
        "Tp_mean": 6.623631477355957,
        "Dp_mean": 136.75343322753906,
        "Dm_mean": 133.79995727539062,
        "Tm02_mean": 6.084160327911377
      },
      "geometry": {
        "type": "Point",
        "coordinates": [
          -76.32830810546875,
          34.8177490234375
        ]
      }
    },
    {
      "type": "Feature",
      "properties": {
        "id": "0000757",
        "dataset_index": 757,
        "time_start": "1980-01-01",
        "time_end": "2023-12-31",
        "Hs_mean": 0.9559019207954407,
        "Hs_max": 10.3652982711792,
        "Hs_95": 1.8841756582260127,
        "Tp_mean": 6.61812686920166,
        "Dp_mean": 137.12889099121094,
        "Dm_mean": 134.23809814453125,
        "Tm02_mean": 6.071509838104248
      },
      "geometry": {
        "type": "Point",
        "coordinates": [
          -76.32474517822266,
          34.82117462158203
        ]
      }
    },
    {
      "type": "Feature",
      "properties": {
        "id": "0000758",
        "dataset_index": 758,
        "time_start": "1980-01-01",
        "time_end": "2023-12-31",
        "Hs_mean": 0.9501806497573853,
        "Hs_max": 10.301815032958984,
        "Hs_95": 1.8762914419174195,
        "Tp_mean": 6.5971550941467285,
        "Dp_mean": 137.61257934570312,
        "Dm_mean": 134.69883728027344,
        "Tm02_mean": 6.048924446105957
      },
      "geometry": {
        "type": "Point",
        "coordinates": [
          -76.32118225097656,
          34.82460021972656
        ]
      }
    },
    {
      "type": "Feature",
      "properties": {
        "id": "0000759",
        "dataset_index": 759,
        "time_start": "1980-01-01",
        "time_end": "2023-12-31",
        "Hs_mean": 0.9501497149467468,
        "Hs_max": 10.274503707885742,
        "Hs_95": 1.8804688215255734,
        "Tp_mean": 6.597334384918213,
        "Dp_mean": 138.07803344726562,
        "Dm_mean": 134.988525390625,
        "Tm02_mean": 6.043452262878418
      },
      "geometry": {
        "type": "Point",
        "coordinates": [
          -76.31761932373047,
          34.828025817871094
        ]
      }
    },
    {
      "type": "Feature",
      "properties": {
        "id": "0000760",
        "dataset_index": 760,
        "time_start": "1980-01-01",
        "time_end": "2023-12-31",
        "Hs_mean": 0.9531046152114868,
        "Hs_max": 10.396353721618652,
        "Hs_95": 1.890076720714569,
        "Tp_mean": 6.617541313171387,
        "Dp_mean": 138.0768280029297,
        "Dm_mean": 134.9921112060547,
        "Tm02_mean": 6.0695343017578125
      },
      "geometry": {
        "type": "Point",
        "coordinates": [
          -76.31405639648438,
          34.831451416015625
        ]
      }
    },
    {
      "type": "Feature",
      "properties": {
        "id": "0000761",
        "dataset_index": 761,
        "time_start": "1980-01-01",
        "time_end": "2023-12-31",
        "Hs_mean": 0.9519457221031189,
        "Hs_max": 10.31670093536377,
        "Hs_95": 1.8867054820060727,
        "Tp_mean": 6.6144561767578125,
        "Dp_mean": 137.82691955566406,
        "Dm_mean": 134.8639678955078,
        "Tm02_mean": 6.069121360778809
      },
      "geometry": {
        "type": "Point",
        "coordinates": [
          -76.31049346923828,
          34.834877014160156
        ]
      }
    },
    {
      "type": "Feature",
      "properties": {
        "id": "0000762",
        "dataset_index": 762,
        "time_start": "1980-01-01",
        "time_end": "2023-12-31",
        "Hs_mean": 0.9500625133514404,
        "Hs_max": 10.373041152954102,
        "Hs_95": 1.8813549458980559,
        "Tp_mean": 6.6188249588012695,
        "Dp_mean": 137.9407958984375,
        "Dm_mean": 134.98147583007812,
        "Tm02_mean": 6.069637775421143
      },
      "geometry": {
        "type": "Point",
        "coordinates": [
          -76.30693054199219,
          34.83830261230469
        ]
      }
    },
    {
      "type": "Feature",
      "properties": {
        "id": "0000763",
        "dataset_index": 763,
        "time_start": "1980-01-01",
        "time_end": "2023-12-31",
        "Hs_mean": 0.9451919198036194,
        "Hs_max": 10.578445434570312,
        "Hs_95": 1.8751088023185722,
        "Tp_mean": 6.646306037902832,
        "Dp_mean": 138.3961944580078,
        "Dm_mean": 135.3807830810547,
        "Tm02_mean": 6.094444274902344
      },
      "geometry": {
        "type": "Point",
        "coordinates": [
          -76.3033676147461,
          34.84172821044922
        ]
      }
    },
    {
      "type": "Feature",
      "properties": {
        "id": "0000764",
        "dataset_index": 764,
        "time_start": "1980-01-01",
        "time_end": "2023-12-31",
        "Hs_mean": 0.9429812431335449,
        "Hs_max": 10.420132637023926,
        "Hs_95": 1.8725595891475675,
        "Tp_mean": 6.579070568084717,
        "Dp_mean": 138.4244842529297,
        "Dm_mean": 135.26881408691406,
        "Tm02_mean": 6.015808582305908
      },
      "geometry": {
        "type": "Point",
        "coordinates": [
          -76.29927062988281,
          34.84468460083008
        ]
      }
    },
    {
      "type": "Feature",
      "properties": {
        "id": "0000765",
        "dataset_index": 765,
        "time_start": "1980-01-01",
        "time_end": "2023-12-31",
        "Hs_mean": 0.9395617842674255,
        "Hs_max": 10.087712287902832,
        "Hs_95": 1.8669686734676356,
        "Tp_mean": 6.540358543395996,
        "Dp_mean": 139.8060302734375,
        "Dm_mean": 136.2272186279297,
        "Tm02_mean": 5.98407506942749
      },
      "geometry": {
        "type": "Point",
        "coordinates": [
          -76.29487609863281,
          34.847381591796875
        ]
      }
    },
    {
      "type": "Feature",
      "properties": {
        "id": "0000766",
        "dataset_index": 766,
        "time_start": "1980-01-01",
        "time_end": "2023-12-31",
        "Hs_mean": 0.9420583248138428,
        "Hs_max": 10.111452102661133,
        "Hs_95": 1.873381644487381,
        "Tp_mean": 6.549821376800537,
        "Dp_mean": 141.79037475585938,
        "Dm_mean": 137.7662811279297,
        "Tm02_mean": 5.9888200759887695
      },
      "geometry": {
        "type": "Point",
        "coordinates": [
          -76.29047393798828,
          34.850074768066406
        ]
      }
    },
    {
      "type": "Feature",
      "properties": {
        "id": "0000767",
        "dataset_index": 767,
        "time_start": "1980-01-01",
        "time_end": "2023-12-31",
        "Hs_mean": 0.9510370492935181,
        "Hs_max": 10.700434684753418,
        "Hs_95": 1.8985058665275574,
        "Tp_mean": 6.597176551818848,
        "Dp_mean": 142.9324188232422,
        "Dm_mean": 138.6580047607422,
        "Tm02_mean": 6.027325630187988
      },
      "geometry": {
        "type": "Point",
        "coordinates": [
          -76.28607940673828,
          34.8527717590332
        ]
      }
    },
    {
      "type": "Feature",
      "properties": {
        "id": "0000768",
        "dataset_index": 768,
        "time_start": "1980-01-01",
        "time_end": "2023-12-31",
        "Hs_mean": 0.9595935940742493,
        "Hs_max": 11.00998592376709,
        "Hs_95": 1.9264718294143672,
        "Tp_mean": 6.633666038513184,
        "Dp_mean": 142.8721160888672,
        "Dm_mean": 138.5801544189453,
        "Tm02_mean": 6.052408695220947
      },
      "geometry": {
        "type": "Point",
        "coordinates": [
          -76.28167724609375,
          34.855464935302734
        ]
      }
    },
    {
      "type": "Feature",
      "properties": {
        "id": "0000769",
        "dataset_index": 769,
        "time_start": "1980-01-01",
        "time_end": "2023-12-31",
        "Hs_mean": 0.9683644771575928,
        "Hs_max": 11.157258987426758,
        "Hs_95": 1.9495403528213502,
        "Tp_mean": 6.660403251647949,
        "Dp_mean": 142.18614196777344,
        "Dm_mean": 137.83270263671875,
        "Tm02_mean": 6.099112033843994
      },
      "geometry": {
        "type": "Point",
        "coordinates": [
          -76.27728271484375,
          34.858158111572266
        ]
      }
    },
    {
      "type": "Feature",
      "properties": {
        "id": "0000770",
        "dataset_index": 770,
        "time_start": "1980-01-01",
        "time_end": "2023-12-31",
        "Hs_mean": 0.9710383415222168,
        "Hs_max": 11.221185684204102,
        "Hs_95": 1.9589067041873929,
        "Tp_mean": 6.669598579406738,
        "Dp_mean": 141.57730102539062,
        "Dm_mean": 137.21803283691406,
        "Tm02_mean": 6.125141143798828
      },
      "geometry": {
        "type": "Point",
        "coordinates": [
          -76.27288055419922,
          34.86085510253906
        ]
      }
    },
    {
      "type": "Feature",
      "properties": {
        "id": "0000771",
        "dataset_index": 771,
        "time_start": "1980-01-01",
        "time_end": "2023-12-31",
        "Hs_mean": 0.972276508808136,
        "Hs_max": 11.096410751342773,
        "Hs_95": 1.962069410085678,
        "Tp_mean": 6.664453983306885,
        "Dp_mean": 141.42918395996094,
        "Dm_mean": 136.9897918701172,
        "Tm02_mean": 6.129525184631348
      },
      "geometry": {
        "type": "Point",
        "coordinates": [
          -76.26848602294922,
          34.863548278808594
        ]
      }
    },
    {
      "type": "Feature",
      "properties": {
        "id": "0000772",
        "dataset_index": 772,
        "time_start": "1980-01-01",
        "time_end": "2023-12-31",
        "Hs_mean": 0.9749562740325928,
        "Hs_max": 11.221806526184082,
        "Hs_95": 1.9686245441436767,
        "Tp_mean": 6.665475845336914,
        "Dp_mean": 141.60337829589844,
        "Dm_mean": 136.9955596923828,
        "Tm02_mean": 6.126826763153076
      },
      "geometry": {
        "type": "Point",
        "coordinates": [
          -76.26415252685547,
          34.86630630493164
        ]
      }
    },
    {
      "type": "Feature",
      "properties": {
        "id": "0000773",
        "dataset_index": 773,
        "time_start": "1980-01-01",
        "time_end": "2023-12-31",
        "Hs_mean": 0.9737337827682495,
        "Hs_max": 11.281919479370117,
        "Hs_95": 1.9672202348709102,
        "Tp_mean": 6.666475296020508,
        "Dp_mean": 141.43783569335938,
        "Dm_mean": 136.81613159179688,
        "Tm02_mean": 6.143969535827637
      },
      "geometry": {
        "type": "Point",
        "coordinates": [
          -76.26034545898438,
          34.86955261230469
        ]
      }
    },
    {
      "type": "Feature",
      "properties": {
        "id": "0000774",
        "dataset_index": 774,
        "time_start": "1980-01-01",
        "time_end": "2023-12-31",
        "Hs_mean": 0.966912567615509,
        "Hs_max": 11.227287292480469,
        "Hs_95": 1.9493180334568023,
        "Tp_mean": 6.641185760498047,
        "Dp_mean": 141.53738403320312,
        "Dm_mean": 136.8072509765625,
        "Tm02_mean": 6.106963157653809
      },
      "geometry": {
        "type": "Point",
        "coordinates": [
          -76.25653839111328,
          34.872798919677734
        ]
      }
    },
    {
      "type": "Feature",
      "properties": {
        "id": "0000775",
        "dataset_index": 775,
        "time_start": "1980-01-01",
        "time_end": "2023-12-31",
        "Hs_mean": 0.9588177800178528,
        "Hs_max": 11.10700798034668,
        "Hs_95": 1.9300836920738214,
        "Tp_mean": 6.616276741027832,
        "Dp_mean": 141.88612365722656,
        "Dm_mean": 137.20440673828125,
        "Tm02_mean": 6.072932720184326
      },
      "geometry": {
        "type": "Point",
        "coordinates": [
          -76.25273132324219,
          34.87604522705078
        ]
      }
    },
    {
      "type": "Feature",
      "properties": {
        "id": "0000776",
        "dataset_index": 776,
        "time_start": "1980-01-01",
        "time_end": "2023-12-31",
        "Hs_mean": 0.9540203809738159,
        "Hs_max": 11.013304710388184,
        "Hs_95": 1.9184516847133637,
        "Tp_mean": 6.610288619995117,
        "Dp_mean": 142.11746215820312,
        "Dm_mean": 137.57916259765625,
        "Tm02_mean": 6.057872295379639
      },
      "geometry": {
        "type": "Point",
        "coordinates": [
          -76.2489242553711,
          34.879295349121094
        ]
      }
    },
    {
      "type": "Feature",
      "properties": {
        "id": "0000777",
        "dataset_index": 777,
        "time_start": "1980-01-01",
        "time_end": "2023-12-31",
        "Hs_mean": 0.9544655084609985,
        "Hs_max": 11.259622573852539,
        "Hs_95": 1.9195529162883758,
        "Tp_mean": 6.627923011779785,
        "Dp_mean": 142.47361755371094,
        "Dm_mean": 137.89382934570312,
        "Tm02_mean": 6.062999248504639
      },
      "geometry": {
        "type": "Point",
        "coordinates": [
          -76.2451171875,
          34.88254165649414
        ]
      }
    },
    {
      "type": "Feature",
      "properties": {
        "id": "0000778",
        "dataset_index": 778,
        "time_start": "1980-01-01",
        "time_end": "2023-12-31",
        "Hs_mean": 0.9547763466835022,
        "Hs_max": 11.506576538085938,
        "Hs_95": 1.9255058407783505,
        "Tp_mean": 6.633627891540527,
        "Dp_mean": 142.0773468017578,
        "Dm_mean": 137.55873107910156,
        "Tm02_mean": 6.072238445281982
      },
      "geometry": {
        "type": "Point",
        "coordinates": [
          -76.2413101196289,
          34.88578796386719
        ]
      }
    },
    {
      "type": "Feature",
      "properties": {
        "id": "0000779",
        "dataset_index": 779,
        "time_start": "1980-01-01",
        "time_end": "2023-12-31",
        "Hs_mean": 0.9478144645690918,
        "Hs_max": 11.026065826416016,
        "Hs_95": 1.9134385883808134,
        "Tp_mean": 6.6007161140441895,
        "Dp_mean": 141.61817932128906,
        "Dm_mean": 137.1224822998047,
        "Tm02_mean": 6.051914691925049
      },
      "geometry": {
        "type": "Point",
        "coordinates": [
          -76.23750305175781,
          34.889034271240234
        ]
      }
    },
    {
      "type": "Feature",
      "properties": {
        "id": "0000780",
        "dataset_index": 780,
        "time_start": "1980-01-01",
        "time_end": "2023-12-31",
        "Hs_mean": 0.9397512674331665,
        "Hs_max": 10.45425033569336,
        "Hs_95": 1.8889499366283415,
        "Tp_mean": 6.566828727722168,
        "Dp_mean": 141.937255859375,
        "Dm_mean": 137.3574676513672,
        "Tm02_mean": 6.016232490539551
      },
      "geometry": {
        "type": "Point",
        "coordinates": [
          -76.23369598388672,
          34.89228057861328
        ]
      }
    },
    {
      "type": "Feature",
      "properties": {
        "id": "0000781",
        "dataset_index": 781,
        "time_start": "1980-01-01",
        "time_end": "2023-12-31",
        "Hs_mean": 0.9339190721511841,
        "Hs_max": 10.377941131591797,
        "Hs_95": 1.864451742172241,
        "Tp_mean": 6.5587992668151855,
        "Dp_mean": 142.64215087890625,
        "Dm_mean": 137.9577178955078,
        "Tm02_mean": 6.000464916229248
      },
      "geometry": {
        "type": "Point",
        "coordinates": [
          -76.22988891601562,
          34.895530700683594
        ]
      }
    },
    {
      "type": "Feature",
      "properties": {
        "id": "0000782",
        "dataset_index": 782,
        "time_start": "1980-01-01",
        "time_end": "2023-12-31",
        "Hs_mean": 0.9345515370368958,
        "Hs_max": 10.690739631652832,
        "Hs_95": 1.8618978321552275,
        "Tp_mean": 6.582606792449951,
        "Dp_mean": 143.69862365722656,
        "Dm_mean": 138.89663696289062,
        "Tm02_mean": 6.00827169418335
      },
      "geometry": {
        "type": "Point",
        "coordinates": [
          -76.22608184814453,
          34.89877700805664
        ]
      }
    },
    {
      "type": "Feature",
      "properties": {
        "id": "0000783",
        "dataset_index": 783,
        "time_start": "1980-01-01",
        "time_end": "2023-12-31",
        "Hs_mean": 0.9431176781654358,
        "Hs_max": 11.4696683883667,
        "Hs_95": 1.889669317007064,
        "Tp_mean": 6.653872966766357,
        "Dp_mean": 144.65965270996094,
        "Dm_mean": 139.8058624267578,
        "Tm02_mean": 6.066565036773682
      },
      "geometry": {
        "type": "Point",
        "coordinates": [
          -76.22227478027344,
          34.90202331542969
        ]
      }
    },
    {
      "type": "Feature",
      "properties": {
        "id": "0000784",
        "dataset_index": 784,
        "time_start": "1980-01-01",
        "time_end": "2023-12-31",
        "Hs_mean": 0.9496293067932129,
        "Hs_max": 11.914783477783203,
        "Hs_95": 1.916975951194763,
        "Tp_mean": 6.670379161834717,
        "Dp_mean": 144.15853881835938,
        "Dm_mean": 139.31521606445312,
        "Tm02_mean": 6.095087051391602
      },
      "geometry": {
        "type": "Point",
        "coordinates": [
          -76.21846771240234,
          34.905269622802734
        ]
      }
    },
    {
      "type": "Feature",
      "properties": {
        "id": "0000785",
        "dataset_index": 785,
        "time_start": "1980-01-01",
        "time_end": "2023-12-31",
        "Hs_mean": 0.9531423449516296,
        "Hs_max": 11.853412628173828,
        "Hs_95": 1.9367472410202022,
        "Tp_mean": 6.675904273986816,
        "Dp_mean": 143.55404663085938,
        "Dm_mean": 138.843017578125,
        "Tm02_mean": 6.114498138427734
      },
      "geometry": {
        "type": "Point",
        "coordinates": [
          -76.21466064453125,
          34.90851593017578
        ]
      }
    },
    {
      "type": "Feature",
      "properties": {
        "id": "0000786",
        "dataset_index": 786,
        "time_start": "1980-01-01",
        "time_end": "2023-12-31",
        "Hs_mean": 0.9532781839370728,
        "Hs_max": 11.68941593170166,
        "Hs_95": 1.9408480167388913,
        "Tp_mean": 6.662820339202881,
        "Dp_mean": 143.23916625976562,
        "Dm_mean": 138.43043518066406,
        "Tm02_mean": 6.1008734703063965
      },
      "geometry": {
        "type": "Point",
        "coordinates": [
          -76.21085357666016,
          34.91176223754883
        ]
      }
    },
    {
      "type": "Feature",
      "properties": {
        "id": "0000787",
        "dataset_index": 787,
        "time_start": "1980-01-01",
        "time_end": "2023-12-31",
        "Hs_mean": 0.9521274566650391,
        "Hs_max": 11.456762313842773,
        "Hs_95": 1.9422980904579161,
        "Tp_mean": 6.658905029296875,
        "Dp_mean": 143.1256561279297,
        "Dm_mean": 138.22007751464844,
        "Tm02_mean": 6.104663372039795
      },
      "geometry": {
        "type": "Point",
        "coordinates": [
          -76.20704650878906,
          34.915008544921875
        ]
      }
    },
    {
      "type": "Feature",
      "properties": {
        "id": "0000788",
        "dataset_index": 788,
        "time_start": "1980-01-01",
        "time_end": "2023-12-31",
        "Hs_mean": 0.952509343624115,
        "Hs_max": 11.507323265075684,
        "Hs_95": 1.9421198964118953,
        "Tp_mean": 6.6710205078125,
        "Dp_mean": 143.2358856201172,
        "Dm_mean": 138.32455444335938,
        "Tm02_mean": 6.1097612380981445
      },
      "geometry": {
        "type": "Point",
        "coordinates": [
          -76.20323944091797,
          34.91825866699219
        ]
      }
    },
    {
      "type": "Feature",
      "properties": {
        "id": "0000789",
        "dataset_index": 789,
        "time_start": "1980-01-01",
        "time_end": "2023-12-31",
        "Hs_mean": 0.9504547119140625,
        "Hs_max": 11.751993179321289,
        "Hs_95": 1.9344282567501059,
        "Tp_mean": 6.678077220916748,
        "Dp_mean": 143.4204864501953,
        "Dm_mean": 138.54034423828125,
        "Tm02_mean": 6.110879898071289
      },
      "geometry": {
        "type": "Point",
        "coordinates": [
          -76.19943237304688,
          34.921504974365234
        ]
      }
    },
    {
      "type": "Feature",
      "properties": {
        "id": "0000790",
        "dataset_index": 790,
        "time_start": "1980-01-01",
        "time_end": "2023-12-31",
        "Hs_mean": 0.9463878273963928,
        "Hs_max": 11.874727249145508,
        "Hs_95": 1.9246644318103787,
        "Tp_mean": 6.668495178222656,
        "Dp_mean": 143.69454956054688,
        "Dm_mean": 138.8188018798828,
        "Tm02_mean": 6.094183444976807
      },
      "geometry": {
        "type": "Point",
        "coordinates": [
          -76.19562530517578,
          34.92475128173828
        ]
      }
    },
    {
      "type": "Feature",
      "properties": {
        "id": "0000791",
        "dataset_index": 791,
        "time_start": "1980-01-01",
        "time_end": "2023-12-31",
        "Hs_mean": 0.9445059299468994,
        "Hs_max": 11.80774211883545,
        "Hs_95": 1.9257413804531096,
        "Tp_mean": 6.676882266998291,
        "Dp_mean": 143.75721740722656,
        "Dm_mean": 138.95846557617188,
        "Tm02_mean": 6.1037139892578125
      },
      "geometry": {
        "type": "Point",
        "coordinates": [
          -76.19181823730469,
          34.92799758911133
        ]
      }
    },
    {
      "type": "Feature",
      "properties": {
        "id": "0000792",
        "dataset_index": 792,
        "time_start": "1980-01-01",
        "time_end": "2023-12-31",
        "Hs_mean": 0.9464961290359497,
        "Hs_max": 11.856681823730469,
        "Hs_95": 1.932312071323394,
        "Tp_mean": 6.69362735748291,
        "Dp_mean": 143.61151123046875,
        "Dm_mean": 138.904052734375,
        "Tm02_mean": 6.110808372497559
      },
      "geometry": {
        "type": "Point",
        "coordinates": [
          -76.1880111694336,
          34.931243896484375
        ]
      }
    },
    {
      "type": "Feature",
      "properties": {
        "id": "0000793",
        "dataset_index": 793,
        "time_start": "1980-01-01",
        "time_end": "2023-12-31",
        "Hs_mean": 0.9517844319343567,
        "Hs_max": 12.347344398498535,
        "Hs_95": 1.9426292717456817,
        "Tp_mean": 6.705420017242432,
        "Dp_mean": 144.03309631347656,
        "Dm_mean": 139.25721740722656,
        "Tm02_mean": 6.129435062408447
      },
      "geometry": {
        "type": "Point",
        "coordinates": [
          -76.1842041015625,
          34.93449020385742
        ]
      }
    },
    {
      "type": "Feature",
      "properties": {
        "id": "0000794",
        "dataset_index": 794,
        "time_start": "1980-01-01",
        "time_end": "2023-12-31",
        "Hs_mean": 0.9458069205284119,
        "Hs_max": 12.285276412963867,
        "Hs_95": 1.928932225704193,
        "Tp_mean": 6.67457389831543,
        "Dp_mean": 143.93994140625,
        "Dm_mean": 138.99652099609375,
        "Tm02_mean": 6.104813575744629
      },
      "geometry": {
        "type": "Point",
        "coordinates": [
          -76.1803970336914,
          34.937740325927734
        ]
      }
    },
    {
      "type": "Feature",
      "properties": {
        "id": "0000795",
        "dataset_index": 795,
        "time_start": "1980-01-01",
        "time_end": "2023-12-31",
        "Hs_mean": 0.9399551749229431,
        "Hs_max": 12.236344337463379,
        "Hs_95": 1.9150173842906952,
        "Tp_mean": 6.667135715484619,
        "Dp_mean": 144.9796142578125,
        "Dm_mean": 139.87112426757812,
        "Tm02_mean": 6.088730812072754
      },
      "geometry": {
        "type": "Point",
        "coordinates": [
          -76.17658996582031,
          34.94098663330078
        ]
      }
    },
    {
      "type": "Feature",
      "properties": {
        "id": "0000796",
        "dataset_index": 796,
        "time_start": "1980-01-01",
        "time_end": "2023-12-31",
        "Hs_mean": 0.9378179907798767,
        "Hs_max": 12.378453254699707,
        "Hs_95": 1.913731300830841,
        "Tp_mean": 6.659687519073486,
        "Dp_mean": 146.13319396972656,
        "Dm_mean": 140.84767150878906,
        "Tm02_mean": 6.073431491851807
      },
      "geometry": {
        "type": "Point",
        "coordinates": [
          -76.1727066040039,
          34.94416427612305
        ]
      }
    },
    {
      "type": "Feature",
      "properties": {
        "id": "0000797",
        "dataset_index": 797,
        "time_start": "1980-01-01",
        "time_end": "2023-12-31",
        "Hs_mean": 0.9447113871574402,
        "Hs_max": 12.605351448059082,
        "Hs_95": 1.9337293088436118,
        "Tp_mean": 6.645325660705566,
        "Dp_mean": 147.02857971191406,
        "Dm_mean": 141.5919647216797,
        "Tm02_mean": 6.0615129470825195
      },
      "geometry": {
        "type": "Point",
        "coordinates": [
          -76.16839599609375,
          34.946956634521484
        ]
      }
    },
    {
      "type": "Feature",
      "properties": {
        "id": "0000798",
        "dataset_index": 798,
        "time_start": "1980-01-01",
        "time_end": "2023-12-31",
        "Hs_mean": 0.9475327134132385,
        "Hs_max": 12.819665908813477,
        "Hs_95": 1.9471097290515893,
        "Tp_mean": 6.665759086608887,
        "Dp_mean": 147.27459716796875,
        "Dm_mean": 141.87252807617188,
        "Tm02_mean": 6.076335906982422
      },
      "geometry": {
        "type": "Point",
        "coordinates": [
          -76.1640853881836,
          34.94974899291992
        ]
      }
    },
    {
      "type": "Feature",
      "properties": {
        "id": "0000799",
        "dataset_index": 799,
        "time_start": "1980-01-01",
        "time_end": "2023-12-31",
        "Hs_mean": 0.9455261826515198,
        "Hs_max": 12.745965957641602,
        "Hs_95": 1.9459720075130462,
        "Tp_mean": 6.657063961029053,
        "Dp_mean": 147.0848846435547,
        "Dm_mean": 141.7672119140625,
        "Tm02_mean": 6.076592922210693
      },
      "geometry": {
        "type": "Point",
        "coordinates": [
          -76.1597671508789,
          34.95254135131836
        ]
      }
    },
    {
      "type": "Feature",
      "properties": {
        "id": "0000800",
        "dataset_index": 800,
        "time_start": "1980-01-01",
        "time_end": "2023-12-31",
        "Hs_mean": 0.9407351016998291,
        "Hs_max": 12.459997177124023,
        "Hs_95": 1.9321926951408386,
        "Tp_mean": 6.641315460205078,
        "Dp_mean": 147.170166015625,
        "Dm_mean": 141.88784790039062,
        "Tm02_mean": 6.064520835876465
      },
      "geometry": {
        "type": "Point",
        "coordinates": [
          -76.15545654296875,
          34.9553337097168
        ]
      }
    },
    {
      "type": "Feature",
      "properties": {
        "id": "0000801",
        "dataset_index": 801,
        "time_start": "1980-01-01",
        "time_end": "2023-12-31",
        "Hs_mean": 0.939408540725708,
        "Hs_max": 12.282369613647461,
        "Hs_95": 1.9267479300498962,
        "Tp_mean": 6.643312454223633,
        "Dp_mean": 147.23019409179688,
        "Dm_mean": 141.94342041015625,
        "Tm02_mean": 6.059996604919434
      },
      "geometry": {
        "type": "Point",
        "coordinates": [
          -76.1511459350586,
          34.958126068115234
        ]
      }
    },
    {
      "type": "Feature",
      "properties": {
        "id": "0000802",
        "dataset_index": 802,
        "time_start": "1980-01-01",
        "time_end": "2023-12-31",
        "Hs_mean": 0.9429518580436707,
        "Hs_max": 12.27634334564209,
        "Hs_95": 1.9287620306015014,
        "Tp_mean": 6.65268611907959,
        "Dp_mean": 147.0498809814453,
        "Dm_mean": 141.78018188476562,
        "Tm02_mean": 6.072581768035889
      },
      "geometry": {
        "type": "Point",
        "coordinates": [
          -76.1468276977539,
          34.96091842651367
        ]
      }
    },
    {
      "type": "Feature",
      "properties": {
        "id": "0000803",
        "dataset_index": 803,
        "time_start": "1980-01-01",
        "time_end": "2023-12-31",
        "Hs_mean": 0.9448060393333435,
        "Hs_max": 12.488422393798828,
        "Hs_95": 1.9281650364398952,
        "Tp_mean": 6.669495105743408,
        "Dp_mean": 147.38087463378906,
        "Dm_mean": 142.01060485839844,
        "Tm02_mean": 6.080024719238281
      },
      "geometry": {
        "type": "Point",
        "coordinates": [
          -76.14251708984375,
          34.96371078491211
        ]
      }
    },
    {
      "type": "Feature",
      "properties": {
        "id": "0000804",
        "dataset_index": 804,
        "time_start": "1980-01-01",
        "time_end": "2023-12-31",
        "Hs_mean": 0.9468724131584167,
        "Hs_max": 12.629310607910156,
        "Hs_95": 1.9343810677528375,
        "Tp_mean": 6.663576602935791,
        "Dp_mean": 147.71885681152344,
        "Dm_mean": 142.24668884277344,
        "Tm02_mean": 6.067131519317627
      },
      "geometry": {
        "type": "Point",
        "coordinates": [
          -76.1382064819336,
          34.96650314331055
        ]
      }
    },
    {
      "type": "Feature",
      "properties": {
        "id": "0000805",
        "dataset_index": 805,
        "time_start": "1980-01-01",
        "time_end": "2023-12-31",
        "Hs_mean": 0.9487176537513733,
        "Hs_max": 12.602092742919922,
        "Hs_95": 1.9440315067768095,
        "Tp_mean": 6.670207977294922,
        "Dp_mean": 147.6133575439453,
        "Dm_mean": 142.17108154296875,
        "Tm02_mean": 6.070339679718018
      },
      "geometry": {
        "type": "Point",
        "coordinates": [
          -76.1338882446289,
          34.969295501708984
        ]
      }
    },
    {
      "type": "Feature",
      "properties": {
        "id": "0000806",
        "dataset_index": 806,
        "time_start": "1980-01-01",
        "time_end": "2023-12-31",
        "Hs_mean": 0.9457888603210449,
        "Hs_max": 12.450961112976074,
        "Hs_95": 1.9355987370014187,
        "Tp_mean": 6.659299373626709,
        "Dp_mean": 147.77259826660156,
        "Dm_mean": 142.3721160888672,
        "Tm02_mean": 6.064443111419678
      },
      "geometry": {
        "type": "Point",
        "coordinates": [
          -76.12957763671875,
          34.97208786010742
        ]
      }
    },
    {
      "type": "Feature",
      "properties": {
        "id": "0000807",
        "dataset_index": 807,
        "time_start": "1980-01-01",
        "time_end": "2023-12-31",
        "Hs_mean": 0.9422760605812073,
        "Hs_max": 12.328235626220703,
        "Hs_95": 1.925644624233246,
        "Tp_mean": 6.64930534362793,
        "Dp_mean": 147.8992156982422,
        "Dm_mean": 142.50323486328125,
        "Tm02_mean": 6.050915718078613
      },
      "geometry": {
        "type": "Point",
        "coordinates": [
          -76.1252670288086,
          34.97488021850586
        ]
      }
    },
    {
      "type": "Feature",
      "properties": {
        "id": "0000808",
        "dataset_index": 808,
        "time_start": "1980-01-01",
        "time_end": "2023-12-31",
        "Hs_mean": 0.9404554963111877,
        "Hs_max": 12.401844024658203,
        "Hs_95": 1.9211258172988885,
        "Tp_mean": 6.6536736488342285,
        "Dp_mean": 148.01980590820312,
        "Dm_mean": 142.5965576171875,
        "Tm02_mean": 6.046061992645264
      },
      "geometry": {
        "type": "Point",
        "coordinates": [
          -76.12107849121094,
          34.9777946472168
        ]
      }
    },
    {
      "type": "Feature",
      "properties": {
        "id": "0000809",
        "dataset_index": 809,
        "time_start": "1980-01-01",
        "time_end": "2023-12-31",
        "Hs_mean": 0.9397028088569641,
        "Hs_max": 12.24257755279541,
        "Hs_95": 1.9176540851593007,
        "Tp_mean": 6.621071815490723,
        "Dp_mean": 147.93927001953125,
        "Dm_mean": 142.58346557617188,
        "Tm02_mean": 6.019302845001221
      },
      "geometry": {
        "type": "Point",
        "coordinates": [
          -76.11705017089844,
          34.980857849121094
        ]
      }
    },
    {
      "type": "Feature",
      "properties": {
        "id": "0000810",
        "dataset_index": 810,
        "time_start": "1980-01-01",
        "time_end": "2023-12-31",
        "Hs_mean": 0.9413923621177673,
        "Hs_max": 12.27439022064209,
        "Hs_95": 1.917294532060623,
        "Tp_mean": 6.645824432373047,
        "Dp_mean": 147.75270080566406,
        "Dm_mean": 142.50637817382812,
        "Tm02_mean": 6.047496318817139
      },
      "geometry": {
        "type": "Point",
        "coordinates": [
          -76.1130142211914,
          34.983917236328125
        ]
      }
    },
    {
      "type": "Feature",
      "properties": {
        "id": "0000811",
        "dataset_index": 811,
        "time_start": "1980-01-01",
        "time_end": "2023-12-31",
        "Hs_mean": 0.9402343034744263,
        "Hs_max": 12.386909484863281,
        "Hs_95": 1.908001041412353,
        "Tp_mean": 6.643121242523193,
        "Dp_mean": 147.32763671875,
        "Dm_mean": 141.96363830566406,
        "Tm02_mean": 6.039605617523193
      },
      "geometry": {
        "type": "Point",
        "coordinates": [
          -76.10897827148438,
          34.98698043823242
        ]
      }
    },
    {
      "type": "Feature",
      "properties": {
        "id": "0000812",
        "dataset_index": 812,
        "time_start": "1980-01-01",
        "time_end": "2023-12-31",
        "Hs_mean": 0.9370204210281372,
        "Hs_max": 12.636731147766113,
        "Hs_95": 1.8954017281532278,
        "Tp_mean": 6.650697708129883,
        "Dp_mean": 147.51156616210938,
        "Dm_mean": 142.303955078125,
        "Tm02_mean": 6.040442943572998
      },
      "geometry": {
        "type": "Point",
        "coordinates": [
          -76.10494995117188,
          34.99003982543945
        ]
      }
    },
    {
      "type": "Feature",
      "properties": {
        "id": "0000813",
        "dataset_index": 813,
        "time_start": "1980-01-01",
        "time_end": "2023-12-31",
        "Hs_mean": 0.9351189732551575,
        "Hs_max": 12.944648742675781,
        "Hs_95": 1.893931829929351,
        "Tp_mean": 6.649022579193115,
        "Dp_mean": 147.82444763183594,
        "Dm_mean": 142.5817413330078,
        "Tm02_mean": 6.033269882202148
      },
      "geometry": {
        "type": "Point",
        "coordinates": [
          -76.10091400146484,
          34.99310302734375
        ]
      }
    },
    {
      "type": "Feature",
      "properties": {
        "id": "0000814",
        "dataset_index": 814,
        "time_start": "1980-01-01",
        "time_end": "2023-12-31",
        "Hs_mean": 0.9341033101081848,
        "Hs_max": 13.021740913391113,
        "Hs_95": 1.9014036059379575,
        "Tp_mean": 6.635904312133789,
        "Dp_mean": 148.05404663085938,
        "Dm_mean": 142.7400665283203,
        "Tm02_mean": 6.019793510437012
      },
      "geometry": {
        "type": "Point",
        "coordinates": [
          -76.09687805175781,
          34.99616241455078
        ]
      }
    },
    {
      "type": "Feature",
      "properties": {
        "id": "0000815",
        "dataset_index": 815,
        "time_start": "1980-01-01",
        "time_end": "2023-12-31",
        "Hs_mean": 0.9315159916877747,
        "Hs_max": 12.917364120483398,
        "Hs_95": 1.89955398440361,
        "Tp_mean": 6.614231586456299,
        "Dp_mean": 149.09664916992188,
        "Dm_mean": 143.83042907714844,
        "Tm02_mean": 5.992523193359375
      },
      "geometry": {
        "type": "Point",
        "coordinates": [
          -76.09284973144531,
          34.99922561645508
        ]
      }
    },
    {
      "type": "Feature",
      "properties": {
        "id": "0000816",
        "dataset_index": 816,
        "time_start": "1980-01-01",
        "time_end": "2023-12-31",
        "Hs_mean": 0.9307807087898254,
        "Hs_max": 12.87869644165039,
        "Hs_95": 1.9023189663887023,
        "Tp_mean": 6.619864463806152,
        "Dp_mean": 149.06439208984375,
        "Dm_mean": 143.91650390625,
        "Tm02_mean": 5.986486434936523
      },
      "geometry": {
        "type": "Point",
        "coordinates": [
          -76.08866119384766,
          35.00210952758789
        ]
      }
    },
    {
      "type": "Feature",
      "properties": {
        "id": "0000817",
        "dataset_index": 817,
        "time_start": "1980-01-01",
        "time_end": "2023-12-31",
        "Hs_mean": 0.9345079660415649,
        "Hs_max": 12.85752010345459,
        "Hs_95": 1.9024756789207447,
        "Tp_mean": 6.61507511138916,
        "Dp_mean": 149.0489959716797,
        "Dm_mean": 143.99588012695312,
        "Tm02_mean": 5.978847980499268
      },
      "geometry": {
        "type": "Point",
        "coordinates": [
          -76.08381652832031,
          35.004241943359375
        ]
      }
    },
    {
      "type": "Feature",
      "properties": {
        "id": "0000818",
        "dataset_index": 818,
        "time_start": "1980-01-01",
        "time_end": "2023-12-31",
        "Hs_mean": 0.9328793287277222,
        "Hs_max": 13.174763679504395,
        "Hs_95": 1.887701392173767,
        "Tp_mean": 6.6247878074646,
        "Dp_mean": 149.3518524169922,
        "Dm_mean": 144.07814025878906,
        "Tm02_mean": 5.977348804473877
      },
      "geometry": {
        "type": "Point",
        "coordinates": [
          -76.07897186279297,
          35.00637435913086
        ]
      }
    },
    {
      "type": "Feature",
      "properties": {
        "id": "0000819",
        "dataset_index": 819,
        "time_start": "1980-01-01",
        "time_end": "2023-12-31",
        "Hs_mean": 0.9367667436599731,
        "Hs_max": 13.899126052856445,
        "Hs_95": 1.8978448510169972,
        "Tp_mean": 6.643127918243408,
        "Dp_mean": 150.28652954101562,
        "Dm_mean": 145.0595703125,
        "Tm02_mean": 5.994701385498047
      },
      "geometry": {
        "type": "Point",
        "coordinates": [
          -76.07412719726562,
          35.008506774902344
        ]
      }
    },
    {
      "type": "Feature",
      "properties": {
        "id": "0000820",
        "dataset_index": 820,
        "time_start": "1980-01-01",
        "time_end": "2023-12-31",
        "Hs_mean": 0.9472967386245728,
        "Hs_max": 14.451421737670898,
        "Hs_95": 1.9347278892993924,
        "Tp_mean": 6.650420665740967,
        "Dp_mean": 149.96009826660156,
        "Dm_mean": 144.5835723876953,
        "Tm02_mean": 6.015111446380615
      },
      "geometry": {
        "type": "Point",
        "coordinates": [
          -76.06928253173828,
          35.01063919067383
        ]
      }
    },
    {
      "type": "Feature",
      "properties": {
        "id": "0000821",
        "dataset_index": 821,
        "time_start": "1980-01-01",
        "time_end": "2023-12-31",
        "Hs_mean": 0.9504585862159729,
        "Hs_max": 14.323827743530273,
        "Hs_95": 1.9534611403942108,
        "Tp_mean": 6.651704788208008,
        "Dp_mean": 149.49940490722656,
        "Dm_mean": 144.1458740234375,
        "Tm02_mean": 6.028378963470459
      },
      "geometry": {
        "type": "Point",
        "coordinates": [
          -76.0644302368164,
          35.01277160644531
        ]
      }
    },
    {
      "type": "Feature",
      "properties": {
        "id": "0000822",
        "dataset_index": 822,
        "time_start": "1980-01-01",
        "time_end": "2023-12-31",
        "Hs_mean": 0.9475778341293335,
        "Hs_max": 13.828727722167969,
        "Hs_95": 1.9513833940029144,
        "Tp_mean": 6.640265464782715,
        "Dp_mean": 149.18544006347656,
        "Dm_mean": 143.80422973632812,
        "Tm02_mean": 6.027572154998779
      },
      "geometry": {
        "type": "Point",
        "coordinates": [
          -76.05958557128906,
          35.01490020751953
        ]
      }
    },
    {
      "type": "Feature",
      "properties": {
        "id": "0000823",
        "dataset_index": 823,
        "time_start": "1980-01-01",
        "time_end": "2023-12-31",
        "Hs_mean": 0.9495047330856323,
        "Hs_max": 13.57331657409668,
        "Hs_95": 1.9476980447769165,
        "Tp_mean": 6.618168354034424,
        "Dp_mean": 148.8337860107422,
        "Dm_mean": 143.4262237548828,
        "Tm02_mean": 6.014552116394043
      },
      "geometry": {
        "type": "Point",
        "coordinates": [
          -76.05474090576172,
          35.017032623291016
        ]
      }
    },
    {
      "type": "Feature",
      "properties": {
        "id": "0000824",
        "dataset_index": 824,
        "time_start": "1980-01-01",
        "time_end": "2023-12-31",
        "Hs_mean": 0.9494035243988037,
        "Hs_max": 13.666165351867676,
        "Hs_95": 1.9477775514125824,
        "Tp_mean": 6.626065731048584,
        "Dp_mean": 148.8406982421875,
        "Dm_mean": 143.45098876953125,
        "Tm02_mean": 6.01679801940918
      },
      "geometry": {
        "type": "Point",
        "coordinates": [
          -76.04989624023438,
          35.0191650390625
        ]
      }
    },
    {
      "type": "Feature",
      "properties": {
        "id": "0000825",
        "dataset_index": 825,
        "time_start": "1980-01-01",
        "time_end": "2023-12-31",
        "Hs_mean": 0.9509108066558838,
        "Hs_max": 13.68981647491455,
        "Hs_95": 1.9465384662151333,
        "Tp_mean": 6.5726823806762695,
        "Dp_mean": 149.20504760742188,
        "Dm_mean": 143.73223876953125,
        "Tm02_mean": 5.9659504890441895
      },
      "geometry": {
        "type": "Point",
        "coordinates": [
          -76.04505157470703,
          35.021297454833984
        ]
      }
    },
    {
      "type": "Feature",
      "properties": {
        "id": "0000826",
        "dataset_index": 826,
        "time_start": "1980-01-01",
        "time_end": "2023-12-31",
        "Hs_mean": 0.9495462775230408,
        "Hs_max": 13.709086418151855,
        "Hs_95": 1.9420971632003776,
        "Tp_mean": 6.542082786560059,
        "Dp_mean": 149.98170471191406,
        "Dm_mean": 144.511962890625,
        "Tm02_mean": 5.926945209503174
      },
      "geometry": {
        "type": "Point",
        "coordinates": [
          -76.04020690917969,
          35.02342987060547
        ]
      }
    },
    {
      "type": "Feature",
      "properties": {
        "id": "0000827",
        "dataset_index": 827,
        "time_start": "1980-01-01",
        "time_end": "2023-12-31",
        "Hs_mean": 0.9531684517860413,
        "Hs_max": 13.963960647583008,
        "Hs_95": 1.9511247396469116,
        "Tp_mean": 6.551692962646484,
        "Dp_mean": 149.89332580566406,
        "Dm_mean": 144.30560302734375,
        "Tm02_mean": 5.938690185546875
      },
      "geometry": {
        "type": "Point",
        "coordinates": [
          -76.03536224365234,
          35.02556228637695
        ]
      }
    },
    {
      "type": "Feature",
      "properties": {
        "id": "0000828",
        "dataset_index": 828,
        "time_start": "1980-01-01",
        "time_end": "2023-12-31",
        "Hs_mean": 0.9588419795036316,
        "Hs_max": 13.822494506835938,
        "Hs_95": 1.9583644926547994,
        "Tp_mean": 6.476457595825195,
        "Dp_mean": 149.20712280273438,
        "Dm_mean": 143.7458953857422,
        "Tm02_mean": 5.894684314727783
      },
      "geometry": {
        "type": "Point",
        "coordinates": [
          -76.030517578125,
          35.02769470214844
        ]
      }
    },
    {
      "type": "Feature",
      "properties": {
        "id": "0000829",
        "dataset_index": 829,
        "time_start": "1980-01-01",
        "time_end": "2023-12-31",
        "Hs_mean": 0.9572310447692871,
        "Hs_max": 13.494407653808594,
        "Hs_95": 1.9475462853908538,
        "Tp_mean": 6.465328216552734,
        "Dp_mean": 149.56988525390625,
        "Dm_mean": 143.82505798339844,
        "Tm02_mean": 5.893585205078125
      },
      "geometry": {
        "type": "Point",
        "coordinates": [
          -76.02567291259766,
          35.02982711791992
        ]
      }
    },
    {
      "type": "Feature",
      "properties": {
        "id": "0000830",
        "dataset_index": 830,
        "time_start": "1980-01-01",
        "time_end": "2023-12-31",
        "Hs_mean": 0.9563757181167603,
        "Hs_max": 13.423871040344238,
        "Hs_95": 1.9519671201705928,
        "Tp_mean": 6.512851238250732,
        "Dp_mean": 149.4456787109375,
        "Dm_mean": 144.20806884765625,
        "Tm02_mean": 5.928683280944824
      },
      "geometry": {
        "type": "Point",
        "coordinates": [
          -76.02082824707031,
          35.031959533691406
        ]
      }
    },
    {
      "type": "Feature",
      "properties": {
        "id": "0000831",
        "dataset_index": 831,
        "time_start": "1980-01-01",
        "time_end": "2023-12-31",
        "Hs_mean": 0.961989164352417,
        "Hs_max": 13.404088020324707,
        "Hs_95": 1.9617321252822861,
        "Tp_mean": 6.509067058563232,
        "Dp_mean": 149.38632202148438,
        "Dm_mean": 144.1613311767578,
        "Tm02_mean": 5.931970119476318
      },
      "geometry": {
        "type": "Point",
        "coordinates": [
          -76.01598358154297,
          35.034088134765625
        ]
      }
    },
    {
      "type": "Feature",
      "properties": {
        "id": "0000832",
        "dataset_index": 832,
        "time_start": "1980-01-01",
        "time_end": "2023-12-31",
        "Hs_mean": 0.965549647808075,
        "Hs_max": 13.699413299560547,
        "Hs_95": 1.9728902697563167,
        "Tp_mean": 6.52536678314209,
        "Dp_mean": 149.6381378173828,
        "Dm_mean": 144.49188232421875,
        "Tm02_mean": 5.941204071044922
      },
      "geometry": {
        "type": "Point",
        "coordinates": [
          -76.0111312866211,
          35.03622055053711
        ]
      }
    },
    {
      "type": "Feature",
      "properties": {
        "id": "0000833",
        "dataset_index": 833,
        "time_start": "1980-01-01",
        "time_end": "2023-12-31",
        "Hs_mean": 0.9651743769645691,
        "Hs_max": 13.526262283325195,
        "Hs_95": 1.9678504168987272,
        "Tp_mean": 6.461903095245361,
        "Dp_mean": 149.04383850097656,
        "Dm_mean": 143.8811492919922,
        "Tm02_mean": 5.8996901512146
      },
      "geometry": {
        "type": "Point",
        "coordinates": [
          -76.00628662109375,
          35.038352966308594
        ]
      }
    },
    {
      "type": "Feature",
      "properties": {
        "id": "0000834",
        "dataset_index": 834,
        "time_start": "1980-01-01",
        "time_end": "2023-12-31",
        "Hs_mean": 0.9574903845787048,
        "Hs_max": 13.315637588500977,
        "Hs_95": 1.9424070417881012,
        "Tp_mean": 6.4303178787231445,
        "Dp_mean": 149.24436950683594,
        "Dm_mean": 144.1505126953125,
        "Tm02_mean": 5.8638715744018555
      },
      "geometry": {
        "type": "Point",
        "coordinates": [
          -76.0014419555664,
          35.04048538208008
        ]
      }
    },
    {
      "type": "Feature",
      "properties": {
        "id": "0000835",
        "dataset_index": 835,
        "time_start": "1980-01-01",
        "time_end": "2023-12-31",
        "Hs_mean": 0.9545425772666931,
        "Hs_max": 13.21755313873291,
        "Hs_95": 1.9332882106304168,
        "Tp_mean": 6.418511867523193,
        "Dp_mean": 150.0182647705078,
        "Dm_mean": 144.9243927001953,
        "Tm02_mean": 5.854595184326172
      },
      "geometry": {
        "type": "Point",
        "coordinates": [
          -75.99659729003906,
          35.04261779785156
        ]
      }
    },
    {
      "type": "Feature",
      "properties": {
        "id": "0000836",
        "dataset_index": 836,
        "time_start": "1980-01-01",
        "time_end": "2023-12-31",
        "Hs_mean": 0.9676411747932434,
        "Hs_max": 13.6404390335083,
        "Hs_95": 1.9666431725025175,
        "Tp_mean": 6.437577724456787,
        "Dp_mean": 149.9833221435547,
        "Dm_mean": 144.91549682617188,
        "Tm02_mean": 5.862859725952148
      },
      "geometry": {
        "type": "Point",
        "coordinates": [
          -75.9922103881836,
          35.04523468017578
        ]
      }
    },
    {
      "type": "Feature",
      "properties": {
        "id": "0000837",
        "dataset_index": 837,
        "time_start": "1980-01-01",
        "time_end": "2023-12-31",
        "Hs_mean": 0.9763065576553345,
        "Hs_max": 14.408134460449219,
        "Hs_95": 1.9975823998451214,
        "Tp_mean": 6.519190788269043,
        "Dp_mean": 148.05455017089844,
        "Dm_mean": 143.1422882080078,
        "Tm02_mean": 5.938010215759277
      },
      "geometry": {
        "type": "Point",
        "coordinates": [
          -75.98847961425781,
          35.048545837402344
        ]
      }
    },
    {
      "type": "Feature",
      "properties": {
        "id": "0000838",
        "dataset_index": 838,
        "time_start": "1980-01-01",
        "time_end": "2023-12-31",
        "Hs_mean": 0.9605442881584167,
        "Hs_max": 13.98263931274414,
        "Hs_95": 1.9583707273006437,
        "Tp_mean": 6.47422456741333,
        "Dp_mean": 146.14544677734375,
        "Dm_mean": 141.372314453125,
        "Tm02_mean": 5.912162780761719
      },
      "geometry": {
        "type": "Point",
        "coordinates": [
          -75.9847412109375,
          35.05185317993164
        ]
      }
    },
    {
      "type": "Feature",
      "properties": {
        "id": "0000839",
        "dataset_index": 839,
        "time_start": "1980-01-01",
        "time_end": "2023-12-31",
        "Hs_mean": 0.9396212697029114,
        "Hs_max": 13.353466033935547,
        "Hs_95": 1.8985669016838072,
        "Tp_mean": 6.404851913452148,
        "Dp_mean": 146.0488739013672,
        "Dm_mean": 141.5026092529297,
        "Tm02_mean": 5.852285385131836
      },
      "geometry": {
        "type": "Point",
        "coordinates": [
          -75.98101043701172,
          35.05516052246094
        ]
      }
    },
    {
      "type": "Feature",
      "properties": {
        "id": "0000840",
        "dataset_index": 840,
        "time_start": "1980-01-01",
        "time_end": "2023-12-31",
        "Hs_mean": 0.9270601272583008,
        "Hs_max": 13.087594985961914,
        "Hs_95": 1.8607661128044124,
        "Tp_mean": 6.3543782234191895,
        "Dp_mean": 147.33526611328125,
        "Dm_mean": 142.6324920654297,
        "Tm02_mean": 5.79321813583374
      },
      "geometry": {
        "type": "Point",
        "coordinates": [
          -75.9772720336914,
          35.058467864990234
        ]
      }
    },
    {
      "type": "Feature",
      "properties": {
        "id": "0000841",
        "dataset_index": 841,
        "time_start": "1980-01-01",
        "time_end": "2023-12-31",
        "Hs_mean": 0.9271200895309448,
        "Hs_max": 13.111045837402344,
        "Hs_95": 1.8632191836833953,
        "Tp_mean": 6.335736274719238,
        "Dp_mean": 149.3759307861328,
        "Dm_mean": 144.65528869628906,
        "Tm02_mean": 5.775053024291992
      },
      "geometry": {
        "type": "Point",
        "coordinates": [
          -75.97354125976562,
          35.0617790222168
        ]
      }
    },
    {
      "type": "Feature",
      "properties": {
        "id": "0000842",
        "dataset_index": 842,
        "time_start": "1980-01-01",
        "time_end": "2023-12-31",
        "Hs_mean": 0.9312582612037659,
        "Hs_max": 13.184374809265137,
        "Hs_95": 1.8826637566089626,
        "Tp_mean": 6.387443542480469,
        "Dp_mean": 150.38259887695312,
        "Dm_mean": 145.60348510742188,
        "Tm02_mean": 5.8184661865234375
      },
      "geometry": {
        "type": "Point",
        "coordinates": [
          -75.96980285644531,
          35.065086364746094
        ]
      }
    },
    {
      "type": "Feature",
      "properties": {
        "id": "0000843",
        "dataset_index": 843,
        "time_start": "1980-01-01",
        "time_end": "2023-12-31",
        "Hs_mean": 0.9345178008079529,
        "Hs_max": 13.07006549835205,
        "Hs_95": 1.893969196081161,
        "Tp_mean": 6.414792537689209,
        "Dp_mean": 150.5177001953125,
        "Dm_mean": 145.8553009033203,
        "Tm02_mean": 5.839445114135742
      },
      "geometry": {
        "type": "Point",
        "coordinates": [
          -75.96607208251953,
          35.06839370727539
        ]
      }
    },
    {
      "type": "Feature",
      "properties": {
        "id": "0000844",
        "dataset_index": 844,
        "time_start": "1980-01-01",
        "time_end": "2023-12-31",
        "Hs_mean": 0.9369971752166748,
        "Hs_max": 13.017648696899414,
        "Hs_95": 1.894938045740127,
        "Tp_mean": 6.385222434997559,
        "Dp_mean": 150.47402954101562,
        "Dm_mean": 145.77536010742188,
        "Tm02_mean": 5.810750961303711
      },
      "geometry": {
        "type": "Point",
        "coordinates": [
          -75.96207427978516,
          35.07148361206055
        ]
      }
    },
    {
      "type": "Feature",
      "properties": {
        "id": "0000845",
        "dataset_index": 845,
        "time_start": "1980-01-01",
        "time_end": "2023-12-31",
        "Hs_mean": 0.9332274794578552,
        "Hs_max": 12.989287376403809,
        "Hs_95": 1.8895193576812739,
        "Tp_mean": 6.403840065002441,
        "Dp_mean": 149.75245666503906,
        "Dm_mean": 144.8788299560547,
        "Tm02_mean": 5.809060573577881
      },
      "geometry": {
        "type": "Point",
        "coordinates": [
          -75.95790100097656,
          35.07442092895508
        ]
      }
    },
    {
      "type": "Feature",
      "properties": {
        "id": "0000846",
        "dataset_index": 846,
        "time_start": "1980-01-01",
        "time_end": "2023-12-31",
        "Hs_mean": 0.931854784488678,
        "Hs_max": 12.952820777893066,
        "Hs_95": 1.8876904547214508,
        "Tp_mean": 6.4195237159729,
        "Dp_mean": 150.3054656982422,
        "Dm_mean": 145.37942504882812,
        "Tm02_mean": 5.819011688232422
      },
      "geometry": {
        "type": "Point",
        "coordinates": [
          -75.9537353515625,
          35.077362060546875
        ]
      }
    },
    {
      "type": "Feature",
      "properties": {
        "id": "0000847",
        "dataset_index": 847,
        "time_start": "1980-01-01",
        "time_end": "2023-12-31",
        "Hs_mean": 0.9329836368560791,
        "Hs_max": 13.277486801147461,
        "Hs_95": 1.8882337510585783,
        "Tp_mean": 6.465032577514648,
        "Dp_mean": 150.79373168945312,
        "Dm_mean": 145.85630798339844,
        "Tm02_mean": 5.8776373863220215
      },
      "geometry": {
        "type": "Point",
        "coordinates": [
          -75.9495620727539,
          35.080299377441406
        ]
      }
    },
    {
      "type": "Feature",
      "properties": {
        "id": "0000848",
        "dataset_index": 848,
        "time_start": "1980-01-01",
        "time_end": "2023-12-31",
        "Hs_mean": 0.9337108135223389,
        "Hs_max": 13.563193321228027,
        "Hs_95": 1.8964004516601562,
        "Tp_mean": 6.472910404205322,
        "Dp_mean": 150.5876007080078,
        "Dm_mean": 145.756103515625,
        "Tm02_mean": 5.8996663093566895
      },
      "geometry": {
        "type": "Point",
        "coordinates": [
          -75.94538879394531,
          35.0832405090332
        ]
      }
    },
    {
      "type": "Feature",
      "properties": {
        "id": "0000849",
        "dataset_index": 849,
        "time_start": "1980-01-01",
        "time_end": "2023-12-31",
        "Hs_mean": 0.930054247379303,
        "Hs_max": 13.261076927185059,
        "Hs_95": 1.889357018470764,
        "Tp_mean": 6.468084812164307,
        "Dp_mean": 149.97230529785156,
        "Dm_mean": 145.24339294433594,
        "Tm02_mean": 5.895313739776611
      },
      "geometry": {
        "type": "Point",
        "coordinates": [
          -75.94122314453125,
          35.086181640625
        ]
      }
    },
    {
      "type": "Feature",
      "properties": {
        "id": "0000850",
        "dataset_index": 850,
        "time_start": "1980-01-01",
        "time_end": "2023-12-31",
        "Hs_mean": 0.9255866408348083,
        "Hs_max": 12.84552001953125,
        "Hs_95": 1.8751442790031434,
        "Tp_mean": 6.464580059051514,
        "Dp_mean": 150.04043579101562,
        "Dm_mean": 145.4009552001953,
        "Tm02_mean": 5.890343189239502
      },
      "geometry": {
        "type": "Point",
        "coordinates": [
          -75.93704986572266,
          35.0891227722168
        ]
      }
    },
    {
      "type": "Feature",
      "properties": {
        "id": "0000851",
        "dataset_index": 851,
        "time_start": "1980-01-01",
        "time_end": "2023-12-31",
        "Hs_mean": 0.9245817065238953,
        "Hs_max": 12.904768943786621,
        "Hs_95": 1.8683682620525357,
        "Tp_mean": 6.492102146148682,
        "Dp_mean": 149.8597412109375,
        "Dm_mean": 145.32498168945312,
        "Tm02_mean": 5.920266628265381
      },
      "geometry": {
        "type": "Point",
        "coordinates": [
          -75.93287658691406,
          35.09206008911133
        ]
      }
    },
    {
      "type": "Feature",
      "properties": {
        "id": "0000852",
        "dataset_index": 852,
        "time_start": "1980-01-01",
        "time_end": "2023-12-31",
        "Hs_mean": 0.9204386472702026,
        "Hs_max": 12.792851448059082,
        "Hs_95": 1.8510660588741301,
        "Tp_mean": 6.4262518882751465,
        "Dp_mean": 149.97625732421875,
        "Dm_mean": 145.33140563964844,
        "Tm02_mean": 5.840841293334961
      },
      "geometry": {
        "type": "Point",
        "coordinates": [
          -75.9287109375,
          35.095001220703125
        ]
      }
    },
    {
      "type": "Feature",
      "properties": {
        "id": "0000853",
        "dataset_index": 853,
        "time_start": "1980-01-01",
        "time_end": "2023-12-31",
        "Hs_mean": 0.9163542985916138,
        "Hs_max": 12.793425559997559,
        "Hs_95": 1.8446654617786407,
        "Tp_mean": 6.395252704620361,
        "Dp_mean": 151.19561767578125,
        "Dm_mean": 146.4490203857422,
        "Tm02_mean": 5.811118125915527
      },
      "geometry": {
        "type": "Point",
        "coordinates": [
          -75.9245376586914,
          35.097938537597656
        ]
      }
    },
    {
      "type": "Feature",
      "properties": {
        "id": "0000854",
        "dataset_index": 854,
        "time_start": "1980-01-01",
        "time_end": "2023-12-31",
        "Hs_mean": 0.9182731509208679,
        "Hs_max": 12.79390811920166,
        "Hs_95": 1.860190314054489,
        "Tp_mean": 6.374467849731445,
        "Dp_mean": 152.23065185546875,
        "Dm_mean": 147.4063720703125,
        "Tm02_mean": 5.795756816864014
      },
      "geometry": {
        "type": "Point",
        "coordinates": [
          -75.91989135742188,
          35.10035705566406
        ]
      }
    },
    {
      "type": "Feature",
      "properties": {
        "id": "0000855",
        "dataset_index": 855,
        "time_start": "1980-01-01",
        "time_end": "2023-12-31",
        "Hs_mean": 0.9189291000366211,
        "Hs_max": 12.615546226501465,
        "Hs_95": 1.8700322866439818,
        "Tp_mean": 6.382090091705322,
        "Dp_mean": 152.85015869140625,
        "Dm_mean": 147.99172973632812,
        "Tm02_mean": 5.798213958740234
      },
      "geometry": {
        "type": "Point",
        "coordinates": [
          -75.91524505615234,
          35.102779388427734
        ]
      }
    },
    {
      "type": "Feature",
      "properties": {
        "id": "0000856",
        "dataset_index": 856,
        "time_start": "1980-01-01",
        "time_end": "2023-12-31",
        "Hs_mean": 0.924393355846405,
        "Hs_max": 12.649977684020996,
        "Hs_95": 1.8819870710372921,
        "Tp_mean": 6.408636569976807,
        "Dp_mean": 153.52151489257812,
        "Dm_mean": 148.66510009765625,
        "Tm02_mean": 5.815159797668457
      },
      "geometry": {
        "type": "Point",
        "coordinates": [
          -75.91060638427734,
          35.105201721191406
        ]
      }
    },
    {
      "type": "Feature",
      "properties": {
        "id": "0000857",
        "dataset_index": 857,
        "time_start": "1980-01-01",
        "time_end": "2023-12-31",
        "Hs_mean": 0.9253551363945007,
        "Hs_max": 12.693241119384766,
        "Hs_95": 1.8847996890544891,
        "Tp_mean": 6.431886196136475,
        "Dp_mean": 153.4803466796875,
        "Dm_mean": 148.66302490234375,
        "Tm02_mean": 5.832372665405273
      },
      "geometry": {
        "type": "Point",
        "coordinates": [
          -75.90596008300781,
          35.10762405395508
        ]
      }
    },
    {
      "type": "Feature",
      "properties": {
        "id": "0000858",
        "dataset_index": 858,
        "time_start": "1980-01-01",
        "time_end": "2023-12-31",
        "Hs_mean": 0.9285022020339966,
        "Hs_max": 12.567981719970703,
        "Hs_95": 1.8910888373851775,
        "Tp_mean": 6.423092842102051,
        "Dp_mean": 153.9478759765625,
        "Dm_mean": 149.0071258544922,
        "Tm02_mean": 5.84316349029541
      },
      "geometry": {
        "type": "Point",
        "coordinates": [
          -75.90132141113281,
          35.11004638671875
        ]
      }
    },
    {
      "type": "Feature",
      "properties": {
        "id": "0000859",
        "dataset_index": 859,
        "time_start": "1980-01-01",
        "time_end": "2023-12-31",
        "Hs_mean": 0.9323635101318359,
        "Hs_max": 12.711143493652344,
        "Hs_95": 1.9030988156795499,
        "Tp_mean": 6.454658508300781,
        "Dp_mean": 153.9078369140625,
        "Dm_mean": 149.00059509277344,
        "Tm02_mean": 5.879165172576904
      },
      "geometry": {
        "type": "Point",
        "coordinates": [
          -75.89667510986328,
          35.11246871948242
        ]
      }
    },
    {
      "type": "Feature",
      "properties": {
        "id": "0000860",
        "dataset_index": 860,
        "time_start": "1980-01-01",
        "time_end": "2023-12-31",
        "Hs_mean": 0.9365584254264832,
        "Hs_max": 12.739808082580566,
        "Hs_95": 1.9131106674671168,
        "Tp_mean": 6.44121789932251,
        "Dp_mean": 153.57591247558594,
        "Dm_mean": 148.68978881835938,
        "Tm02_mean": 5.868659019470215
      },
      "geometry": {
        "type": "Point",
        "coordinates": [
          -75.89203643798828,
          35.11488723754883
        ]
      }
    },
    {
      "type": "Feature",
      "properties": {
        "id": "0000861",
        "dataset_index": 861,
        "time_start": "1980-01-01",
        "time_end": "2023-12-31",
        "Hs_mean": 0.9366306066513062,
        "Hs_max": 12.859615325927734,
        "Hs_95": 1.9196366071701048,
        "Tp_mean": 6.441020965576172,
        "Dp_mean": 153.3433074951172,
        "Dm_mean": 148.4722442626953,
        "Tm02_mean": 5.872303009033203
      },
      "geometry": {
        "type": "Point",
        "coordinates": [
          -75.88739013671875,
          35.1173095703125
        ]
      }
    },
    {
      "type": "Feature",
      "properties": {
        "id": "0000862",
        "dataset_index": 862,
        "time_start": "1980-01-01",
        "time_end": "2023-12-31",
        "Hs_mean": 0.9330585598945618,
        "Hs_max": 12.593873977661133,
        "Hs_95": 1.9144083917140957,
        "Tp_mean": 6.4271769523620605,
        "Dp_mean": 153.2628173828125,
        "Dm_mean": 148.5153045654297,
        "Tm02_mean": 5.862643718719482
      },
      "geometry": {
        "type": "Point",
        "coordinates": [
          -75.88274383544922,
          35.11973190307617
        ]
      }
    },
    {
      "type": "Feature",
      "properties": {
        "id": "0000863",
        "dataset_index": 863,
        "time_start": "1980-01-01",
        "time_end": "2023-12-31",
        "Hs_mean": 0.9315394759178162,
        "Hs_max": 12.261232376098633,
        "Hs_95": 1.9073890924453731,
        "Tp_mean": 6.405324459075928,
        "Dp_mean": 153.2632598876953,
        "Dm_mean": 148.61288452148438,
        "Tm02_mean": 5.841650009155273
      },
      "geometry": {
        "type": "Point",
        "coordinates": [
          -75.87810516357422,
          35.122154235839844
        ]
      }
    },
    {
      "type": "Feature",
      "properties": {
        "id": "0000864",
        "dataset_index": 864,
        "time_start": "1980-01-01",
        "time_end": "2023-12-31",
        "Hs_mean": 0.926173985004425,
        "Hs_max": 12.026386260986328,
        "Hs_95": 1.8925869584083554,
        "Tp_mean": 6.406225204467773,
        "Dp_mean": 153.37977600097656,
        "Dm_mean": 148.89254760742188,
        "Tm02_mean": 5.83052396774292
      },
      "geometry": {
        "type": "Point",
        "coordinates": [
          -75.87345886230469,
          35.124576568603516
        ]
      }
    },
    {
      "type": "Feature",
      "properties": {
        "id": "0000865",
        "dataset_index": 865,
        "time_start": "1980-01-01",
        "time_end": "2023-12-31",
        "Hs_mean": 0.9221901893615723,
        "Hs_max": 12.118809700012207,
        "Hs_95": 1.8819923639297482,
        "Tp_mean": 6.428165912628174,
        "Dp_mean": 153.58070373535156,
        "Dm_mean": 149.2184295654297,
        "Tm02_mean": 5.844232559204102
      },
      "geometry": {
        "type": "Point",
        "coordinates": [
          -75.86920166015625,
          35.12742233276367
        ]
      }
    },
    {
      "type": "Feature",
      "properties": {
        "id": "0000866",
        "dataset_index": 866,
        "time_start": "1980-01-01",
        "time_end": "2023-12-31",
        "Hs_mean": 0.9190599322319031,
        "Hs_max": 12.047965049743652,
        "Hs_95": 1.8772449672222138,
        "Tp_mean": 6.417394161224365,
        "Dp_mean": 153.59234619140625,
        "Dm_mean": 149.1359100341797,
        "Tm02_mean": 5.841186046600342
      },
      "geometry": {
        "type": "Point",
        "coordinates": [
          -75.864990234375,
          35.13032913208008
        ]
      }
    },
    {
      "type": "Feature",
      "properties": {
        "id": "0000867",
        "dataset_index": 867,
        "time_start": "1980-01-01",
        "time_end": "2023-12-31",
        "Hs_mean": 0.9196028709411621,
        "Hs_max": 12.365446090698242,
        "Hs_95": 1.8874028444290158,
        "Tp_mean": 6.43930196762085,
        "Dp_mean": 153.47137451171875,
        "Dm_mean": 148.89625549316406,
        "Tm02_mean": 5.857659339904785
      },
      "geometry": {
        "type": "Point",
        "coordinates": [
          -75.86078643798828,
          35.13323974609375
        ]
      }
    },
    {
      "type": "Feature",
      "properties": {
        "id": "0000868",
        "dataset_index": 868,
        "time_start": "1980-01-01",
        "time_end": "2023-12-31",
        "Hs_mean": 0.9106366634368896,
        "Hs_max": 12.210931777954102,
        "Hs_95": 1.8732508778572075,
        "Tp_mean": 6.412201404571533,
        "Dp_mean": 153.07305908203125,
        "Dm_mean": 148.4789276123047,
        "Tm02_mean": 5.842681884765625
      },
      "geometry": {
        "type": "Point",
        "coordinates": [
          -75.85657501220703,
          35.13614273071289
        ]
      }
    },
    {
      "type": "Feature",
      "properties": {
        "id": "0000869",
        "dataset_index": 869,
        "time_start": "1980-01-01",
        "time_end": "2023-12-31",
        "Hs_mean": 0.9031166434288025,
        "Hs_max": 11.45481014251709,
        "Hs_95": 1.848141080141067,
        "Tp_mean": 6.30906867980957,
        "Dp_mean": 154.0202178955078,
        "Dm_mean": 149.4479522705078,
        "Tm02_mean": 5.753303050994873
      },
      "geometry": {
        "type": "Point",
        "coordinates": [
          -75.85237121582031,
          35.1390495300293
        ]
      }
    },
    {
      "type": "Feature",
      "properties": {
        "id": "0000870",
        "dataset_index": 870,
        "time_start": "1980-01-01",
        "time_end": "2023-12-31",
        "Hs_mean": 0.8974702954292297,
        "Hs_max": 10.912880897521973,
        "Hs_95": 1.8324651777744292,
        "Tp_mean": 6.31666898727417,
        "Dp_mean": 155.87879943847656,
        "Dm_mean": 151.36529541015625,
        "Tm02_mean": 5.741977691650391
      },
      "geometry": {
        "type": "Point",
        "coordinates": [
          -75.84815979003906,
          35.1419563293457
        ]
      }
    },
    {
      "type": "Feature",
      "properties": {
        "id": "0000871",
        "dataset_index": 871,
        "time_start": "1980-01-01",
        "time_end": "2023-12-31",
        "Hs_mean": 0.9000350832939148,
        "Hs_max": 11.069297790527344,
        "Hs_95": 1.8446118235588067,
        "Tp_mean": 6.35640811920166,
        "Dp_mean": 157.7430419921875,
        "Dm_mean": 153.3619384765625,
        "Tm02_mean": 5.768219947814941
      },
      "geometry": {
        "type": "Point",
        "coordinates": [
          -75.8435287475586,
          35.144187927246094
        ]
      }
    },
    {
      "type": "Feature",
      "properties": {
        "id": "0000872",
        "dataset_index": 872,
        "time_start": "1980-01-01",
        "time_end": "2023-12-31",
        "Hs_mean": 0.9120155572891235,
        "Hs_max": 11.657441139221191,
        "Hs_95": 1.8780528783798216,
        "Tp_mean": 6.342353820800781,
        "Dp_mean": 158.3612823486328,
        "Dm_mean": 153.9221649169922,
        "Tm02_mean": 5.754358768463135
      },
      "geometry": {
        "type": "Point",
        "coordinates": [
          -75.83819580078125,
          35.145328521728516
        ]
      }
    },
    {
      "type": "Feature",
      "properties": {
        "id": "0000873",
        "dataset_index": 873,
        "time_start": "1980-01-01",
        "time_end": "2023-12-31",
        "Hs_mean": 0.9176375269889832,
        "Hs_max": 11.706724166870117,
        "Hs_95": 1.8940902709960934,
        "Tp_mean": 6.354753017425537,
        "Dp_mean": 158.65635681152344,
        "Dm_mean": 154.44882202148438,
        "Tm02_mean": 5.7389936447143555
      },
      "geometry": {
        "type": "Point",
        "coordinates": [
          -75.8328628540039,
          35.1464729309082
        ]
      }
    },
    {
      "type": "Feature",
      "properties": {
        "id": "0000874",
        "dataset_index": 874,
        "time_start": "1980-01-01",
        "time_end": "2023-12-31",
        "Hs_mean": 0.9289224743843079,
        "Hs_max": 11.706560134887695,
        "Hs_95": 1.916520571708679,
        "Tp_mean": 6.381613731384277,
        "Dp_mean": 158.76513671875,
        "Dm_mean": 154.89312744140625,
        "Tm02_mean": 5.757216930389404
      },
      "geometry": {
        "type": "Point",
        "coordinates": [
          -75.8275375366211,
          35.147613525390625
        ]
      }
    },
    {
      "type": "Feature",
      "properties": {
        "id": "0000875",
        "dataset_index": 875,
        "time_start": "1980-01-01",
        "time_end": "2023-12-31",
        "Hs_mean": 0.9356401562690735,
        "Hs_max": 12.351335525512695,
        "Hs_95": 1.9277142405509946,
        "Tp_mean": 6.355847358703613,
        "Dp_mean": 158.53028869628906,
        "Dm_mean": 154.55030822753906,
        "Tm02_mean": 5.73760986328125
      },
      "geometry": {
        "type": "Point",
        "coordinates": [
          -75.82220458984375,
          35.14875793457031
        ]
      }
    },
    {
      "type": "Feature",
      "properties": {
        "id": "0000876",
        "dataset_index": 876,
        "time_start": "1980-01-01",
        "time_end": "2023-12-31",
        "Hs_mean": 0.9340788722038269,
        "Hs_max": 12.69042682647705,
        "Hs_95": 1.9400386929512023,
        "Tp_mean": 6.349908828735352,
        "Dp_mean": 158.58087158203125,
        "Dm_mean": 154.8966064453125,
        "Tm02_mean": 5.736009120941162
      },
      "geometry": {
        "type": "Point",
        "coordinates": [
          -75.81687927246094,
          35.149898529052734
        ]
      }
    },
    {
      "type": "Feature",
      "properties": {
        "id": "0000877",
        "dataset_index": 877,
        "time_start": "1980-01-01",
        "time_end": "2023-12-31",
        "Hs_mean": 0.9341239929199219,
        "Hs_max": 12.918858528137207,
        "Hs_95": 1.9557474434375761,
        "Tp_mean": 6.32603120803833,
        "Dp_mean": 158.25341796875,
        "Dm_mean": 154.6096954345703,
        "Tm02_mean": 5.752797603607178
      },
      "geometry": {
        "type": "Point",
        "coordinates": [
          -75.8115463256836,
          35.15104293823242
        ]
      }
    },
    {
      "type": "Feature",
      "properties": {
        "id": "0000878",
        "dataset_index": 878,
        "time_start": "1980-01-01",
        "time_end": "2023-12-31",
        "Hs_mean": 0.9299439191818237,
        "Hs_max": 12.37299919128418,
        "Hs_95": 1.9437470853328702,
        "Tp_mean": 6.348724842071533,
        "Dp_mean": 159.14898681640625,
        "Dm_mean": 155.53753662109375,
        "Tm02_mean": 5.78544282913208
      },
      "geometry": {
        "type": "Point",
        "coordinates": [
          -75.80622100830078,
          35.152183532714844
        ]
      }
    },
    {
      "type": "Feature",
      "properties": {
        "id": "0000879",
        "dataset_index": 879,
        "time_start": "1980-01-01",
        "time_end": "2023-12-31",
        "Hs_mean": 0.9340721964836121,
        "Hs_max": 11.943022727966309,
        "Hs_95": 1.9399157166481011,
        "Tp_mean": 6.3638482093811035,
        "Dp_mean": 159.21018981933594,
        "Dm_mean": 155.72015380859375,
        "Tm02_mean": 5.793478965759277
      },
      "geometry": {
        "type": "Point",
        "coordinates": [
          -75.80088806152344,
          35.15332794189453
        ]
      }
    },
    {
      "type": "Feature",
      "properties": {
        "id": "0000880",
        "dataset_index": 880,
        "time_start": "1980-01-01",
        "time_end": "2023-12-31",
        "Hs_mean": 0.9394539594650269,
        "Hs_max": 11.842470169067383,
        "Hs_95": 1.9447797358036036,
        "Tp_mean": 6.396027088165283,
        "Dp_mean": 159.2362060546875,
        "Dm_mean": 155.65997314453125,
        "Tm02_mean": 5.823829174041748
      },
      "geometry": {
        "type": "Point",
        "coordinates": [
          -75.79556274414062,
          35.15446853637695
        ]
      }
    },
    {
      "type": "Feature",
      "properties": {
        "id": "0000881",
        "dataset_index": 881,
        "time_start": "1980-01-01",
        "time_end": "2023-12-31",
        "Hs_mean": 0.9416083097457886,
        "Hs_max": 12.216217041015625,
        "Hs_95": 1.9596889436244962,
        "Tp_mean": 6.4244608879089355,
        "Dp_mean": 159.554931640625,
        "Dm_mean": 155.95016479492188,
        "Tm02_mean": 5.837423324584961
      },
      "geometry": {
        "type": "Point",
        "coordinates": [
          -75.79022979736328,
          35.155609130859375
        ]
      }
    },
    {
      "type": "Feature",
      "properties": {
        "id": "0000882",
        "dataset_index": 882,
        "time_start": "1980-01-01",
        "time_end": "2023-12-31",
        "Hs_mean": 0.9516037106513977,
        "Hs_max": 12.910573959350586,
        "Hs_95": 1.997668123245239,
        "Tp_mean": 6.397894859313965,
        "Dp_mean": 158.6658477783203,
        "Dm_mean": 155.12374877929688,
        "Tm02_mean": 5.8405256271362305
      },
      "geometry": {
        "type": "Point",
        "coordinates": [
          -75.78490447998047,
          35.15675354003906
        ]
      }
    },
    {
      "type": "Feature",
      "properties": {
        "id": "0000883",
        "dataset_index": 883,
        "time_start": "1980-01-01",
        "time_end": "2023-12-31",
        "Hs_mean": 0.9513975381851196,
        "Hs_max": 12.278192520141602,
        "Hs_95": 1.988252061605453,
        "Tp_mean": 6.347652912139893,
        "Dp_mean": 157.9820556640625,
        "Dm_mean": 154.40771484375,
        "Tm02_mean": 5.807005882263184
      },
      "geometry": {
        "type": "Point",
        "coordinates": [
          -75.77957153320312,
          35.157894134521484
        ]
      }
    },
    {
      "type": "Feature",
      "properties": {
        "id": "0000884",
        "dataset_index": 884,
        "time_start": "1980-01-01",
        "time_end": "2023-12-31",
        "Hs_mean": 0.9483254551887512,
        "Hs_max": 11.463663101196289,
        "Hs_95": 1.9577030837535856,
        "Tp_mean": 6.380598545074463,
        "Dp_mean": 158.76930236816406,
        "Dm_mean": 154.8626251220703,
        "Tm02_mean": 5.8174848556518555
      },
      "geometry": {
        "type": "Point",
        "coordinates": [
          -75.77424621582031,
          35.15903854370117
        ]
      }
    },
    {
      "type": "Feature",
      "properties": {
        "id": "0000885",
        "dataset_index": 885,
        "time_start": "1980-01-01",
        "time_end": "2023-12-31",
        "Hs_mean": 0.9596105813980103,
        "Hs_max": 12.602316856384277,
        "Hs_95": 1.9771719336509703,
        "Tp_mean": 6.357875823974609,
        "Dp_mean": 158.54983520507812,
        "Dm_mean": 154.59678649902344,
        "Tm02_mean": 5.814391613006592
      },
      "geometry": {
        "type": "Point",
        "coordinates": [
          -75.76891326904297,
          35.160179138183594
        ]
      }
    },
    {
      "type": "Feature",
      "properties": {
        "id": "0000886",
        "dataset_index": 886,
        "time_start": "1980-01-01",
        "time_end": "2023-12-31",
        "Hs_mean": 0.9593634009361267,
        "Hs_max": 12.58100414276123,
        "Hs_95": 1.9867164671421038,
        "Tp_mean": 6.33392858505249,
        "Dp_mean": 157.45346069335938,
        "Dm_mean": 153.48699951171875,
        "Tm02_mean": 5.798508167266846
      },
      "geometry": {
        "type": "Point",
        "coordinates": [
          -75.76358795166016,
          35.16132354736328
        ]
      }
    },
    {
      "type": "Feature",
      "properties": {
        "id": "0000887",
        "dataset_index": 887,
        "time_start": "1980-01-01",
        "time_end": "2023-12-31",
        "Hs_mean": 0.9560211896896362,
        "Hs_max": 11.629829406738281,
        "Hs_95": 1.9660765349864953,
        "Tp_mean": 6.217743873596191,
        "Dp_mean": 157.328857421875,
        "Dm_mean": 153.3022918701172,
        "Tm02_mean": 5.71526575088501
      },
      "geometry": {
        "type": "Point",
        "coordinates": [
          -75.75825500488281,
          35.1624641418457
        ]
      }
    },
    {
      "type": "Feature",
      "properties": {
        "id": "0000888",
        "dataset_index": 888,
        "time_start": "1980-01-01",
        "time_end": "2023-12-31",
        "Hs_mean": 0.9573288559913635,
        "Hs_max": 10.929508209228516,
        "Hs_95": 1.9520480394363402,
        "Tp_mean": 6.200057506561279,
        "Dp_mean": 158.5001678466797,
        "Dm_mean": 154.37843322753906,
        "Tm02_mean": 5.688309192657471
      },
      "geometry": {
        "type": "Point",
        "coordinates": [
          -75.7529296875,
          35.16360855102539
        ]
      }
    },
    {
      "type": "Feature",
      "properties": {
        "id": "0000889",
        "dataset_index": 889,
        "time_start": "1980-01-01",
        "time_end": "2023-12-31",
        "Hs_mean": 0.9623460173606873,
        "Hs_max": 11.301969528198242,
        "Hs_95": 1.964384412765503,
        "Tp_mean": 6.2729010581970215,
        "Dp_mean": 159.2204132080078,
        "Dm_mean": 155.3245849609375,
        "Tm02_mean": 5.75209903717041
      },
      "geometry": {
        "type": "Point",
        "coordinates": [
          -75.74759674072266,
          35.16474914550781
        ]
      }
    },
    {
      "type": "Feature",
      "properties": {
        "id": "0000890",
        "dataset_index": 890,
        "time_start": "1980-01-01",
        "time_end": "2023-12-31",
        "Hs_mean": 0.9701311588287354,
        "Hs_max": 11.593000411987305,
        "Hs_95": 1.9907004833221436,
        "Tp_mean": 6.265885353088379,
        "Dp_mean": 159.79820251464844,
        "Dm_mean": 156.30194091796875,
        "Tm02_mean": 5.761715412139893
      },
      "geometry": {
        "type": "Point",
        "coordinates": [
          -75.74226379394531,
          35.1658935546875
        ]
      }
    },
    {
      "type": "Feature",
      "properties": {
        "id": "0000891",
        "dataset_index": 891,
        "time_start": "1980-01-01",
        "time_end": "2023-12-31",
        "Hs_mean": 0.9728637337684631,
        "Hs_max": 11.345788955688477,
        "Hs_95": 2.0084275245666503,
        "Tp_mean": 6.279666900634766,
        "Dp_mean": 159.66317749023438,
        "Dm_mean": 156.45761108398438,
        "Tm02_mean": 5.780241966247559
      },
      "geometry": {
        "type": "Point",
        "coordinates": [
          -75.73719787597656,
          35.167564392089844
        ]
      }
    },
    {
      "type": "Feature",
      "properties": {
        "id": "0000892",
        "dataset_index": 892,
        "time_start": "1980-01-01",
        "time_end": "2023-12-31",
        "Hs_mean": 0.9667505025863647,
        "Hs_max": 11.358648300170898,
        "Hs_95": 1.9961603343486778,
        "Tp_mean": 6.334888458251953,
        "Dp_mean": 158.79440307617188,
        "Dm_mean": 155.7372589111328,
        "Tm02_mean": 5.8119049072265625
      },
      "geometry": {
        "type": "Point",
        "coordinates": [
          -75.73239135742188,
          35.169769287109375
        ]
      }
    },
    {
      "type": "Feature",
      "properties": {
        "id": "0000893",
        "dataset_index": 893,
        "time_start": "1980-01-01",
        "time_end": "2023-12-31",
        "Hs_mean": 0.9508025050163269,
        "Hs_max": 11.562836647033691,
        "Hs_95": 1.9546325922012326,
        "Tp_mean": 6.349227428436279,
        "Dp_mean": 158.88929748535156,
        "Dm_mean": 155.36483764648438,
        "Tm02_mean": 5.822570323944092
      },
      "geometry": {
        "type": "Point",
        "coordinates": [
          -75.72759246826172,
          35.17197799682617
        ]
      }
    },
    {
      "type": "Feature",
      "properties": {
        "id": "0000894",
        "dataset_index": 894,
        "time_start": "1980-01-01",
        "time_end": "2023-12-31",
        "Hs_mean": 0.9450011253356934,
        "Hs_max": 11.394299507141113,
        "Hs_95": 1.942863219976425,
        "Tp_mean": 6.289191246032715,
        "Dp_mean": 159.07054138183594,
        "Dm_mean": 155.4840087890625,
        "Tm02_mean": 5.773512363433838
      },
      "geometry": {
        "type": "Point",
        "coordinates": [
          -75.72278594970703,
          35.17418670654297
        ]
      }
    },
    {
      "type": "Feature",
      "properties": {
        "id": "0000895",
        "dataset_index": 895,
        "time_start": "1980-01-01",
        "time_end": "2023-12-31",
        "Hs_mean": 0.9439640641212463,
        "Hs_max": 11.056299209594727,
        "Hs_95": 1.9468176782131195,
        "Tp_mean": 6.299243927001953,
        "Dp_mean": 159.49276733398438,
        "Dm_mean": 155.99578857421875,
        "Tm02_mean": 5.773550987243652
      },
      "geometry": {
        "type": "Point",
        "coordinates": [
          -75.71797943115234,
          35.176395416259766
        ]
      }
    },
    {
      "type": "Feature",
      "properties": {
        "id": "0000896",
        "dataset_index": 896,
        "time_start": "1980-01-01",
        "time_end": "2023-12-31",
        "Hs_mean": 0.9431909322738647,
        "Hs_max": 10.737138748168945,
        "Hs_95": 1.9514201045036312,
        "Tp_mean": 6.326394081115723,
        "Dp_mean": 159.60345458984375,
        "Dm_mean": 156.11085510253906,
        "Tm02_mean": 5.808622360229492
      },
      "geometry": {
        "type": "Point",
        "coordinates": [
          -75.71318054199219,
          35.1786003112793
        ]
      }
    },
    {
      "type": "Feature",
      "properties": {
        "id": "0000897",
        "dataset_index": 897,
        "time_start": "1980-01-01",
        "time_end": "2023-12-31",
        "Hs_mean": 0.9473488330841064,
        "Hs_max": 10.439130783081055,
        "Hs_95": 1.9555630981922147,
        "Tp_mean": 6.321437835693359,
        "Dp_mean": 159.74952697753906,
        "Dm_mean": 156.35243225097656,
        "Tm02_mean": 5.817778587341309
      },
      "geometry": {
        "type": "Point",
        "coordinates": [
          -75.7083740234375,
          35.180809020996094
        ]
      }
    },
    {
      "type": "Feature",
      "properties": {
        "id": "0000898",
        "dataset_index": 898,
        "time_start": "1980-01-01",
        "time_end": "2023-12-31",
        "Hs_mean": 0.9456720352172852,
        "Hs_max": 10.775145530700684,
        "Hs_95": 1.9464587390422818,
        "Tp_mean": 6.360280990600586,
        "Dp_mean": 159.74032592773438,
        "Dm_mean": 156.5942840576172,
        "Tm02_mean": 5.850905895233154
      },
      "geometry": {
        "type": "Point",
        "coordinates": [
          -75.70356750488281,
          35.18301773071289
        ]
      }
    },
    {
      "type": "Feature",
      "properties": {
        "id": "0000899",
        "dataset_index": 899,
        "time_start": "1980-01-01",
        "time_end": "2023-12-31",
        "Hs_mean": 0.9380660653114319,
        "Hs_max": 10.945377349853516,
        "Hs_95": 1.9219377815723417,
        "Tp_mean": 6.3416266441345215,
        "Dp_mean": 159.30384826660156,
        "Dm_mean": 156.04202270507812,
        "Tm02_mean": 5.839341163635254
      },
      "geometry": {
        "type": "Point",
        "coordinates": [
          -75.69876861572266,
          35.18522644042969
        ]
      }
    },
    {
      "type": "Feature",
      "properties": {
        "id": "0000900",
        "dataset_index": 900,
        "time_start": "1980-01-01",
        "time_end": "2023-12-31",
        "Hs_mean": 0.9326401352882385,
        "Hs_max": 10.658406257629395,
        "Hs_95": 1.8969400644302368,
        "Tp_mean": 6.300528526306152,
        "Dp_mean": 159.306396484375,
        "Dm_mean": 155.83189392089844,
        "Tm02_mean": 5.798964977264404
      },
      "geometry": {
        "type": "Point",
        "coordinates": [
          -75.69396209716797,
          35.18743133544922
        ]
      }
    },
    {
      "type": "Feature",
      "properties": {
        "id": "0000901",
        "dataset_index": 901,
        "time_start": "1980-01-01",
        "time_end": "2023-12-31",
        "Hs_mean": 0.9279177784919739,
        "Hs_max": 10.623208045959473,
        "Hs_95": 1.8822737395763396,
        "Tp_mean": 6.3031907081604,
        "Dp_mean": 159.83468627929688,
        "Dm_mean": 156.38783264160156,
        "Tm02_mean": 5.786427974700928
      },
      "geometry": {
        "type": "Point",
        "coordinates": [
          -75.68916320800781,
          35.189640045166016
        ]
      }
    },
    {
      "type": "Feature",
      "properties": {
        "id": "0000902",
        "dataset_index": 902,
        "time_start": "1980-01-01",
        "time_end": "2023-12-31",
        "Hs_mean": 0.9288241863250732,
        "Hs_max": 11.218700408935547,
        "Hs_95": 1.8940407633781433,
        "Tp_mean": 6.317473411560059,
        "Dp_mean": 160.64634704589844,
        "Dm_mean": 157.36965942382812,
        "Tm02_mean": 5.792505264282227
      },
      "geometry": {
        "type": "Point",
        "coordinates": [
          -75.68435668945312,
          35.19184875488281
        ]
      }
    },
    {
      "type": "Feature",
      "properties": {
        "id": "0000903",
        "dataset_index": 903,
        "time_start": "1980-01-01",
        "time_end": "2023-12-31",
        "Hs_mean": 0.9331029653549194,
        "Hs_max": 11.190145492553711,
        "Hs_95": 1.9118927836418151,
        "Tp_mean": 6.353874206542969,
        "Dp_mean": 160.28994750976562,
        "Dm_mean": 156.78350830078125,
        "Tm02_mean": 5.826467037200928
      },
      "geometry": {
        "type": "Point",
        "coordinates": [
          -75.67948913574219,
          35.19392776489258
        ]
      }
    },
    {
      "type": "Feature",
      "properties": {
        "id": "0000904",
        "dataset_index": 904,
        "time_start": "1980-01-01",
        "time_end": "2023-12-31",
        "Hs_mean": 0.9335219860076904,
        "Hs_max": 10.926127433776855,
        "Hs_95": 1.9196406900882719,
        "Tp_mean": 6.412590503692627,
        "Dp_mean": 160.3935089111328,
        "Dm_mean": 156.9134521484375,
        "Tm02_mean": 5.868196487426758
      },
      "geometry": {
        "type": "Point",
        "coordinates": [
          -75.67420196533203,
          35.19521713256836
        ]
      }
    },
    {
      "type": "Feature",
      "properties": {
        "id": "0000905",
        "dataset_index": 905,
        "time_start": "1980-01-01",
        "time_end": "2023-12-31",
        "Hs_mean": 0.934104859828949,
        "Hs_max": 10.758746147155762,
        "Hs_95": 1.9241697967052458,
        "Tp_mean": 6.413352966308594,
        "Dp_mean": 160.17967224121094,
        "Dm_mean": 156.72592163085938,
        "Tm02_mean": 5.877102375030518
      },
      "geometry": {
        "type": "Point",
        "coordinates": [
          -75.6689224243164,
          35.19650650024414
        ]
      }
    },
    {
      "type": "Feature",
      "properties": {
        "id": "0000906",
        "dataset_index": 906,
        "time_start": "1980-01-01",
        "time_end": "2023-12-31",
        "Hs_mean": 0.9318059086799622,
        "Hs_max": 10.688677787780762,
        "Hs_95": 1.9143659174442287,
        "Tp_mean": 6.36410665512085,
        "Dp_mean": 161.40017700195312,
        "Dm_mean": 158.3031005859375,
        "Tm02_mean": 5.826129913330078
      },
      "geometry": {
        "type": "Point",
        "coordinates": [
          -75.66363525390625,
          35.197792053222656
        ]
      }
    },
    {
      "type": "Feature",
      "properties": {
        "id": "0000907",
        "dataset_index": 907,
        "time_start": "1980-01-01",
        "time_end": "2023-12-31",
        "Hs_mean": 0.931111216545105,
        "Hs_max": 10.870749473571777,
        "Hs_95": 1.9119914054870606,
        "Tp_mean": 6.354560852050781,
        "Dp_mean": 161.7305450439453,
        "Dm_mean": 159.02952575683594,
        "Tm02_mean": 5.820692539215088
      },
      "geometry": {
        "type": "Point",
        "coordinates": [
          -75.65835571289062,
          35.19908142089844
        ]
      }
    },
    {
      "type": "Feature",
      "properties": {
        "id": "0000908",
        "dataset_index": 908,
        "time_start": "1980-01-01",
        "time_end": "2023-12-31",
        "Hs_mean": 0.9372614026069641,
        "Hs_max": 11.207792282104492,
        "Hs_95": 1.9230569779872893,
        "Tp_mean": 6.326898097991943,
        "Dp_mean": 161.55931091308594,
        "Dm_mean": 158.87257385253906,
        "Tm02_mean": 5.815930366516113
      },
      "geometry": {
        "type": "Point",
        "coordinates": [
          -75.653076171875,
          35.20037078857422
        ]
      }
    },
    {
      "type": "Feature",
      "properties": {
        "id": "0000909",
        "dataset_index": 909,
        "time_start": "1980-01-01",
        "time_end": "2023-12-31",
        "Hs_mean": 0.9384061098098755,
        "Hs_max": 11.111710548400879,
        "Hs_95": 1.9230928421020508,
        "Tp_mean": 6.333320617675781,
        "Dp_mean": 160.84979248046875,
        "Dm_mean": 158.05941772460938,
        "Tm02_mean": 5.821118354797363
      },
      "geometry": {
        "type": "Point",
        "coordinates": [
          -75.64778900146484,
          35.201656341552734
        ]
      }
    },
    {
      "type": "Feature",
      "properties": {
        "id": "0000910",
        "dataset_index": 910,
        "time_start": "1980-01-01",
        "time_end": "2023-12-31",
        "Hs_mean": 0.9431268572807312,
        "Hs_max": 10.506475448608398,
        "Hs_95": 1.9243751823902124,
        "Tp_mean": 6.288088321685791,
        "Dp_mean": 160.89041137695312,
        "Dm_mean": 158.27369689941406,
        "Tm02_mean": 5.785907745361328
      },
      "geometry": {
        "type": "Point",
        "coordinates": [
          -75.64250946044922,
          35.202945709228516
        ]
      }
    },
    {
      "type": "Feature",
      "properties": {
        "id": "0000911",
        "dataset_index": 911,
        "time_start": "1980-01-01",
        "time_end": "2023-12-31",
        "Hs_mean": 0.9482576847076416,
        "Hs_max": 9.865623474121094,
        "Hs_95": 1.9251688182353972,
        "Tp_mean": 6.279052257537842,
        "Dp_mean": 161.10411071777344,
        "Dm_mean": 158.85394287109375,
        "Tm02_mean": 5.796528339385986
      },
      "geometry": {
        "type": "Point",
        "coordinates": [
          -75.63722229003906,
          35.2042350769043
        ]
      }
    },
    {
      "type": "Feature",
      "properties": {
        "id": "0000912",
        "dataset_index": 912,
        "time_start": "1980-01-01",
        "time_end": "2023-12-31",
        "Hs_mean": 0.9406875967979431,
        "Hs_max": 9.467720031738281,
        "Hs_95": 1.911981403827667,
        "Tp_mean": 6.354229927062988,
        "Dp_mean": 161.6227264404297,
        "Dm_mean": 159.24609375,
        "Tm02_mean": 5.849867343902588
      },
      "geometry": {
        "type": "Point",
        "coordinates": [
          -75.63194274902344,
          35.20552444458008
        ]
      }
    },
    {
      "type": "Feature",
      "properties": {
        "id": "0000913",
        "dataset_index": 913,
        "time_start": "1980-01-01",
        "time_end": "2023-12-31",
        "Hs_mean": 0.9402666687965393,
        "Hs_max": 9.496306419372559,
        "Hs_95": 1.9051333189010617,
        "Tp_mean": 6.342893123626709,
        "Dp_mean": 161.59788513183594,
        "Dm_mean": 159.06224060058594,
        "Tm02_mean": 5.883688449859619
      },
      "geometry": {
        "type": "Point",
        "coordinates": [
          -75.62666320800781,
          35.20681381225586
        ]
      }
    },
    {
      "type": "Feature",
      "properties": {
        "id": "0000914",
        "dataset_index": 914,
        "time_start": "1980-01-01",
        "time_end": "2023-12-31",
        "Hs_mean": 0.9388124942779541,
        "Hs_max": 9.559682846069336,
        "Hs_95": 1.9026734471321103,
        "Tp_mean": 6.389891624450684,
        "Dp_mean": 162.09365844726562,
        "Dm_mean": 159.23533630371094,
        "Tm02_mean": 5.936618804931641
      },
      "geometry": {
        "type": "Point",
        "coordinates": [
          -75.62137603759766,
          35.208099365234375
        ]
      }
    },
    {
      "type": "Feature",
      "properties": {
        "id": "0000915",
        "dataset_index": 915,
        "time_start": "1980-01-01",
        "time_end": "2023-12-31",
        "Hs_mean": 0.9454542398452759,
        "Hs_max": 9.690845489501953,
        "Hs_95": 1.9164437413215634,
        "Tp_mean": 6.4210968017578125,
        "Dp_mean": 162.31097412109375,
        "Dm_mean": 159.56907653808594,
        "Tm02_mean": 6.009326457977295
      },
      "geometry": {
        "type": "Point",
        "coordinates": [
          -75.61609649658203,
          35.209388732910156
        ]
      }
    },
    {
      "type": "Feature",
      "properties": {
        "id": "0000916",
        "dataset_index": 916,
        "time_start": "1980-01-01",
        "time_end": "2023-12-31",
        "Hs_mean": 0.9453264474868774,
        "Hs_max": 9.693936347961426,
        "Hs_95": 1.9098539531230925,
        "Tp_mean": 6.435323715209961,
        "Dp_mean": 161.20668029785156,
        "Dm_mean": 158.7403564453125,
        "Tm02_mean": 6.003238201141357
      },
      "geometry": {
        "type": "Point",
        "coordinates": [
          -75.61080932617188,
          35.21067810058594
        ]
      }
    },
    {
      "type": "Feature",
      "properties": {
        "id": "0000917",
        "dataset_index": 917,
        "time_start": "1980-01-01",
        "time_end": "2023-12-31",
        "Hs_mean": 0.9282951354980469,
        "Hs_max": 9.488173484802246,
        "Hs_95": 1.8685701668262478,
        "Tp_mean": 6.469761371612549,
        "Dp_mean": 161.2156219482422,
        "Dm_mean": 158.59078979492188,
        "Tm02_mean": 6.033886432647705
      },
      "geometry": {
        "type": "Point",
        "coordinates": [
          -75.60552978515625,
          35.21196365356445
        ]
      }
    },
    {
      "type": "Feature",
      "properties": {
        "id": "0000918",
        "dataset_index": 918,
        "time_start": "1980-01-01",
        "time_end": "2023-12-31",
        "Hs_mean": 0.9175165295600891,
        "Hs_max": 9.290600776672363,
        "Hs_95": 1.8325772523880002,
        "Tp_mean": 6.4181342124938965,
        "Dp_mean": 161.6128692626953,
        "Dm_mean": 158.22727966308594,
        "Tm02_mean": 6.014575004577637
      },
      "geometry": {
        "type": "Point",
        "coordinates": [
          -75.60025024414062,
          35.213253021240234
        ]
      }
    },
    {
      "type": "Feature",
      "properties": {
        "id": "0000919",
        "dataset_index": 919,
        "time_start": "1980-01-01",
        "time_end": "2023-12-31",
        "Hs_mean": 0.910089373588562,
        "Hs_max": 9.229095458984375,
        "Hs_95": 1.8183417439460752,
        "Tp_mean": 6.406518936157227,
        "Dp_mean": 162.88658142089844,
        "Dm_mean": 159.3534393310547,
        "Tm02_mean": 6.012978553771973
      },
      "geometry": {
        "type": "Point",
        "coordinates": [
          -75.59496307373047,
          35.214542388916016
        ]
      }
    },
    {
      "type": "Feature",
      "properties": {
        "id": "0000920",
        "dataset_index": 920,
        "time_start": "1980-01-01",
        "time_end": "2023-12-31",
        "Hs_mean": 0.9131671190261841,
        "Hs_max": 9.340439796447754,
        "Hs_95": 1.8314841091632836,
        "Tp_mean": 6.445730686187744,
        "Dp_mean": 165.0810546875,
        "Dm_mean": 161.4525146484375,
        "Tm02_mean": 6.0618205070495605
      },
      "geometry": {
        "type": "Point",
        "coordinates": [
          -75.58951568603516,
          35.21509552001953
        ]
      }
    },
    {
      "type": "Feature",
      "properties": {
        "id": "0000921",
        "dataset_index": 921,
        "time_start": "1980-01-01",
        "time_end": "2023-12-31",
        "Hs_mean": 0.9151753783226013,
        "Hs_max": 9.317471504211426,
        "Hs_95": 1.8392725884914396,
        "Tp_mean": 6.451952934265137,
        "Dp_mean": 165.14675903320312,
        "Dm_mean": 161.45457458496094,
        "Tm02_mean": 6.072561264038086
      },
      "geometry": {
        "type": "Point",
        "coordinates": [
          -75.58402252197266,
          35.215431213378906
        ]
      }
    },
    {
      "type": "Feature",
      "properties": {
        "id": "0000922",
        "dataset_index": 922,
        "time_start": "1980-01-01",
        "time_end": "2023-12-31",
        "Hs_mean": 0.912377119064331,
        "Hs_max": 9.101661682128906,
        "Hs_95": 1.8289994478225706,
        "Tp_mean": 6.429539203643799,
        "Dp_mean": 166.65597534179688,
        "Dm_mean": 162.570556640625,
        "Tm02_mean": 6.056718826293945
      },
      "geometry": {
        "type": "Point",
        "coordinates": [
          -75.57852172851562,
          35.21576690673828
        ]
      }
    },
    {
      "type": "Feature",
      "properties": {
        "id": "0000923",
        "dataset_index": 923,
        "time_start": "1980-01-01",
        "time_end": "2023-12-31",
        "Hs_mean": 0.9180456399917603,
        "Hs_max": 9.132838249206543,
        "Hs_95": 1.8327652692794794,
        "Tp_mean": 6.433730602264404,
        "Dp_mean": 167.94882202148438,
        "Dm_mean": 162.978759765625,
        "Tm02_mean": 6.076179504394531
      },
      "geometry": {
        "type": "Point",
        "coordinates": [
          -75.57318115234375,
          35.21490478515625
        ]
      }
    },
    {
      "type": "Feature",
      "properties": {
        "id": "0000924",
        "dataset_index": 924,
        "time_start": "1980-01-01",
        "time_end": "2023-12-31",
        "Hs_mean": 0.926256000995636,
        "Hs_max": 9.580711364746094,
        "Hs_95": 1.8480374693870545,
        "Tp_mean": 6.45281457901001,
        "Dp_mean": 168.9830780029297,
        "Dm_mean": 162.9119873046875,
        "Tm02_mean": 6.085203647613525
      },
      "geometry": {
        "type": "Point",
        "coordinates": [
          -75.56790161132812,
          35.21361541748047
        ]
      }
    },
    {
      "type": "Feature",
      "properties": {
        "id": "0000925",
        "dataset_index": 925,
        "time_start": "1980-01-01",
        "time_end": "2023-12-31",
        "Hs_mean": 0.9397022724151611,
        "Hs_max": 10.06693172454834,
        "Hs_95": 1.8718557596206664,
        "Tp_mean": 6.441337585449219,
        "Dp_mean": 167.25607299804688,
        "Dm_mean": 160.7630615234375,
        "Tm02_mean": 6.103577613830566
      },
      "geometry": {
        "type": "Point",
        "coordinates": [
          -75.56331634521484,
          35.21148681640625
        ]
      }
    },
    {
      "type": "Feature",
      "properties": {
        "id": "0000926",
        "dataset_index": 926,
        "time_start": "1980-01-01",
        "time_end": "2023-12-31",
        "Hs_mean": 0.9606669545173645,
        "Hs_max": 10.470149993896484,
        "Hs_95": 1.915326327085495,
        "Tp_mean": 6.4471025466918945,
        "Dp_mean": 164.65968322753906,
        "Dm_mean": 157.77383422851562,
        "Tm02_mean": 6.149442672729492
      },
      "geometry": {
        "type": "Point",
        "coordinates": [
          -75.55992126464844,
          35.20793914794922
        ]
      }
    },
    {
      "type": "Feature",
      "properties": {
        "id": "0000927",
        "dataset_index": 927,
        "time_start": "1980-01-01",
        "time_end": "2023-12-31",
        "Hs_mean": 0.9909368753433228,
        "Hs_max": 10.919211387634277,
        "Hs_95": 1.9752478659152979,
        "Tp_mean": 6.439075946807861,
        "Dp_mean": 162.05166625976562,
        "Dm_mean": 154.68695068359375,
        "Tm02_mean": 6.159838676452637
      },
      "geometry": {
        "type": "Point",
        "coordinates": [
          -75.55652618408203,
          35.20439147949219
        ]
      }
    },
    {
      "type": "Feature",
      "properties": {
        "id": "0000928",
        "dataset_index": 928,
        "time_start": "1980-01-01",
        "time_end": "2023-12-31",
        "Hs_mean": 1.0263546705245972,
        "Hs_max": 11.537232398986816,
        "Hs_95": 2.046496069431305,
        "Tp_mean": 6.4562578201293945,
        "Dp_mean": 159.36007690429688,
        "Dm_mean": 151.97300720214844,
        "Tm02_mean": 6.191112041473389
      },
      "geometry": {
        "type": "Point",
        "coordinates": [
          -75.55313110351562,
          35.200843811035156
        ]
      }
    },
    {
      "type": "Feature",
      "properties": {
        "id": "0000929",
        "dataset_index": 929,
        "time_start": "1980-01-01",
        "time_end": "2023-12-31",
        "Hs_mean": 1.0609664916992188,
        "Hs_max": 12.032235145568848,
        "Hs_95": 2.1002687215805045,
        "Tp_mean": 6.375364780426025,
        "Dp_mean": 154.7560272216797,
        "Dm_mean": 147.59622192382812,
        "Tm02_mean": 6.111192226409912
      },
      "geometry": {
        "type": "Point",
        "coordinates": [
          -75.54973602294922,
          35.19729232788086
        ]
      }
    },
    {
      "type": "Feature",
      "properties": {
        "id": "0000930",
        "dataset_index": 930,
        "time_start": "1980-01-01",
        "time_end": "2023-12-31",
        "Hs_mean": 1.0735794305801392,
        "Hs_max": 12.361248970031738,
        "Hs_95": 2.116406595706939,
        "Tp_mean": 6.350046157836914,
        "Dp_mean": 152.66622924804688,
        "Dm_mean": 146.0504913330078,
        "Tm02_mean": 6.07670783996582
      },
      "geometry": {
        "type": "Point",
        "coordinates": [
          -75.54634094238281,
          35.19374465942383
        ]
      }
    },
    {
      "type": "Feature",
      "properties": {
        "id": "0000931",
        "dataset_index": 931,
        "time_start": "1980-01-01",
        "time_end": "2023-12-31",
        "Hs_mean": 1.082783818244934,
        "Hs_max": 12.616674423217773,
        "Hs_95": 2.135341548919677,
        "Tp_mean": 6.353344917297363,
        "Dp_mean": 151.69720458984375,
        "Dm_mean": 145.53163146972656,
        "Tm02_mean": 6.074827194213867
      },
      "geometry": {
        "type": "Point",
        "coordinates": [
          -75.5429458618164,
          35.1901969909668
        ]
      }
    },
    {
      "type": "Feature",
      "properties": {
        "id": "0000932",
        "dataset_index": 932,
        "time_start": "1980-01-01",
        "time_end": "2023-12-31",
        "Hs_mean": 1.0961823463439941,
        "Hs_max": 12.78477668762207,
        "Hs_95": 2.1671595573425293,
        "Tp_mean": 6.363282680511475,
        "Dp_mean": 150.61483764648438,
        "Dm_mean": 144.44003295898438,
        "Tm02_mean": 6.080942630767822
      },
      "geometry": {
        "type": "Point",
        "coordinates": [
          -75.53955078125,
          35.186649322509766
        ]
      }
    },
    {
      "type": "Feature",
      "properties": {
        "id": "0000933",
        "dataset_index": 933,
        "time_start": "1980-01-01",
        "time_end": "2023-12-31",
        "Hs_mean": 1.1089354753494263,
        "Hs_max": 12.960982322692871,
        "Hs_95": 2.1973315119743346,
        "Tp_mean": 6.367373943328857,
        "Dp_mean": 149.82681274414062,
        "Dm_mean": 143.67575073242188,
        "Tm02_mean": 6.076640605926514
      },
      "geometry": {
        "type": "Point",
        "coordinates": [
          -75.5361557006836,
          35.183101654052734
        ]
      }
    },
    {
      "type": "Feature",
      "properties": {
        "id": "0000934",
        "dataset_index": 934,
        "time_start": "1980-01-01",
        "time_end": "2023-12-31",
        "Hs_mean": 1.1265552043914795,
        "Hs_max": 13.264178276062012,
        "Hs_95": 2.240362060070038,
        "Tp_mean": 6.404065132141113,
        "Dp_mean": 148.2384033203125,
        "Dm_mean": 142.50454711914062,
        "Tm02_mean": 6.098982810974121
      },
      "geometry": {
        "type": "Point",
        "coordinates": [
          -75.53276062011719,
          35.17955017089844
        ]
      }
    },
    {
      "type": "Feature",
      "properties": {
        "id": "0000935",
        "dataset_index": 935,
        "time_start": "1980-01-01",
        "time_end": "2023-12-31",
        "Hs_mean": 1.1442039012908936,
        "Hs_max": 13.609844207763672,
        "Hs_95": 2.2759049654006955,
        "Tp_mean": 6.399268627166748,
        "Dp_mean": 146.55813598632812,
        "Dm_mean": 141.04324340820312,
        "Tm02_mean": 6.092068672180176
      },
      "geometry": {
        "type": "Point",
        "coordinates": [
          -75.52935791015625,
          35.176002502441406
        ]
      }
    },
    {
      "type": "Feature",
      "properties": {
        "id": "0000936",
        "dataset_index": 936,
        "time_start": "1980-01-01",
        "time_end": "2023-12-31",
        "Hs_mean": 1.1514431238174438,
        "Hs_max": 13.753262519836426,
        "Hs_95": 2.2862726569175718,
        "Tp_mean": 6.366666793823242,
        "Dp_mean": 144.9281768798828,
        "Dm_mean": 139.83053588867188,
        "Tm02_mean": 6.063379764556885
      },
      "geometry": {
        "type": "Point",
        "coordinates": [
          -75.52542877197266,
          35.17301559448242
        ]
      }
    },
    {
      "type": "Feature",
      "properties": {
        "id": "0000937",
        "dataset_index": 937,
        "time_start": "1980-01-01",
        "time_end": "2023-12-31",
        "Hs_mean": 1.1535829305648804,
        "Hs_max": 13.207518577575684,
        "Hs_95": 2.2873408913612367,
        "Tp_mean": 6.3146891593933105,
        "Dp_mean": 143.82907104492188,
        "Dm_mean": 138.42068481445312,
        "Tm02_mean": 5.997281551361084
      },
      "geometry": {
        "type": "Point",
        "coordinates": [
          -75.5204086303711,
          35.171165466308594
        ]
      }
    },
    {
      "type": "Feature",
      "properties": {
        "id": "0000938",
        "dataset_index": 938,
        "time_start": "1980-01-01",
        "time_end": "2023-12-31",
        "Hs_mean": 1.1407161951065063,
        "Hs_max": 12.297611236572266,
        "Hs_95": 2.2432106494903556,
        "Tp_mean": 6.294447422027588,
        "Dp_mean": 143.68080139160156,
        "Dm_mean": 138.13575744628906,
        "Tm02_mean": 5.960856914520264
      },
      "geometry": {
        "type": "Point",
        "coordinates": [
          -75.515380859375,
          35.169315338134766
        ]
      }
    },
    {
      "type": "Feature",
      "properties": {
        "id": "0000939",
        "dataset_index": 939,
        "time_start": "1980-01-01",
        "time_end": "2023-12-31",
        "Hs_mean": 1.1269477605819702,
        "Hs_max": 11.895560264587402,
        "Hs_95": 2.2063572168350216,
        "Tp_mean": 6.278148174285889,
        "Dp_mean": 144.0918426513672,
        "Dm_mean": 138.3871612548828,
        "Tm02_mean": 5.958837985992432
      },
      "geometry": {
        "type": "Point",
        "coordinates": [
          -75.51036071777344,
          35.16746139526367
        ]
      }
    },
    {
      "type": "Feature",
      "properties": {
        "id": "0000940",
        "dataset_index": 940,
        "time_start": "1980-01-01",
        "time_end": "2023-12-31",
        "Hs_mean": 1.1257069110870361,
        "Hs_max": 11.579279899597168,
        "Hs_95": 2.2065865039825434,
        "Tp_mean": 6.22743034362793,
        "Dp_mean": 143.5966033935547,
        "Dm_mean": 137.8182373046875,
        "Tm02_mean": 5.945562362670898
      },
      "geometry": {
        "type": "Point",
        "coordinates": [
          -75.50533294677734,
          35.165611267089844
        ]
      }
    },
    {
      "type": "Feature",
      "properties": {
        "id": "0000941",
        "dataset_index": 941,
        "time_start": "1980-01-01",
        "time_end": "2023-12-31",
        "Hs_mean": 1.125633716583252,
        "Hs_max": 11.600513458251953,
        "Hs_95": 2.204063165187835,
        "Tp_mean": 6.192111492156982,
        "Dp_mean": 143.8109893798828,
        "Dm_mean": 137.64312744140625,
        "Tm02_mean": 5.945468425750732
      },
      "geometry": {
        "type": "Point",
        "coordinates": [
          -75.50150299072266,
          35.16277313232422
        ]
      }
    },
    {
      "type": "Feature",
      "properties": {
        "id": "0000942",
        "dataset_index": 942,
        "time_start": "1980-01-01",
        "time_end": "2023-12-31",
        "Hs_mean": 1.129933476448059,
        "Hs_max": 12.499689102172852,
        "Hs_95": 2.2071647644042964,
        "Tp_mean": 6.196916103363037,
        "Dp_mean": 144.1435089111328,
        "Dm_mean": 137.37747192382812,
        "Tm02_mean": 5.9784979820251465
      },
      "geometry": {
        "type": "Point",
        "coordinates": [
          -75.50041961669922,
          35.15852737426758
        ]
      }
    },
    {
      "type": "Feature",
      "properties": {
        "id": "0000943",
        "dataset_index": 943,
        "time_start": "1980-01-01",
        "time_end": "2023-12-31",
        "Hs_mean": 1.150016188621521,
        "Hs_max": 13.757501602172852,
        "Hs_95": 2.2629158020019533,
        "Tp_mean": 6.319255828857422,
        "Dp_mean": 143.4208984375,
        "Dm_mean": 135.960205078125,
        "Tm02_mean": 6.101806163787842
      },
      "geometry": {
        "type": "Point",
        "coordinates": [
          -75.50106048583984,
          35.154052734375
        ]
      }
    },
    {
      "type": "Feature",
      "properties": {
        "id": "0000944",
        "dataset_index": 944,
        "time_start": "1980-01-01",
        "time_end": "2023-12-31",
        "Hs_mean": 1.1755125522613525,
        "Hs_max": 14.912187576293945,
        "Hs_95": 2.338476002216339,
        "Tp_mean": 6.432307243347168,
        "Dp_mean": 145.20106506347656,
        "Dm_mean": 136.4860076904297,
        "Tm02_mean": 6.209769248962402
      },
      "geometry": {
        "type": "Point",
        "coordinates": [
          -75.50170135498047,
          35.14957809448242
        ]
      }
    },
    {
      "type": "Feature",
      "properties": {
        "id": "0000945",
        "dataset_index": 945,
        "time_start": "1980-01-01",
        "time_end": "2023-12-31",
        "Hs_mean": 1.199202299118042,
        "Hs_max": 15.30997085571289,
        "Hs_95": 2.3999138116836547,
        "Tp_mean": 6.44452428817749,
        "Dp_mean": 145.73715209960938,
        "Dm_mean": 136.19529724121094,
        "Tm02_mean": 6.213371753692627
      },
      "geometry": {
        "type": "Point",
        "coordinates": [
          -75.5013198852539,
          35.1451301574707
        ]
      }
    },
    {
      "type": "Feature",
      "properties": {
        "id": "0000946",
        "dataset_index": 946,
        "time_start": "1980-01-01",
        "time_end": "2023-12-31",
        "Hs_mean": 1.2270060777664185,
        "Hs_max": 15.505562782287598,
        "Hs_95": 2.468716168403625,
        "Tp_mean": 6.494033336639404,
        "Dp_mean": 144.95220947265625,
        "Dm_mean": 135.2817840576172,
        "Tm02_mean": 6.253863334655762
      },
      "geometry": {
        "type": "Point",
        "coordinates": [
          -75.5003433227539,
          35.14069747924805
        ]
      }
    },
    {
      "type": "Feature",
      "properties": {
        "id": "0000947",
        "dataset_index": 947,
        "time_start": "1980-01-01",
        "time_end": "2023-12-31",
        "Hs_mean": 1.2552106380462646,
        "Hs_max": 15.658483505249023,
        "Hs_95": 2.538515555858612,
        "Tp_mean": 6.512935161590576,
        "Dp_mean": 142.99658203125,
        "Dm_mean": 133.69558715820312,
        "Tm02_mean": 6.269397258758545
      },
      "geometry": {
        "type": "Point",
        "coordinates": [
          -75.49751281738281,
          35.13695526123047
        ]
      }
    },
    {
      "type": "Feature",
      "properties": {
        "id": "0000948",
        "dataset_index": 948,
        "time_start": "1980-01-01",
        "time_end": "2023-12-31",
        "Hs_mean": 1.2778494358062744,
        "Hs_max": 15.549325942993164,
        "Hs_95": 2.590764439105987,
        "Tp_mean": 6.514133930206299,
        "Dp_mean": 141.77133178710938,
        "Dm_mean": 133.0095672607422,
        "Tm02_mean": 6.255894184112549
      },
      "geometry": {
        "type": "Point",
        "coordinates": [
          -75.49405670166016,
          35.13344955444336
        ]
      }
    },
    {
      "type": "Feature",
      "properties": {
        "id": "0000949",
        "dataset_index": 949,
        "time_start": "1980-01-01",
        "time_end": "2023-12-31",
        "Hs_mean": 1.2932188510894775,
        "Hs_max": 15.213789939880371,
        "Hs_95": 2.614713084697723,
        "Tp_mean": 6.5202956199646,
        "Dp_mean": 142.01783752441406,
        "Dm_mean": 133.34500122070312,
        "Tm02_mean": 6.234886169433594
      },
      "geometry": {
        "type": "Point",
        "coordinates": [
          -75.4906005859375,
          35.129940032958984
        ]
      }
    },
    {
      "type": "Feature",
      "properties": {
        "id": "0000950",
        "dataset_index": 950,
        "time_start": "1980-01-01",
        "time_end": "2023-12-31",
        "Hs_mean": 1.3009488582611084,
        "Hs_max": 14.913055419921875,
        "Hs_95": 2.6232590317726134,
        "Tp_mean": 6.523067474365234,
        "Dp_mean": 142.1270751953125,
        "Dm_mean": 133.47164916992188,
        "Tm02_mean": 6.2121686935424805
      },
      "geometry": {
        "type": "Point",
        "coordinates": [
          -75.48638153076172,
          35.12710952758789
        ]
      }
    },
    {
      "type": "Feature",
      "properties": {
        "id": "0000951",
        "dataset_index": 951,
        "time_start": "1980-01-01",
        "time_end": "2023-12-31",
        "Hs_mean": 1.313596487045288,
        "Hs_max": 14.962922096252441,
        "Hs_95": 2.6527187347412102,
        "Tp_mean": 6.566340446472168,
        "Dp_mean": 140.91238403320312,
        "Dm_mean": 133.30287170410156,
        "Tm02_mean": 6.241489410400391
      },
      "geometry": {
        "type": "Point",
        "coordinates": [
          -75.4818344116211,
          35.12456130981445
        ]
      }
    },
    {
      "type": "Feature",
      "properties": {
        "id": "0000952",
        "dataset_index": 952,
        "time_start": "1980-01-01",
        "time_end": "2023-12-31",
        "Hs_mean": 1.3233367204666138,
        "Hs_max": 15.207113265991211,
        "Hs_95": 2.6808206558227536,
        "Tp_mean": 6.611954689025879,
        "Dp_mean": 139.8286590576172,
        "Dm_mean": 133.2388916015625,
        "Tm02_mean": 6.271913528442383
      },
      "geometry": {
        "type": "Point",
        "coordinates": [
          -75.47697448730469,
          35.12268829345703
        ]
      }
    },
    {
      "type": "Feature",
      "properties": {
        "id": "0000953",
        "dataset_index": 953,
        "time_start": "1980-01-01",
        "time_end": "2023-12-31",
        "Hs_mean": 1.326005458831787,
        "Hs_max": 15.985251426696777,
        "Hs_95": 2.679465746879577,
        "Tp_mean": 6.6427998542785645,
        "Dp_mean": 139.0101776123047,
        "Dm_mean": 132.70069885253906,
        "Tm02_mean": 6.29306697845459
      },
      "geometry": {
        "type": "Point",
        "coordinates": [
          -75.47151947021484,
          35.122039794921875
        ]
      }
    },
    {
      "type": "Feature",
      "properties": {
        "id": "0000954",
        "dataset_index": 954,
        "time_start": "1980-01-01",
        "time_end": "2023-12-31",
        "Hs_mean": 1.329248309135437,
        "Hs_max": 16.40639877319336,
        "Hs_95": 2.68468244075775,
        "Tp_mean": 6.696674823760986,
        "Dp_mean": 137.91241455078125,
        "Dm_mean": 131.79872131347656,
        "Tm02_mean": 6.337392807006836
      },
      "geometry": {
        "type": "Point",
        "coordinates": [
          -75.46607208251953,
          35.12139129638672
        ]
      }
    },
    {
      "type": "Feature",
      "properties": {
        "id": "0000955",
        "dataset_index": 955,
        "time_start": "1980-01-01",
        "time_end": "2023-12-31",
        "Hs_mean": 1.329574465751648,
        "Hs_max": 16.529918670654297,
        "Hs_95": 2.6770023226737973,
        "Tp_mean": 6.699826717376709,
        "Dp_mean": 136.62779235839844,
        "Dm_mean": 130.95794677734375,
        "Tm02_mean": 6.3483662605285645
      },
      "geometry": {
        "type": "Point",
        "coordinates": [
          -75.46062469482422,
          35.12074279785156
        ]
      }
    },
    {
      "type": "Feature",
      "properties": {
        "id": "0000956",
        "dataset_index": 956,
        "time_start": "1980-01-01",
        "time_end": "2023-12-31",
        "Hs_mean": 1.3213497400283813,
        "Hs_max": 16.81308364868164,
        "Hs_95": 2.6520550966262806,
        "Tp_mean": 6.640199184417725,
        "Dp_mean": 132.5151824951172,
        "Dm_mean": 127.8185806274414,
        "Tm02_mean": 6.297468662261963
      },
      "geometry": {
        "type": "Point",
        "coordinates": [
          -75.45528411865234,
          35.121803283691406
        ]
      }
    },
    {
      "type": "Feature",
      "properties": {
        "id": "0000957",
        "dataset_index": 957,
        "time_start": "1980-01-01",
        "time_end": "2023-12-31",
        "Hs_mean": 1.315252423286438,
        "Hs_max": 16.54698371887207,
        "Hs_95": 2.6422655820846557,
        "Tp_mean": 6.566521167755127,
        "Dp_mean": 131.21514892578125,
        "Dm_mean": 126.68972778320312,
        "Tm02_mean": 6.235762119293213
      },
      "geometry": {
        "type": "Point",
        "coordinates": [
          -75.449951171875,
          35.122928619384766
        ]
      }
    },
    {
      "type": "Feature",
      "properties": {
        "id": "0000958",
        "dataset_index": 958,
        "time_start": "1980-01-01",
        "time_end": "2023-12-31",
        "Hs_mean": 1.311408281326294,
        "Hs_max": 15.720773696899414,
        "Hs_95": 2.6381115198135374,
        "Tp_mean": 6.5166497230529785,
        "Dp_mean": 130.92453002929688,
        "Dm_mean": 126.45048522949219,
        "Tm02_mean": 6.196375370025635
      },
      "geometry": {
        "type": "Point",
        "coordinates": [
          -75.44461822509766,
          35.124053955078125
        ]
      }
    },
    {
      "type": "Feature",
      "properties": {
        "id": "0000959",
        "dataset_index": 959,
        "time_start": "1980-01-01",
        "time_end": "2023-12-31",
        "Hs_mean": 1.3172284364700317,
        "Hs_max": 15.096525192260742,
        "Hs_95": 2.65044230222702,
        "Tp_mean": 6.487175941467285,
        "Dp_mean": 131.5457763671875,
        "Dm_mean": 126.74642181396484,
        "Tm02_mean": 6.1664276123046875
      },
      "geometry": {
        "type": "Point",
        "coordinates": [
          -75.43928527832031,
          35.125179290771484
        ]
      }
    },
    {
      "type": "Feature",
      "properties": {
        "id": "0000960",
        "dataset_index": 960,
        "time_start": "1980-01-01",
        "time_end": "2023-12-31",
        "Hs_mean": 1.3265842199325562,
        "Hs_max": 14.883495330810547,
        "Hs_95": 2.6695676445960994,
        "Tp_mean": 6.49037504196167,
        "Dp_mean": 131.91441345214844,
        "Dm_mean": 126.96464538574219,
        "Tm02_mean": 6.1629791259765625
      },
      "geometry": {
        "type": "Point",
        "coordinates": [
          -75.43395233154297,
          35.126304626464844
        ]
      }
    },
    {
      "type": "Feature",
      "properties": {
        "id": "0000961",
        "dataset_index": 961,
        "time_start": "1980-01-01",
        "time_end": "2023-12-31",
        "Hs_mean": 1.3262733221054077,
        "Hs_max": 14.746347427368164,
        "Hs_95": 2.6672149896621704,
        "Tp_mean": 6.48452615737915,
        "Dp_mean": 132.19015502929688,
        "Dm_mean": 127.15172576904297,
        "Tm02_mean": 6.143712997436523
      },
      "geometry": {
        "type": "Point",
        "coordinates": [
          -75.42855072021484,
          35.12709045410156
        ]
      }
    },
    {
      "type": "Feature",
      "properties": {
        "id": "0000962",
        "dataset_index": 962,
        "time_start": "1980-01-01",
        "time_end": "2023-12-31",
        "Hs_mean": 1.3309367895126343,
        "Hs_max": 15.091201782226562,
        "Hs_95": 2.6715653777122497,
        "Tp_mean": 6.504031658172607,
        "Dp_mean": 133.3275146484375,
        "Dm_mean": 128.0821075439453,
        "Tm02_mean": 6.164511680603027
      },
      "geometry": {
        "type": "Point",
        "coordinates": [
          -75.42306518554688,
          35.12752914428711
        ]
      }
    },
    {
      "type": "Feature",
      "properties": {
        "id": "0000963",
        "dataset_index": 963,
        "time_start": "1980-01-01",
        "time_end": "2023-12-31",
        "Hs_mean": 1.3456389904022217,
        "Hs_max": 15.404109001159668,
        "Hs_95": 2.705128586292267,
        "Tp_mean": 6.539054870605469,
        "Dp_mean": 133.13026428222656,
        "Dm_mean": 128.04263305664062,
        "Tm02_mean": 6.195383071899414
      },
      "geometry": {
        "type": "Point",
        "coordinates": [
          -75.41758728027344,
          35.127967834472656
        ]
      }
    },
    {
      "type": "Feature",
      "properties": {
        "id": "0000964",
        "dataset_index": 964,
        "time_start": "1980-01-01",
        "time_end": "2023-12-31",
        "Hs_mean": 1.3566670417785645,
        "Hs_max": 15.487837791442871,
        "Hs_95": 2.7377535581588743,
        "Tp_mean": 6.576082706451416,
        "Dp_mean": 131.36541748046875,
        "Dm_mean": 127.02015686035156,
        "Tm02_mean": 6.2176032066345215
      },
      "geometry": {
        "type": "Point",
        "coordinates": [
          -75.41210174560547,
          35.1284065246582
        ]
      }
    },
    {
      "type": "Feature",
      "properties": {
        "id": "0000965",
        "dataset_index": 965,
        "time_start": "1980-01-01",
        "time_end": "2023-12-31",
        "Hs_mean": 1.358953833580017,
        "Hs_max": 15.193123817443848,
        "Hs_95": 2.7582003951072687,
        "Tp_mean": 6.604801654815674,
        "Dp_mean": 129.76373291015625,
        "Dm_mean": 125.61219787597656,
        "Tm02_mean": 6.241315841674805
      },
      "geometry": {
        "type": "Point",
        "coordinates": [
          -75.40662384033203,
          35.128841400146484
        ]
      }
    },
    {
      "type": "Feature",
      "properties": {
        "id": "0000966",
        "dataset_index": 966,
        "time_start": "1980-01-01",
        "time_end": "2023-12-31",
        "Hs_mean": 1.363124132156372,
        "Hs_max": 15.137749671936035,
        "Hs_95": 2.7762399435043323,
        "Tp_mean": 6.683917999267578,
        "Dp_mean": 127.72410583496094,
        "Dm_mean": 124.45018005371094,
        "Tm02_mean": 6.327929973602295
      },
      "geometry": {
        "type": "Point",
        "coordinates": [
          -75.40132141113281,
          35.129661560058594
        ]
      }
    },
    {
      "type": "Feature",
      "properties": {
        "id": "0000967",
        "dataset_index": 967,
        "time_start": "1980-01-01",
        "time_end": "2023-12-31",
        "Hs_mean": 1.387968897819519,
        "Hs_max": 16.289047241210938,
        "Hs_95": 2.8513616919517517,
        "Tp_mean": 6.771302700042725,
        "Dp_mean": 125.72959899902344,
        "Dm_mean": 122.91161346435547,
        "Tm02_mean": 6.402708053588867
      },
      "geometry": {
        "type": "Point",
        "coordinates": [
          -75.39686584472656,
          35.13231658935547
        ]
      }
    },
    {
      "type": "Feature",
      "properties": {
        "id": "0000968",
        "dataset_index": 968,
        "time_start": "1980-01-01",
        "time_end": "2023-12-31",
        "Hs_mean": 1.4070525169372559,
        "Hs_max": 17.508007049560547,
        "Hs_95": 2.9044798135757444,
        "Tp_mean": 6.824522495269775,
        "Dp_mean": 122.4886474609375,
        "Dm_mean": 120.3624038696289,
        "Tm02_mean": 6.474800109863281
      },
      "geometry": {
        "type": "Point",
        "coordinates": [
          -75.39241790771484,
          35.13497543334961
        ]
      }
    },
    {
      "type": "Feature",
      "properties": {
        "id": "0000969",
        "dataset_index": 969,
        "time_start": "1980-01-01",
        "time_end": "2023-12-31",
        "Hs_mean": 1.4113529920578003,
        "Hs_max": 18.00234031677246,
        "Hs_95": 2.9415294647216794,
        "Tp_mean": 6.850436210632324,
        "Dp_mean": 118.34404754638672,
        "Dm_mean": 116.80155944824219,
        "Tm02_mean": 6.51652193069458
      },
      "geometry": {
        "type": "Point",
        "coordinates": [
          -75.39189147949219,
          35.13916778564453
        ]
      }
    },
    {
      "type": "Feature",
      "properties": {
        "id": "0000970",
        "dataset_index": 970,
        "time_start": "1980-01-01",
        "time_end": "2023-12-31",
        "Hs_mean": 1.3935641050338745,
        "Hs_max": 16.31498908996582,
        "Hs_95": 2.917509019374847,
        "Tp_mean": 6.785192966461182,
        "Dp_mean": 114.16072082519531,
        "Dm_mean": 112.37659454345703,
        "Tm02_mean": 6.446788787841797
      },
      "geometry": {
        "type": "Point",
        "coordinates": [
          -75.39215087890625,
          35.1436653137207
        ]
      }
    },
    {
      "type": "Feature",
      "properties": {
        "id": "0000971",
        "dataset_index": 971,
        "time_start": "1980-01-01",
        "time_end": "2023-12-31",
        "Hs_mean": 1.3567020893096924,
        "Hs_max": 14.428482055664062,
        "Hs_95": 2.812061297893524,
        "Tp_mean": 6.722737789154053,
        "Dp_mean": 111.8110122680664,
        "Dm_mean": 109.65081787109375,
        "Tm02_mean": 6.345077991485596
      },
      "geometry": {
        "type": "Point",
        "coordinates": [
          -75.39254760742188,
          35.14813232421875
        ]
      }
    },
    {
      "type": "Feature",
      "properties": {
        "id": "0000972",
        "dataset_index": 972,
        "time_start": "1980-01-01",
        "time_end": "2023-12-31",
        "Hs_mean": 1.3407591581344604,
        "Hs_max": 13.90810775756836,
        "Hs_95": 2.7618241071701046,
        "Tp_mean": 6.6371169090271,
        "Dp_mean": 110.22247314453125,
        "Dm_mean": 108.17794036865234,
        "Tm02_mean": 6.267473220825195
      },
      "geometry": {
        "type": "Point",
        "coordinates": [
          -75.39532470703125,
          35.15201950073242
        ]
      }
    },
    {
      "type": "Feature",
      "properties": {
        "id": "0000973",
        "dataset_index": 973,
        "time_start": "1980-01-01",
        "time_end": "2023-12-31",
        "Hs_mean": 1.3418729305267334,
        "Hs_max": 13.208246231079102,
        "Hs_95": 2.751472413539886,
        "Tp_mean": 6.593079566955566,
        "Dp_mean": 108.95275115966797,
        "Dm_mean": 108.08106994628906,
        "Tm02_mean": 6.25132942199707
      },
      "geometry": {
        "type": "Point",
        "coordinates": [
          -75.39810943603516,
          35.155906677246094
        ]
      }
    },
    {
      "type": "Feature",
      "properties": {
        "id": "0000974",
        "dataset_index": 974,
        "time_start": "1980-01-01",
        "time_end": "2023-12-31",
        "Hs_mean": 1.3437026739120483,
        "Hs_max": 12.50902271270752,
        "Hs_95": 2.7605056762695312,
        "Tp_mean": 6.54009485244751,
        "Dp_mean": 107.13166809082031,
        "Dm_mean": 107.90162658691406,
        "Tm02_mean": 6.216261386871338
      },
      "geometry": {
        "type": "Point",
        "coordinates": [
          -75.40088653564453,
          35.15979766845703
        ]
      }
    },
    {
      "type": "Feature",
      "properties": {
        "id": "0000975",
        "dataset_index": 975,
        "time_start": "1980-01-01",
        "time_end": "2023-12-31",
        "Hs_mean": 1.3429412841796875,
        "Hs_max": 12.679946899414062,
        "Hs_95": 2.770649492740631,
        "Tp_mean": 6.489594459533691,
        "Dp_mean": 106.34281921386719,
        "Dm_mean": 107.41696166992188,
        "Tm02_mean": 6.166075706481934
      },
      "geometry": {
        "type": "Point",
        "coordinates": [
          -75.40457916259766,
          35.16303253173828
        ]
      }
    },
    {
      "type": "Feature",
      "properties": {
        "id": "0000976",
        "dataset_index": 976,
        "time_start": "1980-01-01",
        "time_end": "2023-12-31",
        "Hs_mean": 1.3416671752929688,
        "Hs_max": 13.120478630065918,
        "Hs_95": 2.7810047149658197,
        "Tp_mean": 6.491188049316406,
        "Dp_mean": 105.69920349121094,
        "Dm_mean": 106.55538177490234,
        "Tm02_mean": 6.179703712463379
      },
      "geometry": {
        "type": "Point",
        "coordinates": [
          -75.40894317626953,
          35.16577911376953
        ]
      }
    },
    {
      "type": "Feature",
      "properties": {
        "id": "0000977",
        "dataset_index": 977,
        "time_start": "1980-01-01",
        "time_end": "2023-12-31",
        "Hs_mean": 1.330688238143921,
        "Hs_max": 13.214773178100586,
        "Hs_95": 2.7581373572349546,
        "Tp_mean": 6.465328693389893,
        "Dp_mean": 104.66921997070312,
        "Dm_mean": 105.8002700805664,
        "Tm02_mean": 6.163025856018066
      },
      "geometry": {
        "type": "Point",
        "coordinates": [
          -75.41331481933594,
          35.16852569580078
        ]
      }
    },
    {
      "type": "Feature",
      "properties": {
        "id": "0000978",
        "dataset_index": 978,
        "time_start": "1980-01-01",
        "time_end": "2023-12-31",
        "Hs_mean": 1.3164910078048706,
        "Hs_max": 13.739336967468262,
        "Hs_95": 2.7250024557113637,
        "Tp_mean": 6.466137886047363,
        "Dp_mean": 105.15773010253906,
        "Dm_mean": 105.7374267578125,
        "Tm02_mean": 6.183117866516113
      },
      "geometry": {
        "type": "Point",
        "coordinates": [
          -75.41827392578125,
          35.17046356201172
        ]
      }
    },
    {
      "type": "Feature",
      "properties": {
        "id": "0000979",
        "dataset_index": 979,
        "time_start": "1980-01-01",
        "time_end": "2023-12-31",
        "Hs_mean": 1.3078848123550415,
        "Hs_max": 14.455998420715332,
        "Hs_95": 2.701125800609588,
        "Tp_mean": 6.456984043121338,
        "Dp_mean": 105.89445495605469,
        "Dm_mean": 105.17953491210938,
        "Tm02_mean": 6.173377990722656
      },
      "geometry": {
        "type": "Point",
        "coordinates": [
          -75.42329406738281,
          35.17232894897461
        ]
      }
    },
    {
      "type": "Feature",
      "properties": {
        "id": "0000980",
        "dataset_index": 980,
        "time_start": "1980-01-01",
        "time_end": "2023-12-31",
        "Hs_mean": 1.2979099750518799,
        "Hs_max": 15.411420822143555,
        "Hs_95": 2.6788744926452632,
        "Tp_mean": 6.483354568481445,
        "Dp_mean": 106.71978759765625,
        "Dm_mean": 105.8675537109375,
        "Tm02_mean": 6.2066826820373535
      },
      "geometry": {
        "type": "Point",
        "coordinates": [
          -75.42830657958984,
          35.1741943359375
        ]
      }
    },
    {
      "type": "Feature",
      "properties": {
        "id": "0000981",
        "dataset_index": 981,
        "time_start": "1980-01-01",
        "time_end": "2023-12-31",
        "Hs_mean": 1.2971662282943726,
        "Hs_max": 15.984735488891602,
        "Hs_95": 2.6764282703399656,
        "Tp_mean": 6.500970840454102,
        "Dp_mean": 104.76555633544922,
        "Dm_mean": 105.79192352294922,
        "Tm02_mean": 6.255630970001221
      },
      "geometry": {
        "type": "Point",
        "coordinates": [
          -75.43331909179688,
          35.176063537597656
        ]
      }
    },
    {
      "type": "Feature",
      "properties": {
        "id": "0000982",
        "dataset_index": 982,
        "time_start": "1980-01-01",
        "time_end": "2023-12-31",
        "Hs_mean": 1.2779991626739502,
        "Hs_max": 15.6344575881958,
        "Hs_95": 2.61130336523056,
        "Tp_mean": 6.426923751831055,
        "Dp_mean": 103.5771255493164,
        "Dm_mean": 104.5599594116211,
        "Tm02_mean": 6.186683654785156
      },
      "geometry": {
        "type": "Point",
        "coordinates": [
          -75.43833923339844,
          35.17792892456055
        ]
      }
    },
    {
      "type": "Feature",
      "properties": {
        "id": "0000983",
        "dataset_index": 983,
        "time_start": "1980-01-01",
        "time_end": "2023-12-31",
        "Hs_mean": 1.2562006711959839,
        "Hs_max": 14.632472038269043,
        "Hs_95": 2.543437278270721,
        "Tp_mean": 6.383358001708984,
        "Dp_mean": 106.17365264892578,
        "Dm_mean": 105.837646484375,
        "Tm02_mean": 6.131918430328369
      },
      "geometry": {
        "type": "Point",
        "coordinates": [
          -75.44335174560547,
          35.17979431152344
        ]
      }
    },
    {
      "type": "Feature",
      "properties": {
        "id": "0000984",
        "dataset_index": 984,
        "time_start": "1980-01-01",
        "time_end": "2023-12-31",
        "Hs_mean": 1.2406374216079712,
        "Hs_max": 13.783977508544922,
        "Hs_95": 2.512808215618133,
        "Tp_mean": 6.334471225738525,
        "Dp_mean": 107.71513366699219,
        "Dm_mean": 106.74755859375,
        "Tm02_mean": 6.080570220947266
      },
      "geometry": {
        "type": "Point",
        "coordinates": [
          -75.44793701171875,
          35.18207550048828
        ]
      }
    },
    {
      "type": "Feature",
      "properties": {
        "id": "0000985",
        "dataset_index": 985,
        "time_start": "1980-01-01",
        "time_end": "2023-12-31",
        "Hs_mean": 1.2313917875289917,
        "Hs_max": 12.99557113647461,
        "Hs_95": 2.4989499926567063,
        "Tp_mean": 6.318751811981201,
        "Dp_mean": 109.21509552001953,
        "Dm_mean": 107.65857696533203,
        "Tm02_mean": 6.053727149963379
      },
      "geometry": {
        "type": "Point",
        "coordinates": [
          -75.45101165771484,
          35.185813903808594
        ]
      }
    },
    {
      "type": "Feature",
      "properties": {
        "id": "0000986",
        "dataset_index": 986,
        "time_start": "1980-01-01",
        "time_end": "2023-12-31",
        "Hs_mean": 1.23114812374115,
        "Hs_max": 12.644316673278809,
        "Hs_95": 2.5029783248901363,
        "Tp_mean": 6.333718299865723,
        "Dp_mean": 109.36981201171875,
        "Dm_mean": 108.15929412841797,
        "Tm02_mean": 6.071573734283447
      },
      "geometry": {
        "type": "Point",
        "coordinates": [
          -75.45408630371094,
          35.189552307128906
        ]
      }
    },
    {
      "type": "Feature",
      "properties": {
        "id": "0000987",
        "dataset_index": 987,
        "time_start": "1980-01-01",
        "time_end": "2023-12-31",
        "Hs_mean": 1.239020824432373,
        "Hs_max": 12.966341018676758,
        "Hs_95": 2.5369039416313166,
        "Tp_mean": 6.443683624267578,
        "Dp_mean": 109.3775634765625,
        "Dm_mean": 108.20989990234375,
        "Tm02_mean": 6.185120105743408
      },
      "geometry": {
        "type": "Point",
        "coordinates": [
          -75.45716857910156,
          35.19329071044922
        ]
      }
    },
    {
      "type": "Feature",
      "properties": {
        "id": "0000988",
        "dataset_index": 988,
        "time_start": "1980-01-01",
        "time_end": "2023-12-31",
        "Hs_mean": 1.232461929321289,
        "Hs_max": 12.882383346557617,
        "Hs_95": 2.519137930870056,
        "Tp_mean": 6.430932521820068,
        "Dp_mean": 108.5377197265625,
        "Dm_mean": 107.70457458496094,
        "Tm02_mean": 6.175399303436279
      },
      "geometry": {
        "type": "Point",
        "coordinates": [
          -75.46024322509766,
          35.19702911376953
        ]
      }
    },
    {
      "type": "Feature",
      "properties": {
        "id": "0000989",
        "dataset_index": 989,
        "time_start": "1980-01-01",
        "time_end": "2023-12-31",
        "Hs_mean": 1.2202180624008179,
        "Hs_max": 12.7611665725708,
        "Hs_95": 2.4958571195602417,
        "Tp_mean": 6.443543434143066,
        "Dp_mean": 106.56974792480469,
        "Dm_mean": 106.08767700195312,
        "Tm02_mean": 6.186472415924072
      },
      "geometry": {
        "type": "Point",
        "coordinates": [
          -75.46331787109375,
          35.200767517089844
        ]
      }
    },
    {
      "type": "Feature",
      "properties": {
        "id": "0000990",
        "dataset_index": 990,
        "time_start": "1980-01-01",
        "time_end": "2023-12-31",
        "Hs_mean": 1.202879786491394,
        "Hs_max": 12.309784889221191,
        "Hs_95": 2.4527784466743467,
        "Tp_mean": 6.451425552368164,
        "Dp_mean": 106.7569351196289,
        "Dm_mean": 104.29866027832031,
        "Tm02_mean": 6.161025047302246
      },
      "geometry": {
        "type": "Point",
        "coordinates": [
          -75.46639251708984,
          35.204505920410156
        ]
      }
    },
    {
      "type": "Feature",
      "properties": {
        "id": "0000991",
        "dataset_index": 991,
        "time_start": "1980-01-01",
        "time_end": "2023-12-31",
        "Hs_mean": 1.1818522214889526,
        "Hs_max": 11.670695304870605,
        "Hs_95": 2.393901550769806,
        "Tp_mean": 6.4151387214660645,
        "Dp_mean": 106.43509674072266,
        "Dm_mean": 104.10845947265625,
        "Tm02_mean": 6.115426063537598
      },
      "geometry": {
        "type": "Point",
        "coordinates": [
          -75.46875,
          35.20853042602539
        ]
      }
    },
    {
      "type": "Feature",
      "properties": {
        "id": "0000992",
        "dataset_index": 992,
        "time_start": "1980-01-01",
        "time_end": "2023-12-31",
        "Hs_mean": 1.1738020181655884,
        "Hs_max": 11.40249252319336,
        "Hs_95": 2.3801159977912896,
        "Tp_mean": 6.448294639587402,
        "Dp_mean": 106.69270324707031,
        "Dm_mean": 104.16297149658203,
        "Tm02_mean": 6.130512237548828
      },
      "geometry": {
        "type": "Point",
        "coordinates": [
          -75.47048950195312,
          35.212806701660156
        ]
      }
    },
    {
      "type": "Feature",
      "properties": {
        "id": "0000993",
        "dataset_index": 993,
        "time_start": "1980-01-01",
        "time_end": "2023-12-31",
        "Hs_mean": 1.1731852293014526,
        "Hs_max": 11.361824035644531,
        "Hs_95": 2.381798422336578,
        "Tp_mean": 6.484992504119873,
        "Dp_mean": 106.36262512207031,
        "Dm_mean": 103.82945251464844,
        "Tm02_mean": 6.14782190322876
      },
      "geometry": {
        "type": "Point",
        "coordinates": [
          -75.47222137451172,
          35.21708297729492
        ]
      }
    },
    {
      "type": "Feature",
      "properties": {
        "id": "0000994",
        "dataset_index": 994,
        "time_start": "1980-01-01",
        "time_end": "2023-12-31",
        "Hs_mean": 1.1686269044876099,
        "Hs_max": 11.369440078735352,
        "Hs_95": 2.365358293056488,
        "Tp_mean": 6.506824016571045,
        "Dp_mean": 106.12040710449219,
        "Dm_mean": 103.7925033569336,
        "Tm02_mean": 6.143765449523926
      },
      "geometry": {
        "type": "Point",
        "coordinates": [
          -75.47395324707031,
          35.22135543823242
        ]
      }
    },
    {
      "type": "Feature",
      "properties": {
        "id": "0000995",
        "dataset_index": 995,
        "time_start": "1980-01-01",
        "time_end": "2023-12-31",
        "Hs_mean": 1.1605017185211182,
        "Hs_max": 11.222057342529297,
        "Hs_95": 2.3469472885131832,
        "Tp_mean": 6.51117467880249,
        "Dp_mean": 105.12779998779297,
        "Dm_mean": 102.9900131225586,
        "Tm02_mean": 6.114917755126953
      },
      "geometry": {
        "type": "Point",
        "coordinates": [
          -75.47569274902344,
          35.22563171386719
        ]
      }
    },
    {
      "type": "Feature",
      "properties": {
        "id": "0000996",
        "dataset_index": 996,
        "time_start": "1980-01-01",
        "time_end": "2023-12-31",
        "Hs_mean": 1.1484636068344116,
        "Hs_max": 11.014897346496582,
        "Hs_95": 2.3243055820465086,
        "Tp_mean": 6.496644020080566,
        "Dp_mean": 103.520751953125,
        "Dm_mean": 103.3855972290039,
        "Tm02_mean": 6.100902080535889
      },
      "geometry": {
        "type": "Point",
        "coordinates": [
          -75.47742462158203,
          35.22990798950195
        ]
      }
    },
    {
      "type": "Feature",
      "properties": {
        "id": "0000997",
        "dataset_index": 997,
        "time_start": "1980-01-01",
        "time_end": "2023-12-31",
        "Hs_mean": 1.1440776586532593,
        "Hs_max": 10.951422691345215,
        "Hs_95": 2.3149913191795344,
        "Tp_mean": 6.503043174743652,
        "Dp_mean": 104.68041229248047,
        "Dm_mean": 104.71985626220703,
        "Tm02_mean": 6.118868827819824
      },
      "geometry": {
        "type": "Point",
        "coordinates": [
          -75.47916412353516,
          35.23418426513672
        ]
      }
    },
    {
      "type": "Feature",
      "properties": {
        "id": "0000998",
        "dataset_index": 998,
        "time_start": "1980-01-01",
        "time_end": "2023-12-31",
        "Hs_mean": 1.144221544265747,
        "Hs_max": 11.055343627929688,
        "Hs_95": 2.3168956637382503,
        "Tp_mean": 6.532081127166748,
        "Dp_mean": 105.88178253173828,
        "Dm_mean": 105.60335540771484,
        "Tm02_mean": 6.14877986907959
      },
      "geometry": {
        "type": "Point",
        "coordinates": [
          -75.4802474975586,
          35.23858642578125
        ]
      }
    },
    {
      "type": "Feature",
      "properties": {
        "id": "0000999",
        "dataset_index": 999,
        "time_start": "1980-01-01",
        "time_end": "2023-12-31",
        "Hs_mean": 1.1439086198806763,
        "Hs_max": 11.3395357131958,
        "Hs_95": 2.3272948861122122,
        "Tp_mean": 6.593439102172852,
        "Dp_mean": 106.03839874267578,
        "Dm_mean": 105.71833801269531,
        "Tm02_mean": 6.203210830688477
      },
      "geometry": {
        "type": "Point",
        "coordinates": [
          -75.48107147216797,
          35.243038177490234
        ]
      }
    },
    {
      "type": "Feature",
      "properties": {
        "id": "0001000",
        "dataset_index": 1000,
        "time_start": "1980-01-01",
        "time_end": "2023-12-31",
        "Hs_mean": 1.1481897830963135,
        "Hs_max": 11.48991584777832,
        "Hs_95": 2.3546622872352594,
        "Tp_mean": 6.622602939605713,
        "Dp_mean": 105.39952850341797,
        "Dm_mean": 105.30770874023438,
        "Tm02_mean": 6.229006290435791
      },
      "geometry": {
        "type": "Point",
        "coordinates": [
          -75.48190307617188,
          35.247493743896484
        ]
      }
    },
    {
      "type": "Feature",
      "properties": {
        "id": "0001001",
        "dataset_index": 1001,
        "time_start": "1980-01-01",
        "time_end": "2023-12-31",
        "Hs_mean": 1.1567641496658325,
        "Hs_max": 11.637516021728516,
        "Hs_95": 2.395741856098175,
        "Tp_mean": 6.668392181396484,
        "Dp_mean": 104.29398345947266,
        "Dm_mean": 104.53771209716797,
        "Tm02_mean": 6.290571212768555
      },
      "geometry": {
        "type": "Point",
        "coordinates": [
          -75.48272705078125,
          35.251949310302734
        ]
      }
    },
    {
      "type": "Feature",
      "properties": {
        "id": "0001002",
        "dataset_index": 1002,
        "time_start": "1980-01-01",
        "time_end": "2023-12-31",
        "Hs_mean": 1.1522269248962402,
        "Hs_max": 11.5571870803833,
        "Hs_95": 2.3863849997520448,
        "Tp_mean": 6.639830589294434,
        "Dp_mean": 103.16537475585938,
        "Dm_mean": 103.46011352539062,
        "Tm02_mean": 6.2570295333862305
      },
      "geometry": {
        "type": "Point",
        "coordinates": [
          -75.48355102539062,
          35.25640106201172
        ]
      }
    },
    {
      "type": "Feature",
      "properties": {
        "id": "0001003",
        "dataset_index": 1003,
        "time_start": "1980-01-01",
        "time_end": "2023-12-31",
        "Hs_mean": 1.1359177827835083,
        "Hs_max": 11.502423286437988,
        "Hs_95": 2.3485760569572447,
        "Tp_mean": 6.6399993896484375,
        "Dp_mean": 102.88922882080078,
        "Dm_mean": 102.74358367919922,
        "Tm02_mean": 6.239932060241699
      },
      "geometry": {
        "type": "Point",
        "coordinates": [
          -75.484375,
          35.26085662841797
        ]
      }
    },
    {
      "type": "Feature",
      "properties": {
        "id": "0001004",
        "dataset_index": 1004,
        "time_start": "1980-01-01",
        "time_end": "2023-12-31",
        "Hs_mean": 1.128591537475586,
        "Hs_max": 11.556028366088867,
        "Hs_95": 2.325096499919891,
        "Tp_mean": 6.65662145614624,
        "Dp_mean": 104.43878173828125,
        "Dm_mean": 102.13589477539062,
        "Tm02_mean": 6.239067554473877
      },
      "geometry": {
        "type": "Point",
        "coordinates": [
          -75.48519897460938,
          35.26530838012695
        ]
      }
    },
    {
      "type": "Feature",
      "properties": {
        "id": "0001005",
        "dataset_index": 1005,
        "time_start": "1980-01-01",
        "time_end": "2023-12-31",
        "Hs_mean": 1.1233000755310059,
        "Hs_max": 11.54187297821045,
        "Hs_95": 2.3101111173629754,
        "Tp_mean": 6.649275779724121,
        "Dp_mean": 103.95242309570312,
        "Dm_mean": 101.85623931884766,
        "Tm02_mean": 6.218008995056152
      },
      "geometry": {
        "type": "Point",
        "coordinates": [
          -75.48602294921875,
          35.2697639465332
        ]
      }
    },
    {
      "type": "Feature",
      "properties": {
        "id": "0001006",
        "dataset_index": 1006,
        "time_start": "1980-01-01",
        "time_end": "2023-12-31",
        "Hs_mean": 1.116711974143982,
        "Hs_max": 11.564314842224121,
        "Hs_95": 2.299893653392792,
        "Tp_mean": 6.674805641174316,
        "Dp_mean": 102.97087860107422,
        "Dm_mean": 101.25732421875,
        "Tm02_mean": 6.213591575622559
      },
      "geometry": {
        "type": "Point",
        "coordinates": [
          -75.48656463623047,
          35.27423095703125
        ]
      }
    },
    {
      "type": "Feature",
      "properties": {
        "id": "0001007",
        "dataset_index": 1007,
        "time_start": "1980-01-01",
        "time_end": "2023-12-31",
        "Hs_mean": 1.1165851354599,
        "Hs_max": 11.719413757324219,
        "Hs_95": 2.303038775920867,
        "Tp_mean": 6.7241010665893555,
        "Dp_mean": 102.41946411132812,
        "Dm_mean": 101.1533203125,
        "Tm02_mean": 6.240860939025879
      },
      "geometry": {
        "type": "Point",
        "coordinates": [
          -75.48641204833984,
          35.27873229980469
        ]
      }
    },
    {
      "type": "Feature",
      "properties": {
        "id": "0001008",
        "dataset_index": 1008,
        "time_start": "1980-01-01",
        "time_end": "2023-12-31",
        "Hs_mean": 1.1113048791885376,
        "Hs_max": 11.591931343078613,
        "Hs_95": 2.288788795471191,
        "Tp_mean": 6.738187789916992,
        "Dp_mean": 102.31962585449219,
        "Dm_mean": 101.30563354492188,
        "Tm02_mean": 6.223267555236816
      },
      "geometry": {
        "type": "Point",
        "coordinates": [
          -75.48625946044922,
          35.28323745727539
        ]
      }
    },
    {
      "type": "Feature",
      "properties": {
        "id": "0001009",
        "dataset_index": 1009,
        "time_start": "1980-01-01",
        "time_end": "2023-12-31",
        "Hs_mean": 1.1053062677383423,
        "Hs_max": 11.576061248779297,
        "Hs_95": 2.2738451361656185,
        "Tp_mean": 6.767965316772461,
        "Dp_mean": 102.73601531982422,
        "Dm_mean": 101.57254028320312,
        "Tm02_mean": 6.225401401519775
      },
      "geometry": {
        "type": "Point",
        "coordinates": [
          -75.4861068725586,
          35.28773880004883
        ]
      }
    },
    {
      "type": "Feature",
      "properties": {
        "id": "0001010",
        "dataset_index": 1010,
        "time_start": "1980-01-01",
        "time_end": "2023-12-31",
        "Hs_mean": 1.1058140993118286,
        "Hs_max": 11.814658164978027,
        "Hs_95": 2.279768240451812,
        "Tp_mean": 6.809489727020264,
        "Dp_mean": 103.07943725585938,
        "Dm_mean": 101.85903930664062,
        "Tm02_mean": 6.25919246673584
      },
      "geometry": {
        "type": "Point",
        "coordinates": [
          -75.4859619140625,
          35.29224395751953
        ]
      }
    },
    {
      "type": "Feature",
      "properties": {
        "id": "0001011",
        "dataset_index": 1011,
        "time_start": "1980-01-01",
        "time_end": "2023-12-31",
        "Hs_mean": 1.1076968908309937,
        "Hs_max": 12.02138614654541,
        "Hs_95": 2.285428321361542,
        "Tp_mean": 6.822614669799805,
        "Dp_mean": 102.95346069335938,
        "Dm_mean": 101.83130645751953,
        "Tm02_mean": 6.265096187591553
      },
      "geometry": {
        "type": "Point",
        "coordinates": [
          -75.48580932617188,
          35.29674530029297
        ]
      }
    },
    {
      "type": "Feature",
      "properties": {
        "id": "0001012",
        "dataset_index": 1012,
        "time_start": "1980-01-01",
        "time_end": "2023-12-31",
        "Hs_mean": 1.1055049896240234,
        "Hs_max": 11.969804763793945,
        "Hs_95": 2.2896643400192263,
        "Tp_mean": 6.840065002441406,
        "Dp_mean": 102.91857147216797,
        "Dm_mean": 101.77574157714844,
        "Tm02_mean": 6.274160861968994
      },
      "geometry": {
        "type": "Point",
        "coordinates": [
          -75.48565673828125,
          35.301246643066406
        ]
      }
    },
    {
      "type": "Feature",
      "properties": {
        "id": "0001013",
        "dataset_index": 1013,
        "time_start": "1980-01-01",
        "time_end": "2023-12-31",
        "Hs_mean": 1.1019368171691895,
        "Hs_max": 11.914469718933105,
        "Hs_95": 2.289250218868255,
        "Tp_mean": 6.850837707519531,
        "Dp_mean": 102.7359848022461,
        "Dm_mean": 101.50785827636719,
        "Tm02_mean": 6.283392906188965
      },
      "geometry": {
        "type": "Point",
        "coordinates": [
          -75.48550415039062,
          35.30575180053711
        ]
      }
    },
    {
      "type": "Feature",
      "properties": {
        "id": "0001014",
        "dataset_index": 1014,
        "time_start": "1980-01-01",
        "time_end": "2023-12-31",
        "Hs_mean": 1.0990411043167114,
        "Hs_max": 11.858915328979492,
        "Hs_95": 2.2870059490203856,
        "Tp_mean": 6.838383674621582,
        "Dp_mean": 102.7552261352539,
        "Dm_mean": 101.5447006225586,
        "Tm02_mean": 6.279484748840332
      },
      "geometry": {
        "type": "Point",
        "coordinates": [
          -75.48485565185547,
          35.31019973754883
        ]
      }
    },
    {
      "type": "Feature",
      "properties": {
        "id": "0001015",
        "dataset_index": 1015,
        "time_start": "1980-01-01",
        "time_end": "2023-12-31",
        "Hs_mean": 1.1026332378387451,
        "Hs_max": 11.858872413635254,
        "Hs_95": 2.3039206504821776,
        "Tp_mean": 6.816160202026367,
        "Dp_mean": 103.1220932006836,
        "Dm_mean": 101.93266296386719,
        "Tm02_mean": 6.284472942352295
      },
      "geometry": {
        "type": "Point",
        "coordinates": [
          -75.48351287841797,
          35.31456756591797
        ]
      }
    },
    {
      "type": "Feature",
      "properties": {
        "id": "0001016",
        "dataset_index": 1016,
        "time_start": "1980-01-01",
        "time_end": "2023-12-31",
        "Hs_mean": 1.1014050245285034,
        "Hs_max": 11.606630325317383,
        "Hs_95": 2.3049013376235954,
        "Tp_mean": 6.799482345581055,
        "Dp_mean": 103.8740463256836,
        "Dm_mean": 102.5389175415039,
        "Tm02_mean": 6.272218704223633
      },
      "geometry": {
        "type": "Point",
        "coordinates": [
          -75.48217010498047,
          35.31893539428711
        ]
      }
    },
    {
      "type": "Feature",
      "properties": {
        "id": "0001017",
        "dataset_index": 1017,
        "time_start": "1980-01-01",
        "time_end": "2023-12-31",
        "Hs_mean": 1.10805344581604,
        "Hs_max": 11.57772159576416,
        "Hs_95": 2.327137088775634,
        "Tp_mean": 6.810561656951904,
        "Dp_mean": 104.53263092041016,
        "Dm_mean": 103.18378448486328,
        "Tm02_mean": 6.286003112792969
      },
      "geometry": {
        "type": "Point",
        "coordinates": [
          -75.48082733154297,
          35.323307037353516
        ]
      }
    },
    {
      "type": "Feature",
      "properties": {
        "id": "0001018",
        "dataset_index": 1018,
        "time_start": "1980-01-01",
        "time_end": "2023-12-31",
        "Hs_mean": 1.1158548593521118,
        "Hs_max": 11.836906433105469,
        "Hs_95": 2.349511706829071,
        "Tp_mean": 6.847102165222168,
        "Dp_mean": 105.03810119628906,
        "Dm_mean": 103.6426773071289,
        "Tm02_mean": 6.32525634765625
      },
      "geometry": {
        "type": "Point",
        "coordinates": [
          -75.47948455810547,
          35.327674865722656
        ]
      }
    },
    {
      "type": "Feature",
      "properties": {
        "id": "0001019",
        "dataset_index": 1019,
        "time_start": "1980-01-01",
        "time_end": "2023-12-31",
        "Hs_mean": 1.1241463422775269,
        "Hs_max": 12.148903846740723,
        "Hs_95": 2.3698971152305597,
        "Tp_mean": 6.861644744873047,
        "Dp_mean": 104.70906829833984,
        "Dm_mean": 103.33499145507812,
        "Tm02_mean": 6.344881057739258
      },
      "geometry": {
        "type": "Point",
        "coordinates": [
          -75.47814178466797,
          35.33204650878906
        ]
      }
    },
    {
      "type": "Feature",
      "properties": {
        "id": "0001020",
        "dataset_index": 1020,
        "time_start": "1980-01-01",
        "time_end": "2023-12-31",
        "Hs_mean": 1.1341427564620972,
        "Hs_max": 12.449758529663086,
        "Hs_95": 2.391542053222656,
        "Tp_mean": 6.853649616241455,
        "Dp_mean": 104.05487060546875,
        "Dm_mean": 102.71585083007812,
        "Tm02_mean": 6.3246169090271
      },
      "geometry": {
        "type": "Point",
        "coordinates": [
          -75.47679901123047,
          35.3364143371582
        ]
      }
    },
    {
      "type": "Feature",
      "properties": {
        "id": "0001021",
        "dataset_index": 1021,
        "time_start": "1980-01-01",
        "time_end": "2023-12-31",
        "Hs_mean": 1.138873815536499,
        "Hs_max": 12.773749351501465,
        "Hs_95": 2.399515533447265,
        "Tp_mean": 6.877138137817383,
        "Dp_mean": 102.92630004882812,
        "Dm_mean": 101.584228515625,
        "Tm02_mean": 6.3589911460876465
      },
      "geometry": {
        "type": "Point",
        "coordinates": [
          -75.47545623779297,
          35.340782165527344
        ]
      }
    },
    {
      "type": "Feature",
      "properties": {
        "id": "0001022",
        "dataset_index": 1022,
        "time_start": "1980-01-01",
        "time_end": "2023-12-31",
        "Hs_mean": 1.147147536277771,
        "Hs_max": 12.719730377197266,
        "Hs_95": 2.4178179621696474,
        "Tp_mean": 6.857561111450195,
        "Dp_mean": 101.80521392822266,
        "Dm_mean": 100.5654067993164,
        "Tm02_mean": 6.329483509063721
      },
      "geometry": {
        "type": "Point",
        "coordinates": [
          -75.47432708740234,
          35.345184326171875
        ]
      }
    },
    {
      "type": "Feature",
      "properties": {
        "id": "0001023",
        "dataset_index": 1023,
        "time_start": "1980-01-01",
        "time_end": "2023-12-31",
        "Hs_mean": 1.1444178819656372,
        "Hs_max": 12.506342887878418,
        "Hs_95": 2.4086256742477414,
        "Tp_mean": 6.844153881072998,
        "Dp_mean": 101.29782104492188,
        "Dm_mean": 100.14411163330078,
        "Tm02_mean": 6.319423675537109
      },
      "geometry": {
        "type": "Point",
        "coordinates": [
          -75.4736557006836,
          35.34965515136719
        ]
      }
    },
    {
      "type": "Feature",
      "properties": {
        "id": "0001024",
        "dataset_index": 1024,
        "time_start": "1980-01-01",
        "time_end": "2023-12-31",
        "Hs_mean": 1.13666570186615,
        "Hs_max": 12.005509376525879,
        "Hs_95": 2.385955238342285,
        "Tp_mean": 6.817966938018799,
        "Dp_mean": 101.30193328857422,
        "Dm_mean": 100.0552978515625,
        "Tm02_mean": 6.296032905578613
      },
      "geometry": {
        "type": "Point",
        "coordinates": [
          -75.47297668457031,
          35.3541259765625
        ]
      }
    },
    {
      "type": "Feature",
      "properties": {
        "id": "0001025",
        "dataset_index": 1025,
        "time_start": "1980-01-01",
        "time_end": "2023-12-31",
        "Hs_mean": 1.1319445371627808,
        "Hs_max": 11.172329902648926,
        "Hs_95": 2.3715313553810113,
        "Tp_mean": 6.777361869812012,
        "Dp_mean": 101.32017517089844,
        "Dm_mean": 99.8769760131836,
        "Tm02_mean": 6.258638381958008
      },
      "geometry": {
        "type": "Point",
        "coordinates": [
          -75.47229766845703,
          35.35859680175781
        ]
      }
    },
    {
      "type": "Feature",
      "properties": {
        "id": "0001026",
        "dataset_index": 1026,
        "time_start": "1980-01-01",
        "time_end": "2023-12-31",
        "Hs_mean": 1.1310175657272339,
        "Hs_max": 10.741695404052734,
        "Hs_95": 2.366991019248962,
        "Tp_mean": 6.804999828338623,
        "Dp_mean": 101.8194580078125,
        "Dm_mean": 100.23579406738281,
        "Tm02_mean": 6.272416114807129
      },
      "geometry": {
        "type": "Point",
        "coordinates": [
          -75.47161865234375,
          35.363067626953125
        ]
      }
    },
    {
      "type": "Feature",
      "properties": {
        "id": "0001027",
        "dataset_index": 1027,
        "time_start": "1980-01-01",
        "time_end": "2023-12-31",
        "Hs_mean": 1.1297310590744019,
        "Hs_max": 11.123759269714355,
        "Hs_95": 2.361079943180084,
        "Tp_mean": 6.875238418579102,
        "Dp_mean": 101.75212097167969,
        "Dm_mean": 100.09244537353516,
        "Tm02_mean": 6.3431830406188965
      },
      "geometry": {
        "type": "Point",
        "coordinates": [
          -75.47093963623047,
          35.36753845214844
        ]
      }
    },
    {
      "type": "Feature",
      "properties": {
        "id": "0001028",
        "dataset_index": 1028,
        "time_start": "1980-01-01",
        "time_end": "2023-12-31",
        "Hs_mean": 1.123502492904663,
        "Hs_max": 11.401710510253906,
        "Hs_95": 2.3330836892127986,
        "Tp_mean": 6.825456619262695,
        "Dp_mean": 101.59929656982422,
        "Dm_mean": 99.9482192993164,
        "Tm02_mean": 6.287759780883789
      },
      "geometry": {
        "type": "Point",
        "coordinates": [
          -75.47026062011719,
          35.37200927734375
        ]
      }
    },
    {
      "type": "Feature",
      "properties": {
        "id": "0001029",
        "dataset_index": 1029,
        "time_start": "1980-01-01",
        "time_end": "2023-12-31",
        "Hs_mean": 1.113061547279358,
        "Hs_max": 11.570453643798828,
        "Hs_95": 2.308953607082367,
        "Tp_mean": 6.810551166534424,
        "Dp_mean": 102.12090301513672,
        "Dm_mean": 100.49111938476562,
        "Tm02_mean": 6.282368183135986
      },
      "geometry": {
        "type": "Point",
        "coordinates": [
          -75.4695816040039,
          35.37648010253906
        ]
      }
    },
    {
      "type": "Feature",
      "properties": {
        "id": "0001030",
        "dataset_index": 1030,
        "time_start": "1980-01-01",
        "time_end": "2023-12-31",
        "Hs_mean": 1.1150927543640137,
        "Hs_max": 11.856651306152344,
        "Hs_95": 2.3169266819953918,
        "Tp_mean": 6.8074774742126465,
        "Dp_mean": 102.26058197021484,
        "Dm_mean": 100.73348236083984,
        "Tm02_mean": 6.29805326461792
      },
      "geometry": {
        "type": "Point",
        "coordinates": [
          -75.46890258789062,
          35.38094711303711
        ]
      }
    },
    {
      "type": "Feature",
      "properties": {
        "id": "0001031",
        "dataset_index": 1031,
        "time_start": "1980-01-01",
        "time_end": "2023-12-31",
        "Hs_mean": 1.1165187358856201,
        "Hs_max": 11.784516334533691,
        "Hs_95": 2.320531833171844,
        "Tp_mean": 6.794529914855957,
        "Dp_mean": 101.75115966796875,
        "Dm_mean": 100.32129669189453,
        "Tm02_mean": 6.288254737854004
      },
      "geometry": {
        "type": "Point",
        "coordinates": [
          -75.46822357177734,
          35.38541793823242
        ]
      }
    },
    {
      "type": "Feature",
      "properties": {
        "id": "0001032",
        "dataset_index": 1032,
        "time_start": "1980-01-01",
        "time_end": "2023-12-31",
        "Hs_mean": 1.1128239631652832,
        "Hs_max": 11.169403076171875,
        "Hs_95": 2.3154215455055227,
        "Tp_mean": 6.758652687072754,
        "Dp_mean": 101.12669372558594,
        "Dm_mean": 99.66854095458984,
        "Tm02_mean": 6.259411334991455
      },
      "geometry": {
        "type": "Point",
        "coordinates": [
          -75.46754455566406,
          35.389888763427734
        ]
      }
    },
    {
      "type": "Feature",
      "properties": {
        "id": "0001033",
        "dataset_index": 1033,
        "time_start": "1980-01-01",
        "time_end": "2023-12-31",
        "Hs_mean": 1.10671865940094,
        "Hs_max": 10.4174222946167,
        "Hs_95": 2.29987895488739,
        "Tp_mean": 6.722695350646973,
        "Dp_mean": 100.91313934326172,
        "Dm_mean": 99.41694641113281,
        "Tm02_mean": 6.232070446014404
      },
      "geometry": {
        "type": "Point",
        "coordinates": [
          -75.46686553955078,
          35.39435958862305
        ]
      }
    },
    {
      "type": "Feature",
      "properties": {
        "id": "0001034",
        "dataset_index": 1034,
        "time_start": "1980-01-01",
        "time_end": "2023-12-31",
        "Hs_mean": 1.097968578338623,
        "Hs_max": 9.907088279724121,
        "Hs_95": 2.2804327607154846,
        "Tp_mean": 6.714150905609131,
        "Dp_mean": 101.34931945800781,
        "Dm_mean": 99.9196548461914,
        "Tm02_mean": 6.2097086906433105
      },
      "geometry": {
        "type": "Point",
        "coordinates": [
          -75.4661865234375,
          35.39883041381836
        ]
      }
    },
    {
      "type": "Feature",
      "properties": {
        "id": "0001035",
        "dataset_index": 1035,
        "time_start": "1980-01-01",
        "time_end": "2023-12-31",
        "Hs_mean": 1.099529504776001,
        "Hs_max": 9.72082233428955,
        "Hs_95": 2.2889803767204286,
        "Tp_mean": 6.740610122680664,
        "Dp_mean": 101.89360046386719,
        "Dm_mean": 100.51106262207031,
        "Tm02_mean": 6.217392921447754
      },
      "geometry": {
        "type": "Point",
        "coordinates": [
          -75.46550750732422,
          35.40330123901367
        ]
      }
    },
    {
      "type": "Feature",
      "properties": {
        "id": "0001036",
        "dataset_index": 1036,
        "time_start": "1980-01-01",
        "time_end": "2023-12-31",
        "Hs_mean": 1.1094130277633667,
        "Hs_max": 9.886775970458984,
        "Hs_95": 2.3198743104934687,
        "Tp_mean": 6.8127617835998535,
        "Dp_mean": 101.73004913330078,
        "Dm_mean": 100.43647003173828,
        "Tm02_mean": 6.286649703979492
      },
      "geometry": {
        "type": "Point",
        "coordinates": [
          -75.46482849121094,
          35.407772064208984
        ]
      }
    },
    {
      "type": "Feature",
      "properties": {
        "id": "0001037",
        "dataset_index": 1037,
        "time_start": "1980-01-01",
        "time_end": "2023-12-31",
        "Hs_mean": 1.1130009889602661,
        "Hs_max": 9.864036560058594,
        "Hs_95": 2.3346472859382623,
        "Tp_mean": 6.847724437713623,
        "Dp_mean": 100.83621215820312,
        "Dm_mean": 99.62899780273438,
        "Tm02_mean": 6.3144049644470215
      },
      "geometry": {
        "type": "Point",
        "coordinates": [
          -75.46415710449219,
          35.4122428894043
        ]
      }
    },
    {
      "type": "Feature",
      "properties": {
        "id": "0001038",
        "dataset_index": 1038,
        "time_start": "1980-01-01",
        "time_end": "2023-12-31",
        "Hs_mean": 1.1163499355316162,
        "Hs_max": 10.081778526306152,
        "Hs_95": 2.345181465148926,
        "Tp_mean": 6.8685808181762695,
        "Dp_mean": 100.30091857910156,
        "Dm_mean": 99.11827850341797,
        "Tm02_mean": 6.333694934844971
      },
      "geometry": {
        "type": "Point",
        "coordinates": [
          -75.4638442993164,
          35.41672897338867
        ]
      }
    },
    {
      "type": "Feature",
      "properties": {
        "id": "0001039",
        "dataset_index": 1039,
        "time_start": "1980-01-01",
        "time_end": "2023-12-31",
        "Hs_mean": 1.1163935661315918,
        "Hs_max": 10.372267723083496,
        "Hs_95": 2.350407540798187,
        "Tp_mean": 6.898010730743408,
        "Dp_mean": 99.85712432861328,
        "Dm_mean": 98.75911712646484,
        "Tm02_mean": 6.359580039978027
      },
      "geometry": {
        "type": "Point",
        "coordinates": [
          -75.46394348144531,
          35.42123031616211
        ]
      }
    },
    {
      "type": "Feature",
      "properties": {
        "id": "0001040",
        "dataset_index": 1040,
        "time_start": "1980-01-01",
        "time_end": "2023-12-31",
        "Hs_mean": 1.11989164352417,
        "Hs_max": 10.575582504272461,
        "Hs_95": 2.364706301689148,
        "Tp_mean": 6.918325424194336,
        "Dp_mean": 99.05171203613281,
        "Dm_mean": 98.0576400756836,
        "Tm02_mean": 6.372776508331299
      },
      "geometry": {
        "type": "Point",
        "coordinates": [
          -75.46404266357422,
          35.42573547363281
        ]
      }
    },
    {
      "type": "Feature",
      "properties": {
        "id": "0001041",
        "dataset_index": 1041,
        "time_start": "1980-01-01",
        "time_end": "2023-12-31",
        "Hs_mean": 1.1184823513031006,
        "Hs_max": 10.709558486938477,
        "Hs_95": 2.363682937622069,
        "Tp_mean": 6.944838523864746,
        "Dp_mean": 98.33598327636719,
        "Dm_mean": 97.48084259033203,
        "Tm02_mean": 6.384372234344482
      },
      "geometry": {
        "type": "Point",
        "coordinates": [
          -75.4641342163086,
          35.430240631103516
        ]
      }
    },
    {
      "type": "Feature",
      "properties": {
        "id": "0001042",
        "dataset_index": 1042,
        "time_start": "1980-01-01",
        "time_end": "2023-12-31",
        "Hs_mean": 1.1098898649215698,
        "Hs_max": 10.900585174560547,
        "Hs_95": 2.338437402248382,
        "Tp_mean": 6.961729049682617,
        "Dp_mean": 98.1956787109375,
        "Dm_mean": 97.39335632324219,
        "Tm02_mean": 6.391789436340332
      },
      "geometry": {
        "type": "Point",
        "coordinates": [
          -75.4642333984375,
          35.43474197387695
        ]
      }
    },
    {
      "type": "Feature",
      "properties": {
        "id": "0001043",
        "dataset_index": 1043,
        "time_start": "1980-01-01",
        "time_end": "2023-12-31",
        "Hs_mean": 1.1006519794464111,
        "Hs_max": 11.0530366897583,
        "Hs_95": 2.313208222389221,
        "Tp_mean": 6.97210168838501,
        "Dp_mean": 98.04145050048828,
        "Dm_mean": 97.3817367553711,
        "Tm02_mean": 6.394285202026367
      },
      "geometry": {
        "type": "Point",
        "coordinates": [
          -75.4643325805664,
          35.439247131347656
        ]
      }
    },
    {
      "type": "Feature",
      "properties": {
        "id": "0001044",
        "dataset_index": 1044,
        "time_start": "1980-01-01",
        "time_end": "2023-12-31",
        "Hs_mean": 1.0951569080352783,
        "Hs_max": 11.026023864746094,
        "Hs_95": 2.2991994500160216,
        "Tp_mean": 6.96310567855835,
        "Dp_mean": 97.59870147705078,
        "Dm_mean": 97.12103271484375,
        "Tm02_mean": 6.375446796417236
      },
      "geometry": {
        "type": "Point",
        "coordinates": [
          -75.46443176269531,
          35.44375228881836
        ]
      }
    },
    {
      "type": "Feature",
      "properties": {
        "id": "0001045",
        "dataset_index": 1045,
        "time_start": "1980-01-01",
        "time_end": "2023-12-31",
        "Hs_mean": 1.0883556604385376,
        "Hs_max": 10.76382827758789,
        "Hs_95": 2.284478640556335,
        "Tp_mean": 6.943321228027344,
        "Dp_mean": 97.58789825439453,
        "Dm_mean": 97.20819091796875,
        "Tm02_mean": 6.344958782196045
      },
      "geometry": {
        "type": "Point",
        "coordinates": [
          -75.46452331542969,
          35.4482536315918
        ]
      }
    },
    {
      "type": "Feature",
      "properties": {
        "id": "0001046",
        "dataset_index": 1046,
        "time_start": "1980-01-01",
        "time_end": "2023-12-31",
        "Hs_mean": 1.081886887550354,
        "Hs_max": 10.583399772644043,
        "Hs_95": 2.2707897067070006,
        "Tp_mean": 6.932139873504639,
        "Dp_mean": 98.5693359375,
        "Dm_mean": 98.15198516845703,
        "Tm02_mean": 6.325472354888916
      },
      "geometry": {
        "type": "Point",
        "coordinates": [
          -75.4645004272461,
          35.45275115966797
        ]
      }
    },
    {
      "type": "Feature",
      "properties": {
        "id": "0001047",
        "dataset_index": 1047,
        "time_start": "1980-01-01",
        "time_end": "2023-12-31",
        "Hs_mean": 1.0819629430770874,
        "Hs_max": 10.553426742553711,
        "Hs_95": 2.2693560361862177,
        "Tp_mean": 6.922296524047852,
        "Dp_mean": 99.65550994873047,
        "Dm_mean": 99.13864135742188,
        "Tm02_mean": 6.324826717376709
      },
      "geometry": {
        "type": "Point",
        "coordinates": [
          -75.46379089355469,
          35.457218170166016
        ]
      }
    },
    {
      "type": "Feature",
      "properties": {
        "id": "0001048",
        "dataset_index": 1048,
        "time_start": "1980-01-01",
        "time_end": "2023-12-31",
        "Hs_mean": 1.0847316980361938,
        "Hs_max": 10.71008586883545,
        "Hs_95": 2.273778522014618,
        "Tp_mean": 6.948520183563232,
        "Dp_mean": 100.30180358886719,
        "Dm_mean": 99.71924591064453,
        "Tm02_mean": 6.353989601135254
      },
      "geometry": {
        "type": "Point",
        "coordinates": [
          -75.46308135986328,
          35.46168518066406
        ]
      }
    },
    {
      "type": "Feature",
      "properties": {
        "id": "0001049",
        "dataset_index": 1049,
        "time_start": "1980-01-01",
        "time_end": "2023-12-31",
        "Hs_mean": 1.085159420967102,
        "Hs_max": 10.835046768188477,
        "Hs_95": 2.2731190562248225,
        "Tp_mean": 6.963221073150635,
        "Dp_mean": 100.19361877441406,
        "Dm_mean": 99.60169982910156,
        "Tm02_mean": 6.358932971954346
      },
      "geometry": {
        "type": "Point",
        "coordinates": [
          -75.46237182617188,
          35.466156005859375
        ]
      }
    },
    {
      "type": "Feature",
      "properties": {
        "id": "0001050",
        "dataset_index": 1050,
        "time_start": "1980-01-01",
        "time_end": "2023-12-31",
        "Hs_mean": 1.0812369585037231,
        "Hs_max": 10.812857627868652,
        "Hs_95": 2.257875955104828,
        "Tp_mean": 6.94921350479126,
        "Dp_mean": 100.4217529296875,
        "Dm_mean": 99.7835922241211,
        "Tm02_mean": 6.338860511779785
      },
      "geometry": {
        "type": "Point",
        "coordinates": [
          -75.46166229248047,
          35.47062301635742
        ]
      }
    },
    {
      "type": "Feature",
      "properties": {
        "id": "0001051",
        "dataset_index": 1051,
        "time_start": "1980-01-01",
        "time_end": "2023-12-31",
        "Hs_mean": 1.075581431388855,
        "Hs_max": 10.83428955078125,
        "Hs_95": 2.2419458270072936,
        "Tp_mean": 6.938930034637451,
        "Dp_mean": 101.56548309326172,
        "Dm_mean": 100.83148956298828,
        "Tm02_mean": 6.3352556228637695
      },
      "geometry": {
        "type": "Point",
        "coordinates": [
          -75.46095275878906,
          35.47509002685547
        ]
      }
    },
    {
      "type": "Feature",
      "properties": {
        "id": "0001052",
        "dataset_index": 1052,
        "time_start": "1980-01-01",
        "time_end": "2023-12-31",
        "Hs_mean": 1.0847526788711548,
        "Hs_max": 11.183130264282227,
        "Hs_95": 2.2632187128067014,
        "Tp_mean": 6.955855846405029,
        "Dp_mean": 102.43412780761719,
        "Dm_mean": 101.65388488769531,
        "Tm02_mean": 6.3853678703308105
      },
      "geometry": {
        "type": "Point",
        "coordinates": [
          -75.45970153808594,
          35.47945785522461
        ]
      }
    },
    {
      "type": "Feature",
      "properties": {
        "id": "0001053",
        "dataset_index": 1053,
        "time_start": "1980-01-01",
        "time_end": "2023-12-31",
        "Hs_mean": 1.0929670333862305,
        "Hs_max": 11.488039016723633,
        "Hs_95": 2.280462265014648,
        "Tp_mean": 6.960723400115967,
        "Dp_mean": 102.40771484375,
        "Dm_mean": 101.4505844116211,
        "Tm02_mean": 6.399616241455078
      },
      "geometry": {
        "type": "Point",
        "coordinates": [
          -75.45802307128906,
          35.48374938964844
        ]
      }
    },
    {
      "type": "Feature",
      "properties": {
        "id": "0001054",
        "dataset_index": 1054,
        "time_start": "1980-01-01",
        "time_end": "2023-12-31",
        "Hs_mean": 1.098180890083313,
        "Hs_max": 11.541519165039062,
        "Hs_95": 2.282546412944793,
        "Tp_mean": 6.913857460021973,
        "Dp_mean": 102.10440063476562,
        "Dm_mean": 100.96355438232422,
        "Tm02_mean": 6.364464282989502
      },
      "geometry": {
        "type": "Point",
        "coordinates": [
          -75.45634460449219,
          35.488040924072266
        ]
      }
    },
    {
      "type": "Feature",
      "properties": {
        "id": "0001055",
        "dataset_index": 1055,
        "time_start": "1980-01-01",
        "time_end": "2023-12-31",
        "Hs_mean": 1.094340205192566,
        "Hs_max": 11.586248397827148,
        "Hs_95": 2.2660056352615356,
        "Tp_mean": 6.866398334503174,
        "Dp_mean": 102.8179702758789,
        "Dm_mean": 101.46509552001953,
        "Tm02_mean": 6.3337178230285645
      },
      "geometry": {
        "type": "Point",
        "coordinates": [
          -75.45465850830078,
          35.492332458496094
        ]
      }
    },
    {
      "type": "Feature",
      "properties": {
        "id": "0001056",
        "dataset_index": 1056,
        "time_start": "1980-01-01",
        "time_end": "2023-12-31",
        "Hs_mean": 1.093277931213379,
        "Hs_max": 11.39299488067627,
        "Hs_95": 2.2605785131454463,
        "Tp_mean": 6.7962751388549805,
        "Dp_mean": 103.8143310546875,
        "Dm_mean": 102.2938232421875,
        "Tm02_mean": 6.269989967346191
      },
      "geometry": {
        "type": "Point",
        "coordinates": [
          -75.4529800415039,
          35.49662780761719
        ]
      }
    },
    {
      "type": "Feature",
      "properties": {
        "id": "0001057",
        "dataset_index": 1057,
        "time_start": "1980-01-01",
        "time_end": "2023-12-31",
        "Hs_mean": 1.1036689281463623,
        "Hs_max": 11.154762268066406,
        "Hs_95": 2.2930166125297546,
        "Tp_mean": 6.765292167663574,
        "Dp_mean": 104.40721893310547,
        "Dm_mean": 102.88391876220703,
        "Tm02_mean": 6.258481502532959
      },
      "geometry": {
        "type": "Point",
        "coordinates": [
          -75.45039367675781,
          35.50056838989258
        ]
      }
    },
    {
      "type": "Feature",
      "properties": {
        "id": "0001058",
        "dataset_index": 1058,
        "time_start": "1980-01-01",
        "time_end": "2023-12-31",
        "Hs_mean": 1.1279634237289429,
        "Hs_max": 11.26443099975586,
        "Hs_95": 2.364966821670532,
        "Tp_mean": 6.775062561035156,
        "Dp_mean": 104.38925170898438,
        "Dm_mean": 102.89570617675781,
        "Tm02_mean": 6.282596111297607
      },
      "geometry": {
        "type": "Point",
        "coordinates": [
          -75.4474105834961,
          35.504364013671875
        ]
      }
    },
    {
      "type": "Feature",
      "properties": {
        "id": "0001059",
        "dataset_index": 1059,
        "time_start": "1980-01-01",
        "time_end": "2023-12-31",
        "Hs_mean": 1.1578131914138794,
        "Hs_max": 11.515310287475586,
        "Hs_95": 2.4457374930381763,
        "Tp_mean": 6.7716593742370605,
        "Dp_mean": 103.34880828857422,
        "Dm_mean": 101.87467956542969,
        "Tm02_mean": 6.266815185546875
      },
      "geometry": {
        "type": "Point",
        "coordinates": [
          -75.44442749023438,
          35.50815963745117
        ]
      }
    },
    {
      "type": "Feature",
      "properties": {
        "id": "0001060",
        "dataset_index": 1060,
        "time_start": "1980-01-01",
        "time_end": "2023-12-31",
        "Hs_mean": 1.1802221536636353,
        "Hs_max": 12.048954010009766,
        "Hs_95": 2.499451160430908,
        "Tp_mean": 6.79584264755249,
        "Dp_mean": 102.7815933227539,
        "Dm_mean": 101.35893249511719,
        "Tm02_mean": 6.287232875823975
      },
      "geometry": {
        "type": "Point",
        "coordinates": [
          -75.44144439697266,
          35.51195526123047
        ]
      }
    },
    {
      "type": "Feature",
      "properties": {
        "id": "0001061",
        "dataset_index": 1061,
        "time_start": "1980-01-01",
        "time_end": "2023-12-31",
        "Hs_mean": 1.2035988569259644,
        "Hs_max": 12.986011505126953,
        "Hs_95": 2.5470608234405514,
        "Tp_mean": 6.83891487121582,
        "Dp_mean": 101.98359680175781,
        "Dm_mean": 100.76889038085938,
        "Tm02_mean": 6.330760478973389
      },
      "geometry": {
        "type": "Point",
        "coordinates": [
          -75.43846893310547,
          35.515750885009766
        ]
      }
    },
    {
      "type": "Feature",
      "properties": {
        "id": "0001062",
        "dataset_index": 1062,
        "time_start": "1980-01-01",
        "time_end": "2023-12-31",
        "Hs_mean": 1.2139825820922852,
        "Hs_max": 13.343644142150879,
        "Hs_95": 2.566451203823089,
        "Tp_mean": 6.862921237945557,
        "Dp_mean": 100.46355438232422,
        "Dm_mean": 99.21534729003906,
        "Tm02_mean": 6.355947971343994
      },
      "geometry": {
        "type": "Point",
        "coordinates": [
          -75.43572235107422,
          35.51963806152344
        ]
      }
    },
    {
      "type": "Feature",
      "properties": {
        "id": "0001063",
        "dataset_index": 1063,
        "time_start": "1980-01-01",
        "time_end": "2023-12-31",
        "Hs_mean": 1.2104674577713013,
        "Hs_max": 12.967745780944824,
        "Hs_95": 2.556812012195587,
        "Tp_mean": 6.820737838745117,
        "Dp_mean": 98.85533905029297,
        "Dm_mean": 97.51484680175781,
        "Tm02_mean": 6.305026054382324
      },
      "geometry": {
        "type": "Point",
        "coordinates": [
          -75.4338607788086,
          35.52388000488281
        ]
      }
    },
    {
      "type": "Feature",
      "properties": {
        "id": "0001064",
        "dataset_index": 1064,
        "time_start": "1980-01-01",
        "time_end": "2023-12-31",
        "Hs_mean": 1.2066917419433594,
        "Hs_max": 12.84266471862793,
        "Hs_95": 2.5560757994651793,
        "Tp_mean": 6.810783386230469,
        "Dp_mean": 97.8487777709961,
        "Dm_mean": 96.51873779296875,
        "Tm02_mean": 6.302713871002197
      },
      "geometry": {
        "type": "Point",
        "coordinates": [
          -75.43199920654297,
          35.52812576293945
        ]
      }
    },
    {
      "type": "Feature",
      "properties": {
        "id": "0001065",
        "dataset_index": 1065,
        "time_start": "1980-01-01",
        "time_end": "2023-12-31",
        "Hs_mean": 1.2101519107818604,
        "Hs_max": 13.074066162109375,
        "Hs_95": 2.5706637382507314,
        "Tp_mean": 6.791261196136475,
        "Dp_mean": 97.32315063476562,
        "Dm_mean": 96.03388214111328,
        "Tm02_mean": 6.288305759429932
      },
      "geometry": {
        "type": "Point",
        "coordinates": [
          -75.43074035644531,
          35.532432556152344
        ]
      }
    },
    {
      "type": "Feature",
      "properties": {
        "id": "0001066",
        "dataset_index": 1066,
        "time_start": "1980-01-01",
        "time_end": "2023-12-31",
        "Hs_mean": 1.2202515602111816,
        "Hs_max": 13.420461654663086,
        "Hs_95": 2.6029067039489737,
        "Tp_mean": 6.822424411773682,
        "Dp_mean": 96.26869201660156,
        "Dm_mean": 95.08219909667969,
        "Tm02_mean": 6.3217997550964355
      },
      "geometry": {
        "type": "Point",
        "coordinates": [
          -75.43115997314453,
          35.536922454833984
        ]
      }
    },
    {
      "type": "Feature",
      "properties": {
        "id": "0001067",
        "dataset_index": 1067,
        "time_start": "1980-01-01",
        "time_end": "2023-12-31",
        "Hs_mean": 1.232542872428894,
        "Hs_max": 13.922306060791016,
        "Hs_95": 2.6436102509498594,
        "Tp_mean": 6.897823810577393,
        "Dp_mean": 94.11204528808594,
        "Dm_mean": 93.04016876220703,
        "Tm02_mean": 6.402080059051514
      },
      "geometry": {
        "type": "Point",
        "coordinates": [
          -75.43247985839844,
          35.541202545166016
        ]
      }
    },
    {
      "type": "Feature",
      "properties": {
        "id": "0001068",
        "dataset_index": 1068,
        "time_start": "1980-01-01",
        "time_end": "2023-12-31",
        "Hs_mean": 1.2229130268096924,
        "Hs_max": 13.795232772827148,
        "Hs_95": 2.607312786579132,
        "Tp_mean": 6.88917350769043,
        "Dp_mean": 91.3465576171875,
        "Dm_mean": 90.47737121582031,
        "Tm02_mean": 6.396761894226074
      },
      "geometry": {
        "type": "Point",
        "coordinates": [
          -75.43510437011719,
          35.545166015625
        ]
      }
    },
    {
      "type": "Feature",
      "properties": {
        "id": "0001069",
        "dataset_index": 1069,
        "time_start": "1980-01-01",
        "time_end": "2023-12-31",
        "Hs_mean": 1.1870006322860718,
        "Hs_max": 12.897720336914062,
        "Hs_95": 2.5009438991546626,
        "Tp_mean": 6.815997123718262,
        "Dp_mean": 89.63931274414062,
        "Dm_mean": 88.8974380493164,
        "Tm02_mean": 6.2971086502075195
      },
      "geometry": {
        "type": "Point",
        "coordinates": [
          -75.43772888183594,
          35.54913330078125
        ]
      }
    },
    {
      "type": "Feature",
      "properties": {
        "id": "0001070",
        "dataset_index": 1070,
        "time_start": "1980-01-01",
        "time_end": "2023-12-31",
        "Hs_mean": 1.1542878150939941,
        "Hs_max": 11.856721878051758,
        "Hs_95": 2.4210367679595945,
        "Tp_mean": 6.755906581878662,
        "Dp_mean": 89.37860107421875,
        "Dm_mean": 88.7223129272461,
        "Tm02_mean": 6.212040901184082
      },
      "geometry": {
        "type": "Point",
        "coordinates": [
          -75.44035339355469,
          35.553096771240234
        ]
      }
    },
    {
      "type": "Feature",
      "properties": {
        "id": "0001071",
        "dataset_index": 1071,
        "time_start": "1980-01-01",
        "time_end": "2023-12-31",
        "Hs_mean": 1.1403398513793945,
        "Hs_max": 11.19570541381836,
        "Hs_95": 2.3992302298545836,
        "Tp_mean": 6.781023025512695,
        "Dp_mean": 88.63583374023438,
        "Dm_mean": 88.44905853271484,
        "Tm02_mean": 6.203404426574707
      },
      "geometry": {
        "type": "Point",
        "coordinates": [
          -75.44271087646484,
          35.55714797973633
        ]
      }
    },
    {
      "type": "Feature",
      "properties": {
        "id": "0001072",
        "dataset_index": 1072,
        "time_start": "1980-01-01",
        "time_end": "2023-12-31",
        "Hs_mean": 1.1300463676452637,
        "Hs_max": 10.816293716430664,
        "Hs_95": 2.3865887403488153,
        "Tp_mean": 6.80800724029541,
        "Dp_mean": 88.49335479736328,
        "Dm_mean": 88.54342651367188,
        "Tm02_mean": 6.202243804931641
      },
      "geometry": {
        "type": "Point",
        "coordinates": [
          -75.44401550292969,
          35.561527252197266
        ]
      }
    },
    {
      "type": "Feature",
      "properties": {
        "id": "0001073",
        "dataset_index": 1073,
        "time_start": "1980-01-01",
        "time_end": "2023-12-31",
        "Hs_mean": 1.1281529664993286,
        "Hs_max": 10.693992614746094,
        "Hs_95": 2.3890053629875174,
        "Tp_mean": 6.81944465637207,
        "Dp_mean": 88.38429260253906,
        "Dm_mean": 88.58243560791016,
        "Tm02_mean": 6.188791751861572
      },
      "geometry": {
        "type": "Point",
        "coordinates": [
          -75.4453125,
          35.5659065246582
        ]
      }
    },
    {
      "type": "Feature",
      "properties": {
        "id": "0001074",
        "dataset_index": 1074,
        "time_start": "1980-01-01",
        "time_end": "2023-12-31",
        "Hs_mean": 1.1205966472625732,
        "Hs_max": 10.794889450073242,
        "Hs_95": 2.37577052116394,
        "Tp_mean": 6.869136810302734,
        "Dp_mean": 88.8626937866211,
        "Dm_mean": 89.12361907958984,
        "Tm02_mean": 6.227672576904297
      },
      "geometry": {
        "type": "Point",
        "coordinates": [
          -75.44618225097656,
          35.57032775878906
        ]
      }
    },
    {
      "type": "Feature",
      "properties": {
        "id": "0001075",
        "dataset_index": 1075,
        "time_start": "1980-01-01",
        "time_end": "2023-12-31",
        "Hs_mean": 1.122183084487915,
        "Hs_max": 10.952554702758789,
        "Hs_95": 2.3739046096801744,
        "Tp_mean": 6.853610515594482,
        "Dp_mean": 89.40609741210938,
        "Dm_mean": 89.62715148925781,
        "Tm02_mean": 6.200076103210449
      },
      "geometry": {
        "type": "Point",
        "coordinates": [
          -75.44624328613281,
          35.5748291015625
        ]
      }
    },
    {
      "type": "Feature",
      "properties": {
        "id": "0001076",
        "dataset_index": 1076,
        "time_start": "1980-01-01",
        "time_end": "2023-12-31",
        "Hs_mean": 1.1250087022781372,
        "Hs_max": 11.07575798034668,
        "Hs_95": 2.3825600743293758,
        "Tp_mean": 6.883916854858398,
        "Dp_mean": 89.53790283203125,
        "Dm_mean": 89.79364776611328,
        "Tm02_mean": 6.226383209228516
      },
      "geometry": {
        "type": "Point",
        "coordinates": [
          -75.44630432128906,
          35.5793342590332
        ]
      }
    },
    {
      "type": "Feature",
      "properties": {
        "id": "0001077",
        "dataset_index": 1077,
        "time_start": "1980-01-01",
        "time_end": "2023-12-31",
        "Hs_mean": 1.1308988332748413,
        "Hs_max": 11.120016098022461,
        "Hs_95": 2.398188662528992,
        "Tp_mean": 6.904584884643555,
        "Dp_mean": 89.54279327392578,
        "Dm_mean": 89.83355712890625,
        "Tm02_mean": 6.237648010253906
      },
      "geometry": {
        "type": "Point",
        "coordinates": [
          -75.44635772705078,
          35.583839416503906
        ]
      }
    },
    {
      "type": "Feature",
      "properties": {
        "id": "0001078",
        "dataset_index": 1078,
        "time_start": "1980-01-01",
        "time_end": "2023-12-31",
        "Hs_mean": 1.1430522203445435,
        "Hs_max": 11.438373565673828,
        "Hs_95": 2.4266970276832582,
        "Tp_mean": 6.920421600341797,
        "Dp_mean": 90.22216796875,
        "Dm_mean": 90.49796295166016,
        "Tm02_mean": 6.260808944702148
      },
      "geometry": {
        "type": "Point",
        "coordinates": [
          -75.44641876220703,
          35.58834457397461
        ]
      }
    },
    {
      "type": "Feature",
      "properties": {
        "id": "0001079",
        "dataset_index": 1079,
        "time_start": "1980-01-01",
        "time_end": "2023-12-31",
        "Hs_mean": 1.1531378030776978,
        "Hs_max": 12.043294906616211,
        "Hs_95": 2.4516274213790887,
        "Tp_mean": 6.954640865325928,
        "Dp_mean": 90.92314147949219,
        "Dm_mean": 91.22279357910156,
        "Tm02_mean": 6.307906627655029
      },
      "geometry": {
        "type": "Point",
        "coordinates": [
          -75.44647979736328,
          35.59284973144531
        ]
      }
    },
    {
      "type": "Feature",
      "properties": {
        "id": "0001080",
        "dataset_index": 1080,
        "time_start": "1980-01-01",
        "time_end": "2023-12-31",
        "Hs_mean": 1.1612660884857178,
        "Hs_max": 12.58027458190918,
        "Hs_95": 2.4746004343032832,
        "Tp_mean": 6.990118503570557,
        "Dp_mean": 91.08357238769531,
        "Dm_mean": 91.27910614013672,
        "Tm02_mean": 6.344763278961182
      },
      "geometry": {
        "type": "Point",
        "coordinates": [
          -75.44654083251953,
          35.59735107421875
        ]
      }
    },
    {
      "type": "Feature",
      "properties": {
        "id": "0001081",
        "dataset_index": 1081,
        "time_start": "1980-01-01",
        "time_end": "2023-12-31",
        "Hs_mean": 1.1744656562805176,
        "Hs_max": 12.887096405029297,
        "Hs_95": 2.508128905296325,
        "Tp_mean": 7.0097737312316895,
        "Dp_mean": 90.69039916992188,
        "Dm_mean": 90.95558166503906,
        "Tm02_mean": 6.37157678604126
      },
      "geometry": {
        "type": "Point",
        "coordinates": [
          -75.44659423828125,
          35.60185623168945
        ]
      }
    },
    {
      "type": "Feature",
      "properties": {
        "id": "0001082",
        "dataset_index": 1082,
        "time_start": "1980-01-01",
        "time_end": "2023-12-31",
        "Hs_mean": 1.1289453506469727,
        "Hs_max": 11.517160415649414,
        "Hs_95": 2.3778689742088313,
        "Tp_mean": 6.883578777313232,
        "Dp_mean": 86.07435607910156,
        "Dm_mean": 86.23504638671875,
        "Tm02_mean": 6.22038459777832
      },
      "geometry": {
        "type": "Point",
        "coordinates": [
          -75.44979858398438,
          35.619632720947266
        ]
      }
    },
    {
      "type": "Feature",
      "properties": {
        "id": "0001083",
        "dataset_index": 1083,
        "time_start": "1980-01-01",
        "time_end": "2023-12-31",
        "Hs_mean": 1.120560646057129,
        "Hs_max": 11.068855285644531,
        "Hs_95": 2.357544243335723,
        "Tp_mean": 6.817646026611328,
        "Dp_mean": 86.95538330078125,
        "Dm_mean": 86.947998046875,
        "Tm02_mean": 6.157520294189453
      },
      "geometry": {
        "type": "Point",
        "coordinates": [
          -75.45083618164062,
          35.62405776977539
        ]
      }
    },
    {
      "type": "Feature",
      "properties": {
        "id": "0001084",
        "dataset_index": 1084,
        "time_start": "1980-01-01",
        "time_end": "2023-12-31",
        "Hs_mean": 1.1139813661575317,
        "Hs_max": 11.007026672363281,
        "Hs_95": 2.3466501474380492,
        "Tp_mean": 6.805583477020264,
        "Dp_mean": 88.04833984375,
        "Dm_mean": 87.92052459716797,
        "Tm02_mean": 6.1509833335876465
      },
      "geometry": {
        "type": "Point",
        "coordinates": [
          -75.45166778564453,
          35.62850570678711
        ]
      }
    },
    {
      "type": "Feature",
      "properties": {
        "id": "0001085",
        "dataset_index": 1085,
        "time_start": "1980-01-01",
        "time_end": "2023-12-31",
        "Hs_mean": 1.1181986331939697,
        "Hs_max": 11.11639404296875,
        "Hs_95": 2.360674393177032,
        "Tp_mean": 6.796011447906494,
        "Dp_mean": 88.97550201416016,
        "Dm_mean": 88.78814697265625,
        "Tm02_mean": 6.156456470489502
      },
      "geometry": {
        "type": "Point",
        "coordinates": [
          -75.45205688476562,
          35.63299560546875
        ]
      }
    },
    {
      "type": "Feature",
      "properties": {
        "id": "0001086",
        "dataset_index": 1086,
        "time_start": "1980-01-01",
        "time_end": "2023-12-31",
        "Hs_mean": 1.1270902156829834,
        "Hs_max": 11.2075777053833,
        "Hs_95": 2.3871904850006103,
        "Tp_mean": 6.833707809448242,
        "Dp_mean": 89.19557189941406,
        "Dm_mean": 89.1043930053711,
        "Tm02_mean": 6.1989312171936035
      },
      "geometry": {
        "type": "Point",
        "coordinates": [
          -75.45243835449219,
          35.637489318847656
        ]
      }
    },
    {
      "type": "Feature",
      "properties": {
        "id": "0001087",
        "dataset_index": 1087,
        "time_start": "1980-01-01",
        "time_end": "2023-12-31",
        "Hs_mean": 1.1345422267913818,
        "Hs_max": 11.216171264648438,
        "Hs_95": 2.4052624464035026,
        "Tp_mean": 6.867003917694092,
        "Dp_mean": 88.85493469238281,
        "Dm_mean": 88.71304321289062,
        "Tm02_mean": 6.233377933502197
      },
      "geometry": {
        "type": "Point",
        "coordinates": [
          -75.45282745361328,
          35.64198303222656
        ]
      }
    },
    {
      "type": "Feature",
      "properties": {
        "id": "0001088",
        "dataset_index": 1088,
        "time_start": "1980-01-01",
        "time_end": "2023-12-31",
        "Hs_mean": 1.1318039894104004,
        "Hs_max": 10.986272811889648,
        "Hs_95": 2.3925434350967403,
        "Tp_mean": 6.860569953918457,
        "Dp_mean": 88.39842224121094,
        "Dm_mean": 88.17828369140625,
        "Tm02_mean": 6.219204425811768
      },
      "geometry": {
        "type": "Point",
        "coordinates": [
          -75.45321655273438,
          35.64647674560547
        ]
      }
    },
    {
      "type": "Feature",
      "properties": {
        "id": "0001089",
        "dataset_index": 1089,
        "time_start": "1980-01-01",
        "time_end": "2023-12-31",
        "Hs_mean": 1.1278043985366821,
        "Hs_max": 10.756973266601562,
        "Hs_95": 2.3874302744865417,
        "Tp_mean": 6.872398376464844,
        "Dp_mean": 88.09988403320312,
        "Dm_mean": 87.86793518066406,
        "Tm02_mean": 6.2281813621521
      },
      "geometry": {
        "type": "Point",
        "coordinates": [
          -75.45360565185547,
          35.650970458984375
        ]
      }
    },
    {
      "type": "Feature",
      "properties": {
        "id": "0001090",
        "dataset_index": 1090,
        "time_start": "1980-01-01",
        "time_end": "2023-12-31",
        "Hs_mean": 1.1268975734710693,
        "Hs_max": 10.382654190063477,
        "Hs_95": 2.392408525943756,
        "Tp_mean": 6.872945785522461,
        "Dp_mean": 87.13626098632812,
        "Dm_mean": 87.02455139160156,
        "Tm02_mean": 6.2170867919921875
      },
      "geometry": {
        "type": "Point",
        "coordinates": [
          -75.45399475097656,
          35.65546417236328
        ]
      }
    },
    {
      "type": "Feature",
      "properties": {
        "id": "0001091",
        "dataset_index": 1091,
        "time_start": "1980-01-01",
        "time_end": "2023-12-31",
        "Hs_mean": 1.1308268308639526,
        "Hs_max": 10.069462776184082,
        "Hs_95": 2.4144447445869437,
        "Tp_mean": 6.890248775482178,
        "Dp_mean": 85.56170654296875,
        "Dm_mean": 85.69442749023438,
        "Tm02_mean": 6.22237491607666
      },
      "geometry": {
        "type": "Point",
        "coordinates": [
          -75.45437622070312,
          35.65995788574219
        ]
      }
    },
    {
      "type": "Feature",
      "properties": {
        "id": "0001092",
        "dataset_index": 1092,
        "time_start": "1980-01-01",
        "time_end": "2023-12-31",
        "Hs_mean": 1.129564642906189,
        "Hs_max": 9.92599105834961,
        "Hs_95": 2.4233494758605953,
        "Tp_mean": 6.926501274108887,
        "Dp_mean": 83.70758056640625,
        "Dm_mean": 84.01969909667969,
        "Tm02_mean": 6.246840000152588
      },
      "geometry": {
        "type": "Point",
        "coordinates": [
          -75.45476531982422,
          35.664451599121094
        ]
      }
    },
    {
      "type": "Feature",
      "properties": {
        "id": "0001093",
        "dataset_index": 1093,
        "time_start": "1980-01-01",
        "time_end": "2023-12-31",
        "Hs_mean": 1.122802734375,
        "Hs_max": 9.843904495239258,
        "Hs_95": 2.4056272983551024,
        "Tp_mean": 6.916258335113525,
        "Dp_mean": 82.24826049804688,
        "Dm_mean": 82.76663970947266,
        "Tm02_mean": 6.220494270324707
      },
      "geometry": {
        "type": "Point",
        "coordinates": [
          -75.45631408691406,
          35.66877365112305
        ]
      }
    },
    {
      "type": "Feature",
      "properties": {
        "id": "0001094",
        "dataset_index": 1094,
        "time_start": "1980-01-01",
        "time_end": "2023-12-31",
        "Hs_mean": 1.1085143089294434,
        "Hs_max": 9.616693496704102,
        "Hs_95": 2.3706573367118824,
        "Tp_mean": 6.886969566345215,
        "Dp_mean": 82.13050842285156,
        "Dm_mean": 82.57826232910156,
        "Tm02_mean": 6.177295684814453
      },
      "geometry": {
        "type": "Point",
        "coordinates": [
          -75.45790100097656,
          35.673091888427734
        ]
      }
    },
    {
      "type": "Feature",
      "properties": {
        "id": "0001095",
        "dataset_index": 1095,
        "time_start": "1980-01-01",
        "time_end": "2023-12-31",
        "Hs_mean": 1.104347586631775,
        "Hs_max": 9.531843185424805,
        "Hs_95": 2.373079204559325,
        "Tp_mean": 6.91719388961792,
        "Dp_mean": 82.03337097167969,
        "Dm_mean": 82.54231262207031,
        "Tm02_mean": 6.208492279052734
      },
      "geometry": {
        "type": "Point",
        "coordinates": [
          -75.45948791503906,
          35.677406311035156
        ]
      }
    },
    {
      "type": "Feature",
      "properties": {
        "id": "0001096",
        "dataset_index": 1096,
        "time_start": "1980-01-01",
        "time_end": "2023-12-31",
        "Hs_mean": 1.10330331325531,
        "Hs_max": 9.48530387878418,
        "Hs_95": 2.3762452125549314,
        "Tp_mean": 6.923213005065918,
        "Dp_mean": 81.29646301269531,
        "Dm_mean": 81.8529281616211,
        "Tm02_mean": 6.21109676361084
      },
      "geometry": {
        "type": "Point",
        "coordinates": [
          -75.46106719970703,
          35.681724548339844
        ]
      }
    },
    {
      "type": "Feature",
      "properties": {
        "id": "0001097",
        "dataset_index": 1097,
        "time_start": "1980-01-01",
        "time_end": "2023-12-31",
        "Hs_mean": 1.0907807350158691,
        "Hs_max": 9.272162437438965,
        "Hs_95": 2.3466925978660584,
        "Tp_mean": 6.916701316833496,
        "Dp_mean": 81.47569274902344,
        "Dm_mean": 82.03207397460938,
        "Tm02_mean": 6.200894832611084
      },
      "geometry": {
        "type": "Point",
        "coordinates": [
          -75.46265411376953,
          35.686038970947266
        ]
      }
    },
    {
      "type": "Feature",
      "properties": {
        "id": "0001098",
        "dataset_index": 1098,
        "time_start": "1980-01-01",
        "time_end": "2023-12-31",
        "Hs_mean": 1.0966441631317139,
        "Hs_max": 9.265592575073242,
        "Hs_95": 2.3655057191848745,
        "Tp_mean": 6.908708572387695,
        "Dp_mean": 81.43424987792969,
        "Dm_mean": 81.98802947998047,
        "Tm02_mean": 6.181214809417725
      },
      "geometry": {
        "type": "Point",
        "coordinates": [
          -75.46424102783203,
          35.69035720825195
        ]
      }
    },
    {
      "type": "Feature",
      "properties": {
        "id": "0001099",
        "dataset_index": 1099,
        "time_start": "1980-01-01",
        "time_end": "2023-12-31",
        "Hs_mean": 1.0983158349990845,
        "Hs_max": 9.340782165527344,
        "Hs_95": 2.3802359342575072,
        "Tp_mean": 6.94525146484375,
        "Dp_mean": 81.46244812011719,
        "Dm_mean": 81.98770904541016,
        "Tm02_mean": 6.203482627868652
      },
      "geometry": {
        "type": "Point",
        "coordinates": [
          -75.46582794189453,
          35.694671630859375
        ]
      }
    },
    {
      "type": "Feature",
      "properties": {
        "id": "0001100",
        "dataset_index": 1100,
        "time_start": "1980-01-01",
        "time_end": "2023-12-31",
        "Hs_mean": 1.09908127784729,
        "Hs_max": 9.311901092529297,
        "Hs_95": 2.396196854114532,
        "Tp_mean": 7.001186847686768,
        "Dp_mean": 81.24469757080078,
        "Dm_mean": 81.76229858398438,
        "Tm02_mean": 6.279766082763672
      },
      "geometry": {
        "type": "Point",
        "coordinates": [
          -75.46741485595703,
          35.69898986816406
        ]
      }
    },
    {
      "type": "Feature",
      "properties": {
        "id": "0001101",
        "dataset_index": 1101,
        "time_start": "1980-01-01",
        "time_end": "2023-12-31",
        "Hs_mean": 1.0975888967514038,
        "Hs_max": 9.012462615966797,
        "Hs_95": 2.3980920433998105,
        "Tp_mean": 6.922821044921875,
        "Dp_mean": 80.13737487792969,
        "Dm_mean": 80.76893615722656,
        "Tm02_mean": 6.186537742614746
      },
      "geometry": {
        "type": "Point",
        "coordinates": [
          -75.468994140625,
          35.70330810546875
        ]
      }
    },
    {
      "type": "Feature",
      "properties": {
        "id": "0001102",
        "dataset_index": 1102,
        "time_start": "1980-01-01",
        "time_end": "2023-12-31",
        "Hs_mean": 1.0940219163894653,
        "Hs_max": 8.782296180725098,
        "Hs_95": 2.400264525413513,
        "Tp_mean": 6.8938493728637695,
        "Dp_mean": 79.87543487548828,
        "Dm_mean": 80.43981170654297,
        "Tm02_mean": 6.164067268371582
      },
      "geometry": {
        "type": "Point",
        "coordinates": [
          -75.4705810546875,
          35.70762252807617
        ]
      }
    },
    {
      "type": "Feature",
      "properties": {
        "id": "0001103",
        "dataset_index": 1103,
        "time_start": "1980-01-01",
        "time_end": "2023-12-31",
        "Hs_mean": 1.0999506711959839,
        "Hs_max": 8.898765563964844,
        "Hs_95": 2.4239608407020565,
        "Tp_mean": 6.900834083557129,
        "Dp_mean": 80.00379943847656,
        "Dm_mean": 80.60676574707031,
        "Tm02_mean": 6.186485767364502
      },
      "geometry": {
        "type": "Point",
        "coordinates": [
          -75.47216796875,
          35.71194076538086
        ]
      }
    },
    {
      "type": "Feature",
      "properties": {
        "id": "0001104",
        "dataset_index": 1104,
        "time_start": "1980-01-01",
        "time_end": "2023-12-31",
        "Hs_mean": 1.1044269800186157,
        "Hs_max": 9.24032211303711,
        "Hs_95": 2.447853231430053,
        "Tp_mean": 6.9310383796691895,
        "Dp_mean": 79.88214874267578,
        "Dm_mean": 80.49942016601562,
        "Tm02_mean": 6.2181243896484375
      },
      "geometry": {
        "type": "Point",
        "coordinates": [
          -75.4737548828125,
          35.71625518798828
        ]
      }
    },
    {
      "type": "Feature",
      "properties": {
        "id": "0001105",
        "dataset_index": 1105,
        "time_start": "1980-01-01",
        "time_end": "2023-12-31",
        "Hs_mean": 1.1081302165985107,
        "Hs_max": 9.630914688110352,
        "Hs_95": 2.467389631271362,
        "Tp_mean": 6.968133926391602,
        "Dp_mean": 79.03330993652344,
        "Dm_mean": 79.65811157226562,
        "Tm02_mean": 6.262160778045654
      },
      "geometry": {
        "type": "Point",
        "coordinates": [
          -75.47554779052734,
          35.72051239013672
        ]
      }
    },
    {
      "type": "Feature",
      "properties": {
        "id": "0001106",
        "dataset_index": 1106,
        "time_start": "1980-01-01",
        "time_end": "2023-12-31",
        "Hs_mean": 1.1078370809555054,
        "Hs_max": 10.042581558227539,
        "Hs_95": 2.4667829394340512,
        "Tp_mean": 6.947602272033691,
        "Dp_mean": 77.62861633300781,
        "Dm_mean": 78.3189926147461,
        "Tm02_mean": 6.243147373199463
      },
      "geometry": {
        "type": "Point",
        "coordinates": [
          -75.4776382446289,
          35.72468566894531
        ]
      }
    },
    {
      "type": "Feature",
      "properties": {
        "id": "0001107",
        "dataset_index": 1107,
        "time_start": "1980-01-01",
        "time_end": "2023-12-31",
        "Hs_mean": 1.1001973152160645,
        "Hs_max": 10.453510284423828,
        "Hs_95": 2.4488747119903556,
        "Tp_mean": 6.9292192459106445,
        "Dp_mean": 77.17768096923828,
        "Dm_mean": 77.95600128173828,
        "Tm02_mean": 6.2191643714904785
      },
      "geometry": {
        "type": "Point",
        "coordinates": [
          -75.47972869873047,
          35.728858947753906
        ]
      }
    },
    {
      "type": "Feature",
      "properties": {
        "id": "0001108",
        "dataset_index": 1108,
        "time_start": "1980-01-01",
        "time_end": "2023-12-31",
        "Hs_mean": 1.0931613445281982,
        "Hs_max": 10.808455467224121,
        "Hs_95": 2.431644737720489,
        "Tp_mean": 6.919463157653809,
        "Dp_mean": 76.54832458496094,
        "Dm_mean": 77.39311218261719,
        "Tm02_mean": 6.216243267059326
      },
      "geometry": {
        "type": "Point",
        "coordinates": [
          -75.48181915283203,
          35.7330322265625
        ]
      }
    },
    {
      "type": "Feature",
      "properties": {
        "id": "0001109",
        "dataset_index": 1109,
        "time_start": "1980-01-01",
        "time_end": "2023-12-31",
        "Hs_mean": 1.0851635932922363,
        "Hs_max": 10.641088485717773,
        "Hs_95": 2.409665846824646,
        "Tp_mean": 6.884766578674316,
        "Dp_mean": 75.6023178100586,
        "Dm_mean": 76.63634490966797,
        "Tm02_mean": 6.193275451660156
      },
      "geometry": {
        "type": "Point",
        "coordinates": [
          -75.4839096069336,
          35.737205505371094
        ]
      }
    },
    {
      "type": "Feature",
      "properties": {
        "id": "0001110",
        "dataset_index": 1110,
        "time_start": "1980-01-01",
        "time_end": "2023-12-31",
        "Hs_mean": 1.0937927961349487,
        "Hs_max": 11.100824356079102,
        "Hs_95": 2.422530329227447,
        "Tp_mean": 6.93386697769165,
        "Dp_mean": 74.52397155761719,
        "Dm_mean": 75.95203399658203,
        "Tm02_mean": 6.217015266418457
      },
      "geometry": {
        "type": "Point",
        "coordinates": [
          -75.49435424804688,
          35.75807189941406
        ]
      }
    },
    {
      "type": "Feature",
      "properties": {
        "id": "0001111",
        "dataset_index": 1111,
        "time_start": "1980-01-01",
        "time_end": "2023-12-31",
        "Hs_mean": 1.0896918773651123,
        "Hs_max": 11.477176666259766,
        "Hs_95": 2.406067931652069,
        "Tp_mean": 6.95959997177124,
        "Dp_mean": 74.12306213378906,
        "Dm_mean": 75.50878143310547,
        "Tm02_mean": 6.237105846405029
      },
      "geometry": {
        "type": "Point",
        "coordinates": [
          -75.49644470214844,
          35.762245178222656
        ]
      }
    },
    {
      "type": "Feature",
      "properties": {
        "id": "0001112",
        "dataset_index": 1112,
        "time_start": "1980-01-01",
        "time_end": "2023-12-31",
        "Hs_mean": 1.0846318006515503,
        "Hs_max": 11.449098587036133,
        "Hs_95": 2.3876569032669046,
        "Tp_mean": 6.954310894012451,
        "Dp_mean": 73.94053649902344,
        "Dm_mean": 75.3335189819336,
        "Tm02_mean": 6.2295074462890625
      },
      "geometry": {
        "type": "Point",
        "coordinates": [
          -75.49853515625,
          35.76641845703125
        ]
      }
    },
    {
      "type": "Feature",
      "properties": {
        "id": "0001113",
        "dataset_index": 1113,
        "time_start": "1980-01-01",
        "time_end": "2023-12-31",
        "Hs_mean": 1.0868637561798096,
        "Hs_max": 11.456246376037598,
        "Hs_95": 2.379982817173004,
        "Tp_mean": 6.926323413848877,
        "Dp_mean": 73.86255645751953,
        "Dm_mean": 75.44770050048828,
        "Tm02_mean": 6.188375473022461
      },
      "geometry": {
        "type": "Point",
        "coordinates": [
          -75.50062561035156,
          35.770591735839844
        ]
      }
    },
    {
      "type": "Feature",
      "properties": {
        "id": "0001114",
        "dataset_index": 1114,
        "time_start": "1980-01-01",
        "time_end": "2023-12-31",
        "Hs_mean": 1.0792527198791504,
        "Hs_max": 11.407516479492188,
        "Hs_95": 2.3511020183563223,
        "Tp_mean": 6.919637203216553,
        "Dp_mean": 74.14875793457031,
        "Dm_mean": 75.97975158691406,
        "Tm02_mean": 6.178769111633301
      },
      "geometry": {
        "type": "Point",
        "coordinates": [
          -75.50271606445312,
          35.77476119995117
        ]
      }
    },
    {
      "type": "Feature",
      "properties": {
        "id": "0001115",
        "dataset_index": 1115,
        "time_start": "1980-01-01",
        "time_end": "2023-12-31",
        "Hs_mean": 1.0713748931884766,
        "Hs_max": 11.283689498901367,
        "Hs_95": 2.330333960056304,
        "Tp_mean": 6.9169602394104,
        "Dp_mean": 74.69417572021484,
        "Dm_mean": 76.57730865478516,
        "Tm02_mean": 6.1750335693359375
      },
      "geometry": {
        "type": "Point",
        "coordinates": [
          -75.50480651855469,
          35.778934478759766
        ]
      }
    },
    {
      "type": "Feature",
      "properties": {
        "id": "0001116",
        "dataset_index": 1116,
        "time_start": "1980-01-01",
        "time_end": "2023-12-31",
        "Hs_mean": 1.0873692035675049,
        "Hs_max": 11.233444213867188,
        "Hs_95": 2.375410687923431,
        "Tp_mean": 6.873311996459961,
        "Dp_mean": 75.83739471435547,
        "Dm_mean": 78.13837432861328,
        "Tm02_mean": 6.137256622314453
      },
      "geometry": {
        "type": "Point",
        "coordinates": [
          -75.50689697265625,
          35.78310775756836
        ]
      }
    },
    {
      "type": "Feature",
      "properties": {
        "id": "0001117",
        "dataset_index": 1117,
        "time_start": "1980-01-01",
        "time_end": "2023-12-31",
        "Hs_mean": 1.101533055305481,
        "Hs_max": 11.15194034576416,
        "Hs_95": 2.423318636417388,
        "Tp_mean": 6.8756489753723145,
        "Dp_mean": 74.73226928710938,
        "Dm_mean": 77.35017395019531,
        "Tm02_mean": 6.142322540283203
      },
      "geometry": {
        "type": "Point",
        "coordinates": [
          -75.50898742675781,
          35.78728103637695
        ]
      }
    },
    {
      "type": "Feature",
      "properties": {
        "id": "0001118",
        "dataset_index": 1118,
        "time_start": "1980-01-01",
        "time_end": "2023-12-31",
        "Hs_mean": 1.1012487411499023,
        "Hs_max": 10.946571350097656,
        "Hs_95": 2.4231530904769896,
        "Tp_mean": 6.829463481903076,
        "Dp_mean": 72.85684204101562,
        "Dm_mean": 76.12873840332031,
        "Tm02_mean": 6.066190719604492
      },
      "geometry": {
        "type": "Point",
        "coordinates": [
          -75.5113296508789,
          35.791358947753906
        ]
      }
    },
    {
      "type": "Feature",
      "properties": {
        "id": "0001119",
        "dataset_index": 1119,
        "time_start": "1980-01-01",
        "time_end": "2023-12-31",
        "Hs_mean": 1.0882253646850586,
        "Hs_max": 10.569781303405762,
        "Hs_95": 2.3829719066619868,
        "Tp_mean": 6.741865158081055,
        "Dp_mean": 72.69078063964844,
        "Dm_mean": 76.0310287475586,
        "Tm02_mean": 5.973169803619385
      },
      "geometry": {
        "type": "Point",
        "coordinates": [
          -75.51399230957031,
          35.795310974121094
        ]
      }
    },
    {
      "type": "Feature",
      "properties": {
        "id": "0001120",
        "dataset_index": 1120,
        "time_start": "1980-01-01",
        "time_end": "2023-12-31",
        "Hs_mean": 1.0777426958084106,
        "Hs_max": 10.198333740234375,
        "Hs_95": 2.3613013505935667,
        "Tp_mean": 6.650036334991455,
        "Dp_mean": 73.23768615722656,
        "Dm_mean": 76.31998443603516,
        "Tm02_mean": 5.889895915985107
      },
      "geometry": {
        "type": "Point",
        "coordinates": [
          -75.51664733886719,
          35.79926681518555
        ]
      }
    },
    {
      "type": "Feature",
      "properties": {
        "id": "0001121",
        "dataset_index": 1121,
        "time_start": "1980-01-01",
        "time_end": "2023-12-31",
        "Hs_mean": 1.0728967189788818,
        "Hs_max": 9.962175369262695,
        "Hs_95": 2.3669109940528865,
        "Tp_mean": 6.648754596710205,
        "Dp_mean": 73.6977767944336,
        "Dm_mean": 76.48114776611328,
        "Tm02_mean": 5.86590576171875
      },
      "geometry": {
        "type": "Point",
        "coordinates": [
          -75.5193099975586,
          35.80322265625
        ]
      }
    },
    {
      "type": "Feature",
      "properties": {
        "id": "0001122",
        "dataset_index": 1122,
        "time_start": "1980-01-01",
        "time_end": "2023-12-31",
        "Hs_mean": 1.0695053339004517,
        "Hs_max": 9.67262077331543,
        "Hs_95": 2.3699404597282405,
        "Tp_mean": 6.589969158172607,
        "Dp_mean": 73.3541259765625,
        "Dm_mean": 75.52909851074219,
        "Tm02_mean": 5.815216064453125
      },
      "geometry": {
        "type": "Point",
        "coordinates": [
          -75.52196502685547,
          35.80717468261719
        ]
      }
    },
    {
      "type": "Feature",
      "properties": {
        "id": "0001123",
        "dataset_index": 1123,
        "time_start": "1980-01-01",
        "time_end": "2023-12-31",
        "Hs_mean": 1.0693528652191162,
        "Hs_max": 9.713765144348145,
        "Hs_95": 2.3796458721160887,
        "Tp_mean": 6.619257926940918,
        "Dp_mean": 74.32547760009766,
        "Dm_mean": 75.8569107055664,
        "Tm02_mean": 5.84122896194458
      },
      "geometry": {
        "type": "Point",
        "coordinates": [
          -75.52462768554688,
          35.81113052368164
        ]
      }
    },
    {
      "type": "Feature",
      "properties": {
        "id": "0001124",
        "dataset_index": 1124,
        "time_start": "1980-01-01",
        "time_end": "2023-12-31",
        "Hs_mean": 1.0730819702148438,
        "Hs_max": 9.871853828430176,
        "Hs_95": 2.3997724771499627,
        "Tp_mean": 6.7116570472717285,
        "Dp_mean": 74.27629852294922,
        "Dm_mean": 75.21934509277344,
        "Tm02_mean": 5.922053813934326
      },
      "geometry": {
        "type": "Point",
        "coordinates": [
          -75.52728271484375,
          35.815086364746094
        ]
      }
    },
    {
      "type": "Feature",
      "properties": {
        "id": "0001125",
        "dataset_index": 1125,
        "time_start": "1980-01-01",
        "time_end": "2023-12-31",
        "Hs_mean": 1.0750536918640137,
        "Hs_max": 9.856096267700195,
        "Hs_95": 2.407314372062683,
        "Tp_mean": 6.756929397583008,
        "Dp_mean": 73.8213119506836,
        "Dm_mean": 74.5474853515625,
        "Tm02_mean": 5.96256160736084
      },
      "geometry": {
        "type": "Point",
        "coordinates": [
          -75.52994537353516,
          35.81903839111328
        ]
      }
    },
    {
      "type": "Feature",
      "properties": {
        "id": "0001126",
        "dataset_index": 1126,
        "time_start": "1980-01-01",
        "time_end": "2023-12-31",
        "Hs_mean": 1.0727506875991821,
        "Hs_max": 9.650635719299316,
        "Hs_95": 2.4064403176307674,
        "Tp_mean": 6.767092704772949,
        "Dp_mean": 73.4712142944336,
        "Dm_mean": 74.07392120361328,
        "Tm02_mean": 5.958731651306152
      },
      "geometry": {
        "type": "Point",
        "coordinates": [
          -75.53260803222656,
          35.822994232177734
        ]
      }
    },
    {
      "type": "Feature",
      "properties": {
        "id": "0001127",
        "dataset_index": 1127,
        "time_start": "1980-01-01",
        "time_end": "2023-12-31",
        "Hs_mean": 1.0702121257781982,
        "Hs_max": 9.246159553527832,
        "Hs_95": 2.40541101694107,
        "Tp_mean": 6.728663921356201,
        "Dp_mean": 73.12564849853516,
        "Dm_mean": 73.54243469238281,
        "Tm02_mean": 5.939268589019775
      },
      "geometry": {
        "type": "Point",
        "coordinates": [
          -75.53526306152344,
          35.82695007324219
        ]
      }
    },
    {
      "type": "Feature",
      "properties": {
        "id": "0001128",
        "dataset_index": 1128,
        "time_start": "1980-01-01",
        "time_end": "2023-12-31",
        "Hs_mean": 1.0598946809768677,
        "Hs_max": 8.812826156616211,
        "Hs_95": 2.3830094814300535,
        "Tp_mean": 6.753821849822998,
        "Dp_mean": 72.31696319580078,
        "Dm_mean": 72.83485412597656,
        "Tm02_mean": 5.971755027770996
      },
      "geometry": {
        "type": "Point",
        "coordinates": [
          -75.53792572021484,
          35.830902099609375
        ]
      }
    },
    {
      "type": "Feature",
      "properties": {
        "id": "0001129",
        "dataset_index": 1129,
        "time_start": "1980-01-01",
        "time_end": "2023-12-31",
        "Hs_mean": 1.0564669370651245,
        "Hs_max": 8.292291641235352,
        "Hs_95": 2.3654059171676627,
        "Tp_mean": 6.672524929046631,
        "Dp_mean": 72.23377990722656,
        "Dm_mean": 72.74214935302734,
        "Tm02_mean": 5.8932647705078125
      },
      "geometry": {
        "type": "Point",
        "coordinates": [
          -75.54058074951172,
          35.83485794067383
        ]
      }
    },
    {
      "type": "Feature",
      "properties": {
        "id": "0001130",
        "dataset_index": 1130,
        "time_start": "1980-01-01",
        "time_end": "2023-12-31",
        "Hs_mean": 1.047105073928833,
        "Hs_max": 7.868110656738281,
        "Hs_95": 2.34240345954895,
        "Tp_mean": 6.642555236816406,
        "Dp_mean": 73.96371459960938,
        "Dm_mean": 74.18865203857422,
        "Tm02_mean": 5.863905429840088
      },
      "geometry": {
        "type": "Point",
        "coordinates": [
          -75.54324340820312,
          35.83881378173828
        ]
      }
    },
    {
      "type": "Feature",
      "properties": {
        "id": "0001131",
        "dataset_index": 1131,
        "time_start": "1980-01-01",
        "time_end": "2023-12-31",
        "Hs_mean": 1.0490905046463013,
        "Hs_max": 7.69362735748291,
        "Hs_95": 2.3541523933410637,
        "Tp_mean": 6.665605545043945,
        "Dp_mean": 75.39073181152344,
        "Dm_mean": 75.5596694946289,
        "Tm02_mean": 5.892388820648193
      },
      "geometry": {
        "type": "Point",
        "coordinates": [
          -75.54556274414062,
          35.84290313720703
        ]
      }
    },
    {
      "type": "Feature",
      "properties": {
        "id": "0001132",
        "dataset_index": 1132,
        "time_start": "1980-01-01",
        "time_end": "2023-12-31",
        "Hs_mean": 1.0512185096740723,
        "Hs_max": 7.5821733474731445,
        "Hs_95": 2.366834533214569,
        "Tp_mean": 6.703754901885986,
        "Dp_mean": 76.24861907958984,
        "Dm_mean": 76.42385864257812,
        "Tm02_mean": 5.948673248291016
      },
      "geometry": {
        "type": "Point",
        "coordinates": [
          -75.54780578613281,
          35.84702682495117
        ]
      }
    },
    {
      "type": "Feature",
      "properties": {
        "id": "0001133",
        "dataset_index": 1133,
        "time_start": "1980-01-01",
        "time_end": "2023-12-31",
        "Hs_mean": 1.0539036989212036,
        "Hs_max": 7.5146002769470215,
        "Hs_95": 2.3821450233459474,
        "Tp_mean": 6.736146450042725,
        "Dp_mean": 76.23008728027344,
        "Dm_mean": 76.33468627929688,
        "Tm02_mean": 6.0044450759887695
      },
      "geometry": {
        "type": "Point",
        "coordinates": [
          -75.550048828125,
          35.85115051269531
        ]
      }
    },
    {
      "type": "Feature",
      "properties": {
        "id": "0001134",
        "dataset_index": 1134,
        "time_start": "1980-01-01",
        "time_end": "2023-12-31",
        "Hs_mean": 1.0685958862304688,
        "Hs_max": 7.612809181213379,
        "Hs_95": 2.4245288610458364,
        "Tp_mean": 6.717802047729492,
        "Dp_mean": 74.9195556640625,
        "Dm_mean": 75.2435531616211,
        "Tm02_mean": 5.997875690460205
      },
      "geometry": {
        "type": "Point",
        "coordinates": [
          -75.55228424072266,
          35.85527420043945
        ]
      }
    },
    {
      "type": "Feature",
      "properties": {
        "id": "0001135",
        "dataset_index": 1135,
        "time_start": "1980-01-01",
        "time_end": "2023-12-31",
        "Hs_mean": 1.0701103210449219,
        "Hs_max": 7.778048038482666,
        "Hs_95": 2.4343148231506344,
        "Tp_mean": 6.761015892028809,
        "Dp_mean": 74.0174331665039,
        "Dm_mean": 74.44168853759766,
        "Tm02_mean": 6.06686544418335
      },
      "geometry": {
        "type": "Point",
        "coordinates": [
          -75.55452728271484,
          35.859397888183594
        ]
      }
    },
    {
      "type": "Feature",
      "properties": {
        "id": "0001136",
        "dataset_index": 1136,
        "time_start": "1980-01-01",
        "time_end": "2023-12-31",
        "Hs_mean": 1.0634040832519531,
        "Hs_max": 7.851084232330322,
        "Hs_95": 2.4086094141006464,
        "Tp_mean": 6.733142375946045,
        "Dp_mean": 71.58273315429688,
        "Dm_mean": 72.98661804199219,
        "Tm02_mean": 6.011733531951904
      },
      "geometry": {
        "type": "Point",
        "coordinates": [
          -75.58141326904297,
          35.90887451171875
        ]
      }
    },
    {
      "type": "Feature",
      "properties": {
        "id": "0001137",
        "dataset_index": 1137,
        "time_start": "1980-01-01",
        "time_end": "2023-12-31",
        "Hs_mean": 1.0678848028182983,
        "Hs_max": 7.913651466369629,
        "Hs_95": 2.4164840936660767,
        "Tp_mean": 6.7570037841796875,
        "Dp_mean": 71.94221496582031,
        "Dm_mean": 72.99671173095703,
        "Tm02_mean": 6.032966613769531
      },
      "geometry": {
        "type": "Point",
        "coordinates": [
          -75.58364868164062,
          35.91299819946289
        ]
      }
    },
    {
      "type": "Feature",
      "properties": {
        "id": "0001138",
        "dataset_index": 1138,
        "time_start": "1980-01-01",
        "time_end": "2023-12-31",
        "Hs_mean": 1.0728051662445068,
        "Hs_max": 8.009970664978027,
        "Hs_95": 2.426208186149596,
        "Tp_mean": 6.763085842132568,
        "Dp_mean": 72.18526458740234,
        "Dm_mean": 73.08419799804688,
        "Tm02_mean": 6.027435302734375
      },
      "geometry": {
        "type": "Point",
        "coordinates": [
          -75.58589172363281,
          35.91712188720703
        ]
      }
    },
    {
      "type": "Feature",
      "properties": {
        "id": "0001139",
        "dataset_index": 1139,
        "time_start": "1980-01-01",
        "time_end": "2023-12-31",
        "Hs_mean": 1.0816420316696167,
        "Hs_max": 8.14900016784668,
        "Hs_95": 2.4419739365577695,
        "Tp_mean": 6.743963241577148,
        "Dp_mean": 71.56101989746094,
        "Dm_mean": 72.48988342285156,
        "Tm02_mean": 6.024264335632324
      },
      "geometry": {
        "type": "Point",
        "coordinates": [
          -75.588134765625,
          35.92124557495117
        ]
      }
    },
    {
      "type": "Feature",
      "properties": {
        "id": "0001140",
        "dataset_index": 1140,
        "time_start": "1980-01-01",
        "time_end": "2023-12-31",
        "Hs_mean": 1.048678994178772,
        "Hs_max": 8.229591369628906,
        "Hs_95": 2.3667181253433225,
        "Tp_mean": 6.765991687774658,
        "Dp_mean": 69.93216705322266,
        "Dm_mean": 71.76944732666016,
        "Tm02_mean": 6.007696151733398
      },
      "geometry": {
        "type": "Point",
        "coordinates": [
          -75.63069915771484,
          35.99958419799805
        ]
      }
    },
    {
      "type": "Feature",
      "properties": {
        "id": "0001141",
        "dataset_index": 1141,
        "time_start": "1980-01-01",
        "time_end": "2023-12-31",
        "Hs_mean": 1.0431227684020996,
        "Hs_max": 8.285103797912598,
        "Hs_95": 2.3489784002304073,
        "Tp_mean": 6.748741626739502,
        "Dp_mean": 69.82263946533203,
        "Dm_mean": 71.69560241699219,
        "Tm02_mean": 5.996415138244629
      },
      "geometry": {
        "type": "Point",
        "coordinates": [
          -75.6329345703125,
          36.00370788574219
        ]
      }
    },
    {
      "type": "Feature",
      "properties": {
        "id": "0001142",
        "dataset_index": 1142,
        "time_start": "1980-01-01",
        "time_end": "2023-12-31",
        "Hs_mean": 1.0424612760543823,
        "Hs_max": 8.238643646240234,
        "Hs_95": 2.339970314502716,
        "Tp_mean": 6.676599025726318,
        "Dp_mean": 70.47080993652344,
        "Dm_mean": 72.31642150878906,
        "Tm02_mean": 5.948413372039795
      },
      "geometry": {
        "type": "Point",
        "coordinates": [
          -75.63517761230469,
          36.00783157348633
        ]
      }
    },
    {
      "type": "Feature",
      "properties": {
        "id": "0001143",
        "dataset_index": 1143,
        "time_start": "1980-01-01",
        "time_end": "2023-12-31",
        "Hs_mean": 1.0402114391326904,
        "Hs_max": 8.337179183959961,
        "Hs_95": 2.33085663318634,
        "Tp_mean": 6.669127464294434,
        "Dp_mean": 71.44754028320312,
        "Dm_mean": 73.23772430419922,
        "Tm02_mean": 5.947889804840088
      },
      "geometry": {
        "type": "Point",
        "coordinates": [
          -75.63742065429688,
          36.01195526123047
        ]
      }
    },
    {
      "type": "Feature",
      "properties": {
        "id": "0001144",
        "dataset_index": 1144,
        "time_start": "1980-01-01",
        "time_end": "2023-12-31",
        "Hs_mean": 1.0386992692947388,
        "Hs_max": 8.567625999450684,
        "Hs_95": 2.3233220696449277,
        "Tp_mean": 6.714548587799072,
        "Dp_mean": 72.44693756103516,
        "Dm_mean": 74.10761260986328,
        "Tm02_mean": 5.992530822753906
      },
      "geometry": {
        "type": "Point",
        "coordinates": [
          -75.63965606689453,
          36.016075134277344
        ]
      }
    },
    {
      "type": "Feature",
      "properties": {
        "id": "0001145",
        "dataset_index": 1145,
        "time_start": "1980-01-01",
        "time_end": "2023-12-31",
        "Hs_mean": 1.0406513214111328,
        "Hs_max": 8.832626342773438,
        "Hs_95": 2.328528940677643,
        "Tp_mean": 6.788722038269043,
        "Dp_mean": 73.1336669921875,
        "Dm_mean": 74.70268249511719,
        "Tm02_mean": 6.064708709716797
      },
      "geometry": {
        "type": "Point",
        "coordinates": [
          -75.64189910888672,
          36.020198822021484
        ]
      }
    },
    {
      "type": "Feature",
      "properties": {
        "id": "0001146",
        "dataset_index": 1146,
        "time_start": "1980-01-01",
        "time_end": "2023-12-31",
        "Hs_mean": 1.0532106161117554,
        "Hs_max": 9.089111328125,
        "Hs_95": 2.3560486674308776,
        "Tp_mean": 6.80371618270874,
        "Dp_mean": 72.28607940673828,
        "Dm_mean": 74.20744323730469,
        "Tm02_mean": 6.062029838562012
      },
      "geometry": {
        "type": "Point",
        "coordinates": [
          -75.64413452148438,
          36.024322509765625
        ]
      }
    },
    {
      "type": "Feature",
      "properties": {
        "id": "0001147",
        "dataset_index": 1147,
        "time_start": "1980-01-01",
        "time_end": "2023-12-31",
        "Hs_mean": 1.0544191598892212,
        "Hs_max": 9.131718635559082,
        "Hs_95": 2.360544681549072,
        "Tp_mean": 6.84916353225708,
        "Dp_mean": 71.69214630126953,
        "Dm_mean": 73.72212219238281,
        "Tm02_mean": 6.103057384490967
      },
      "geometry": {
        "type": "Point",
        "coordinates": [
          -75.64637756347656,
          36.028446197509766
        ]
      }
    },
    {
      "type": "Feature",
      "properties": {
        "id": "0001148",
        "dataset_index": 1148,
        "time_start": "1980-01-01",
        "time_end": "2023-12-31",
        "Hs_mean": 1.053376317024231,
        "Hs_max": 9.115618705749512,
        "Hs_95": 2.3579783678054804,
        "Tp_mean": 6.8528666496276855,
        "Dp_mean": 71.53466796875,
        "Dm_mean": 73.41297149658203,
        "Tm02_mean": 6.0911641120910645
      },
      "geometry": {
        "type": "Point",
        "coordinates": [
          -75.64862060546875,
          36.032569885253906
        ]
      }
    },
    {
      "type": "Feature",
      "properties": {
        "id": "0001149",
        "dataset_index": 1149,
        "time_start": "1980-01-01",
        "time_end": "2023-12-31",
        "Hs_mean": 1.0508413314819336,
        "Hs_max": 9.083902359008789,
        "Hs_95": 2.3510397315025324,
        "Tp_mean": 6.8617424964904785,
        "Dp_mean": 71.43946838378906,
        "Dm_mean": 73.32023620605469,
        "Tm02_mean": 6.100767612457275
      },
      "geometry": {
        "type": "Point",
        "coordinates": [
          -75.65096282958984,
          36.036651611328125
        ]
      }
    },
    {
      "type": "Feature",
      "properties": {
        "id": "0001150",
        "dataset_index": 1150,
        "time_start": "1980-01-01",
        "time_end": "2023-12-31",
        "Hs_mean": 1.0535780191421509,
        "Hs_max": 9.122796058654785,
        "Hs_95": 2.354940617084502,
        "Tp_mean": 6.828553199768066,
        "Dp_mean": 70.7599868774414,
        "Dm_mean": 72.70564270019531,
        "Tm02_mean": 6.061949729919434
      },
      "geometry": {
        "type": "Point",
        "coordinates": [
          -75.65353393554688,
          36.0406494140625
        ]
      }
    },
    {
      "type": "Feature",
      "properties": {
        "id": "0001151",
        "dataset_index": 1151,
        "time_start": "1980-01-01",
        "time_end": "2023-12-31",
        "Hs_mean": 1.045029878616333,
        "Hs_max": 9.07975959777832,
        "Hs_95": 2.33506885766983,
        "Tp_mean": 6.845656871795654,
        "Dp_mean": 70.62589263916016,
        "Dm_mean": 72.63249206542969,
        "Tm02_mean": 6.064061641693115
      },
      "geometry": {
        "type": "Point",
        "coordinates": [
          -75.6561050415039,
          36.044647216796875
        ]
      }
    },
    {
      "type": "Feature",
      "properties": {
        "id": "0001152",
        "dataset_index": 1152,
        "time_start": "1980-01-01",
        "time_end": "2023-12-31",
        "Hs_mean": 1.04163658618927,
        "Hs_max": 8.996837615966797,
        "Hs_95": 2.3271732568740844,
        "Tp_mean": 6.822862148284912,
        "Dp_mean": 70.43419647216797,
        "Dm_mean": 72.46207427978516,
        "Tm02_mean": 6.037944316864014
      },
      "geometry": {
        "type": "Point",
        "coordinates": [
          -75.65867614746094,
          36.048641204833984
        ]
      }
    },
    {
      "type": "Feature",
      "properties": {
        "id": "0001153",
        "dataset_index": 1153,
        "time_start": "1980-01-01",
        "time_end": "2023-12-31",
        "Hs_mean": 1.0401266813278198,
        "Hs_max": 8.943872451782227,
        "Hs_95": 2.315769171714783,
        "Tp_mean": 6.6931867599487305,
        "Dp_mean": 69.96180725097656,
        "Dm_mean": 71.71185302734375,
        "Tm02_mean": 5.929969310760498
      },
      "geometry": {
        "type": "Point",
        "coordinates": [
          -75.66124725341797,
          36.05263900756836
        ]
      }
    },
    {
      "type": "Feature",
      "properties": {
        "id": "0001154",
        "dataset_index": 1154,
        "time_start": "1980-01-01",
        "time_end": "2023-12-31",
        "Hs_mean": 1.0341798067092896,
        "Hs_max": 8.829730987548828,
        "Hs_95": 2.297419464588165,
        "Tp_mean": 6.659980773925781,
        "Dp_mean": 71.56504821777344,
        "Dm_mean": 73.09455871582031,
        "Tm02_mean": 5.926417827606201
      },
      "geometry": {
        "type": "Point",
        "coordinates": [
          -75.663818359375,
          36.056636810302734
        ]
      }
    },
    {
      "type": "Feature",
      "properties": {
        "id": "0001155",
        "dataset_index": 1155,
        "time_start": "1980-01-01",
        "time_end": "2023-12-31",
        "Hs_mean": 1.0298402309417725,
        "Hs_max": 8.669983863830566,
        "Hs_95": 2.2868429422378536,
        "Tp_mean": 6.6178693771362305,
        "Dp_mean": 71.8838882446289,
        "Dm_mean": 73.32206726074219,
        "Tm02_mean": 5.902977466583252
      },
      "geometry": {
        "type": "Point",
        "coordinates": [
          -75.66638946533203,
          36.060630798339844
        ]
      }
    },
    {
      "type": "Feature",
      "properties": {
        "id": "0001156",
        "dataset_index": 1156,
        "time_start": "1980-01-01",
        "time_end": "2023-12-31",
        "Hs_mean": 1.0309172868728638,
        "Hs_max": 8.629716873168945,
        "Hs_95": 2.294920468330383,
        "Tp_mean": 6.632861137390137,
        "Dp_mean": 72.86693572998047,
        "Dm_mean": 74.30323028564453,
        "Tm02_mean": 5.921335220336914
      },
      "geometry": {
        "type": "Point",
        "coordinates": [
          -75.66896057128906,
          36.06462860107422
        ]
      }
    },
    {
      "type": "Feature",
      "properties": {
        "id": "0001157",
        "dataset_index": 1157,
        "time_start": "1980-01-01",
        "time_end": "2023-12-31",
        "Hs_mean": 1.0429223775863647,
        "Hs_max": 8.765715599060059,
        "Hs_95": 2.326554441452026,
        "Tp_mean": 6.665598392486572,
        "Dp_mean": 72.90375518798828,
        "Dm_mean": 74.42462158203125,
        "Tm02_mean": 5.961669921875
      },
      "geometry": {
        "type": "Point",
        "coordinates": [
          -75.6715316772461,
          36.06862258911133
        ]
      }
    },
    {
      "type": "Feature",
      "properties": {
        "id": "0001158",
        "dataset_index": 1158,
        "time_start": "1980-01-01",
        "time_end": "2023-12-31",
        "Hs_mean": 1.0468860864639282,
        "Hs_max": 8.83011245727539,
        "Hs_95": 2.3376580119132995,
        "Tp_mean": 6.714754581451416,
        "Dp_mean": 72.35072326660156,
        "Dm_mean": 74.08159637451172,
        "Tm02_mean": 5.976110458374023
      },
      "geometry": {
        "type": "Point",
        "coordinates": [
          -75.67410278320312,
          36.0726203918457
        ]
      }
    },
    {
      "type": "Feature",
      "properties": {
        "id": "0001159",
        "dataset_index": 1159,
        "time_start": "1980-01-01",
        "time_end": "2023-12-31",
        "Hs_mean": 1.0398486852645874,
        "Hs_max": 8.787856101989746,
        "Hs_95": 2.3231616735458362,
        "Tp_mean": 6.782324314117432,
        "Dp_mean": 71.85875701904297,
        "Dm_mean": 73.71278381347656,
        "Tm02_mean": 6.004517555236816
      },
      "geometry": {
        "type": "Point",
        "coordinates": [
          -75.67667388916016,
          36.07661819458008
        ]
      }
    },
    {
      "type": "Feature",
      "properties": {
        "id": "0001160",
        "dataset_index": 1160,
        "time_start": "1980-01-01",
        "time_end": "2023-12-31",
        "Hs_mean": 1.035264492034912,
        "Hs_max": 8.636598587036133,
        "Hs_95": 2.3114228367805483,
        "Tp_mean": 6.789409160614014,
        "Dp_mean": 71.48321533203125,
        "Dm_mean": 73.24750518798828,
        "Tm02_mean": 6.002246379852295
      },
      "geometry": {
        "type": "Point",
        "coordinates": [
          -75.67924499511719,
          36.08061218261719
        ]
      }
    },
    {
      "type": "Feature",
      "properties": {
        "id": "0001161",
        "dataset_index": 1161,
        "time_start": "1980-01-01",
        "time_end": "2023-12-31",
        "Hs_mean": 1.0307244062423706,
        "Hs_max": 8.432784080505371,
        "Hs_95": 2.3015355825424186,
        "Tp_mean": 6.745319843292236,
        "Dp_mean": 71.38446807861328,
        "Dm_mean": 73.2914047241211,
        "Tm02_mean": 5.969852924346924
      },
      "geometry": {
        "type": "Point",
        "coordinates": [
          -75.68181610107422,
          36.08460998535156
        ]
      }
    },
    {
      "type": "Feature",
      "properties": {
        "id": "0001162",
        "dataset_index": 1162,
        "time_start": "1980-01-01",
        "time_end": "2023-12-31",
        "Hs_mean": 1.0294809341430664,
        "Hs_max": 8.298759460449219,
        "Hs_95": 2.298428642749786,
        "Tp_mean": 6.705764293670654,
        "Dp_mean": 72.31916046142578,
        "Dm_mean": 74.26343536376953,
        "Tm02_mean": 5.952482223510742
      },
      "geometry": {
        "type": "Point",
        "coordinates": [
          -75.68438720703125,
          36.08860397338867
        ]
      }
    },
    {
      "type": "Feature",
      "properties": {
        "id": "0001163",
        "dataset_index": 1163,
        "time_start": "1980-01-01",
        "time_end": "2023-12-31",
        "Hs_mean": 1.0373786687850952,
        "Hs_max": 8.248522758483887,
        "Hs_95": 2.3160790205001813,
        "Tp_mean": 6.676182746887207,
        "Dp_mean": 73.4728012084961,
        "Dm_mean": 75.36711120605469,
        "Tm02_mean": 5.937535285949707
      },
      "geometry": {
        "type": "Point",
        "coordinates": [
          -75.68675994873047,
          36.09267807006836
        ]
      }
    },
    {
      "type": "Feature",
      "properties": {
        "id": "0001164",
        "dataset_index": 1164,
        "time_start": "1980-01-01",
        "time_end": "2023-12-31",
        "Hs_mean": 1.0421897172927856,
        "Hs_max": 8.308014869689941,
        "Hs_95": 2.33000544309616,
        "Tp_mean": 6.704933166503906,
        "Dp_mean": 73.4522705078125,
        "Dm_mean": 75.34540557861328,
        "Tm02_mean": 5.974492073059082
      },
      "geometry": {
        "type": "Point",
        "coordinates": [
          -75.68901062011719,
          36.0968017578125
        ]
      }
    },
    {
      "type": "Feature",
      "properties": {
        "id": "0001165",
        "dataset_index": 1165,
        "time_start": "1980-01-01",
        "time_end": "2023-12-31",
        "Hs_mean": 1.0387415885925293,
        "Hs_max": 8.3561429977417,
        "Hs_95": 2.3185277581214896,
        "Tp_mean": 6.710850715637207,
        "Dp_mean": 72.79000854492188,
        "Dm_mean": 74.77438354492188,
        "Tm02_mean": 5.957278251647949
      },
      "geometry": {
        "type": "Point",
        "coordinates": [
          -75.69125366210938,
          36.100921630859375
        ]
      }
    },
    {
      "type": "Feature",
      "properties": {
        "id": "0001166",
        "dataset_index": 1166,
        "time_start": "1980-01-01",
        "time_end": "2023-12-31",
        "Hs_mean": 1.031524658203125,
        "Hs_max": 8.335386276245117,
        "Hs_95": 2.299550795555114,
        "Tp_mean": 6.716109275817871,
        "Dp_mean": 72.89391326904297,
        "Dm_mean": 74.86664581298828,
        "Tm02_mean": 5.95310115814209
      },
      "geometry": {
        "type": "Point",
        "coordinates": [
          -75.6935043334961,
          36.105045318603516
        ]
      }
    },
    {
      "type": "Feature",
      "properties": {
        "id": "0001167",
        "dataset_index": 1167,
        "time_start": "1980-01-01",
        "time_end": "2023-12-31",
        "Hs_mean": 1.0384150743484497,
        "Hs_max": 8.47441291809082,
        "Hs_95": 2.3199349284172057,
        "Tp_mean": 6.730398654937744,
        "Dp_mean": 72.75819396972656,
        "Dm_mean": 74.69853973388672,
        "Tm02_mean": 5.95619535446167
      },
      "geometry": {
        "type": "Point",
        "coordinates": [
          -75.69574737548828,
          36.109169006347656
        ]
      }
    },
    {
      "type": "Feature",
      "properties": {
        "id": "0001168",
        "dataset_index": 1168,
        "time_start": "1980-01-01",
        "time_end": "2023-12-31",
        "Hs_mean": 1.0395407676696777,
        "Hs_max": 8.546623229980469,
        "Hs_95": 2.326783287525177,
        "Tp_mean": 6.766416549682617,
        "Dp_mean": 71.9228515625,
        "Dm_mean": 73.92416381835938,
        "Tm02_mean": 5.982821464538574
      },
      "geometry": {
        "type": "Point",
        "coordinates": [
          -75.697998046875,
          36.1132926940918
        ]
      }
    },
    {
      "type": "Feature",
      "properties": {
        "id": "0001169",
        "dataset_index": 1169,
        "time_start": "1980-01-01",
        "time_end": "2023-12-31",
        "Hs_mean": 1.0364547967910767,
        "Hs_max": 8.46047592163086,
        "Hs_95": 2.322013521194458,
        "Tp_mean": 6.776442527770996,
        "Dp_mean": 71.18938446044922,
        "Dm_mean": 73.22624206542969,
        "Tm02_mean": 5.983375072479248
      },
      "geometry": {
        "type": "Point",
        "coordinates": [
          -75.70024108886719,
          36.11741256713867
        ]
      }
    },
    {
      "type": "Feature",
      "properties": {
        "id": "0001170",
        "dataset_index": 1170,
        "time_start": "1980-01-01",
        "time_end": "2023-12-31",
        "Hs_mean": 1.0286184549331665,
        "Hs_max": 8.260945320129395,
        "Hs_95": 2.3026419878005977,
        "Tp_mean": 6.7426438331604,
        "Dp_mean": 70.88062286376953,
        "Dm_mean": 72.91336822509766,
        "Tm02_mean": 5.948668003082275
      },
      "geometry": {
        "type": "Point",
        "coordinates": [
          -75.7024917602539,
          36.12153625488281
        ]
      }
    },
    {
      "type": "Feature",
      "properties": {
        "id": "0001171",
        "dataset_index": 1171,
        "time_start": "1980-01-01",
        "time_end": "2023-12-31",
        "Hs_mean": 1.024232029914856,
        "Hs_max": 8.184599876403809,
        "Hs_95": 2.287225210666656,
        "Tp_mean": 6.716516017913818,
        "Dp_mean": 71.64498901367188,
        "Dm_mean": 73.87755584716797,
        "Tm02_mean": 5.950291156768799
      },
      "geometry": {
        "type": "Point",
        "coordinates": [
          -75.7047348022461,
          36.12565612792969
        ]
      }
    },
    {
      "type": "Feature",
      "properties": {
        "id": "0001172",
        "dataset_index": 1172,
        "time_start": "1980-01-01",
        "time_end": "2023-12-31",
        "Hs_mean": 1.0154706239700317,
        "Hs_max": 8.151778221130371,
        "Hs_95": 2.265538871288299,
        "Tp_mean": 6.706361770629883,
        "Dp_mean": 72.4109878540039,
        "Dm_mean": 74.5836410522461,
        "Tm02_mean": 5.934754371643066
      },
      "geometry": {
        "type": "Point",
        "coordinates": [
          -75.70698547363281,
          36.12977981567383
        ]
      }
    },
    {
      "type": "Feature",
      "properties": {
        "id": "0001173",
        "dataset_index": 1173,
        "time_start": "1980-01-01",
        "time_end": "2023-12-31",
        "Hs_mean": 1.0126591920852661,
        "Hs_max": 8.21432113647461,
        "Hs_95": 2.2597605347633363,
        "Tp_mean": 6.726621627807617,
        "Dp_mean": 73.24913024902344,
        "Dm_mean": 75.2715072631836,
        "Tm02_mean": 5.964298725128174
      },
      "geometry": {
        "type": "Point",
        "coordinates": [
          -75.709228515625,
          36.13390350341797
        ]
      }
    },
    {
      "type": "Feature",
      "properties": {
        "id": "0001174",
        "dataset_index": 1174,
        "time_start": "1980-01-01",
        "time_end": "2023-12-31",
        "Hs_mean": 1.0120995044708252,
        "Hs_max": 8.367452621459961,
        "Hs_95": 2.259485614299774,
        "Tp_mean": 6.757408142089844,
        "Dp_mean": 73.8268051147461,
        "Dm_mean": 75.75992584228516,
        "Tm02_mean": 5.990056991577148
      },
      "geometry": {
        "type": "Point",
        "coordinates": [
          -75.71125793457031,
          36.13809585571289
        ]
      }
    },
    {
      "type": "Feature",
      "properties": {
        "id": "0001175",
        "dataset_index": 1175,
        "time_start": "1980-01-01",
        "time_end": "2023-12-31",
        "Hs_mean": 1.0174922943115234,
        "Hs_max": 8.51805591583252,
        "Hs_95": 2.268494772911071,
        "Tp_mean": 6.7705254554748535,
        "Dp_mean": 74.32892608642578,
        "Dm_mean": 76.16777801513672,
        "Tm02_mean": 6.019285202026367
      },
      "geometry": {
        "type": "Point",
        "coordinates": [
          -75.71302795410156,
          36.142364501953125
        ]
      }
    },
    {
      "type": "Feature",
      "properties": {
        "id": "0001176",
        "dataset_index": 1176,
        "time_start": "1980-01-01",
        "time_end": "2023-12-31",
        "Hs_mean": 1.0220869779586792,
        "Hs_max": 8.701153755187988,
        "Hs_95": 2.2785629868507384,
        "Tp_mean": 6.757112503051758,
        "Dp_mean": 75.01799774169922,
        "Dm_mean": 76.62854766845703,
        "Tm02_mean": 6.016833782196045
      },
      "geometry": {
        "type": "Point",
        "coordinates": [
          -75.71480560302734,
          36.146636962890625
        ]
      }
    },
    {
      "type": "Feature",
      "properties": {
        "id": "0001177",
        "dataset_index": 1177,
        "time_start": "1980-01-01",
        "time_end": "2023-12-31",
        "Hs_mean": 1.023681640625,
        "Hs_max": 8.868240356445312,
        "Hs_95": 2.280473470687866,
        "Tp_mean": 6.76170015335083,
        "Dp_mean": 75.69314575195312,
        "Dm_mean": 76.86139678955078,
        "Tm02_mean": 6.030089378356934
      },
      "geometry": {
        "type": "Point",
        "coordinates": [
          -75.71658325195312,
          36.15090560913086
        ]
      }
    },
    {
      "type": "Feature",
      "properties": {
        "id": "0001178",
        "dataset_index": 1178,
        "time_start": "1980-01-01",
        "time_end": "2023-12-31",
        "Hs_mean": 1.0269049406051636,
        "Hs_max": 9.040592193603516,
        "Hs_95": 2.2822763681411735,
        "Tp_mean": 6.756275177001953,
        "Dp_mean": 75.94497680664062,
        "Dm_mean": 77.10015106201172,
        "Tm02_mean": 6.036763668060303
      },
      "geometry": {
        "type": "Point",
        "coordinates": [
          -75.71835327148438,
          36.15517807006836
        ]
      }
    },
    {
      "type": "Feature",
      "properties": {
        "id": "0001179",
        "dataset_index": 1179,
        "time_start": "1980-01-01",
        "time_end": "2023-12-31",
        "Hs_mean": 1.0257368087768555,
        "Hs_max": 9.10731029510498,
        "Hs_95": 2.2779431223869318,
        "Tp_mean": 6.752241611480713,
        "Dp_mean": 76.63664245605469,
        "Dm_mean": 77.70433807373047,
        "Tm02_mean": 6.0356316566467285
      },
      "geometry": {
        "type": "Point",
        "coordinates": [
          -75.72013092041016,
          36.159446716308594
        ]
      }
    },
    {
      "type": "Feature",
      "properties": {
        "id": "0001180",
        "dataset_index": 1180,
        "time_start": "1980-01-01",
        "time_end": "2023-12-31",
        "Hs_mean": 1.0256212949752808,
        "Hs_max": 9.28421401977539,
        "Hs_95": 2.2724449276924132,
        "Tp_mean": 6.774832248687744,
        "Dp_mean": 77.01664733886719,
        "Dm_mean": 77.68282318115234,
        "Tm02_mean": 6.061481475830078
      },
      "geometry": {
        "type": "Point",
        "coordinates": [
          -75.72190856933594,
          36.163719177246094
        ]
      }
    },
    {
      "type": "Feature",
      "properties": {
        "id": "0001181",
        "dataset_index": 1181,
        "time_start": "1980-01-01",
        "time_end": "2023-12-31",
        "Hs_mean": 1.0267385244369507,
        "Hs_max": 9.380328178405762,
        "Hs_95": 2.2631265759468078,
        "Tp_mean": 6.780279159545898,
        "Dp_mean": 76.62258911132812,
        "Dm_mean": 77.46356964111328,
        "Tm02_mean": 6.063337802886963
      },
      "geometry": {
        "type": "Point",
        "coordinates": [
          -75.72368621826172,
          36.16798782348633
        ]
      }
    },
    {
      "type": "Feature",
      "properties": {
        "id": "0001182",
        "dataset_index": 1182,
        "time_start": "1980-01-01",
        "time_end": "2023-12-31",
        "Hs_mean": 1.0180634260177612,
        "Hs_max": 9.20695972442627,
        "Hs_95": 2.234930849075317,
        "Tp_mean": 6.793058395385742,
        "Dp_mean": 76.77586364746094,
        "Dm_mean": 77.96746063232422,
        "Tm02_mean": 6.065141201019287
      },
      "geometry": {
        "type": "Point",
        "coordinates": [
          -75.72545623779297,
          36.17225646972656
        ]
      }
    },
    {
      "type": "Feature",
      "properties": {
        "id": "0001183",
        "dataset_index": 1183,
        "time_start": "1980-01-01",
        "time_end": "2023-12-31",
        "Hs_mean": 1.0131453275680542,
        "Hs_max": 8.946847915649414,
        "Hs_95": 2.2188829183578487,
        "Tp_mean": 6.756183624267578,
        "Dp_mean": 76.67509460449219,
        "Dm_mean": 77.97421264648438,
        "Tm02_mean": 6.016269207000732
      },
      "geometry": {
        "type": "Point",
        "coordinates": [
          -75.72718048095703,
          36.17654037475586
        ]
      }
    },
    {
      "type": "Feature",
      "properties": {
        "id": "0001184",
        "dataset_index": 1184,
        "time_start": "1980-01-01",
        "time_end": "2023-12-31",
        "Hs_mean": 1.006838083267212,
        "Hs_max": 8.680673599243164,
        "Hs_95": 2.203871667385101,
        "Tp_mean": 6.699403762817383,
        "Dp_mean": 77.50027465820312,
        "Dm_mean": 78.74752807617188,
        "Tm02_mean": 5.975109577178955
      },
      "geometry": {
        "type": "Point",
        "coordinates": [
          -75.728271484375,
          36.18095779418945
        ]
      }
    },
    {
      "type": "Feature",
      "properties": {
        "id": "0001185",
        "dataset_index": 1185,
        "time_start": "1980-01-01",
        "time_end": "2023-12-31",
        "Hs_mean": 1.0108270645141602,
        "Hs_max": 8.698396682739258,
        "Hs_95": 2.212014555931091,
        "Tp_mean": 6.6869730949401855,
        "Dp_mean": 78.81073760986328,
        "Dm_mean": 79.51476287841797,
        "Tm02_mean": 5.990417003631592
      },
      "geometry": {
        "type": "Point",
        "coordinates": [
          -75.7293701171875,
          36.18537521362305
        ]
      }
    },
    {
      "type": "Feature",
      "properties": {
        "id": "0001186",
        "dataset_index": 1186,
        "time_start": "1980-01-01",
        "time_end": "2023-12-31",
        "Hs_mean": 1.0125197172164917,
        "Hs_max": 8.775578498840332,
        "Hs_95": 2.212307322025299,
        "Tp_mean": 6.691089153289795,
        "Dp_mean": 79.57827758789062,
        "Dm_mean": 80.23297119140625,
        "Tm02_mean": 5.991898536682129
      },
      "geometry": {
        "type": "Point",
        "coordinates": [
          -75.73046875,
          36.18979263305664
        ]
      }
    },
    {
      "type": "Feature",
      "properties": {
        "id": "0001187",
        "dataset_index": 1187,
        "time_start": "1980-01-01",
        "time_end": "2023-12-31",
        "Hs_mean": 1.0158981084823608,
        "Hs_max": 8.78900146484375,
        "Hs_95": 2.2165507078170776,
        "Tp_mean": 6.7007927894592285,
        "Dp_mean": 80.26067352294922,
        "Dm_mean": 80.66962432861328,
        "Tm02_mean": 5.996090412139893
      },
      "geometry": {
        "type": "Point",
        "coordinates": [
          -75.7315673828125,
          36.19420623779297
        ]
      }
    },
    {
      "type": "Feature",
      "properties": {
        "id": "0001188",
        "dataset_index": 1188,
        "time_start": "1980-01-01",
        "time_end": "2023-12-31",
        "Hs_mean": 1.0166542530059814,
        "Hs_max": 8.655784606933594,
        "Hs_95": 2.2196344017982477,
        "Tp_mean": 6.703806400299072,
        "Dp_mean": 80.7899398803711,
        "Dm_mean": 81.10926055908203,
        "Tm02_mean": 5.987685680389404
      },
      "geometry": {
        "type": "Point",
        "coordinates": [
          -75.732666015625,
          36.19862365722656
        ]
      }
    },
    {
      "type": "Feature",
      "properties": {
        "id": "0001189",
        "dataset_index": 1189,
        "time_start": "1980-01-01",
        "time_end": "2023-12-31",
        "Hs_mean": 1.0276155471801758,
        "Hs_max": 8.712756156921387,
        "Hs_95": 2.2525275826454156,
        "Tp_mean": 6.766025543212891,
        "Dp_mean": 81.27222442626953,
        "Dm_mean": 81.49728393554688,
        "Tm02_mean": 6.0457682609558105
      },
      "geometry": {
        "type": "Point",
        "coordinates": [
          -75.7337646484375,
          36.203041076660156
        ]
      }
    },
    {
      "type": "Feature",
      "properties": {
        "id": "0001190",
        "dataset_index": 1190,
        "time_start": "1980-01-01",
        "time_end": "2023-12-31",
        "Hs_mean": 1.037253499031067,
        "Hs_max": 8.811674118041992,
        "Hs_95": 2.2799192547798155,
        "Tp_mean": 6.796347618103027,
        "Dp_mean": 81.00889587402344,
        "Dm_mean": 81.23755645751953,
        "Tm02_mean": 6.074554443359375
      },
      "geometry": {
        "type": "Point",
        "coordinates": [
          -75.73486328125,
          36.20745849609375
        ]
      }
    },
    {
      "type": "Feature",
      "properties": {
        "id": "0001191",
        "dataset_index": 1191,
        "time_start": "1980-01-01",
        "time_end": "2023-12-31",
        "Hs_mean": 1.0436848402023315,
        "Hs_max": 9.063631057739258,
        "Hs_95": 2.29005284309387,
        "Tp_mean": 6.804765224456787,
        "Dp_mean": 80.46417999267578,
        "Dm_mean": 80.72109985351562,
        "Tm02_mean": 6.078390598297119
      },
      "geometry": {
        "type": "Point",
        "coordinates": [
          -75.73595428466797,
          36.21187210083008
        ]
      }
    },
    {
      "type": "Feature",
      "properties": {
        "id": "0001192",
        "dataset_index": 1192,
        "time_start": "1980-01-01",
        "time_end": "2023-12-31",
        "Hs_mean": 1.0371527671813965,
        "Hs_max": 9.147489547729492,
        "Hs_95": 2.262887835502624,
        "Tp_mean": 6.794844150543213,
        "Dp_mean": 80.39601135253906,
        "Dm_mean": 80.65928649902344,
        "Tm02_mean": 6.068292140960693
      },
      "geometry": {
        "type": "Point",
        "coordinates": [
          -75.73705291748047,
          36.21628952026367
        ]
      }
    },
    {
      "type": "Feature",
      "properties": {
        "id": "0001193",
        "dataset_index": 1193,
        "time_start": "1980-01-01",
        "time_end": "2023-12-31",
        "Hs_mean": 1.0337674617767334,
        "Hs_max": 9.026812553405762,
        "Hs_95": 2.248702371120453,
        "Tp_mean": 6.753213405609131,
        "Dp_mean": 80.64340209960938,
        "Dm_mean": 80.97098541259766,
        "Tm02_mean": 6.025486946105957
      },
      "geometry": {
        "type": "Point",
        "coordinates": [
          -75.73815155029297,
          36.220706939697266
        ]
      }
    },
    {
      "type": "Feature",
      "properties": {
        "id": "0001194",
        "dataset_index": 1194,
        "time_start": "1980-01-01",
        "time_end": "2023-12-31",
        "Hs_mean": 1.0352541208267212,
        "Hs_max": 8.907903671264648,
        "Hs_95": 2.2520893454551696,
        "Tp_mean": 6.74295711517334,
        "Dp_mean": 80.93533325195312,
        "Dm_mean": 81.34951782226562,
        "Tm02_mean": 6.013391494750977
      },
      "geometry": {
        "type": "Point",
        "coordinates": [
          -75.73925018310547,
          36.22512435913086
        ]
      }
    },
    {
      "type": "Feature",
      "properties": {
        "id": "0001195",
        "dataset_index": 1195,
        "time_start": "1980-01-01",
        "time_end": "2023-12-31",
        "Hs_mean": 1.0340086221694946,
        "Hs_max": 8.800235748291016,
        "Hs_95": 2.2499643564224243,
        "Tp_mean": 6.748497009277344,
        "Dp_mean": 80.85601806640625,
        "Dm_mean": 81.27608489990234,
        "Tm02_mean": 6.016312122344971
      },
      "geometry": {
        "type": "Point",
        "coordinates": [
          -75.74034881591797,
          36.22954177856445
        ]
      }
    },
    {
      "type": "Feature",
      "properties": {
        "id": "0001196",
        "dataset_index": 1196,
        "time_start": "1980-01-01",
        "time_end": "2023-12-31",
        "Hs_mean": 1.0337294340133667,
        "Hs_max": 8.661453247070312,
        "Hs_95": 2.2480242013931266,
        "Tp_mean": 6.720348834991455,
        "Dp_mean": 80.60826873779297,
        "Dm_mean": 81.02526092529297,
        "Tm02_mean": 5.988913059234619
      },
      "geometry": {
        "type": "Point",
        "coordinates": [
          -75.74144744873047,
          36.23395538330078
        ]
      }
    },
    {
      "type": "Feature",
      "properties": {
        "id": "0001197",
        "dataset_index": 1197,
        "time_start": "1980-01-01",
        "time_end": "2023-12-31",
        "Hs_mean": 1.029052495956421,
        "Hs_max": 8.411757469177246,
        "Hs_95": 2.2436352968215942,
        "Tp_mean": 6.703449249267578,
        "Dp_mean": 80.3548583984375,
        "Dm_mean": 80.71869659423828,
        "Tm02_mean": 5.989614963531494
      },
      "geometry": {
        "type": "Point",
        "coordinates": [
          -75.74254608154297,
          36.238372802734375
        ]
      }
    },
    {
      "type": "Feature",
      "properties": {
        "id": "0001198",
        "dataset_index": 1198,
        "time_start": "1980-01-01",
        "time_end": "2023-12-31",
        "Hs_mean": 1.0298912525177002,
        "Hs_max": 8.144013404846191,
        "Hs_95": 2.2500898957252486,
        "Tp_mean": 6.645981311798096,
        "Dp_mean": 79.90925598144531,
        "Dm_mean": 80.33915710449219,
        "Tm02_mean": 5.938967704772949
      },
      "geometry": {
        "type": "Point",
        "coordinates": [
          -75.74364471435547,
          36.24279022216797
        ]
      }
    },
    {
      "type": "Feature",
      "properties": {
        "id": "0001199",
        "dataset_index": 1199,
        "time_start": "1980-01-01",
        "time_end": "2023-12-31",
        "Hs_mean": 1.0312938690185547,
        "Hs_max": 7.914865970611572,
        "Hs_95": 2.2598405003547666,
        "Tp_mean": 6.622492790222168,
        "Dp_mean": 79.60201263427734,
        "Dm_mean": 80.04437255859375,
        "Tm02_mean": 5.93239688873291
      },
      "geometry": {
        "type": "Point",
        "coordinates": [
          -75.74473571777344,
          36.24720764160156
        ]
      }
    },
    {
      "type": "Feature",
      "properties": {
        "id": "0001200",
        "dataset_index": 1200,
        "time_start": "1980-01-01",
        "time_end": "2023-12-31",
        "Hs_mean": 1.033089518547058,
        "Hs_max": 7.575719833374023,
        "Hs_95": 2.2649851441383353,
        "Tp_mean": 6.568765163421631,
        "Dp_mean": 79.41577911376953,
        "Dm_mean": 80.04052734375,
        "Tm02_mean": 5.900866508483887
      },
      "geometry": {
        "type": "Point",
        "coordinates": [
          -75.74583435058594,
          36.25162124633789
        ]
      }
    },
    {
      "type": "Feature",
      "properties": {
        "id": "0001201",
        "dataset_index": 1201,
        "time_start": "1980-01-01",
        "time_end": "2023-12-31",
        "Hs_mean": 1.0326954126358032,
        "Hs_max": 7.420280456542969,
        "Hs_95": 2.267820858955383,
        "Tp_mean": 6.575429916381836,
        "Dp_mean": 79.64035034179688,
        "Dm_mean": 80.32685852050781,
        "Tm02_mean": 5.909416675567627
      },
      "geometry": {
        "type": "Point",
        "coordinates": [
          -75.74693298339844,
          36.256038665771484
        ]
      }
    },
    {
      "type": "Feature",
      "properties": {
        "id": "0001202",
        "dataset_index": 1202,
        "time_start": "1980-01-01",
        "time_end": "2023-12-31",
        "Hs_mean": 1.036558985710144,
        "Hs_max": 7.404048919677734,
        "Hs_95": 2.276495242118835,
        "Tp_mean": 6.5707268714904785,
        "Dp_mean": 79.58319854736328,
        "Dm_mean": 80.44588470458984,
        "Tm02_mean": 5.906753063201904
      },
      "geometry": {
        "type": "Point",
        "coordinates": [
          -75.74803924560547,
          36.26045608520508
        ]
      }
    },
    {
      "type": "Feature",
      "properties": {
        "id": "0001203",
        "dataset_index": 1203,
        "time_start": "1980-01-01",
        "time_end": "2023-12-31",
        "Hs_mean": 1.0345271825790405,
        "Hs_max": 7.375781536102295,
        "Hs_95": 2.2764999628067013,
        "Tp_mean": 6.584134101867676,
        "Dp_mean": 79.413330078125,
        "Dm_mean": 80.23260498046875,
        "Tm02_mean": 5.912247180938721
      },
      "geometry": {
        "type": "Point",
        "coordinates": [
          -75.749755859375,
          36.264739990234375
        ]
      }
    },
    {
      "type": "Feature",
      "properties": {
        "id": "0001204",
        "dataset_index": 1204,
        "time_start": "1980-01-01",
        "time_end": "2023-12-31",
        "Hs_mean": 1.039514422416687,
        "Hs_max": 7.384237289428711,
        "Hs_95": 2.292249345779419,
        "Tp_mean": 6.572381973266602,
        "Dp_mean": 78.96546173095703,
        "Dm_mean": 79.88440704345703,
        "Tm02_mean": 5.911941051483154
      },
      "geometry": {
        "type": "Point",
        "coordinates": [
          -75.75148010253906,
          36.26902770996094
        ]
      }
    },
    {
      "type": "Feature",
      "properties": {
        "id": "0001205",
        "dataset_index": 1205,
        "time_start": "1980-01-01",
        "time_end": "2023-12-31",
        "Hs_mean": 1.0416964292526245,
        "Hs_max": 7.485783100128174,
        "Hs_95": 2.3037166953086845,
        "Tp_mean": 6.5943427085876465,
        "Dp_mean": 78.496826171875,
        "Dm_mean": 79.45260620117188,
        "Tm02_mean": 5.9341630935668945
      },
      "geometry": {
        "type": "Point",
        "coordinates": [
          -75.75320434570312,
          36.273311614990234
        ]
      }
    },
    {
      "type": "Feature",
      "properties": {
        "id": "0001206",
        "dataset_index": 1206,
        "time_start": "1980-01-01",
        "time_end": "2023-12-31",
        "Hs_mean": 1.0392818450927734,
        "Hs_max": 7.5639142990112305,
        "Hs_95": 2.299668216705322,
        "Tp_mean": 6.6003618240356445,
        "Dp_mean": 77.77388000488281,
        "Dm_mean": 78.96023559570312,
        "Tm02_mean": 5.939357757568359
      },
      "geometry": {
        "type": "Point",
        "coordinates": [
          -75.75492095947266,
          36.27759552001953
        ]
      }
    },
    {
      "type": "Feature",
      "properties": {
        "id": "0001207",
        "dataset_index": 1207,
        "time_start": "1980-01-01",
        "time_end": "2023-12-31",
        "Hs_mean": 1.0369868278503418,
        "Hs_max": 7.552606105804443,
        "Hs_95": 2.291556882858276,
        "Tp_mean": 6.571069717407227,
        "Dp_mean": 76.7406234741211,
        "Dm_mean": 78.164306640625,
        "Tm02_mean": 5.902623653411865
      },
      "geometry": {
        "type": "Point",
        "coordinates": [
          -75.75664520263672,
          36.281883239746094
        ]
      }
    },
    {
      "type": "Feature",
      "properties": {
        "id": "0001208",
        "dataset_index": 1208,
        "time_start": "1980-01-01",
        "time_end": "2023-12-31",
        "Hs_mean": 1.0331153869628906,
        "Hs_max": 7.487961769104004,
        "Hs_95": 2.2841349959373476,
        "Tp_mean": 6.566399097442627,
        "Dp_mean": 77.17891693115234,
        "Dm_mean": 78.71463012695312,
        "Tm02_mean": 5.8925862312316895
      },
      "geometry": {
        "type": "Point",
        "coordinates": [
          -75.75836944580078,
          36.28616714477539
        ]
      }
    },
    {
      "type": "Feature",
      "properties": {
        "id": "0001209",
        "dataset_index": 1209,
        "time_start": "1980-01-01",
        "time_end": "2023-12-31",
        "Hs_mean": 1.0392087697982788,
        "Hs_max": 7.624217510223389,
        "Hs_95": 2.299450230598449,
        "Tp_mean": 6.576421737670898,
        "Dp_mean": 77.81610870361328,
        "Dm_mean": 79.14435577392578,
        "Tm02_mean": 5.906586170196533
      },
      "geometry": {
        "type": "Point",
        "coordinates": [
          -75.76009368896484,
          36.29045486450195
        ]
      }
    },
    {
      "type": "Feature",
      "properties": {
        "id": "0001210",
        "dataset_index": 1210,
        "time_start": "1980-01-01",
        "time_end": "2023-12-31",
        "Hs_mean": 1.0449230670928955,
        "Hs_max": 7.885756969451904,
        "Hs_95": 2.3149564504623408,
        "Tp_mean": 6.613705158233643,
        "Dp_mean": 78.21031188964844,
        "Dm_mean": 79.40727996826172,
        "Tm02_mean": 5.940458297729492
      },
      "geometry": {
        "type": "Point",
        "coordinates": [
          -75.76181030273438,
          36.29473876953125
        ]
      }
    },
    {
      "type": "Feature",
      "properties": {
        "id": "0001211",
        "dataset_index": 1211,
        "time_start": "1980-01-01",
        "time_end": "2023-12-31",
        "Hs_mean": 1.0471171140670776,
        "Hs_max": 8.210315704345703,
        "Hs_95": 2.3142039895057676,
        "Tp_mean": 6.654811382293701,
        "Dp_mean": 77.91804504394531,
        "Dm_mean": 79.03550720214844,
        "Tm02_mean": 5.970219135284424
      },
      "geometry": {
        "type": "Point",
        "coordinates": [
          -75.76353454589844,
          36.29902267456055
        ]
      }
    },
    {
      "type": "Feature",
      "properties": {
        "id": "0001212",
        "dataset_index": 1212,
        "time_start": "1980-01-01",
        "time_end": "2023-12-31",
        "Hs_mean": 1.0440782308578491,
        "Hs_max": 8.413179397583008,
        "Hs_95": 2.293824303150176,
        "Tp_mean": 6.646510601043701,
        "Dp_mean": 77.83348083496094,
        "Dm_mean": 79.02645111083984,
        "Tm02_mean": 5.957432746887207
      },
      "geometry": {
        "type": "Point",
        "coordinates": [
          -75.7652587890625,
          36.30331039428711
        ]
      }
    },
    {
      "type": "Feature",
      "properties": {
        "id": "0001213",
        "dataset_index": 1213,
        "time_start": "1980-01-01",
        "time_end": "2023-12-31",
        "Hs_mean": 1.0368735790252686,
        "Hs_max": 8.5076265335083,
        "Hs_95": 2.2701803207397457,
        "Tp_mean": 6.643096446990967,
        "Dp_mean": 77.83879852294922,
        "Dm_mean": 79.02824401855469,
        "Tm02_mean": 5.951827526092529
      },
      "geometry": {
        "type": "Point",
        "coordinates": [
          -75.76697540283203,
          36.307594299316406
        ]
      }
    },
    {
      "type": "Feature",
      "properties": {
        "id": "0001214",
        "dataset_index": 1214,
        "time_start": "1980-01-01",
        "time_end": "2023-12-31",
        "Hs_mean": 1.028923511505127,
        "Hs_max": 8.546792984008789,
        "Hs_95": 2.2461295723915096,
        "Tp_mean": 6.632235527038574,
        "Dp_mean": 77.82440948486328,
        "Dm_mean": 79.07693481445312,
        "Tm02_mean": 5.933733940124512
      },
      "geometry": {
        "type": "Point",
        "coordinates": [
          -75.7686996459961,
          36.3118782043457
        ]
      }
    },
    {
      "type": "Feature",
      "properties": {
        "id": "0001215",
        "dataset_index": 1215,
        "time_start": "1980-01-01",
        "time_end": "2023-12-31",
        "Hs_mean": 1.022945761680603,
        "Hs_max": 8.57632827758789,
        "Hs_95": 2.2276133775711053,
        "Tp_mean": 6.604926586151123,
        "Dp_mean": 77.48980712890625,
        "Dm_mean": 79.14949035644531,
        "Tm02_mean": 5.904755115509033
      },
      "geometry": {
        "type": "Point",
        "coordinates": [
          -75.77041625976562,
          36.316165924072266
        ]
      }
    },
    {
      "type": "Feature",
      "properties": {
        "id": "0001216",
        "dataset_index": 1216,
        "time_start": "1980-01-01",
        "time_end": "2023-12-31",
        "Hs_mean": 1.016517996788025,
        "Hs_max": 8.44953441619873,
        "Hs_95": 2.2101727485656735,
        "Tp_mean": 6.55595064163208,
        "Dp_mean": 77.93186950683594,
        "Dm_mean": 79.55924224853516,
        "Tm02_mean": 5.847527503967285
      },
      "geometry": {
        "type": "Point",
        "coordinates": [
          -75.77188873291016,
          36.32050323486328
        ]
      }
    },
    {
      "type": "Feature",
      "properties": {
        "id": "0001217",
        "dataset_index": 1217,
        "time_start": "1980-01-01",
        "time_end": "2023-12-31",
        "Hs_mean": 1.016771912574768,
        "Hs_max": 8.282718658447266,
        "Hs_95": 2.210739958286285,
        "Tp_mean": 6.521641731262207,
        "Dp_mean": 78.55580139160156,
        "Dm_mean": 80.18180084228516,
        "Tm02_mean": 5.8223490715026855
      },
      "geometry": {
        "type": "Point",
        "coordinates": [
          -75.7729721069336,
          36.32492446899414
        ]
      }
    },
    {
      "type": "Feature",
      "properties": {
        "id": "0001218",
        "dataset_index": 1218,
        "time_start": "1980-01-01",
        "time_end": "2023-12-31",
        "Hs_mean": 1.0205411911010742,
        "Hs_max": 8.179776191711426,
        "Hs_95": 2.22526159286499,
        "Tp_mean": 6.542381763458252,
        "Dp_mean": 78.89873504638672,
        "Dm_mean": 80.59056091308594,
        "Tm02_mean": 5.841887950897217
      },
      "geometry": {
        "type": "Point",
        "coordinates": [
          -75.7740478515625,
          36.329341888427734
        ]
      }
    },
    {
      "type": "Feature",
      "properties": {
        "id": "0001219",
        "dataset_index": 1219,
        "time_start": "1980-01-01",
        "time_end": "2023-12-31",
        "Hs_mean": 1.026340126991272,
        "Hs_max": 8.017084121704102,
        "Hs_95": 2.2390413403511045,
        "Tp_mean": 6.55012321472168,
        "Dp_mean": 78.9939956665039,
        "Dm_mean": 80.69210815429688,
        "Tm02_mean": 5.856943607330322
      },
      "geometry": {
        "type": "Point",
        "coordinates": [
          -75.77513122558594,
          36.333763122558594
        ]
      }
    },
    {
      "type": "Feature",
      "properties": {
        "id": "0001220",
        "dataset_index": 1220,
        "time_start": "1980-01-01",
        "time_end": "2023-12-31",
        "Hs_mean": 1.026145339012146,
        "Hs_max": 7.747828960418701,
        "Hs_95": 2.2406879544258116,
        "Tp_mean": 6.538915157318115,
        "Dp_mean": 79.18521118164062,
        "Dm_mean": 80.85480499267578,
        "Tm02_mean": 5.852574825286865
      },
      "geometry": {
        "type": "Point",
        "coordinates": [
          -75.77621459960938,
          36.33818054199219
        ]
      }
    },
    {
      "type": "Feature",
      "properties": {
        "id": "0001221",
        "dataset_index": 1221,
        "time_start": "1980-01-01",
        "time_end": "2023-12-31",
        "Hs_mean": 1.0315096378326416,
        "Hs_max": 7.578459739685059,
        "Hs_95": 2.255555641651153,
        "Tp_mean": 6.506796836853027,
        "Dp_mean": 79.64344024658203,
        "Dm_mean": 81.21215057373047,
        "Tm02_mean": 5.820098400115967
      },
      "geometry": {
        "type": "Point",
        "coordinates": [
          -75.77729034423828,
          36.34260177612305
        ]
      }
    },
    {
      "type": "Feature",
      "properties": {
        "id": "0001222",
        "dataset_index": 1222,
        "time_start": "1980-01-01",
        "time_end": "2023-12-31",
        "Hs_mean": 1.034345269203186,
        "Hs_max": 7.6085638999938965,
        "Hs_95": 2.2680757641792293,
        "Tp_mean": 6.513596057891846,
        "Dp_mean": 79.81026458740234,
        "Dm_mean": 81.29940795898438,
        "Tm02_mean": 5.823644161224365
      },
      "geometry": {
        "type": "Point",
        "coordinates": [
          -75.77837371826172,
          36.34701919555664
        ]
      }
    },
    {
      "type": "Feature",
      "properties": {
        "id": "0001223",
        "dataset_index": 1223,
        "time_start": "1980-01-01",
        "time_end": "2023-12-31",
        "Hs_mean": 1.0398328304290771,
        "Hs_max": 7.813668251037598,
        "Hs_95": 2.2805447101593,
        "Tp_mean": 6.517282485961914,
        "Dp_mean": 79.54043579101562,
        "Dm_mean": 80.86273193359375,
        "Tm02_mean": 5.8340582847595215
      },
      "geometry": {
        "type": "Point",
        "coordinates": [
          -75.77945709228516,
          36.3514404296875
        ]
      }
    },
    {
      "type": "Feature",
      "properties": {
        "id": "0001224",
        "dataset_index": 1224,
        "time_start": "1980-01-01",
        "time_end": "2023-12-31",
        "Hs_mean": 1.0404725074768066,
        "Hs_max": 8.052567481994629,
        "Hs_95": 2.2802331209182727,
        "Tp_mean": 6.541269302368164,
        "Dp_mean": 79.58313751220703,
        "Dm_mean": 80.85088348388672,
        "Tm02_mean": 5.850377082824707
      },
      "geometry": {
        "type": "Point",
        "coordinates": [
          -75.7805404663086,
          36.35586166381836
        ]
      }
    },
    {
      "type": "Feature",
      "properties": {
        "id": "0001225",
        "dataset_index": 1225,
        "time_start": "1980-01-01",
        "time_end": "2023-12-31",
        "Hs_mean": 1.043806791305542,
        "Hs_max": 8.290931701660156,
        "Hs_95": 2.282022774219513,
        "Tp_mean": 6.534660816192627,
        "Dp_mean": 79.49771118164062,
        "Dm_mean": 80.75082397460938,
        "Tm02_mean": 5.812435626983643
      },
      "geometry": {
        "type": "Point",
        "coordinates": [
          -75.78202819824219,
          36.36020278930664
        ]
      }
    },
    {
      "type": "Feature",
      "properties": {
        "id": "0001226",
        "dataset_index": 1226,
        "time_start": "1980-01-01",
        "time_end": "2023-12-31",
        "Hs_mean": 1.040347933769226,
        "Hs_max": 8.361869812011719,
        "Hs_95": 2.270323634147644,
        "Tp_mean": 6.547723770141602,
        "Dp_mean": 79.39521026611328,
        "Dm_mean": 80.74049377441406,
        "Tm02_mean": 5.818875789642334
      },
      "geometry": {
        "type": "Point",
        "coordinates": [
          -75.78355407714844,
          36.364532470703125
        ]
      }
    },
    {
      "type": "Feature",
      "properties": {
        "id": "0001227",
        "dataset_index": 1227,
        "time_start": "1980-01-01",
        "time_end": "2023-12-31",
        "Hs_mean": 1.0374295711517334,
        "Hs_max": 8.358536720275879,
        "Hs_95": 2.262719476222992,
        "Tp_mean": 6.5403971672058105,
        "Dp_mean": 79.72853088378906,
        "Dm_mean": 80.88624572753906,
        "Tm02_mean": 5.805422782897949
      },
      "geometry": {
        "type": "Point",
        "coordinates": [
          -75.78507995605469,
          36.36886978149414
        ]
      }
    },
    {
      "type": "Feature",
      "properties": {
        "id": "0001228",
        "dataset_index": 1228,
        "time_start": "1980-01-01",
        "time_end": "2023-12-31",
        "Hs_mean": 1.0425286293029785,
        "Hs_max": 8.415852546691895,
        "Hs_95": 2.272006797790527,
        "Tp_mean": 6.518896579742432,
        "Dp_mean": 80.23401641845703,
        "Dm_mean": 81.13072204589844,
        "Tm02_mean": 5.790562629699707
      },
      "geometry": {
        "type": "Point",
        "coordinates": [
          -75.78661346435547,
          36.373199462890625
        ]
      }
    },
    {
      "type": "Feature",
      "properties": {
        "id": "0001229",
        "dataset_index": 1229,
        "time_start": "1980-01-01",
        "time_end": "2023-12-31",
        "Hs_mean": 1.0462874174118042,
        "Hs_max": 8.707369804382324,
        "Hs_95": 2.283559882640838,
        "Tp_mean": 6.570572853088379,
        "Dp_mean": 80.3585205078125,
        "Dm_mean": 81.17839813232422,
        "Tm02_mean": 5.8331074714660645
      },
      "geometry": {
        "type": "Point",
        "coordinates": [
          -75.78813934326172,
          36.377532958984375
        ]
      }
    },
    {
      "type": "Feature",
      "properties": {
        "id": "0001230",
        "dataset_index": 1230,
        "time_start": "1980-01-01",
        "time_end": "2023-12-31",
        "Hs_mean": 1.0484682321548462,
        "Hs_max": 8.864120483398438,
        "Hs_95": 2.283556509017944,
        "Tp_mean": 6.554243087768555,
        "Dp_mean": 80.20175170898438,
        "Dm_mean": 81.07989501953125,
        "Tm02_mean": 5.820778846740723
      },
      "geometry": {
        "type": "Point",
        "coordinates": [
          -75.78966522216797,
          36.381866455078125
        ]
      }
    },
    {
      "type": "Feature",
      "properties": {
        "id": "0001231",
        "dataset_index": 1231,
        "time_start": "1980-01-01",
        "time_end": "2023-12-31",
        "Hs_mean": 1.0457769632339478,
        "Hs_max": 8.934012413024902,
        "Hs_95": 2.2766555905342094,
        "Tp_mean": 6.559505462646484,
        "Dp_mean": 79.98432159423828,
        "Dm_mean": 80.93366241455078,
        "Tm02_mean": 5.825815200805664
      },
      "geometry": {
        "type": "Point",
        "coordinates": [
          -75.79119110107422,
          36.386199951171875
        ]
      }
    },
    {
      "type": "Feature",
      "properties": {
        "id": "0001232",
        "dataset_index": 1232,
        "time_start": "1980-01-01",
        "time_end": "2023-12-31",
        "Hs_mean": 1.0436311960220337,
        "Hs_max": 8.852834701538086,
        "Hs_95": 2.272936582565307,
        "Tp_mean": 6.562674045562744,
        "Dp_mean": 79.79887390136719,
        "Dm_mean": 80.83885192871094,
        "Tm02_mean": 5.834882736206055
      },
      "geometry": {
        "type": "Point",
        "coordinates": [
          -75.792724609375,
          36.390533447265625
        ]
      }
    },
    {
      "type": "Feature",
      "properties": {
        "id": "0001233",
        "dataset_index": 1233,
        "time_start": "1980-01-01",
        "time_end": "2023-12-31",
        "Hs_mean": 1.048493504524231,
        "Hs_max": 8.858779907226562,
        "Hs_95": 2.2826373338699337,
        "Tp_mean": 6.53955078125,
        "Dp_mean": 79.59680938720703,
        "Dm_mean": 80.66488647460938,
        "Tm02_mean": 5.812498569488525
      },
      "geometry": {
        "type": "Point",
        "coordinates": [
          -75.79425048828125,
          36.394866943359375
        ]
      }
    },
    {
      "type": "Feature",
      "properties": {
        "id": "0001234",
        "dataset_index": 1234,
        "time_start": "1980-01-01",
        "time_end": "2023-12-31",
        "Hs_mean": 1.0482063293457031,
        "Hs_max": 9.104376792907715,
        "Hs_95": 2.281057798862457,
        "Tp_mean": 6.56397819519043,
        "Dp_mean": 79.73381805419922,
        "Dm_mean": 80.8384017944336,
        "Tm02_mean": 5.8293776512146
      },
      "geometry": {
        "type": "Point",
        "coordinates": [
          -75.7957763671875,
          36.399200439453125
        ]
      }
    },
    {
      "type": "Feature",
      "properties": {
        "id": "0001235",
        "dataset_index": 1235,
        "time_start": "1980-01-01",
        "time_end": "2023-12-31",
        "Hs_mean": 1.045549988746643,
        "Hs_max": 9.31397533416748,
        "Hs_95": 2.2679658055305474,
        "Tp_mean": 6.57198429107666,
        "Dp_mean": 78.9088134765625,
        "Dm_mean": 80.28596496582031,
        "Tm02_mean": 5.834667205810547
      },
      "geometry": {
        "type": "Point",
        "coordinates": [
          -75.79730224609375,
          36.403533935546875
        ]
      }
    },
    {
      "type": "Feature",
      "properties": {
        "id": "0001236",
        "dataset_index": 1236,
        "time_start": "1980-01-01",
        "time_end": "2023-12-31",
        "Hs_mean": 1.0351285934448242,
        "Hs_max": 9.181455612182617,
        "Hs_95": 2.237955844402312,
        "Tp_mean": 6.543839454650879,
        "Dp_mean": 78.27009582519531,
        "Dm_mean": 79.94310760498047,
        "Tm02_mean": 5.799375057220459
      },
      "geometry": {
        "type": "Point",
        "coordinates": [
          -75.79883575439453,
          36.407867431640625
        ]
      }
    },
    {
      "type": "Feature",
      "properties": {
        "id": "0001237",
        "dataset_index": 1237,
        "time_start": "1980-01-01",
        "time_end": "2023-12-31",
        "Hs_mean": 1.0284947156906128,
        "Hs_max": 8.966338157653809,
        "Hs_95": 2.224791657924652,
        "Tp_mean": 6.556155204772949,
        "Dp_mean": 77.94365692138672,
        "Dm_mean": 79.8673095703125,
        "Tm02_mean": 5.814913272857666
      },
      "geometry": {
        "type": "Point",
        "coordinates": [
          -75.80036163330078,
          36.412200927734375
        ]
      }
    },
    {
      "type": "Feature",
      "properties": {
        "id": "0001238",
        "dataset_index": 1238,
        "time_start": "1980-01-01",
        "time_end": "2023-12-31",
        "Hs_mean": 1.0268099308013916,
        "Hs_max": 8.767692565917969,
        "Hs_95": 2.2194970250129695,
        "Tp_mean": 6.540640354156494,
        "Dp_mean": 77.45930480957031,
        "Dm_mean": 79.54791259765625,
        "Tm02_mean": 5.780123233795166
      },
      "geometry": {
        "type": "Point",
        "coordinates": [
          -75.80188751220703,
          36.416534423828125
        ]
      }
    },
    {
      "type": "Feature",
      "properties": {
        "id": "0001239",
        "dataset_index": 1239,
        "time_start": "1980-01-01",
        "time_end": "2023-12-31",
        "Hs_mean": 1.0215095281600952,
        "Hs_max": 8.647177696228027,
        "Hs_95": 2.204318082332611,
        "Tp_mean": 6.540304660797119,
        "Dp_mean": 77.91482543945312,
        "Dm_mean": 79.855224609375,
        "Tm02_mean": 5.779443740844727
      },
      "geometry": {
        "type": "Point",
        "coordinates": [
          -75.80342102050781,
          36.420867919921875
        ]
      }
    },
    {
      "type": "Feature",
      "properties": {
        "id": "0001240",
        "dataset_index": 1240,
        "time_start": "1980-01-01",
        "time_end": "2023-12-31",
        "Hs_mean": 1.0173448324203491,
        "Hs_max": 8.470719337463379,
        "Hs_95": 2.1889206290245053,
        "Tp_mean": 6.526231288909912,
        "Dp_mean": 78.24250030517578,
        "Dm_mean": 80.07762145996094,
        "Tm02_mean": 5.779647350311279
      },
      "geometry": {
        "type": "Point",
        "coordinates": [
          -75.80494689941406,
          36.425201416015625
        ]
      }
    },
    {
      "type": "Feature",
      "properties": {
        "id": "0001241",
        "dataset_index": 1241,
        "time_start": "1980-01-01",
        "time_end": "2023-12-31",
        "Hs_mean": 1.0108623504638672,
        "Hs_max": 8.148720741271973,
        "Hs_95": 2.1712520956993084,
        "Tp_mean": 6.480453968048096,
        "Dp_mean": 78.55973815917969,
        "Dm_mean": 80.2398681640625,
        "Tm02_mean": 5.732621669769287
      },
      "geometry": {
        "type": "Point",
        "coordinates": [
          -75.80647277832031,
          36.429534912109375
        ]
      }
    },
    {
      "type": "Feature",
      "properties": {
        "id": "0001242",
        "dataset_index": 1242,
        "time_start": "1980-01-01",
        "time_end": "2023-12-31",
        "Hs_mean": 1.0019301176071167,
        "Hs_max": 7.791196823120117,
        "Hs_95": 2.1502511382102947,
        "Tp_mean": 6.432894229888916,
        "Dp_mean": 79.03292083740234,
        "Dm_mean": 80.53898620605469,
        "Tm02_mean": 5.693509578704834
      },
      "geometry": {
        "type": "Point",
        "coordinates": [
          -75.80778503417969,
          36.43391036987305
        ]
      }
    },
    {
      "type": "Feature",
      "properties": {
        "id": "0001243",
        "dataset_index": 1243,
        "time_start": "1980-01-01",
        "time_end": "2023-12-31",
        "Hs_mean": 0.9989714622497559,
        "Hs_max": 7.501951694488525,
        "Hs_95": 2.1433599472045897,
        "Tp_mean": 6.379222393035889,
        "Dp_mean": 79.36138916015625,
        "Dm_mean": 81.11825561523438,
        "Tm02_mean": 5.650280475616455
      },
      "geometry": {
        "type": "Point",
        "coordinates": [
          -75.8089599609375,
          36.438316345214844
        ]
      }
    },
    {
      "type": "Feature",
      "properties": {
        "id": "0001244",
        "dataset_index": 1244,
        "time_start": "1980-01-01",
        "time_end": "2023-12-31",
        "Hs_mean": 0.9976308345794678,
        "Hs_max": 7.428305149078369,
        "Hs_95": 2.1465918183326713,
        "Tp_mean": 6.390848636627197,
        "Dp_mean": 79.90907287597656,
        "Dm_mean": 81.57282257080078,
        "Tm02_mean": 5.661881923675537
      },
      "geometry": {
        "type": "Point",
        "coordinates": [
          -75.81012725830078,
          36.44272232055664
        ]
      }
    },
    {
      "type": "Feature",
      "properties": {
        "id": "0001245",
        "dataset_index": 1245,
        "time_start": "1980-01-01",
        "time_end": "2023-12-31",
        "Hs_mean": 1.0008622407913208,
        "Hs_max": 7.394765377044678,
        "Hs_95": 2.1585802316665643,
        "Tp_mean": 6.3789215087890625,
        "Dp_mean": 79.81863403320312,
        "Dm_mean": 81.57657623291016,
        "Tm02_mean": 5.6534528732299805
      },
      "geometry": {
        "type": "Point",
        "coordinates": [
          -75.8113021850586,
          36.44712448120117
        ]
      }
    },
    {
      "type": "Feature",
      "properties": {
        "id": "0001246",
        "dataset_index": 1246,
        "time_start": "1980-01-01",
        "time_end": "2023-12-31",
        "Hs_mean": 1.0026657581329346,
        "Hs_max": 7.319935321807861,
        "Hs_95": 2.165195107460022,
        "Tp_mean": 6.365868091583252,
        "Dp_mean": 79.96517944335938,
        "Dm_mean": 81.59742736816406,
        "Tm02_mean": 5.645654201507568
      },
      "geometry": {
        "type": "Point",
        "coordinates": [
          -75.81246948242188,
          36.45153045654297
        ]
      }
    },
    {
      "type": "Feature",
      "properties": {
        "id": "0001247",
        "dataset_index": 1247,
        "time_start": "1980-01-01",
        "time_end": "2023-12-31",
        "Hs_mean": 1.0050861835479736,
        "Hs_max": 7.200334072113037,
        "Hs_95": 2.1685655951499934,
        "Tp_mean": 6.328393459320068,
        "Dp_mean": 80.37641906738281,
        "Dm_mean": 81.89481353759766,
        "Tm02_mean": 5.630725383758545
      },
      "geometry": {
        "type": "Point",
        "coordinates": [
          -75.81364440917969,
          36.455936431884766
        ]
      }
    },
    {
      "type": "Feature",
      "properties": {
        "id": "0001248",
        "dataset_index": 1248,
        "time_start": "1980-01-01",
        "time_end": "2023-12-31",
        "Hs_mean": 1.00393545627594,
        "Hs_max": 7.179163932800293,
        "Hs_95": 2.1676206588745117,
        "Tp_mean": 6.333330154418945,
        "Dp_mean": 80.69425964355469,
        "Dm_mean": 82.10749053955078,
        "Tm02_mean": 5.64035177230835
      },
      "geometry": {
        "type": "Point",
        "coordinates": [
          -75.81481170654297,
          36.46034240722656
        ]
      }
    },
    {
      "type": "Feature",
      "properties": {
        "id": "0001249",
        "dataset_index": 1249,
        "time_start": "1980-01-01",
        "time_end": "2023-12-31",
        "Hs_mean": 1.0101804733276367,
        "Hs_max": 7.297215461730957,
        "Hs_95": 2.180724227428436,
        "Tp_mean": 6.318938255310059,
        "Dp_mean": 80.8658676147461,
        "Dm_mean": 82.13036346435547,
        "Tm02_mean": 5.633492469787598
      },
      "geometry": {
        "type": "Point",
        "coordinates": [
          -75.81597900390625,
          36.464744567871094
        ]
      }
    },
    {
      "type": "Feature",
      "properties": {
        "id": "0001250",
        "dataset_index": 1250,
        "time_start": "1980-01-01",
        "time_end": "2023-12-31",
        "Hs_mean": 1.0148845911026,
        "Hs_max": 7.5320353507995605,
        "Hs_95": 2.1932766556739804,
        "Tp_mean": 6.336796760559082,
        "Dp_mean": 81.4652099609375,
        "Dm_mean": 82.6222152709961,
        "Tm02_mean": 5.644474983215332
      },
      "geometry": {
        "type": "Point",
        "coordinates": [
          -75.81722259521484,
          36.46913528442383
        ]
      }
    },
    {
      "type": "Feature",
      "properties": {
        "id": "0001251",
        "dataset_index": 1251,
        "time_start": "1980-01-01",
        "time_end": "2023-12-31",
        "Hs_mean": 1.0242811441421509,
        "Hs_max": 7.8107147216796875,
        "Hs_95": 2.2171697616577144,
        "Tp_mean": 6.359875679016113,
        "Dp_mean": 80.9443588256836,
        "Dm_mean": 82.18645477294922,
        "Tm02_mean": 5.66831636428833
      },
      "geometry": {
        "type": "Point",
        "coordinates": [
          -75.81912231445312,
          36.47336959838867
        ]
      }
    },
    {
      "type": "Feature",
      "properties": {
        "id": "0001252",
        "dataset_index": 1252,
        "time_start": "1980-01-01",
        "time_end": "2023-12-31",
        "Hs_mean": 1.0212763547897339,
        "Hs_max": 7.90674352645874,
        "Hs_95": 2.209813117980957,
        "Tp_mean": 6.380198001861572,
        "Dp_mean": 79.7464828491211,
        "Dm_mean": 81.1852035522461,
        "Tm02_mean": 5.6839470863342285
      },
      "geometry": {
        "type": "Point",
        "coordinates": [
          -75.82102966308594,
          36.47760772705078
        ]
      }
    },
    {
      "type": "Feature",
      "properties": {
        "id": "0001253",
        "dataset_index": 1253,
        "time_start": "1980-01-01",
        "time_end": "2023-12-31",
        "Hs_mean": 1.0096749067306519,
        "Hs_max": 7.750545024871826,
        "Hs_95": 2.180740690231323,
        "Tp_mean": 6.357234477996826,
        "Dp_mean": 79.65326690673828,
        "Dm_mean": 81.18124389648438,
        "Tm02_mean": 5.661678314208984
      },
      "geometry": {
        "type": "Point",
        "coordinates": [
          -75.82293701171875,
          36.481842041015625
        ]
      }
    },
    {
      "type": "Feature",
      "properties": {
        "id": "0001254",
        "dataset_index": 1254,
        "time_start": "1980-01-01",
        "time_end": "2023-12-31",
        "Hs_mean": 1.008934497833252,
        "Hs_max": 7.702691555023193,
        "Hs_95": 2.175197541713714,
        "Tp_mean": 6.310088157653809,
        "Dp_mean": 79.68982696533203,
        "Dm_mean": 81.19878387451172,
        "Tm02_mean": 5.627787113189697
      },
      "geometry": {
        "type": "Point",
        "coordinates": [
          -75.82484436035156,
          36.486080169677734
        ]
      }
    },
    {
      "type": "Feature",
      "properties": {
        "id": "0001255",
        "dataset_index": 1255,
        "time_start": "1980-01-01",
        "time_end": "2023-12-31",
        "Hs_mean": 1.00377357006073,
        "Hs_max": 7.540066242218018,
        "Hs_95": 2.1644220948219295,
        "Tp_mean": 6.282084941864014,
        "Dp_mean": 80.53705596923828,
        "Dm_mean": 82.04106140136719,
        "Tm02_mean": 5.609551429748535
      },
      "geometry": {
        "type": "Point",
        "coordinates": [
          -75.82674407958984,
          36.49031448364258
        ]
      }
    },
    {
      "type": "Feature",
      "properties": {
        "id": "0001256",
        "dataset_index": 1256,
        "time_start": "1980-01-01",
        "time_end": "2023-12-31",
        "Hs_mean": 1.0018551349639893,
        "Hs_max": 7.402963161468506,
        "Hs_95": 2.164353811740875,
        "Tp_mean": 6.2722249031066895,
        "Dp_mean": 81.6063003540039,
        "Dm_mean": 82.87999725341797,
        "Tm02_mean": 5.603366374969482
      },
      "geometry": {
        "type": "Point",
        "coordinates": [
          -75.82865142822266,
          36.49455261230469
        ]
      }
    },
    {
      "type": "Feature",
      "properties": {
        "id": "0001257",
        "dataset_index": 1257,
        "time_start": "1980-01-01",
        "time_end": "2023-12-31",
        "Hs_mean": 1.0070157051086426,
        "Hs_max": 7.39077091217041,
        "Hs_95": 2.1774604320526123,
        "Tp_mean": 6.281699180603027,
        "Dp_mean": 82.56861877441406,
        "Dm_mean": 83.72179412841797,
        "Tm02_mean": 5.614638328552246
      },
      "geometry": {
        "type": "Point",
        "coordinates": [
          -75.83055877685547,
          36.49878692626953
        ]
      }
    },
    {
      "type": "Feature",
      "properties": {
        "id": "0001258",
        "dataset_index": 1258,
        "time_start": "1980-01-01",
        "time_end": "2023-12-31",
        "Hs_mean": 1.0086153745651245,
        "Hs_max": 7.369908332824707,
        "Hs_95": 2.1818356633186338,
        "Tp_mean": 6.318289756774902,
        "Dp_mean": 83.53021240234375,
        "Dm_mean": 84.603759765625,
        "Tm02_mean": 5.631333351135254
      },
      "geometry": {
        "type": "Point",
        "coordinates": [
          -75.83206176757812,
          36.503082275390625
        ]
      }
    },
    {
      "type": "Feature",
      "properties": {
        "id": "0001259",
        "dataset_index": 1259,
        "time_start": "1980-01-01",
        "time_end": "2023-12-31",
        "Hs_mean": 1.0176470279693604,
        "Hs_max": 7.4697489738464355,
        "Hs_95": 2.197042775154112,
        "Tp_mean": 6.351521015167236,
        "Dp_mean": 84.64601135253906,
        "Dm_mean": 85.44135284423828,
        "Tm02_mean": 5.646064758300781
      },
      "geometry": {
        "type": "Point",
        "coordinates": [
          -75.83218383789062,
          36.50758743286133
        ]
      }
    },
    {
      "type": "Feature",
      "properties": {
        "id": "0001260",
        "dataset_index": 1260,
        "time_start": "1980-01-01",
        "time_end": "2023-12-31",
        "Hs_mean": 1.0258485078811646,
        "Hs_max": 7.718153953552246,
        "Hs_95": 2.2096324443817132,
        "Tp_mean": 6.381414890289307,
        "Dp_mean": 85.31916046142578,
        "Dm_mean": 85.9386215209961,
        "Tm02_mean": 5.661595821380615
      },
      "geometry": {
        "type": "Point",
        "coordinates": [
          -75.8322982788086,
          36.512088775634766
        ]
      }
    },
    {
      "type": "Feature",
      "properties": {
        "id": "0001261",
        "dataset_index": 1261,
        "time_start": "1980-01-01",
        "time_end": "2023-12-31",
        "Hs_mean": 1.0328938961029053,
        "Hs_max": 8.021986961364746,
        "Hs_95": 2.2214331269264216,
        "Tp_mean": 6.425931930541992,
        "Dp_mean": 85.69788360595703,
        "Dm_mean": 86.27205657958984,
        "Tm02_mean": 5.693327903747559
      },
      "geometry": {
        "type": "Point",
        "coordinates": [
          -75.83191680908203,
          36.516563415527344
        ]
      }
    },
    {
      "type": "Feature",
      "properties": {
        "id": "0001262",
        "dataset_index": 1262,
        "time_start": "1980-01-01",
        "time_end": "2023-12-31",
        "Hs_mean": 1.0380804538726807,
        "Hs_max": 8.109286308288574,
        "Hs_95": 2.231379091739654,
        "Tp_mean": 6.447159290313721,
        "Dp_mean": 85.8248519897461,
        "Dm_mean": 86.1627426147461,
        "Tm02_mean": 5.697183609008789
      },
      "geometry": {
        "type": "Point",
        "coordinates": [
          -75.83091735839844,
          36.520992279052734
        ]
      }
    },
    {
      "type": "Feature",
      "properties": {
        "id": "0001263",
        "dataset_index": 1263,
        "time_start": "1980-01-01",
        "time_end": "2023-12-31",
        "Hs_mean": 1.0470293760299683,
        "Hs_max": 8.133476257324219,
        "Hs_95": 2.250422477722167,
        "Tp_mean": 6.4401774406433105,
        "Dp_mean": 85.75145721435547,
        "Dm_mean": 86.1762466430664,
        "Tm02_mean": 5.686021327972412
      },
      "geometry": {
        "type": "Point",
        "coordinates": [
          -75.82992553710938,
          36.525428771972656
        ]
      }
    },
    {
      "type": "Feature",
      "properties": {
        "id": "0001264",
        "dataset_index": 1264,
        "time_start": "1980-01-01",
        "time_end": "2023-12-31",
        "Hs_mean": 1.0525410175323486,
        "Hs_max": 8.177522659301758,
        "Hs_95": 2.2620155334472654,
        "Tp_mean": 6.457875728607178,
        "Dp_mean": 85.56346130371094,
        "Dm_mean": 85.92249298095703,
        "Tm02_mean": 5.69885778427124
      },
      "geometry": {
        "type": "Point",
        "coordinates": [
          -75.82892608642578,
          36.52985763549805
        ]
      }
    },
    {
      "type": "Feature",
      "properties": {
        "id": "0001265",
        "dataset_index": 1265,
        "time_start": "1980-01-01",
        "time_end": "2023-12-31",
        "Hs_mean": 1.047724723815918,
        "Hs_max": 7.858458518981934,
        "Hs_95": 2.247265231609344,
        "Tp_mean": 6.415783882141113,
        "Dp_mean": 83.92604064941406,
        "Dm_mean": 84.39691162109375,
        "Tm02_mean": 5.648780822753906
      },
      "geometry": {
        "type": "Point",
        "coordinates": [
          -75.82792663574219,
          36.5342903137207
        ]
      }
    },
    {
      "type": "Feature",
      "properties": {
        "id": "0001266",
        "dataset_index": 1266,
        "time_start": "1980-01-01",
        "time_end": "2023-12-31",
        "Hs_mean": 1.0393470525741577,
        "Hs_max": 7.235421657562256,
        "Hs_95": 2.2334303259849544,
        "Tp_mean": 6.293841361999512,
        "Dp_mean": 83.64964294433594,
        "Dm_mean": 84.35989379882812,
        "Tm02_mean": 5.53708028793335
      },
      "geometry": {
        "type": "Point",
        "coordinates": [
          -75.8269271850586,
          36.53872299194336
        ]
      }
    },
    {
      "type": "Feature",
      "properties": {
        "id": "0001267",
        "dataset_index": 1267,
        "time_start": "1980-01-01",
        "time_end": "2023-12-31",
        "Hs_mean": 1.046348214149475,
        "Hs_max": 7.013863563537598,
        "Hs_95": 2.261326014995573,
        "Tp_mean": 6.249861240386963,
        "Dp_mean": 84.3431396484375,
        "Dm_mean": 84.90319061279297,
        "Tm02_mean": 5.5320539474487305
      },
      "geometry": {
        "type": "Point",
        "coordinates": [
          -75.825927734375,
          36.543155670166016
        ]
      }
    },
    {
      "type": "Feature",
      "properties": {
        "id": "0001268",
        "dataset_index": 1268,
        "time_start": "1980-01-01",
        "time_end": "2023-12-31",
        "Hs_mean": 1.0677778720855713,
        "Hs_max": 7.513643741607666,
        "Hs_95": 2.316064453125,
        "Tp_mean": 6.298899173736572,
        "Dp_mean": 84.69802856445312,
        "Dm_mean": 85.6943359375,
        "Tm02_mean": 5.602825164794922
      },
      "geometry": {
        "type": "Point",
        "coordinates": [
          -75.8249282836914,
          36.54758834838867
        ]
      }
    }
  ]
}