{
"type": "FeatureCollection",
"name": "CoastSat_shoreline_NC_merged",
"crs": { "type": "name", "properties": { "name": "urn:ogc:def:crs:OGC:1.3:CRS84" } },
"features": [
{ "type": "Feature", "properties": { "SiteId": "usa_NC_0033", "MedianSlope": "0.0739", "MeanTrend": "-0.24", "name": null, "description": null, "method": null, "type": null }, "geometry": { "type": "LineString", "coordinates": [ [ -75.506903, 35.321343 ], [ -75.506534, 35.322684 ], [ -75.506133, 35.324021 ], [ -75.50572, 35.325353 ], [ -75.505339, 35.326682 ], [ -75.504905, 35.328005 ], [ -75.50465, 35.329352 ], [ -75.504407, 35.330701 ], [ -75.504152, 35.33205 ], [ -75.503867, 35.33339 ], [ -75.503576, 35.334728 ], [ -75.503316, 35.336071 ], [ -75.502816, 35.337378 ], [ -75.502566, 35.338721 ], [ -75.502306, 35.340064 ], [ -75.502037, 35.341404 ], [ -75.501766, 35.342743 ], [ -75.501445, 35.344074 ], [ -75.501126, 35.345406 ], [ -75.500758, 35.34674 ], [ -75.500446, 35.348082 ], [ -75.499946, 35.349392 ], [ -75.499491, 35.350708 ], [ -75.499112, 35.352034 ], [ -75.498698, 35.353352 ], [ -75.49832, 35.354676 ], [ -75.497954, 35.356002 ], [ -75.497535, 35.357318 ], [ -75.497231, 35.358657 ], [ -75.496969, 35.360006 ], [ -75.496578, 35.361329 ], [ -75.496232, 35.362663 ], [ -75.495816, 35.363981 ], [ -75.495433, 35.365305 ], [ -75.495089, 35.366633 ], [ -75.49467, 35.36794 ], [ -75.494253, 35.369241 ], [ -75.493891, 35.370554 ], [ -75.493496, 35.371859 ], [ -75.493152, 35.373175 ], [ -75.492753, 35.374476 ], [ -75.492342, 35.375775 ], [ -75.491861, 35.37706 ], [ -75.491443, 35.378358 ], [ -75.491072, 35.379665 ], [ -75.490779, 35.380988 ], [ -75.490457, 35.382305 ], [ -75.490087, 35.383625 ], [ -75.489701, 35.384922 ], [ -75.489348, 35.386221 ], [ -75.489008, 35.387535 ], [ -75.488722, 35.388861 ], [ -75.488476, 35.390188 ], [ -75.488156, 35.391498 ], [ -75.487836, 35.392809 ], [ -75.487512, 35.39411 ], [ -75.487186, 35.395408 ], [ -75.486878, 35.396713 ], [ -75.48659, 35.39802 ], [ -75.486301, 35.399327 ], [ -75.486004, 35.400634 ], [ -75.485654, 35.401937 ], [ -75.485451, 35.403251 ], [ -75.48532, 35.404568 ], [ -75.485266, 35.405891 ], [ -75.485138, 35.407213 ], [ -75.485082, 35.408539 ], [ -75.484992, 35.409871 ], [ -75.484875, 35.411204 ], [ -75.48485, 35.412548 ], [ -75.484765, 35.41389 ], [ -75.484813, 35.415236 ], [ -75.484647, 35.416586 ], [ -75.484438, 35.417933 ], [ -75.484386, 35.419285 ], [ -75.484394, 35.420639 ], [ -75.484444, 35.421995 ], [ -75.484421, 35.423349 ], [ -75.484427, 35.424705 ], [ -75.48434, 35.426063 ], [ -75.484326, 35.427424 ], [ -75.484092, 35.428777 ], [ -75.483998, 35.430134 ], [ -75.483934, 35.431487 ], [ -75.483857, 35.432832 ], [ -75.48377, 35.434176 ], [ -75.483715, 35.435522 ], [ -75.483701, 35.43597 ] ] } },
{ "type": "Feature", "properties": { "SiteId": "usa_NC_0034", "MedianSlope": "0.0843", "MeanTrend": "-0.40", "name": null, "description": null, "method": null, "type": null }, "geometry": { "type": "LineString", "coordinates": [ [ -75.483685, 35.436419 ], [ -75.483581, 35.437763 ], [ -75.483469, 35.439106 ], [ -75.483382, 35.440451 ], [ -75.48329, 35.4418 ], [ -75.483268, 35.443142 ], [ -75.48323, 35.444494 ], [ -75.483092, 35.445846 ], [ -75.48294, 35.447198 ], [ -75.482747, 35.448548 ], [ -75.482536, 35.449898 ], [ -75.482429, 35.45125 ], [ -75.482274, 35.452601 ], [ -75.48225, 35.45396 ], [ -75.482247, 35.455319 ], [ -75.482213, 35.456677 ], [ -75.482153, 35.458035 ], [ -75.48215, 35.459396 ], [ -75.482246, 35.460764 ], [ -75.482037, 35.462137 ], [ -75.481746, 35.463501 ], [ -75.481661, 35.464879 ], [ -75.481421, 35.466243 ], [ -75.481302, 35.467612 ], [ -75.481208, 35.468972 ], [ -75.48102, 35.470319 ], [ -75.480825, 35.471664 ], [ -75.480544, 35.472996 ], [ -75.480377, 35.474332 ], [ -75.48016, 35.475662 ], [ -75.479921, 35.476989 ], [ -75.479735, 35.478321 ], [ -75.479498, 35.479654 ], [ -75.479232, 35.481 ], [ -75.478962, 35.482345 ], [ -75.478708, 35.483681 ], [ -75.478431, 35.484998 ], [ -75.478127, 35.486312 ], [ -75.477877, 35.487638 ], [ -75.477647, 35.488968 ], [ -75.477347, 35.490294 ], [ -75.476999, 35.491628 ], [ -75.476829, 35.492981 ], [ -75.476664, 35.494334 ], [ -75.476373, 35.495677 ], [ -75.476014, 35.497014 ], [ -75.47565, 35.498349 ], [ -75.475388, 35.499693 ], [ -75.475131, 35.501038 ], [ -75.474912, 35.502384 ], [ -75.474561, 35.503708 ], [ -75.474157, 35.505024 ], [ -75.473656, 35.506328 ], [ -75.473399, 35.507668 ], [ -75.473311, 35.509034 ], [ -75.47305, 35.510369 ], [ -75.47256, 35.511669 ], [ -75.472282, 35.513002 ], [ -75.47201, 35.514336 ], [ -75.471887, 35.515694 ], [ -75.471468, 35.517007 ], [ -75.471367, 35.518368 ], [ -75.471099, 35.519704 ], [ -75.470705, 35.521024 ], [ -75.470431, 35.522364 ], [ -75.470021, 35.523682 ], [ -75.469792, 35.52503 ], [ -75.469411, 35.526353 ], [ -75.46905, 35.527677 ], [ -75.468668, 35.528995 ], [ -75.468201, 35.530296 ], [ -75.467702, 35.531592 ], [ -75.46729, 35.532903 ], [ -75.466872, 35.534212 ], [ -75.466417, 35.535515 ], [ -75.46609, 35.536836 ], [ -75.465699, 35.538147 ], [ -75.46539, 35.539471 ], [ -75.465128, 35.540802 ], [ -75.464941, 35.542145 ], [ -75.464727, 35.543482 ], [ -75.464514, 35.544819 ], [ -75.464234, 35.546144 ], [ -75.464014, 35.547475 ] ] } },
{ "type": "Feature", "properties": { "SiteId": "usa_NC_0035", "MedianSlope": "0.0744", "MeanTrend": "-0.88", "name": null, "description": null, "method": null, "type": null }, "geometry": { "type": "LineString", "coordinates": [ [ -75.463936, 35.547918 ], [ -75.463678, 35.549243 ], [ -75.463391, 35.550566 ], [ -75.463123, 35.551894 ], [ -75.462848, 35.553222 ], [ -75.462651, 35.554559 ], [ -75.462479, 35.555896 ], [ -75.462264, 35.557227 ], [ -75.46207, 35.558561 ], [ -75.461929, 35.559902 ], [ -75.461686, 35.561231 ], [ -75.461518, 35.562567 ], [ -75.461302, 35.563899 ], [ -75.461149, 35.565236 ], [ -75.460941, 35.566569 ], [ -75.461001, 35.567921 ], [ -75.460894, 35.569264 ], [ -75.460704, 35.570604 ], [ -75.460873, 35.571962 ], [ -75.460907, 35.573312 ], [ -75.460689, 35.57465 ], [ -75.460775, 35.576002 ], [ -75.460807, 35.577345 ], [ -75.460935, 35.578691 ], [ -75.461091, 35.580037 ], [ -75.460923, 35.581372 ], [ -75.460964, 35.582713 ], [ -75.460914, 35.584055 ], [ -75.460966, 35.585398 ], [ -75.461239, 35.586742 ], [ -75.46152, 35.587637 ] ] } },
{ "type": "Feature", "properties": { "SiteId": "usa_NC_0036", "MedianSlope": "0.0749", "MeanTrend": "-2.28", "name": null, "description": null, "method": null, "type": null }, "geometry": { "type": "LineString", "coordinates": [ [ -75.461518, 35.588083 ], [ -75.461682, 35.589423 ], [ -75.461963, 35.590766 ], [ -75.462124, 35.592107 ], [ -75.462297, 35.593448 ], [ -75.462375, 35.594779 ], [ -75.462465, 35.596101 ], [ -75.462606, 35.597452 ], [ -75.462819, 35.598813 ], [ -75.463133, 35.60019 ], [ -75.463416, 35.601572 ], [ -75.463787, 35.602954 ], [ -75.464096, 35.604335 ], [ -75.464366, 35.605697 ], [ -75.464814, 35.607019 ], [ -75.465037, 35.608338 ], [ -75.465291, 35.609568 ], [ -75.465495, 35.610785 ], [ -75.465791, 35.611977 ], [ -75.465988, 35.613156 ], [ -75.466165, 35.614327 ], [ -75.466368, 35.615483 ], [ -75.466538, 35.616699 ], [ -75.466829, 35.617892 ], [ -75.466955, 35.619036 ], [ -75.467119, 35.620211 ], [ -75.467338, 35.621393 ], [ -75.467607, 35.622578 ], [ -75.467816, 35.623802 ], [ -75.467961, 35.625057 ], [ -75.468243, 35.626331 ], [ -75.468465, 35.627645 ], [ -75.468805, 35.628958 ], [ -75.469233, 35.630305 ], [ -75.469355, 35.631751 ], [ -75.46952, 35.633178 ], [ -75.469737, 35.634587 ], [ -75.470008, 35.635978 ] ] } },
{ "type": "Feature", "properties": { "SiteId": "usa_NC_0037", "MedianSlope": "0.0645", "MeanTrend": "-0.90", "name": null, "description": null, "method": null, "type": null }, "geometry": { "type": "LineString", "coordinates": [ [ -75.470095, 35.636442 ], [ -75.470313, 35.637838 ], [ -75.470502, 35.639235 ], [ -75.470676, 35.640628 ], [ -75.470867, 35.641995 ], [ -75.471072, 35.64334 ], [ -75.471464, 35.644648 ], [ -75.471758, 35.645975 ], [ -75.471802, 35.647349 ], [ -75.472073, 35.648693 ], [ -75.472417, 35.650026 ], [ -75.472624, 35.651384 ], [ -75.472711, 35.652762 ], [ -75.473053, 35.654079 ], [ -75.473009, 35.655462 ], [ -75.473196, 35.656806 ], [ -75.473403, 35.658148 ], [ -75.473821, 35.659455 ], [ -75.474247, 35.660762 ], [ -75.474484, 35.662104 ], [ -75.47488, 35.663416 ], [ -75.475211, 35.664741 ], [ -75.47565, 35.666053 ], [ -75.476352, 35.667322 ], [ -75.476734, 35.668647 ], [ -75.477211, 35.669955 ], [ -75.477482, 35.671287 ], [ -75.477781, 35.672614 ], [ -75.478088, 35.67394 ], [ -75.478416, 35.675269 ], [ -75.47885, 35.676589 ], [ -75.479212, 35.677922 ], [ -75.479652, 35.67924 ], [ -75.480155, 35.68055 ], [ -75.48073, 35.681839 ], [ -75.481231, 35.683132 ], [ -75.481594, 35.684445 ], [ -75.481991, 35.685751 ], [ -75.482264, 35.687076 ], [ -75.482561, 35.688397 ], [ -75.482837, 35.689722 ], [ -75.483144, 35.691041 ], [ -75.483376, 35.692374 ], [ -75.483632, 35.693707 ], [ -75.483949, 35.695031 ], [ -75.484571, 35.696304 ], [ -75.484868, 35.697619 ], [ -75.485184, 35.698926 ], [ -75.485592, 35.700218 ], [ -75.486041, 35.701502 ], [ -75.486413, 35.702801 ], [ -75.486738, 35.704129 ], [ -75.487092, 35.705444 ], [ -75.487452, 35.706759 ], [ -75.488026, 35.708033 ], [ -75.488622, 35.709303 ], [ -75.489249, 35.710565 ], [ -75.489928, 35.711822 ], [ -75.490511, 35.713087 ], [ -75.491147, 35.714346 ] ] } },
{ "type": "Feature", "properties": { "SiteId": "usa_NC_0038", "MedianSlope": "0.0595", "MeanTrend": "-0.68", "name": null, "description": null, "method": null, "type": null }, "geometry": { "type": "LineString", "coordinates": [ [ -75.491027, 35.714831 ], [ -75.49164, 35.716094 ], [ -75.492137, 35.71738 ], [ -75.492628, 35.718662 ], [ -75.493257, 35.71991 ], [ -75.493739, 35.721175 ], [ -75.494327, 35.722407 ], [ -75.494833, 35.723655 ], [ -75.49543, 35.72488 ], [ -75.495988, 35.726121 ], [ -75.496527, 35.727376 ], [ -75.497041, 35.728636 ], [ -75.497587, 35.729891 ], [ -75.498145, 35.731142 ], [ -75.498678, 35.7324 ], [ -75.499248, 35.733648 ], [ -75.499854, 35.734886 ], [ -75.500421, 35.736084 ], [ -75.500568, 35.737403 ], [ -75.501037, 35.738634 ], [ -75.50153, 35.739858 ], [ -75.502156, 35.741039 ], [ -75.502714, 35.74227 ], [ -75.50348, 35.743449 ], [ -75.504291, 35.744612 ], [ -75.504982, 35.745813 ], [ -75.505435, 35.747097 ], [ -75.506015, 35.748339 ], [ -75.506744, 35.749517 ], [ -75.507421, 35.7507 ], [ -75.50797, 35.751933 ], [ -75.508572, 35.753148 ], [ -75.509189, 35.754359 ], [ -75.509952, 35.755527 ], [ -75.51079, 35.756698 ], [ -75.51163, 35.757868 ], [ -75.512473, 35.759036 ], [ -75.513301, 35.760212 ], [ -75.514123, 35.761391 ], [ -75.514894, 35.762575 ], [ -75.515667, 35.76375 ], [ -75.516401, 35.764942 ], [ -75.517548, 35.764968 ], [ -75.518376, 35.766118 ], [ -75.519331, 35.767214 ], [ -75.519155, 35.768285 ], [ -75.520361, 35.769298 ], [ -75.521446, 35.769859 ], [ -75.52212, 35.771101 ], [ -75.523129, 35.772203 ], [ -75.52391, 35.772892 ], [ -75.524273, 35.773248 ] ] } },
{ "type": "Feature", "properties": { "SiteId": "usa_NC_0039", "MedianSlope": "0.0473", "MeanTrend": "-3.29", "name": null, "description": null, "method": null, "type": null }, "geometry": { "type": "LineString", "coordinates": [ [ -75.533205, 35.780189 ], [ -75.532915, 35.781304 ], [ -75.532987, 35.782768 ], [ -75.533425, 35.784079 ], [ -75.533943, 35.785359 ], [ -75.534462, 35.786639 ], [ -75.535024, 35.787902 ], [ -75.535524, 35.789192 ], [ -75.536227, 35.790402 ], [ -75.536935, 35.791646 ], [ -75.537661, 35.792882 ], [ -75.538413, 35.794107 ], [ -75.539125, 35.795348 ], [ -75.539873, 35.796567 ], [ -75.540574, 35.797806 ], [ -75.541187, 35.799081 ], [ -75.541866, 35.800336 ], [ -75.542449, 35.801648 ], [ -75.542895, 35.803014 ], [ -75.543418, 35.804347 ], [ -75.543958, 35.805672 ], [ -75.544715, 35.806909 ], [ -75.545274, 35.808223 ], [ -75.546003, 35.809471 ], [ -75.546661, 35.810745 ], [ -75.547313, 35.812001 ], [ -75.547974, 35.813236 ], [ -75.548567, 35.814497 ], [ -75.549132, 35.81577 ], [ -75.549727, 35.817031 ], [ -75.550297, 35.818302 ], [ -75.550964, 35.819535 ], [ -75.551631, 35.820769 ], [ -75.55222, 35.822036 ], [ -75.552799, 35.82331 ], [ -75.553392, 35.824578 ], [ -75.55399, 35.825845 ], [ -75.554529, 35.827134 ], [ -75.55535, 35.828314 ], [ -75.555835, 35.829624 ], [ -75.556393, 35.830906 ], [ -75.556858, 35.832225 ], [ -75.557348, 35.833537 ], [ -75.557795, 35.834864 ], [ -75.558393, 35.836136 ], [ -75.559115, 35.837363 ], [ -75.559501, 35.838719 ], [ -75.559987, 35.840035 ], [ -75.560615, 35.841297 ], [ -75.561192, 35.842578 ], [ -75.561833, 35.843831 ], [ -75.562362, 35.845128 ], [ -75.562844, 35.846441 ], [ -75.563524, 35.847681 ], [ -75.564047, 35.848979 ], [ -75.564691, 35.850236 ] ] } },
{ "type": "Feature", "properties": { "SiteId": "usa_NC_0040", "MedianSlope": "0.0873", "MeanTrend": "0.14", "name": null, "description": null, "method": null, "type": null }, "geometry": { "type": "LineString", "coordinates": [ [ -75.564856, 35.850673 ], [ -75.565433, 35.851955 ], [ -75.565967, 35.853251 ], [ -75.566555, 35.854527 ], [ -75.567095, 35.85582 ], [ -75.567743, 35.857074 ], [ -75.568398, 35.858319 ], [ -75.568995, 35.859584 ], [ -75.569594, 35.860847 ], [ -75.570265, 35.862085 ], [ -75.570849, 35.863354 ], [ -75.571498, 35.8646 ], [ -75.572146, 35.865846 ], [ -75.572756, 35.867109 ], [ -75.573499, 35.868328 ], [ -75.574156, 35.869577 ], [ -75.574644, 35.87088 ], [ -75.575213, 35.872153 ], [ -75.575803, 35.873419 ], [ -75.576443, 35.874666 ], [ -75.577186, 35.875878 ], [ -75.577938, 35.877087 ], [ -75.578625, 35.878319 ], [ -75.579295, 35.87955 ], [ -75.579936, 35.880785 ], [ -75.580557, 35.882027 ], [ -75.581238, 35.883248 ], [ -75.581853, 35.884495 ], [ -75.582574, 35.885705 ], [ -75.583252, 35.88693 ], [ -75.58402, 35.888114 ], [ -75.584654, 35.889346 ], [ -75.585354, 35.890554 ], [ -75.586004, 35.891781 ], [ -75.586662, 35.893006 ], [ -75.587314, 35.894237 ], [ -75.588027, 35.895448 ], [ -75.588578, 35.896726 ], [ -75.5893, 35.897936 ], [ -75.590007, 35.899152 ], [ -75.590719, 35.90038 ], [ -75.591349, 35.901641 ], [ -75.592056, 35.902872 ], [ -75.59272, 35.904117 ], [ -75.593453, 35.905334 ], [ -75.594071, 35.906598 ], [ -75.594697, 35.907862 ], [ -75.595335, 35.90912 ], [ -75.594588, 35.910404 ], [ -75.595996, 35.910369 ], [ -75.596669, 35.911614 ], [ -75.597322, 35.912865 ], [ -75.598055, 35.914087 ], [ -75.598782, 35.915311 ], [ -75.599466, 35.91654 ], [ -75.600172, 35.91776 ], [ -75.600917, 35.918968 ], [ -75.601543, 35.920221 ], [ -75.602259, 35.921441 ], [ -75.602876, 35.922698 ], [ -75.603554, 35.923933 ], [ -75.604186, 35.925184 ], [ -75.604946, 35.926388 ], [ -75.605666, 35.927603 ], [ -75.606383, 35.928817 ], [ -75.6071, 35.930036 ], [ -75.60778, 35.931275 ], [ -75.60849, 35.932504 ], [ -75.609165, 35.933745 ], [ -75.609853, 35.934982 ], [ -75.610554, 35.936217 ] ] } },
{ "type": "Feature", "properties": { "SiteId": "usa_NC_0041", "MedianSlope": "0.0899", "MeanTrend": "0.35", "name": null, "description": null, "method": null, "type": null }, "geometry": { "type": "LineString", "coordinates": [ [ -75.610784, 35.936631 ], [ -75.611474, 35.937871 ], [ -75.612229, 35.939084 ], [ -75.613005, 35.940287 ], [ -75.613724, 35.941509 ], [ -75.61443, 35.942735 ], [ -75.615161, 35.943954 ], [ -75.615841, 35.94519 ], [ -75.616508, 35.946431 ], [ -75.617236, 35.947652 ], [ -75.617911, 35.948891 ], [ -75.618596, 35.950127 ], [ -75.619311, 35.951339 ], [ -75.619936, 35.952582 ], [ -75.620591, 35.953815 ], [ -75.621252, 35.955036 ], [ -75.621967, 35.95625 ], [ -75.622631, 35.95747 ], [ -75.623353, 35.958679 ], [ -75.624064, 35.959892 ], [ -75.624658, 35.96115 ], [ -75.625391, 35.962354 ], [ -75.626088, 35.963572 ], [ -75.626738, 35.964809 ], [ -75.627459, 35.966017 ], [ -75.628136, 35.967243 ], [ -75.628768, 35.968488 ], [ -75.62941, 35.969737 ], [ -75.630034, 35.970994 ], [ -75.630789, 35.972199 ], [ -75.631467, 35.973435 ], [ -75.632299, 35.97461 ], [ -75.632904, 35.975875 ], [ -75.633701, 35.977072 ], [ -75.634379, 35.978316 ], [ -75.635107, 35.979539 ], [ -75.635741, 35.980799 ], [ -75.636437, 35.982034 ], [ -75.637108, 35.98328 ], [ -75.637744, 35.984535 ], [ -75.638403, 35.985782 ], [ -75.639259, 35.986955 ], [ -75.639853, 35.988226 ], [ -75.640555, 35.989454 ], [ -75.641351, 35.990643 ], [ -75.641976, 35.991894 ], [ -75.64263, 35.993134 ], [ -75.643345, 35.994352 ], [ -75.644068, 35.995567 ], [ -75.644861, 35.996756 ], [ -75.645259, 35.997597 ] ] } },
{ "type": "Feature", "properties": { "SiteId": "usa_NC_0042", "MedianSlope": "0.0939", "MeanTrend": "0.34", "name": null, "description": null, "method": null, "type": null }, "geometry": { "type": "LineString", "coordinates": [ [ -75.645467, 35.998014 ], [ -75.646104, 35.999262 ], [ -75.646853, 36.000467 ], [ -75.647592, 36.001676 ], [ -75.648285, 36.002903 ], [ -75.649048, 36.004104 ], [ -75.649726, 36.005339 ], [ -75.650396, 36.006578 ], [ -75.651164, 36.00778 ], [ -75.651865, 36.009006 ], [ -75.652627, 36.01021 ], [ -75.653332, 36.011433 ], [ -75.65403, 36.012653 ], [ -75.654771, 36.013858 ], [ -75.655455, 36.015084 ], [ -75.656159, 36.016303 ], [ -75.656871, 36.017518 ], [ -75.657584, 36.018732 ], [ -75.658342, 36.019929 ], [ -75.659106, 36.021123 ], [ -75.659859, 36.022321 ], [ -75.660589, 36.023529 ], [ -75.661316, 36.024738 ], [ -75.662066, 36.025938 ], [ -75.66282, 36.027136 ], [ -75.663592, 36.028327 ], [ -75.66431, 36.029531 ], [ -75.665185, 36.030666 ], [ -75.666022, 36.03182 ], [ -75.666874, 36.03297 ], [ -75.667609, 36.03417 ], [ -75.668373, 36.035358 ], [ -75.669188, 36.036523 ], [ -75.669984, 36.037701 ], [ -75.670764, 36.038894 ], [ -75.671516, 36.040099 ], [ -75.672249, 36.041313 ], [ -75.673113, 36.042468 ], [ -75.673866, 36.043673 ], [ -75.674818, 36.044787 ], [ -75.675656, 36.045953 ], [ -75.676452, 36.047139 ], [ -75.677274, 36.048314 ], [ -75.678091, 36.049503 ] ] } },
{ "type": "Feature", "properties": { "SiteId": "usa_NC_0043", "MedianSlope": "0.0869", "MeanTrend": "0.16", "name": null, "description": null, "method": null, "type": null }, "geometry": { "type": "LineString", "coordinates": [ [ -75.678338, 36.049911 ], [ -75.679032, 36.051156 ], [ -75.679738, 36.052394 ], [ -75.680402, 36.053651 ], [ -75.681143, 36.054872 ], [ -75.682071, 36.056012 ], [ -75.682999, 36.057152 ], [ -75.68382, 36.058327 ], [ -75.684693, 36.05948 ], [ -75.685531, 36.060648 ], [ -75.686316, 36.061839 ], [ -75.68699, 36.063078 ], [ -75.687806, 36.064256 ], [ -75.688636, 36.065427 ], [ -75.689363, 36.066643 ], [ -75.690247, 36.067791 ], [ -75.69112, 36.068943 ], [ -75.691943, 36.070118 ], [ -75.692663, 36.071337 ], [ -75.693404, 36.072553 ], [ -75.694139, 36.073776 ], [ -75.694866, 36.075002 ], [ -75.695599, 36.076226 ], [ -75.696444, 36.077403 ], [ -75.69731, 36.078572 ], [ -75.698096, 36.079773 ], [ -75.698884, 36.080975 ], [ -75.69966, 36.082181 ], [ -75.70041, 36.083399 ], [ -75.701158, 36.084617 ], [ -75.701874, 36.085849 ], [ -75.702595, 36.087078 ], [ -75.703307, 36.088312 ], [ -75.704057, 36.08953 ], [ -75.704759, 36.090767 ], [ -75.705509, 36.091985 ], [ -75.706229, 36.093207 ], [ -75.706981, 36.094415 ], [ -75.707677, 36.095645 ], [ -75.708362, 36.096878 ], [ -75.709127, 36.098081 ], [ -75.709828, 36.099309 ], [ -75.71047, 36.100558 ], [ -75.711158, 36.101791 ] ] } },
{ "type": "Feature", "properties": { "SiteId": "usa_NC_0044", "MedianSlope": "0.0890", "MeanTrend": "0.16", "name": null, "description": null, "method": null, "type": null }, "geometry": { "type": "LineString", "coordinates": [ [ -75.711407, 36.102199 ], [ -75.712125, 36.103437 ], [ -75.712789, 36.104696 ], [ -75.713483, 36.105943 ], [ -75.714123, 36.107185 ], [ -75.714789, 36.108414 ], [ -75.715442, 36.109648 ], [ -75.716096, 36.110883 ], [ -75.716788, 36.112113 ], [ -75.717437, 36.113354 ], [ -75.718103, 36.114587 ], [ -75.718786, 36.115815 ], [ -75.719444, 36.117053 ], [ -75.720119, 36.118286 ], [ -75.720759, 36.119533 ], [ -75.721486, 36.120746 ], [ -75.722119, 36.121998 ], [ -75.722798, 36.123224 ], [ -75.723441, 36.124459 ], [ -75.724126, 36.12568 ], [ -75.724789, 36.126914 ], [ -75.725446, 36.128171 ], [ -75.726136, 36.129414 ], [ -75.726792, 36.13067 ], [ -75.727482, 36.131909 ], [ -75.728075, 36.133178 ], [ -75.728722, 36.134428 ], [ -75.729396, 36.135667 ], [ -75.730015, 36.136929 ], [ -75.730677, 36.138179 ], [ -75.731284, 36.139449 ], [ -75.731884, 36.140721 ], [ -75.732471, 36.141998 ], [ -75.733076, 36.143269 ], [ -75.733733, 36.144522 ], [ -75.73438, 36.145777 ], [ -75.734951, 36.147055 ], [ -75.735523, 36.148333 ], [ -75.736111, 36.149606 ], [ -75.736731, 36.150869 ], [ -75.737386, 36.152121 ], [ -75.738035, 36.153376 ], [ -75.738659, 36.15464 ], [ -75.739184, 36.155933 ], [ -75.739835, 36.15719 ], [ -75.740402, 36.158466 ], [ -75.74101, 36.159731 ], [ -75.7412, 36.160156 ] ] } },
{ "type": "Feature", "properties": { "SiteId": "usa_NC_0045", "MedianSlope": "0.0800", "MeanTrend": "-0.01", "name": null, "description": null, "method": null, "type": null }, "geometry": { "type": "LineString", "coordinates": [ [ -75.741342, 36.160595 ], [ -75.74187, 36.161881 ], [ -75.742446, 36.163152 ], [ -75.743007, 36.164427 ], [ -75.743693, 36.165667 ], [ -75.744151, 36.16697 ], [ -75.744683, 36.168253 ], [ -75.745189, 36.169543 ], [ -75.745725, 36.170825 ], [ -75.746267, 36.172105 ], [ -75.746755, 36.1734 ], [ -75.747225, 36.174699 ], [ -75.747658, 36.176008 ], [ -75.748233, 36.177278 ], [ -75.748721, 36.178572 ], [ -75.749184, 36.179873 ], [ -75.749611, 36.181186 ], [ -75.750183, 36.182461 ], [ -75.750844, 36.183235 ], [ -75.751435, 36.184506 ], [ -75.751935, 36.185801 ], [ -75.752325, 36.187126 ], [ -75.752864, 36.18841 ], [ -75.753528, 36.189662 ], [ -75.754118, 36.190934 ], [ -75.754684, 36.192212 ], [ -75.755181, 36.193508 ], [ -75.755683, 36.194803 ], [ -75.756326, 36.19606 ], [ -75.756869, 36.197336 ], [ -75.757611, 36.198561 ], [ -75.758061, 36.199859 ], [ -75.75865, 36.201122 ], [ -75.75925, 36.202377 ], [ -75.759448, 36.202795 ] ] } },
{ "type": "Feature", "properties": { "SiteId": "usa_NC_0046", "MedianSlope": "0.0779", "MeanTrend": "0.30", "name": null, "description": null, "method": null, "type": null }, "geometry": { "type": "LineString", "coordinates": [ [ -75.759646, 36.203213 ], [ -75.760273, 36.204456 ], [ -75.760971, 36.205679 ], [ -75.761426, 36.206966 ], [ -75.761908, 36.208247 ], [ -75.762547, 36.209485 ], [ -75.763192, 36.21072 ], [ -75.763694, 36.211994 ], [ -75.76435, 36.213219 ], [ -75.764886, 36.214478 ], [ -75.765582, 36.215689 ], [ -75.766088, 36.216963 ], [ -75.766692, 36.218217 ], [ -75.767417, 36.219431 ], [ -75.767919, 36.220716 ], [ -75.768457, 36.22199 ], [ -75.769, 36.223262 ], [ -75.76961, 36.224513 ], [ -75.770244, 36.225762 ], [ -75.770918, 36.226998 ], [ -75.771362, 36.228309 ], [ -75.771938, 36.229578 ], [ -75.772406, 36.230882 ], [ -75.772957, 36.232159 ], [ -75.773631, 36.233399 ], [ -75.774159, 36.234689 ], [ -75.774611, 36.236004 ], [ -75.775338, 36.237229 ], [ -75.775955, 36.23849 ], [ -75.77646, 36.239787 ], [ -75.776964, 36.241083 ], [ -75.77741, 36.242403 ], [ -75.777982, 36.243685 ], [ -75.7786, 36.244952 ], [ -75.779197, 36.246226 ], [ -75.779716, 36.247519 ], [ -75.780246, 36.248808 ], [ -75.780761, 36.250102 ], [ -75.781258, 36.251399 ], [ -75.781725, 36.252705 ], [ -75.782254, 36.253993 ], [ -75.782883, 36.255253 ], [ -75.783215, 36.256596 ], [ -75.783814, 36.257865 ], [ -75.784486, 36.259115 ], [ -75.784929, 36.260427 ], [ -75.785385, 36.261735 ], [ -75.785991, 36.263004 ], [ -75.78647, 36.264301 ], [ -75.786906, 36.265609 ], [ -75.787473, 36.266882 ] ] } },
{ "type": "Feature", "properties": { "SiteId": "usa_NC_0047", "MedianSlope": "0.0543", "MeanTrend": "0.00", "name": null, "description": null, "method": null, "type": null }, "geometry": { "type": "LineString", "coordinates": [ [ -75.787683, 36.267302 ], [ -75.788105, 36.268612 ], [ -75.788519, 36.269926 ], [ -75.789084, 36.2712 ], [ -75.789596, 36.272488 ], [ -75.790043, 36.273792 ], [ -75.790507, 36.275094 ], [ -75.791013, 36.276387 ], [ -75.791428, 36.277702 ], [ -75.791922, 36.278998 ], [ -75.792512, 36.28027 ], [ -75.793068, 36.281551 ], [ -75.793529, 36.282855 ], [ -75.793991, 36.284158 ], [ -75.794521, 36.285444 ], [ -75.794935, 36.286758 ], [ -75.795385, 36.288064 ], [ -75.79585, 36.289367 ], [ -75.79625, 36.290685 ], [ -75.796671, 36.291998 ], [ -75.797354, 36.293253 ], [ -75.797815, 36.294557 ], [ -75.79817, 36.295885 ], [ -75.798624, 36.297188 ], [ -75.798975, 36.298513 ], [ -75.799455, 36.299809 ], [ -75.799881, 36.301118 ], [ -75.800385, 36.30241 ], [ -75.800897, 36.303701 ], [ -75.801386, 36.304997 ], [ -75.801812, 36.306307 ], [ -75.802224, 36.30762 ], [ -75.802773, 36.308904 ], [ -75.803174, 36.310218 ], [ -75.803682, 36.31151 ], [ -75.804192, 36.312801 ], [ -75.80461, 36.314112 ], [ -75.805075, 36.315413 ], [ -75.80552, 36.316718 ], [ -75.805973, 36.318021 ], [ -75.806489, 36.319312 ], [ -75.806973, 36.320605 ], [ -75.807397, 36.321909 ], [ -75.80784, 36.323208 ], [ -75.808338, 36.324496 ], [ -75.808853, 36.325778 ], [ -75.809274, 36.32708 ], [ -75.809625, 36.328397 ], [ -75.810079, 36.329691 ], [ -75.810572, 36.330977 ], [ -75.810939, 36.3323 ], [ -75.811345, 36.333618 ], [ -75.811833, 36.334917 ], [ -75.812338, 36.336213 ], [ -75.812665, 36.337547 ], [ -75.813048, 36.338869 ], [ -75.813469, 36.340182 ], [ -75.813882, 36.341497 ], [ -75.814303, 36.342815 ], [ -75.814699, 36.344139 ], [ -75.815112, 36.345461 ], [ -75.815429, 36.346802 ], [ -75.815788, 36.348136 ], [ -75.816234, 36.349453 ], [ -75.816551, 36.350795 ], [ -75.816933, 36.352125 ], [ -75.817295, 36.353457 ], [ -75.817525, 36.354341 ] ] } },
{ "type": "Feature", "properties": { "SiteId": "usa_NC_0048", "MedianSlope": "0.0566", "MeanTrend": "-0.64", "name": null, "description": null, "method": null, "type": null }, "geometry": { "type": "LineString", "coordinates": [ [ -75.817636, 36.354783 ], [ -75.818037, 36.356099 ], [ -75.818442, 36.357415 ], [ -75.818754, 36.358746 ], [ -75.819055, 36.360079 ], [ -75.819378, 36.361408 ], [ -75.819788, 36.362723 ], [ -75.820176, 36.364042 ], [ -75.82061, 36.365354 ], [ -75.820908, 36.366687 ], [ -75.821193, 36.36802 ], [ -75.821472, 36.369355 ], [ -75.821754, 36.370689 ], [ -75.822247, 36.37199 ], [ -75.822636, 36.373307 ], [ -75.822946, 36.374636 ], [ -75.823332, 36.375954 ], [ -75.82366, 36.377281 ], [ -75.824003, 36.378604 ], [ -75.824293, 36.379936 ], [ -75.824682, 36.381253 ], [ -75.825145, 36.382559 ], [ -75.825403, 36.383897 ], [ -75.825703, 36.385229 ], [ -75.826105, 36.386545 ], [ -75.826322, 36.38789 ], [ -75.826589, 36.389227 ], [ -75.826883, 36.39056 ], [ -75.827394, 36.391859 ], [ -75.827688, 36.393192 ], [ -75.828005, 36.394521 ], [ -75.828378, 36.395842 ], [ -75.828671, 36.397175 ], [ -75.828945, 36.398511 ], [ -75.829247, 36.399841 ], [ -75.829652, 36.401155 ], [ -75.830009, 36.402477 ], [ -75.830324, 36.403804 ], [ -75.830721, 36.405118 ], [ -75.831219, 36.406417 ], [ -75.831526, 36.407744 ], [ -75.831726, 36.409088 ], [ -75.831873, 36.41044 ], [ -75.832201, 36.411764 ], [ -75.832613, 36.413075 ], [ -75.833048, 36.414383 ], [ -75.833328, 36.415715 ], [ -75.833729, 36.417028 ], [ -75.834171, 36.418334 ], [ -75.834591, 36.419644 ] ] } },
{ "type": "Feature", "properties": { "SiteId": "usa_NC_0049", "MedianSlope": "0.0536", "MeanTrend": "-0.01", "name": null, "description": null, "method": null, "type": null }, "geometry": { "type": "LineString", "coordinates": [ [ -75.83473, 36.420081 ], [ -75.834969, 36.42142 ], [ -75.835466, 36.422721 ], [ -75.835886, 36.424031 ], [ -75.836334, 36.425338 ], [ -75.836798, 36.426643 ], [ -75.837068, 36.427974 ], [ -75.837475, 36.429289 ], [ -75.837873, 36.430563 ], [ -75.838226, 36.431865 ], [ -75.838625, 36.433159 ], [ -75.838956, 36.434464 ], [ -75.839341, 36.43576 ], [ -75.839697, 36.43706 ], [ -75.840035, 36.438363 ], [ -75.84034, 36.439672 ], [ -75.840683, 36.440976 ], [ -75.841043, 36.442276 ], [ -75.84145, 36.443568 ], [ -75.841854, 36.44486 ], [ -75.842227, 36.44616 ], [ -75.842608, 36.447458 ], [ -75.842992, 36.448756 ], [ -75.843372, 36.450065 ], [ -75.843672, 36.451401 ], [ -75.844024, 36.452726 ], [ -75.844469, 36.454029 ], [ -75.84491, 36.455334 ], [ -75.845234, 36.456664 ], [ -75.845615, 36.457982 ], [ -75.846006, 36.459297 ], [ -75.846435, 36.460605 ], [ -75.84682, 36.461921 ], [ -75.847231, 36.463233 ], [ -75.847823, 36.464503 ], [ -75.848099, 36.465845 ], [ -75.848585, 36.467526 ], [ -75.849911, 36.469614 ], [ -75.850282, 36.471729 ], [ -75.850835, 36.474613 ], [ -75.852365, 36.478483 ], [ -75.853133, 36.482979 ], [ -75.854509, 36.487974 ], [ -75.855215, 36.490453 ], [ -75.855845, 36.49226 ], [ -75.856423, 36.494239 ], [ -75.856255, 36.49588 ], [ -75.856503, 36.497275 ], [ -75.856678, 36.498756 ], [ -75.85722, 36.500441 ], [ -75.857804, 36.501301 ], [ -75.857609, 36.502656 ], [ -75.857969, 36.503983 ], [ -75.858331, 36.505309 ], [ -75.858475, 36.506668 ], [ -75.858675, 36.508017 ], [ -75.859173, 36.509323 ], [ -75.859478, 36.510658 ], [ -75.859693, 36.512006 ], [ -75.859938, 36.513349 ], [ -75.860255, 36.514682 ], [ -75.860582, 36.516014 ], [ -75.860894, 36.517349 ], [ -75.861136, 36.518691 ], [ -75.861359, 36.520032 ], [ -75.861666, 36.521362 ], [ -75.86189, 36.522703 ], [ -75.862161, 36.524039 ], [ -75.862395, 36.525379 ], [ -75.862664, 36.526715 ], [ -75.863093, 36.52803 ], [ -75.863336, 36.52937 ], [ -75.863583, 36.530708 ], [ -75.863887, 36.53204 ], [ -75.864165, 36.533375 ], [ -75.864408, 36.534714 ], [ -75.864641, 36.536054 ], [ -75.86487, 36.537395 ], [ -75.865121, 36.538733 ], [ -75.865422, 36.540066 ], [ -75.865772, 36.541392 ], [ -75.865984, 36.542735 ], [ -75.866211, 36.544075 ], [ -75.866456, 36.545413 ], [ -75.866645, 36.546757 ], [ -75.866952, 36.548239 ], [ -75.867384, 36.550427 ] ] } },
{ "type": "Feature", "properties": { "SiteId": "usa_VA_0001", "MedianSlope": "0.0595", "MeanTrend": "0.23", "name": null, "description": null, "method": null, "type": null }, "geometry": { "type": "LineString", "coordinates": [ [ -75.868025, 36.550996 ], [ -75.867578, 36.551976 ], [ -75.867958, 36.553296 ], [ -75.868301, 36.55462 ], [ -75.868573, 36.555954 ], [ -75.868809, 36.557293 ], [ -75.869052, 36.558632 ], [ -75.869304, 36.559969 ], [ -75.869727, 36.561282 ], [ -75.86994, 36.562625 ], [ -75.870166, 36.563965 ], [ -75.870502, 36.565291 ], [ -75.870728, 36.566631 ], [ -75.871057, 36.567958 ], [ -75.871388, 36.569284 ], [ -75.871733, 36.570608 ], [ -75.87206, 36.571935 ], [ -75.872334, 36.573269 ], [ -75.872602, 36.574604 ], [ -75.872892, 36.575935 ], [ -75.873205, 36.577264 ], [ -75.873408, 36.578608 ], [ -75.873651, 36.579946 ], [ -75.873876, 36.581287 ], [ -75.874196, 36.582614 ], [ -75.874539, 36.583939 ], [ -75.874873, 36.585265 ], [ -75.875231, 36.586587 ], [ -75.875519, 36.587919 ], [ -75.875851, 36.589245 ], [ -75.876192, 36.59057 ], [ -75.87656, 36.591891 ], [ -75.876897, 36.593216 ], [ -75.877319, 36.59453 ], [ -75.877675, 36.595853 ], [ -75.878046, 36.597174 ], [ -75.878449, 36.59849 ], [ -75.87879, 36.599948 ], [ -75.879096, 36.600926 ], [ -75.879424, 36.601966 ], [ -75.879949, 36.603372 ], [ -75.880344, 36.604691 ], [ -75.880755, 36.606007 ], [ -75.88122, 36.607308 ], [ -75.881795, 36.608578 ], [ -75.882214, 36.609892 ], [ -75.882712, 36.611184 ], [ -75.883222, 36.612472 ], [ -75.883765, 36.613751 ], [ -75.884206, 36.615059 ], [ -75.884698, 36.616352 ], [ -75.885134, 36.617661 ], [ -75.885673, 36.618941 ], [ -75.886124, 36.620246 ], [ -75.88672, 36.621511 ], [ -75.887205, 36.622806 ], [ -75.887758, 36.624083 ], [ -75.888293, 36.625364 ], [ -75.888855, 36.626638 ], [ -75.88941, 36.627914 ], [ -75.889937, 36.629198 ], [ -75.890492, 36.630474 ], [ -75.891101, 36.631735 ], [ -75.891719, 36.632994 ], [ -75.892345, 36.634251 ], [ -75.892926, 36.63552 ], [ -75.893606, 36.636761 ], [ -75.894191, 36.638029 ], [ -75.89474, 36.639307 ], [ -75.895293, 36.640583 ], [ -75.895849, 36.641859 ], [ -75.896496, 36.64311 ], [ -75.897071, 36.64438 ], [ -75.89773, 36.645628 ], [ -75.898382, 36.646877 ], [ -75.899076, 36.648115 ], [ -75.899646, 36.649387 ], [ -75.900285, 36.65064 ], [ -75.900915, 36.651895 ], [ -75.901513, 36.65316 ], [ -75.902168, 36.654408 ], [ -75.902811, 36.65566 ], [ -75.903483, 36.656904 ], [ -75.904116, 36.658159 ], [ -75.904722, 36.659421 ], [ -75.905367, 36.660672 ], [ -75.906038, 36.661916 ], [ -75.906721, 36.663157 ] ] } },
{ "type": "Feature", "properties": { "SiteId": "usa_VA_0002", "MedianSlope": "0.1065", "MeanTrend": "1.53", "name": null, "description": null, "method": null, "type": null }, "geometry": { "type": "LineString", "coordinates": [ [ -75.906942, 36.663572 ], [ -75.907626, 36.664813 ], [ -75.908267, 36.666065 ], [ -75.908918, 36.667315 ], [ -75.909626, 36.668549 ], [ -75.910272, 36.6698 ], [ -75.910984, 36.671033 ], [ -75.911694, 36.672267 ], [ -75.912421, 36.673478 ], [ -75.913176, 36.674698 ], [ -75.9138, 36.675955 ], [ -75.914551, 36.677176 ], [ -75.915422, 36.678365 ], [ -75.915981, 36.679639 ], [ -75.916588, 36.680901 ], [ -75.917291, 36.682136 ], [ -75.917957, 36.683381 ], [ -75.918632, 36.684624 ], [ -75.919302, 36.685868 ], [ -75.919951, 36.687118 ], [ -75.920509, 36.688393 ], [ -75.921009, 36.689685 ], [ -75.92156, 36.690962 ], [ -75.922198, 36.692215 ], [ -75.922914, 36.693446 ], [ -75.923611, 36.694682 ], [ -75.924237, 36.695939 ], [ -75.924814, 36.697209 ], [ -75.925392, 36.698478 ], [ -75.925923, 36.699761 ], [ -75.926463, 36.701041 ], [ -75.92676, 36.70239 ], [ -75.927264, 36.70368 ], [ -75.927837, 36.704951 ], [ -75.928561, 36.70618 ], [ -75.928899, 36.707517 ], [ -75.929438, 36.708797 ], [ -75.930086, 36.710048 ], [ -75.930616, 36.711331 ], [ -75.930963, 36.712665 ], [ -75.931458, 36.713958 ], [ -75.932073, 36.715217 ], [ -75.932569, 36.71651 ], [ -75.933042, 36.717809 ], [ -75.933172, 36.71825 ] ] } },
{ "type": "Feature", "properties": { "SiteId": "usa_VA_0003", "MedianSlope": "0.1229", "MeanTrend": "1.92", "name": null, "description": null, "method": null, "type": null }, "geometry": { "type": "LineString", "coordinates": [ [ -75.931885, 36.719086 ], [ -75.932263, 36.720411 ], [ -75.933832, 36.72045 ], [ -75.932626, 36.721264 ], [ -75.934091, 36.721332 ], [ -75.934587, 36.722625 ], [ -75.934976, 36.723947 ], [ -75.935459, 36.725243 ], [ -75.935927, 36.726544 ], [ -75.936511, 36.727812 ], [ -75.937073, 36.729086 ], [ -75.937619, 36.730365 ], [ -75.938024, 36.731683 ], [ -75.938583, 36.732958 ], [ -75.93901, 36.73427 ], [ -75.939561, 36.735547 ], [ -75.940054, 36.736841 ], [ -75.940554, 36.738132 ], [ -75.941073, 36.739418 ], [ -75.94167, 36.740683 ], [ -75.942201, 36.741966 ], [ -75.942723, 36.743251 ], [ -75.943228, 36.744541 ], [ -75.943658, 36.745852 ], [ -75.944149, 36.747489 ], [ -75.943939, 36.748506 ], [ -75.944564, 36.750215 ], [ -75.945518, 36.751485 ], [ -75.945974, 36.752695 ], [ -75.946409, 36.754001 ], [ -75.947021, 36.754804 ], [ -75.947471, 36.756107 ], [ -75.947974, 36.757399 ], [ -75.948459, 36.758694 ], [ -75.948869, 36.760006 ], [ -75.949311, 36.76131 ], [ -75.949795, 36.762606 ], [ -75.950316, 36.763894 ], [ -75.950729, 36.765205 ], [ -75.951255, 36.766492 ], [ -75.951742, 36.767787 ], [ -75.952209, 36.769086 ], [ -75.952523, 36.770418 ], [ -75.952947, 36.771726 ], [ -75.953315, 36.773046 ], [ -75.953775, 36.774347 ], [ -75.954243, 36.775646 ], [ -75.954614, 36.776966 ], [ -75.955035, 36.778274 ], [ -75.95544, 36.779587 ], [ -75.955874, 36.780893 ], [ -75.956293, 36.782203 ], [ -75.956695, 36.783515 ], [ -75.957099, 36.784828 ], [ -75.957498, 36.786142 ], [ -75.957962, 36.787442 ], [ -75.958334, 36.788761 ], [ -75.958746, 36.790072 ], [ -75.959211, 36.791372 ], [ -75.959633, 36.792681 ], [ -75.960148, 36.79397 ], [ -75.960658, 36.79526 ], [ -75.961067, 36.796572 ], [ -75.961416, 36.797896 ], [ -75.961758, 36.799221 ], [ -75.962155, 36.800535 ], [ -75.962555, 36.801849 ], [ -75.962893, 36.803175 ], [ -75.963231, 36.804502 ], [ -75.963587, 36.805824 ], [ -75.963938, 36.807148 ], [ -75.964294, 36.808471 ], [ -75.964627, 36.809798 ], [ -75.964925, 36.811133 ], [ -75.965242, 36.812464 ], [ -75.965569, 36.813793 ], [ -75.96587, 36.815127 ], [ -75.966176, 36.81646 ], [ -75.966418, 36.817807 ], [ -75.966709, 36.819143 ], [ -75.966988, 36.820482 ], [ -75.967243, 36.821826 ], [ -75.967585, 36.823151 ], [ -75.967798, 36.824504 ], [ -75.96796, 36.825867 ], [ -75.968177, 36.827219 ], [ -75.96825, 36.828136 ] ] } },
{ "type": "Feature", "properties": { "SiteId": null, "MedianSlope": null, "MeanTrend": null, "name": "NC Coastline (Super Clean)", "description": "Discontinuity-free, smooth, interpolated coastline", "method": "intelligent_connection_and_interpolation", "type": "coastline_clean" }, "geometry": { "type": "LineString", "coordinates": [ [ -79.232309315557828, 33.140229140160393 ], [ -79.232296951737865, 33.140241038912563 ], [ -79.232272240703793, 33.140264815199743 ], [ -79.232235215800657, 33.140300426932214 ], [ -79.232185926711708, 33.140347811049452 ], [ -79.232124439462453, 33.140406884091746 ], [ -79.232050835943099, 33.140477542470805 ], [ -79.23196521436239, 33.14055966376015 ], [ -79.231867687336219, 33.140653105803338 ], [ -79.231758382046294, 33.140757708056782 ], [ -79.231637439649845, 33.140873292321949 ], [ -79.231505014677552, 33.140999663589831 ], [ -79.231361274339079, 33.141136610919773 ], [ -79.231206397754107, 33.141283908355653 ], [ -79.231040575172344, 33.141441315922506 ], [ -79.230864007181538, 33.141608580691049 ], [ -79.230676903921278, 33.141785437912866 ], [ -79.23047948417269, 33.141971612099489 ], [ -79.230271974532585, 33.142166818216936 ], [ -79.230054608487649, 33.142370762814771 ], [ -79.229827626552407, 33.142583145654534 ], [ -79.229591273878114, 33.142803660294085 ], [ -79.229345799720917, 33.143031995419804 ], [ -79.229091456837892, 33.143267836087546 ], [ -79.228828500538, 33.143510864863948 ], [ -79.228557188048057, 33.143760763036887 ], [ -79.228277777806341, 33.144017211759795 ], [ -79.227990528695329, 33.144279893143157 ], [ -79.227695699214706, 33.144548491188942 ], [ -79.227393546865372, 33.144822692808205 ], [ -79.227084327655959, 33.145102188869942 ], [ -79.226768295513267, 33.145386675089611 ], [ -79.226445701761023, 33.145675852847738 ], [ -79.226116794648462, 33.145969429993315 ], [ -79.225781818845732, 33.146267121553109 ], [ -79.225441015089942, 33.146568650358191 ], [ -79.225094619994337, 33.146873747696723 ], [ -79.224742865655386, 33.14718215380951 ], [ -79.224385979470611, 33.147493618453595 ], [ -79.224024183927142, 33.147807901245642 ], [ -79.223657696557154, 33.148124772019408 ], [ -79.223286729689264, 33.148444011077082 ], [ -79.222911490265417, 33.148765409317086 ], [ -79.222532180054657, 33.149088768593785 ], [ -79.222148995574329, 33.149413901759452 ], [ -79.22176212813217, 33.14974063272637 ], [ -79.221371763803774, 33.150068796382811 ], [ -79.220978083549326, 33.150398238573558 ], [ -79.220581263330018, 33.150728816038296 ], [ -79.220181474288609, 33.151060396305724 ], [ -79.219778882856858, 33.151392857536621 ], [ -79.219373650752772, 33.151726088162235 ], [ -79.218965935687095, 33.1520599868836 ], [ -79.218555891340927, 33.152394462335977 ], [ -79.218143667049617, 33.15272943263745 ], [ -79.21772940970925, 33.153064825213576 ], [ -79.217313261604929, 33.153400576433647 ], [ -79.216895361455741, 33.153736631311752 ], [ -79.216475844746583, 33.154072943203772 ], [ -79.21605484416898, 33.154409473279557 ], [ -79.215632489388838, 33.154746190303065 ], [ -79.215208907765657, 33.155083070212712 ], [ -79.214784224051726, 33.15542009568275 ], [ -79.21435856052446, 33.155757255825947 ], [ -79.213932038046181, 33.156094545898291 ], [ -79.213504775740915, 33.156431966906531 ], [ -79.213076891213674, 33.156769525288517 ], [ -79.212648500584834, 33.157107232477117 ], [ -79.212219718785008, 33.157445104659622 ], [ -79.211790659657979, 33.157783162424145 ], [ -79.211361436078562, 33.158121430432431 ], [ -79.210932160156872, 33.158459937165155 ], [ -79.210502943314665, 33.158798714605133 ], [ -79.210073896418976, 33.159137797973798 ], [ -79.209645129907187, 33.159477225480551 ], [ -79.209216753847087, 33.159817038050818 ], [ -79.208788878031314, 33.16015727909312 ], [ -79.208361612045053, 33.160497994267551 ], [ -79.207935065339313, 33.160839231274792 ], [ -79.207509347327374, 33.161181039674268 ], [ -79.20708456732487, 33.161523470629142 ], [ -79.206660834526659, 33.161866576687935 ], [ -79.206238258094714, 33.162210411642832 ], [ -79.205816947104537, 33.162555030324178 ], [ -79.205397010527008, 33.162900488426267 ], [ -79.204978557197208, 33.163246842338268 ], [ -79.204561695758741, 33.163594148973438 ], [ -79.204146534594429, 33.163942465601707 ], [ -79.203733181743047, 33.164291849684616 ], [ -79.203321744802182, 33.164642358712236 ], [ -79.202912330369671, 33.164994049694343 ], [ -79.202505044581372, 33.165346979512094 ], [ -79.202099993102749, 33.165701204856965 ], [ -79.201697280627812, 33.166056781798062 ], [ -79.201297010723238, 33.166413765626039 ], [ -79.200899285662231, 33.166772210697545 ], [ -79.200504206248567, 33.16713217028061 ], [ -79.200111871388458, 33.167493696039287 ], [ -79.19972237834871, 33.167856838547429 ], [ -79.199335822435799, 33.168221646955665 ], [ -79.198952297676215, 33.168588168800376 ], [ -79.19857189794331, 33.168956448879385 ], [ -79.198194713601993, 33.16932653009524 ], [ -79.197820829425609, 33.169698454214327 ], [ -79.197450327203185, 33.170072260729334 ], [ -79.197083285513472, 33.170447986619344 ], [ -79.196719779433209, 33.170825666115647 ], [ -79.196359880758607, 33.171205331243776 ], [ -79.196003657548047, 33.171587011297831 ], [ -79.195651173916517, 33.171970732754474 ], [ -79.19530248985906, 33.172356519193215 ], [ -79.194957661067107, 33.172744391229159 ], [ -79.194616738532133, 33.173134366210085 ], [ -79.194279768600254, 33.173526458326798 ], [ -79.193946793438016, 33.173920679050681 ], [ -79.193617850381585, 33.174317036704601 ], [ -79.193292971919902, 33.174715536439876 ], [ -79.192972185523828, 33.175116180252324 ], [ -79.19265551360246, 33.175518966993103 ], [ -79.19234297336061, 33.175923892409713 ], [ -79.192034577001792, 33.176330949155506 ], [ -79.191730331641381, 33.176740126855947 ], [ -79.191430239288451, 33.177151412149058 ], [ -79.191134296888308, 33.177564788814358 ], [ -79.190842496384604, 33.177980237820641 ], [ -79.190554824682451, 33.178397737380081 ], [ -79.190271263789327, 33.178817263094466 ], [ -79.189991790983299, 33.179238788074045 ], [ -79.189716378891248, 33.179662283067316 ], [ -79.189444995653432, 33.180087716597086 ], [ -79.189177604957081, 33.180515055094382 ], [ -79.188914166432298, 33.18094426302634 ], [ -79.188654635771826, 33.181375303069231 ], [ -79.188398964893423, 33.18180813623372 ], [ -79.188147102268815, 33.182242722060067 ], [ -79.187898993138575, 33.182679018755401 ], [ -79.187654579728829, 33.183116983326023 ], [ -79.187413801648589, 33.183556571825648 ], [ -79.187176596001763, 33.183997739423639 ], [ -79.186942897836985, 33.184440440590571 ], [ -79.186712640547796, 33.184884629310353 ], [ -79.186485756110898, 33.185330259135306 ], [ -79.186262175473331, 33.185777283435399 ], [ -79.186041828878643, 33.186225655515905 ], [ -79.185824646092286, 33.186675328739454 ], [ -79.185610557194181, 33.18712625673286 ], [ -79.185399492730014, 33.187578393409225 ], [ -79.185191384142584, 33.188031693150471 ], [ -79.184986164101559, 33.188486110951381 ], [ -79.184783766921583, 33.188941602515754 ], [ -79.184584129007519, 33.189398124376986 ], [ -79.184387189240013, 33.189855633989048 ], [ -79.184192889307639, 33.190314089827332 ], [ -79.18400117423937, 33.190773451537737 ], [ -79.183811992589582, 33.191233679866464 ], [ -79.183625296822527, 33.191694736795469 ], [ -79.183441043729147, 33.192156585619024 ], [ -79.183259194716214, 33.192619191040912 ], [ -79.183079716092166, 33.193082519235269 ], [ -79.182902579398487, 33.193546537790738 ], [ -79.182727761590698, 33.194011215767645 ], [ -79.182555245218182, 33.194476523682511 ], [ -79.182385018783762, 33.194942433692852 ], [ -79.18221707674725, 33.195408919513305 ], [ -79.182051419737832, 33.195875956449079 ], [ -79.181888054588882, 33.196343521349156 ], [ -79.181726994232434, 33.196811592523069 ], [ -79.181568257908921, 33.197280149854429 ], [ -79.181411871085814, 33.197749174778238 ], [ -79.181257865286412, 33.198218650244229 ], [ -79.181106278026235, 33.198688560617931 ], [ -79.18095715259858, 33.199158891678053 ], [ -79.180810537873597, 33.19962963060339 ], [ -79.1806664880353, 33.200100765891008 ], [ -79.180525062272693, 33.200572287310642 ], [ -79.180386324512966, 33.201044185934187 ], [ -79.180250343008083, 33.201516454067196 ], [ -79.18011718978147, 33.201989085086531 ], [ -79.179986940251609, 33.202462073412335 ], [ -79.179859672771542, 33.202935414461933 ], [ -79.179735467974567, 33.203409104596957 ], [ -79.179614408452281, 33.203883141070328 ], [ -79.179496578080446, 33.20435752190636 ], [ -79.179382061305134, 33.204832245812717 ], [ -79.179270942749639, 33.205307312165829 ], [ -79.17916330653884, 33.205782720956918 ], [ -79.179059235587488, 33.206258472666882 ], [ -79.178958811128837, 33.206734568245921 ], [ -79.178862112004225, 33.207211008991969 ], [ -79.178769214099916, 33.207687796526663 ], [ -79.178680189714839, 33.208164932732174 ], [ -79.178595106956976, 33.208642419675343 ], [ -79.178514029182125, 33.209120259522123 ], [ -79.178437014472749, 33.209598454482595 ], [ -79.178364114995574, 33.210077006762269 ], [ -79.178295376739172, 33.210555918535938 ], [ -79.178230839003916, 33.211035191883987 ], [ -79.178170533973585, 33.211514828748626 ], [ -79.178114486443818, 33.21199483098863 ], [ -79.178062713284262, 33.212475200137064 ], [ -79.178015223327023, 33.212955937501192 ], [ -79.177972017015463, 33.21343704409518 ], [ -79.177933086291816, 33.213918520600153 ], [ -79.177898414579388, 33.214400367498463 ], [ -79.177867976342014, 33.214882584763188 ], [ -79.177841737515109, 33.215365172147848 ], [ -79.177819655169387, 33.215848128982685 ], [ -79.177801677461773, 33.216331454099958 ], [ -79.177787743066602, 33.216815145268932 ], [ -79.177777783059824, 33.217299200684238 ], [ -79.1777717202324, 33.217783618155032 ], [ -79.177769469366424, 33.218268395117356 ], [ -79.17777093734145, 33.218753528629236 ], [ -79.177776023485237, 33.219239015387124 ], [ -79.177784619823726, 33.219724851731165 ], [ -79.177796611657115, 33.220211033681792 ], [ -79.177811877859284, 33.220697556947883 ], [ -79.177830291291897, 33.22118441694478 ], [ -79.177851719198387, 33.221671608808826 ], [ -79.177876023646164, 33.222159127415871 ], [ -79.17790306203166, 33.222646967405801 ], [ -79.177932686736057, 33.22313512285811 ], [ -79.177964747111957, 33.223623587962173 ], [ -79.177999089594024, 33.224112356837395 ], [ -79.178035557822668, 33.224601423430634 ], [ -79.17807399322119, 33.225090781565051 ], [ -79.178114235406198, 33.225580424928708 ], [ -79.178156122605586, 33.226070347081382 ], [ -79.178199492200676, 33.226560541490734 ], [ -79.178244181211198, 33.227051001557754 ], [ -79.178290026642074, 33.227541720609011 ], [ -79.178336865976519, 33.228032691918251 ], [ -79.178384537618982, 33.228523908727638 ], [ -79.178432881162053, 33.229015364229397 ], [ -79.178481737912477, 33.229507051610575 ], [ -79.178530951281985, 33.229998964085375 ], [ -79.178580366994083, 33.230491094856895 ], [ -79.17862983332428, 33.230983437086259 ], [ -79.178679201451857, 33.231475983934416 ], [ -79.178728325820089, 33.231968728595845 ], [ -79.178777064373676, 33.232461664285232 ], [ -79.178825278768301, 33.232954784215679 ], [ -79.178872834540357, 33.233448081622562 ], [ -79.178919601330506, 33.233941549774372 ], [ -79.178965453009724, 33.23443518195139 ], [ -79.179010267856441, 33.234928971454224 ], [ -79.179053928686571, 33.235422911603067 ], [ -79.179096322970324, 33.235916995737547 ], [ -79.179137342869723, 33.236411217204882 ], [ -79.179176885316338, 33.236905569363806 ], [ -79.179214852084897, 33.237400045580365 ], [ -79.179251149961374, 33.237894639265384 ], [ -79.179285690782649, 33.238389343874566 ], [ -79.179318390965037, 33.238884152754245 ], [ -79.179349171816312, 33.239379059244577 ], [ -79.179377959961784, 33.239874056818074 ], [ -79.179404685869244, 33.240369138965363 ], [ -79.1794292861739, 33.240864299215112 ], [ -79.179451702611274, 33.241359531112657 ], [ -79.179471881827439, 33.241854828220177 ], [ -79.17948977498078, 33.242350184167137 ], [ -79.179505338262047, 33.24284559261848 ], [ -79.179518532258669, 33.243341047296191 ], [ -79.179529322316668, 33.243836542015771 ], [ -79.179537678599218, 33.244332070704452 ], [ -79.179543575012545, 33.244827627244703 ], [ -79.179546989794616, 33.245323205594346 ], [ -79.179547905415959, 33.245818799794897 ], [ -79.179546308605154, 33.246314404003357 ], [ -79.179542190042596, 33.24681001246519 ], [ -79.179535544201244, 33.247305619514819 ], [ -79.179526369023918, 33.247801219546233 ], [ -79.179514666246874, 33.248296807104907 ], [ -79.179500441121419, 33.248792376868849 ], [ -79.179483702312581, 33.249287923662756 ], [ -79.179464461462388, 33.24978344240931 ], [ -79.179442733079441, 33.250278928143324 ], [ -79.179418534481869, 33.250774376034812 ], [ -79.179391885687025, 33.251269781402165 ], [ -79.179362808048651, 33.251765139213845 ], [ -79.179331325907611, 33.252260444886204 ], [ -79.179297465847526, 33.252755694037859 ], [ -79.179261256324182, 33.253250882407222 ], [ -79.179222727476144, 33.25374600584874 ], [ -79.179181910933963, 33.254241060328077 ], [ -79.179138839628592, 33.254736041916352 ], [ -79.179093547600459, 33.255230946783342 ], [ -79.179046069809061, 33.255725771189859 ], [ -79.178996441944463, 33.256220511479121 ], [ -79.178944700207396, 33.25671516404018 ], [ -79.178890881003312, 33.257209725198841 ], [ -79.178835021071905, 33.257704191453954 ], [ -79.178777157154741, 33.258198559338638 ], [ -79.178717325825559, 33.258692825406769 ], [ -79.178655563326259, 33.259186986218765 ], [ -79.178591905409377, 33.259681038326292 ], [ -79.178526387187873, 33.260174978256465 ], [ -79.178459044007127, 33.260668802959458 ], [ -79.178389910160249, 33.261162509264956 ], [ -79.178319018340261, 33.26165609367159 ], [ -79.178246400128728, 33.262149552605472 ], [ -79.178172085066691, 33.262642882329693 ], [ -79.178096101829624, 33.263136079041118 ], [ -79.178018478270758, 33.263629138864566 ], [ -79.177939241173718, 33.264122057820522 ], [ -79.177858415667785, 33.264614831749384 ], [ -79.177776025098481, 33.265107456302395 ], [ -79.177692091182621, 33.265599926935515 ], [ -79.177606633988688, 33.266092238888994 ], [ -79.177519671890607, 33.266584387171463 ], [ -79.177431221573386, 33.267076366537466 ], [ -79.177341298023137, 33.267568171467801 ], [ -79.177249914539615, 33.268059796147526 ], [ -79.177157083027723, 33.268551234417174 ], [ -79.177062813653265, 33.26904247978932 ], [ -79.176967114703075, 33.269533525443713 ], [ -79.176869992840409, 33.270024364181161 ], [ -79.176771453062557, 33.270514988413112 ], [ -79.176671499855246, 33.271005389762458 ], [ -79.176570135347916, 33.271495559703297 ], [ -79.176467360271658, 33.271985489231781 ], [ -79.176363173803821, 33.272475168871907 ], [ -79.176257573933285, 33.272964588502333 ], [ -79.176150557345096, 33.273453737445941 ], [ -79.176042119328088, 33.273942604582984 ], [ -79.175932253956972, 33.274431178222493 ], [ -79.175820954188438, 33.274919446081292 ], [ -79.175708211945874, 33.275407395267507 ], [ -79.175594018916868, 33.275895011362067 ], [ -79.175478365318881, 33.276382280044118 ], [ -79.175361240591613, 33.276869186350375 ], [ -79.175242633600988, 33.277355714633572 ], [ -79.1751225305118, 33.277841849133637 ], [ -79.175000916163455, 33.27832757365551 ], [ -79.174877777227096, 33.27881287076876 ], [ -79.174753100091607, 33.279297722412899 ], [ -79.174626871017296, 33.279782109911757 ], [ -79.174499076303405, 33.280266013992744 ], [ -79.174369702472319, 33.280749414811012 ], [ -79.174238736494161, 33.281232291976011 ], [ -79.174106165902401, 33.281714624600021 ], [ -79.173971979021815, 33.282196391339738 ], [ -79.173836165189428, 33.282677570446793 ], [ -79.173698715082864, 33.2831581398124 ], [ -79.173559620976761, 33.283638077030012 ], [ -79.173418877106343, 33.284117359453298 ], [ -79.173276479672992, 33.284595964298603 ], [ -79.173132427288763, 33.285073868707734 ], [ -79.172986721331412, 33.285551049827227 ], [ -79.172839366355888, 33.286027484887825 ], [ -79.172690370388963, 33.286503151299591 ], [ -79.172539745249182, 33.286978026749104 ], [ -79.172387506905807, 33.28745208929584 ], [ -79.172233675910093, 33.287925317474624 ], [ -79.172078277731671, 33.288397690432539 ], [ -79.171921343000975, 33.288869187948173 ], [ -79.171762907965274, 33.289339790567254 ], [ -79.171603014768621, 33.289809479704999 ], [ -79.171441711843528, 33.290278237736963 ], [ -79.171279054002284, 33.290746047963452 ], [ -79.171115102822483, 33.291212894841628 ], [ -79.170949927629451, 33.291678764366736 ], [ -79.170783604962125, 33.292143643781955 ], [ -79.170616218559175, 33.292607521555361 ], [ -79.170447860126643, 33.293070387650097 ], [ -79.170278628886138, 33.293532233452325 ], [ -79.170108631786889, 33.293993051852517 ], [ -79.169937983590046, 33.29445283728149 ], [ -79.169766806740483, 33.294911585734745 ], [ -79.169595231262647, 33.295369294775725 ], [ -79.169423394633966, 33.295825963532195 ], [ -79.169251441392106, 33.296281592679357 ], [ -79.169079522915084, 33.296736184417995 ], [ -79.168907796980776, 33.297189742424962 ], [ -79.168736427198866, 33.297642271785016 ], [ -79.168565582378719, 33.298093778902647 ], [ -79.168395436318306, 33.298544271531512 ], [ -79.168226167031946, 33.298993758668352 ], [ -79.168057955929825, 33.299442250440443 ], [ -79.167890986847112, 33.299889757978512 ], [ -79.167725445217656, 33.300336293329764 ], [ -79.167561517345391, 33.300781869373843 ], [ -79.16739938918667, 33.301226499697272 ], [ -79.167239245461118, 33.301670198501064 ], [ -79.167081268552138, 33.302112980463214 ], [ -79.166925637308111, 33.302554860628888 ], [ -79.166772526019756, 33.3029958543124 ], [ -79.166622103305912, 33.303435976996454 ], [ -79.166474530831323, 33.303875244215874 ], [ -79.16632996224358, 33.304313671481474 ], [ -79.166188542053874, 33.304751274202005 ], [ -79.16605040456335, 33.305188067618545 ], [ -79.165915672744106, 33.305624066736918 ], [ -79.165784457248989, 33.306059286291713 ], [ -79.16565685570626, 33.30649374076026 ], [ -79.165532951188453, 33.306927444242021 ], [ -79.16541281142996, 33.307360410472121 ], [ -79.16529648815991, 33.307792652846835 ], [ -79.165184016533686, 33.308224184463285 ], [ -79.165075414424251, 33.308655018145586 ], [ -79.164970681976968, 33.309085166504921 ], [ -79.164869801198066, 33.309514642002604 ], [ -79.164772735971511, 33.309943457068677 ], [ -79.164679431383533, 33.310371624128834 ], [ -79.164589813879346, 33.310799155731189 ], [ -79.164503791443366, 33.311226064670848 ], [ -79.164421253718444, 33.311652364100588 ], [ -79.164342072435133, 33.312078067658781 ], [ -79.164266102010487, 33.312503189616429 ], [ -79.164193180211043, 33.312927745016538 ], [ -79.164123128614065, 33.313351749792687 ], [ -79.164055753443179, 33.313775220895906 ], [ -79.163990846502784, 33.314198176423432 ], [ -79.163928186351612, 33.314620635752405 ], [ -79.163867539600076, 33.315042619686096 ], [ -79.163808662260379, 33.315464150575536 ], [ -79.163751300733978, 33.31588525237953 ], [ -79.163695193247662, 33.316305950752835 ], [ -79.163640071279914, 33.316726273117361 ], [ -79.163585661358411, 33.317146248760551 ], [ -79.163531686586424, 33.317565908876119 ], [ -79.16347786828041, 33.317985286599267 ], [ -79.163423927212847, 33.318404416974666 ], [ -79.16336958530448, 33.318823336959603 ], [ -79.163314567241002, 33.319242085402216 ], [ -79.163258602236269, 33.319660703023779 ], [ -79.163201425586863, 33.320079232363405 ], [ -79.163142779861815, 33.320497717652529 ], [ -79.163082416426434, 33.320916204732626 ], [ -79.163020096804573, 33.321334740941907 ], [ -79.162955593956823, 33.321753374984972 ], [ -79.162888693534725, 33.32217215679843 ], [ -79.162819194850712, 33.322591137372591 ], [ -79.162746911829814, 33.323010368575829 ], [ -79.162671673959366, 33.323429902987918 ], [ -79.162593326968803, 33.323849793690677 ], [ -79.162511733509589, 33.324270094079623 ], [ -79.162426773657884, 33.324690857659405 ], [ -79.162338345288106, 33.32511213783085 ], [ -79.162246364351347, 33.325533987689226 ], [ -79.162150764980893, 33.325956459805695 ], [ -79.162051499506191, 33.326379606013873 ], [ -79.161948538235421, 33.326803477184448 ], [ -79.161841869458385, 33.327228123075209 ], [ -79.161731499063052, 33.327653592127369 ], [ -79.161617449882442, 33.328079931239714 ], [ -79.161499761432992, 33.328507185644121 ], [ -79.161378489129362, 33.328935398713007 ], [ -79.161253703549633, 33.329364611803477 ], [ -79.161125489722181, 33.329794864133547 ], [ -79.160993946201586, 33.330226192642442 ], [ -79.16085918413475, 33.330658631878578 ], [ -79.160721326277468, 33.331092213901911 ], [ -79.160580505932217, 33.331526968190815 ], [ -79.160436866001518, 33.331962921596052 ], [ -79.160290557889184, 33.332400098283941 ], [ -79.160141740485827, 33.332838519715978 ], [ -79.159990578860473, 33.333278204580715 ], [ -79.159837243284528, 33.333719168811555 ], [ -79.159681908149793, 33.334161425593358 ], [ -79.159524750892075, 33.334604985379912 ], [ -79.159365950904146, 33.335049855915848 ], [ -79.159205688585118, 33.335496042295738 ], [ -79.159044144385149, 33.33594354702398 ], [ -79.158881497771432, 33.336392370053389 ], [ -79.158717926474708, 33.33684250889808 ], [ -79.158553605616277, 33.33729395870526 ], [ -79.158388706892609, 33.337746712337179 ], [ -79.158223397917169, 33.338200760488206 ], [ -79.158057841367579, 33.338656091746863 ], [ -79.15789219459532, 33.339112692744905 ], [ -79.157726609164584, 33.33957054829321 ], [ -79.157561230409954, 33.340029641491569 ], [ -79.157396196621889, 33.340489953782374 ], [ -79.157231638873469, 33.340951465104716 ], [ -79.157067680532691, 33.341414153947639 ], [ -79.156904437532162, 33.341877997610858 ], [ -79.156742017968398, 33.342342972257207 ], [ -79.15658052172958, 33.342809052956909 ], [ -79.156420040605326, 33.343276213896416 ], [ -79.156260659310504, 33.343744428923131 ], [ -79.156102453616612, 33.344213670835749 ], [ -79.155945490740109, 33.344683911654478 ], [ -79.15578982986959, 33.345155122901126 ], [ -79.155635522276498, 33.345627275689964 ], [ -79.155482611456137, 33.346100340813379 ], [ -79.155331133296542, 33.346574288823028 ], [ -79.155181116271265, 33.347049090105472 ], [ -79.155032581595009, 33.34752471493109 ], [ -79.154885543265891, 33.348001133448918 ], [ -79.154740008831865, 33.348478315952249 ], [ -79.154595979773106, 33.348956233010163 ], [ -79.154453451250845, 33.349434855200691 ], [ -79.154312412258506, 33.349914153199393 ], [ -79.154172846686336, 33.350394097983042 ], [ -79.1540347327863, 33.350874660742384 ], [ -79.153898042535744, 33.3513558126484 ], [ -79.153762743737246, 33.351837525342461 ], [ -79.153628799099067, 33.352319770473549 ], [ -79.153496167661032, 33.352802520297089 ], [ -79.153364805041562, 33.353285747673738 ], [ -79.153234663148865, 33.353769425826094 ], [ -79.153105690488701, 33.354253528366186 ], [ -79.152977832321781, 33.354738029259472 ], [ -79.152851031044364, 33.355222902879603 ], [ -79.15272522597661, 33.355708123964568 ], [ -79.152600354174879, 33.356193667622428 ], [ -79.152476350587634, 33.356679509321822 ], [ -79.152353148177056, 33.357165624919837 ], [ -79.152230678114762, 33.357651990650382 ], [ -79.152108869813077, 33.358138583047797 ], [ -79.151987651387245, 33.35862537904962 ], [ -79.151866949727292, 33.359112355940603 ], [ -79.151746690698161, 33.359599491352746 ], [ -79.15162679895964, 33.360086763261876 ], [ -79.15150719867674, 33.360574149987883 ], [ -79.151387813705867, 33.36106163013195 ], [ -79.151268567429355, 33.361549182570677 ], [ -79.151149382726771, 33.362036786372393 ], [ -79.151030181647911, 33.362524421264595 ], [ -79.150910887310062, 33.363012066925911 ], [ -79.150791423076612, 33.363499703343408 ], [ -79.150671712511638, 33.363987310742203 ], [ -79.150551679436973, 33.364474869743574 ], [ -79.150431248256169, 33.36496236123061 ], [ -79.150310344196356, 33.365449766195624 ], [ -79.150188893251098, 33.365937065895473 ], [ -79.150066822302975, 33.366424241853295 ], [ -79.149944059238862, 33.366911275859671 ], [ -79.149820532260648, 33.367398150684778 ], [ -79.149696171612277, 33.367884848540058 ], [ -79.149570908965771, 33.368371351945804 ], [ -79.149444677683064, 33.368857643829529 ], [ -79.149317414107614, 33.369343706844553 ], [ -79.149189056365657, 33.369829523882373 ], [ -79.149059541761687, 33.370315078817768 ], [ -79.148928809541218, 33.370800355853348 ], [ -79.148796800872063, 33.371285339498435 ], [ -79.148663458979215, 33.371770014605694 ], [ -79.148528729211691, 33.372254366384013 ], [ -79.148392559023307, 33.372738380378721 ], [ -79.148254898173889, 33.373222042541371 ], [ -79.14811569870686, 33.373705339211831 ], [ -79.147974914989859, 33.374188257126946 ], [ -79.147832503847923, 33.374670783471529 ], [ -79.14768842462712, 33.375152905900642 ], [ -79.1475426391696, 33.37563461252757 ], [ -79.14739511181341, 33.37611589192408 ], [ -79.147245809396196, 33.376596733124806 ], [ -79.14709470138969, 33.377077125687798 ], [ -79.146941759873684, 33.377557059690268 ], [ -79.146786959506699, 33.378036525724639 ], [ -79.146630277596259, 33.378515514939984 ], [ -79.146471694147053, 33.378994019073509 ], [ -79.146311191790574, 33.379472030434655 ], [ -79.146148755578707, 33.379949541832886 ], [ -79.145984373208734, 33.380426546701663 ], [ -79.145818034897431, 33.380903039057941 ], [ -79.145649733340164, 33.381379013506297 ], [ -79.145479463594569, 33.381854465215412 ], [ -79.145307223338392, 33.382329390073444 ], [ -79.145133012462509, 33.382803784505803 ], [ -79.144956832465738, 33.383277645214669 ], [ -79.14477868728541, 33.383750969609629 ], [ -79.14459858324831, 33.384223755820273 ], [ -79.144416528439621, 33.384696002482457 ], [ -79.144232533123002, 33.385167708865495 ], [ -79.144046609485002, 33.385638874826682 ], [ -79.143858771398357, 33.386109500744887 ], [ -79.143669034358936, 33.386579587527493 ], [ -79.143477415506055, 33.387049136641117 ], [ -79.143283933296289, 33.387518150009356 ], [ -79.14308860755591, 33.387986630056226 ], [ -79.142891459338429, 33.388454579678601 ], [ -79.142692510806171, 33.388922002216596 ], [ -79.142491784983775, 33.389388901371042 ], [ -79.142289306071092, 33.389855281337567 ], [ -79.142085098942175, 33.390321146680982 ], [ -79.141879189065733, 33.390786502294198 ], [ -79.141671602630467, 33.391251353459445 ], [ -79.141462366461411, 33.391715705811372 ], [ -79.141251507843663, 33.392179565286575 ], [ -79.141039054510685, 33.392642938154324 ], [ -79.140825034380399, 33.393105830887166 ], [ -79.140609475586871, 33.393568250216958 ], [ -79.140392406612648, 33.394030203182467 ], [ -79.140173855836778, 33.394491696878511 ], [ -79.139953851870473, 33.394952738715155 ], [ -79.139732423230981, 33.395413336179338 ], [ -79.139509598561844, 33.395873497034749 ], [ -79.139285406440052, 33.396333229197154 ], [ -79.139059875345453, 33.396792540722501 ], [ -79.138833033763106, 33.397251439899783 ], [ -79.138604909874132, 33.397709934983645 ], [ -79.138375532734315, 33.398168034514924 ], [ -79.138144931812434, 33.398625747224393 ], [ -79.137913135275937, 33.399083081658247 ], [ -79.137680168335081, 33.399540045706466 ], [ -79.137446058757305, 33.399996648279306 ], [ -79.137210833732311, 33.400452897966574 ], [ -79.136974520177517, 33.400908803305121 ], [ -79.136737144714417, 33.401364372791484 ], [ -79.136498733668063, 33.401819614865616 ], [ -79.136259312895007, 33.402274537874106 ], [ -79.136018908185136, 33.402729150099923 ], [ -79.135777545057849, 33.403183459720019 ], [ -79.135535248742613, 33.403637474784894 ], [ -79.135292044043808, 33.404091203185615 ], [ -79.135047955477347, 33.404544652650642 ], [ -79.134803007150595, 33.404997830710123 ], [ -79.134557222736788, 33.405450744672763 ], [ -79.134310625596342, 33.405903401659963 ], [ -79.13406323883612, 33.406355808589943 ], [ -79.13381508491517, 33.406807972018022 ], [ -79.133566185858569, 33.407259898199264 ], [ -79.133316563047273, 33.40771159303776 ], [ -79.133066237197411, 33.408163062065455 ], [ -79.132815228355099, 33.40861431039685 ], [ -79.132563556132595, 33.40906534278453 ], [ -79.132311239634518, 33.409516163577955 ], [ -79.132058297254787, 33.409966776691839 ], [ -79.131804746470436, 33.410417185513701 ], [ -79.131550603846676, 33.410867392909047 ], [ -79.131295885344116, 33.411317401242499 ], [ -79.131040606243104, 33.411767212357937 ], [ -79.130784780809876, 33.412216827492166 ], [ -79.130528422293992, 33.412666247293643 ], [ -79.130271542960486, 33.413115471813732 ], [ -79.130014154219879, 33.413564500503277 ], [ -79.12975626656214, 33.414013332202479 ], [ -79.129497889485123, 33.414461965114675 ], [ -79.129239031412311, 33.414910396774268 ], [ -79.128979699850561, 33.415358624114617 ], [ -79.128719901296463, 33.415806643421902 ], [ -79.128459641293006, 33.416254450353719 ], [ -79.128198924488814, 33.416702039967987 ], [ -79.127937754645799, 33.41714940674526 ], [ -79.127676134593599, 33.417596544567417 ], [ -79.127414066299579, 33.418043446748321 ], [ -79.127151550950785, 33.41849010608663 ], [ -79.126888588971923, 33.418936514869607 ], [ -79.12662518006573, 33.419382664908355 ], [ -79.126361323185137, 33.419828547555234 ], [ -79.126097016814271, 33.420274153827535 ], [ -79.125832258932434, 33.420719474404905 ], [ -79.125567047135732, 33.421164499703181 ], [ -79.125301378889461, 33.421609219973284 ], [ -79.125035251315865, 33.422053625304834 ], [ -79.124768661450076, 33.422497705720495 ], [ -79.124501606347579, 33.422941451249649 ], [ -79.124234083119774, 33.423384851980018 ], [ -79.123966089197964, 33.423827898194872 ], [ -79.123697622329075, 33.424270580413811 ], [ -79.123428680669292, 33.424712889474506 ], [ -79.123159262980124, 33.42515481664919 ], [ -79.122889368753789, 33.42559635374338 ], [ -79.12261899825279, 33.426037493149622 ], [ -79.122348152565877, 33.426478227922814 ], [ -79.122076833721053, 33.426918551837105 ], [ -79.121805044934149, 33.427358459576617 ], [ -79.121532790625864, 33.427797946779123 ], [ -79.121260076564923, 33.428237010138979 ], [ -79.120986909857237, 33.42867564742815 ], [ -79.120713298941752, 33.429113857560466 ], [ -79.120439253668252, 33.429551640671249 ], [ -79.120164785513111, 33.429988998231664 ], [ -79.119889907400818, 33.430425933043153 ], [ -79.119614633787975, 33.430862449292277 ], [ -79.119338980704526, 33.431298552598399 ], [ -79.119062965648894, 33.431734250007842 ], [ -79.118786607693082, 33.432169550063982 ], [ -79.118509927402584, 33.432604462797997 ], [ -79.118232946722145, 33.433038999708515 ], [ -79.117955688983557, 33.433473173767325 ], [ -79.117678178767648, 33.433906999380504 ], [ -79.11740044180398, 33.434340492351069 ], [ -79.117122505006336, 33.43477366988585 ], [ -79.116844396049643, 33.435206550416446 ], [ -79.116566143456083, 33.435639153631108 ], [ -79.116287776519329, 33.436071500423637 ], [ -79.116009324924732, 33.436503612710929 ], [ -79.11573081853102, 33.436935513310559 ], [ -79.115452287229971, 33.437367225844049 ], [ -79.115173761099243, 33.437798774746746 ], [ -79.1148952700633, 33.43823018511069 ], [ -79.114616843626877, 33.438661482510888 ], [ -79.114338510674585, 33.439092692865714 ], [ -79.114060299270506, 33.439523842293148 ], [ -79.113782236439803, 33.439954956951716 ], [ -79.11350434805648, 33.440386062930997 ], [ -79.113226658782906, 33.440817186146603 ], [ -79.112949191374923, 33.441248351994275 ], [ -79.112671966594164, 33.441679585252167 ], [ -79.112395003288583, 33.442110910015678 ], [ -79.11211831849603, 33.442542349641258 ], [ -79.111841926499821, 33.442973926410652 ], [ -79.111565839500358, 33.443405661500279 ], [ -79.11129006823181, 33.443837575099913 ], [ -79.111014619985482, 33.444269685822874 ], [ -79.110739498999607, 33.444702010716554 ], [ -79.110464706520474, 33.445134565149722 ], [ -79.110190241047988, 33.445567362863983 ], [ -79.109916098087211, 33.446000415790067 ], [ -79.10964227015603, 33.446433734007655 ], [ -79.109368746812905, 33.446867325686185 ], [ -79.109095514532598, 33.447301196983702 ], [ -79.108822556843435, 33.447735352068939 ], [ -79.108549854366714, 33.4481697930647 ], [ -79.10827738492614, 33.448604520079442 ], [ -79.108005123510623, 33.44903953117457 ], [ -79.107733042447038, 33.449474822427035 ], [ -79.107461111515562, 33.449910387910528 ], [ -79.107189297829521, 33.450346219640899 ], [ -79.106917566023284, 33.450782307618141 ], [ -79.106645878614117, 33.451218640052545 ], [ -79.106374196118793, 33.451655203385371 ], [ -79.106102477088839, 33.452091982310677 ], [ -79.105830678370111, 33.45252895988272 ], [ -79.105558755315315, 33.452966117614196 ], [ -79.105286662159983, 33.45340343567878 ], [ -79.105014351802382, 33.453840892846294 ], [ -79.104741776198907, 33.454278466699002 ], [ -79.104468886419752, 33.454716133636481 ], [ -79.104195633052015, 33.45515386910396 ], [ -79.103921966270491, 33.455591647654316 ], [ -79.103647836087418, 33.456029443110822 ], [ -79.103373192547153, 33.456467228669432 ], [ -79.103097985893555, 33.456904977024351 ], [ -79.1028221667613, 33.457342660500721 ], [ -79.102545686324632, 33.45778025115365 ], [ -79.102268496588735, 33.45821772093754 ], [ -79.101990550290907, 33.458655041704333 ], [ -79.101711801076647, 33.459092185325737 ], [ -79.101432203501787, 33.459529123739046 ], [ -79.101151713710905, 33.459965829267439 ], [ -79.100870289248405, 33.460402274584084 ], [ -79.100587889096033, 33.460838432761626 ], [ -79.100304473712271, 33.461274277339569 ], [ -79.100020005191098, 33.461709782415021 ], [ -79.099734447258527, 33.462144922676785 ], [ -79.099447765240569, 33.462579673384951 ], [ -79.099159926348321, 33.463014010588047 ], [ -79.098870899514139, 33.463447911062453 ], [ -79.098580655502431, 33.463881352384938 ], [ -79.098289166825239, 33.464314312880283 ], [ -79.097996407558583, 33.464746771515152 ], [ -79.097702353507088, 33.465178708071697 ], [ -79.097406982428282, 33.465610103344957 ], [ -79.097110273700423, 33.466040938859528 ], [ -79.096812208340836, 33.466471196915471 ], [ -79.096512768796643, 33.466900860490561 ], [ -79.09621193911687, 33.467329913403006 ], [ -79.095909704840111, 33.467758340231825 ], [ -79.095606052805493, 33.468186126214633 ], [ -79.095300971041965, 33.468613257203366 ], [ -79.094994448795347, 33.469039719696411 ], [ -79.094686476577294, 33.469465500857119 ], [ -79.094377045979186, 33.469890588441395 ], [ -79.09406614954132, 33.470314970715201 ], [ -79.093753780677304, 33.470738636421736 ], [ -79.09343993365701, 33.471161574771727 ], [ -79.09312460344016, 33.471583775390172 ], [ -79.092807785733854, 33.472005228356956 ], [ -79.09248947681391, 33.472425924073072 ], [ -79.092169673395304, 33.472845853210821 ], [ -79.091848372649224, 33.473265006715117 ], [ -79.09152557214891, 33.47368337580059 ], [ -79.091201269796926, 33.474100951917464 ], [ -79.09087546372281, 33.474517726692923 ], [ -79.090548152319258, 33.474933691933963 ], [ -79.090219334087649, 33.475348839537162 ], [ -79.089889007644814, 33.475763161548706 ], [ -79.08955717185647, 33.47617665018759 ], [ -79.089223825629745, 33.476589297756945 ], [ -79.088888967959832, 33.477001096680198 ], [ -79.088552597979486, 33.477412039519827 ], [ -79.088214715075097, 33.477822119013062 ], [ -79.087875318516424, 33.478231327924533 ], [ -79.087534407419042, 33.478639658978757 ], [ -79.087191981139753, 33.479047105154876 ], [ -79.086848039265732, 33.479453659718537 ], [ -79.086502581298419, 33.479859315901528 ], [ -79.086155606741514, 33.480264066974151 ], [ -79.085807115113994, 33.480667906301854 ], [ -79.085457106524075, 33.481070827786432 ], [ -79.085105581133249, 33.481472825430288 ], [ -79.084752539156895, 33.481873893342751 ], [ -79.084397981221713, 33.482274025992794 ], [ -79.084041908075548, 33.482673218008372 ], [ -79.083684320911729, 33.483071464425521 ], [ -79.083325221152265, 33.483468760491753 ], [ -79.082964610552906, 33.483865101754475 ], [ -79.08260249132735, 33.484260484155342 ], [ -79.082238865995578, 33.48465490390624 ], [ -79.081873737718226, 33.485048357760967 ], [ -79.081507109085933, 33.4854408426215 ], [ -79.081138982881598, 33.485832355846419 ], [ -79.080769364283967, 33.486222895641149 ], [ -79.080398261451947, 33.486612461301547 ], [ -79.080025679998855, 33.487001051566963 ], [ -79.07965162638186, 33.487388665973484 ], [ -79.079276107869319, 33.487775304705039 ], [ -79.078899132437513, 33.488160968518002 ], [ -79.078520708705469, 33.488545658681403 ], [ -79.078140846051326, 33.488929377087771 ], [ -79.077759554481688, 33.48931212611857 ], [ -79.077376844698264, 33.489693908717463 ], [ -79.076992728171192, 33.490074728467711 ], [ -79.076607217090086, 33.490454589547902 ], [ -79.076220324244943, 33.490833496567951 ], [ -79.075832063189765, 33.491211454811157 ], [ -79.075442448010634, 33.4915884697973 ], [ -79.075051493451681, 33.491964547798332 ], [ -79.074659216273858, 33.492339696987301 ], [ -79.074265633371979, 33.492713925466568 ], [ -79.073870761956158, 33.493087241580028 ], [ -79.073474619867994, 33.493459654222903 ], [ -79.073077225562358, 33.493831172831086 ], [ -79.072678598200099, 33.49420180740718 ], [ -79.072278757419369, 33.494571568436413 ], [ -79.071877723386052, 33.494940466897681 ], [ -79.071475516719673, 33.495308514231333 ], [ -79.071072158699309, 33.49567572240138 ], [ -79.070667671116723, 33.496042103837617 ], [ -79.070262076248923, 33.496407671418218 ], [ -79.069855396817303, 33.49677243844765 ], [ -79.069447656083881, 33.497136418680867 ], [ -79.069038877675482, 33.497499626252697 ], [ -79.06862908557531, 33.497862075665573 ], [ -79.068218303860917, 33.498223781652364 ], [ -79.067806556986795, 33.498584759302084 ], [ -79.06739386999628, 33.498945024146437 ], [ -79.06698026841741, 33.499304592107585 ], [ -79.066565777947829, 33.499663479339119 ], [ -79.066150424628333, 33.500021702295136 ], [ -79.065734234811103, 33.500379277706429 ], [ -79.065317235124226, 33.50073622255487 ], [ -79.064899452458576, 33.501092554057983 ], [ -79.064480914046811, 33.501448289690856 ], [ -79.064061647434869, 33.501803447161564 ], [ -79.063641680854033, 33.502158044566528 ], [ -79.063221042567861, 33.502512100086918 ], [ -79.062799761191599, 33.502865632115324 ], [ -79.062377865826932, 33.503218659295477 ], [ -79.061955385698994, 33.503571200375568 ], [ -79.061532350385676, 33.503923274289725 ], [ -79.061108789817169, 33.504274900141695 ], [ -79.060684734314833, 33.504626097204429 ], [ -79.060260214626041, 33.504976884926947 ], [ -79.059835261922302, 33.505327282928036 ], [ -79.059409907818207, 33.505677310995473 ], [ -79.058984184335557, 33.506026989071898 ], [ -79.058558124057726, 33.506376337288891 ], [ -79.058131760084606, 33.506725375956712 ], [ -79.057705126076954, 33.507074125575798 ], [ -79.057278256309175, 33.507422606849651 ], [ -79.056851185601047, 33.507770840654899 ], [ -79.05642394950128, 33.508118848122457 ], [ -79.055996584298626, 33.508466650642887 ], [ -79.055569127048983, 33.508814269889157 ], [ -79.055141615561354, 33.509161727792694 ], [ -79.054714088566001, 33.509509046627009 ], [ -79.054286585714635, 33.509856249014717 ], [ -79.053859147488467, 33.510203357918314 ], [ -79.053431815315349, 33.510550396696587 ], [ -79.053004631636071, 33.510897389139956 ], [ -79.052577639912769, 33.511244359486938 ], [ -79.052150884543991, 33.511591332415179 ], [ -79.051724411153003, 33.511938333180581 ], [ -79.051298266503579, 33.512285387606894 ], [ -79.050872498520292, 33.512632522121876 ], [ -79.050447156337071, 33.512979763797489 ], [ -79.050022290258369, 33.513327140363373 ], [ -79.049597951814093, 33.51367468026011 ], [ -79.049174193818516, 33.514022412698047 ], [ -79.048751070315092, 33.514370367660803 ], [ -79.048328636590782, 33.514718575943782 ], [ -79.047906949150317, 33.51506706917371 ], [ -79.047486065698152, 33.51541587983489 ], [ -79.047066045114335, 33.515765041283238 ], [ -79.046646947401229, 33.516114587753961 ], [ -79.04622883361661, 33.51646455435818 ], [ -79.045811765861473, 33.516814977110776 ], [ -79.045395807211932, 33.517165892925298 ], [ -79.044981021643167, 33.517517339602804 ], [ -79.044567473810417, 33.517869355736593 ], [ -79.044155229012262, 33.518221980722288 ], [ -79.043744353101872, 33.518575254732319 ], [ -79.043334912341606, 33.518929218658528 ], [ -79.042926973273239, 33.519283914060487 ], [ -79.04252060254683, 33.519639383083344 ], [ -79.04211586676422, 33.519995668384432 ], [ -79.041712832323967, 33.520352813056761 ], [ -79.041311565198583, 33.520710860506945 ], [ -79.040912130660104, 33.521069854305431 ], [ -79.040514593233425, 33.521429838152429 ], [ -79.040119016488774, 33.521790855757288 ], [ -79.039725462824691, 33.522152950706342 ], [ -79.039333993192201, 33.522516166286067 ], [ -79.038944666847414, 33.522880545321378 ], [ -79.038557541149217, 33.523246130037499 ], [ -79.038172671398314, 33.523612961942781 ], [ -79.037790110594514, 33.523981081657425 ], [ -79.037409909237169, 33.524350528765588 ], [ -79.037032115036311, 33.524721341604824 ], [ -79.036656772724157, 33.525093557121153 ], [ -79.036283923918489, 33.52546721074539 ], [ -79.035913606854677, 33.525842336186329 ], [ -79.035545856296665, 33.526218965342494 ], [ -79.035180703256273, 33.526597128077704 ], [ -79.034818174797564, 33.526976852053735 ], [ -79.034458293877449, 33.527358162580782 ], [ -79.034101079404039, 33.527741082622157 ], [ -79.033746546045705, 33.528125632624871 ], [ -79.033394704176885, 33.528511830447059 ], [ -79.033045559564314, 33.528899691086167 ], [ -79.032699113483545, 33.529289226718944 ], [ -79.032355362563408, 33.529680446565152 ], [ -79.032014298796838, 33.530073356854899 ], [ -79.031675909497451, 33.5304679607626 ], [ -79.031340177398732, 33.530864258418021 ], [ -79.031007080595231, 33.531262246836235 ], [ -79.030676592535698, 33.531661919872569 ], [ -79.030348682212235, 33.532063268332884 ], [ -79.030023314131483, 33.53246627991701 ], [ -79.029700448472227, 33.532870939296842 ], [ -79.029380041130693, 33.533277228117285 ], [ -79.02906204392886, 33.53368512512084 ], [ -79.02874640463196, 33.53409460613662 ], [ -79.028433067183073, 33.534505644215024 ], [ -79.028121971875947, 33.534918209734741 ], [ -79.02781305539196, 33.53533227042665 ], [ -79.02750625100289, 33.535747791501869 ], [ -79.027201488847197, 33.536164735824492 ], [ -79.026898696138559, 33.536583064049474 ], [ -79.026597797304177, 33.537002734716999 ], [ -79.026298714250402, 33.537423704430857 ], [ -79.026001366575841, 33.537845928008522 ], [ -79.025705671765635, 33.538269358613199 ], [ -79.025411545431453, 33.538693947922745 ], [ -79.025118901525701, 33.539119646280596 ], [ -79.024827652647346, 33.53954640292114 ], [ -79.024537710101555, 33.539974165989449 ], [ -79.024248984160309, 33.540402882736856 ], [ -79.023961384323513, 33.540832499703228 ], [ -79.023674819614968, 33.54126296293839 ], [ -79.023389198848861, 33.541694218206082 ], [ -79.023104430653888, 33.542126210962842 ], [ -79.022820423541532, 33.542558886376597 ], [ -79.022537086442654, 33.542992189771027 ], [ -79.02225432880627, 33.543426066675764 ], [ -79.021972060797125, 33.543860462965434 ], [ -79.021690193330201, 33.544295324845812 ], [ -79.021408638348547, 33.54473059906109 ], [ -79.021127309058016, 33.545166233060861 ], [ -79.020846120023364, 33.545602175060232 ], [ -79.020564987296083, 33.546038374110211 ], [ -79.020283828564729, 33.546474780194139 ], [ -79.020002563278638, 33.546911344302231 ], [ -79.019721112824527, 33.54734801855453 ], [ -79.01943940063363, 33.54778475626113 ], [ -79.019157352281226, 33.548221511976863 ], [ -79.018874895589079, 33.548658241551252 ], [ -79.018591960625784, 33.549094902112344 ], [ -79.018308479909052, 33.549531452217629 ], [ -79.018024388376134, 33.549967851817492 ], [ -79.017739623621722, 33.550404062399487 ], [ -79.017454125837389, 33.550840046927199 ], [ -79.017167837861606, 33.551275769865086 ], [ -79.016880705201004, 33.551711197188588 ], [ -79.016592676126734, 33.552146296443063 ], [ -79.016303701716794, 33.552581036771215 ], [ -79.016013735744679, 33.553015388804809 ], [ -79.015722734753197, 33.553449324721029 ], [ -79.015430658076241, 33.553882818253904 ], [ -79.015137467807079, 33.554315844659435 ], [ -79.014843128802937, 33.554748380715878 ], [ -79.014547608634871, 33.555180404697523 ], [ -79.014250877538828, 33.555611896343123 ], [ -79.013952908525596, 33.556042836952074 ], [ -79.013653677149051, 33.556473209165844 ], [ -79.013353161438076, 33.556902996924855 ], [ -79.013051342176595, 33.557332185753459 ], [ -79.012748202760164, 33.557760762644172 ], [ -79.012443729019552, 33.558188715915534 ], [ -79.012137908837715, 33.558616034895813 ], [ -79.011830732482807, 33.559042710256399 ], [ -79.011522192527849, 33.55946873395942 ], [ -79.011212283807382, 33.55989409922487 ], [ -79.010901003255725, 33.560318800425307 ], [ -79.010588349782481, 33.560742833017137 ], [ -79.010274324221186, 33.561166193522837 ], [ -79.009958929271136, 33.561588879514119 ], [ -79.009642169422037, 33.562010889567439 ], [ -79.009324050891408, 33.562432223242503 ], [ -79.009004581531713, 33.562852881035568 ], [ -79.008683770864835, 33.563272864428313 ], [ -79.008361629728014, 33.56369217563995 ], [ -79.008038170316141, 33.564110817683684 ], [ -79.007713406112558, 33.564528794338614 ], [ -79.00738735196262, 33.564946110220284 ], [ -79.007060023860859, 33.565362770667043 ], [ -79.006731438750748, 33.565778781584442 ], [ -79.006401614538078, 33.566194149481056 ], [ -79.006070570047939, 33.566608881472803 ], [ -79.005738324848721, 33.567022985148853 ], [ -79.005404899320922, 33.567436468677712 ], [ -79.00507031452193, 33.567849340697094 ], [ -79.004734592171317, 33.568261610284267 ], [ -79.004397754431821, 33.568673286853134 ], [ -79.00405982396785, 33.569084380277339 ], [ -79.00372082353455, 33.569494900499485 ], [ -79.003380776530932, 33.569904858148014 ], [ -79.003039706511515, 33.57031426383017 ], [ -79.002697636045241, 33.57072312721337 ], [ -79.002354588812992, 33.571131459081464 ], [ -79.002010588893057, 33.57153927068984 ], [ -79.001665660393755, 33.571946573415573 ], [ -79.001319827419053, 33.572353378739137 ], [ -79.000973114129735, 33.572759698286212 ], [ -79.000625544452802, 33.573165543644727 ], [ -79.000277142079682, 33.573570926363359 ], [ -78.999927930328298, 33.573975857860987 ], [ -78.999577932459175, 33.574380349641615 ], [ -78.999227171532027, 33.574784413202288 ], [ -78.998875670306475, 33.575188059964496 ], [ -78.998523451136649, 33.575591301201435 ], [ -78.998170536061963, 33.575994148099895 ], [ -78.997816946702983, 33.576396611691976 ], [ -78.99746270425932, 33.576798702852265 ], [ -78.997107829778443, 33.577200432419659 ], [ -78.996752343756981, 33.57760181100619 ], [ -78.996396266011828, 33.578002848936556 ], [ -78.99603961584873, 33.578403556314356 ], [ -78.995682412134741, 33.578803943056855 ], [ -78.995324673297276, 33.579204018893449 ], [ -78.99496641726266, 33.579603793326676 ], [ -78.994607661439787, 33.580003275619852 ], [ -78.994248422601785, 33.580402474722945 ], [ -78.993888717127419, 33.580801399413474 ], [ -78.993528560924361, 33.581200058247127 ], [ -78.993167969067983, 33.581598459396069 ], [ -78.992806956497759, 33.581996610945104 ], [ -78.992445537651577, 33.582394520733601 ], [ -78.99208372640291, 33.582792196334971 ], [ -78.991721536300901, 33.583189645140187 ], [ -78.991358980417132, 33.583586874289125 ], [ -78.990996071401696, 33.583983890713228 ], [ -78.990632821434858, 33.584380701114277 ], [ -78.990269242223732, 33.584777311951385 ], [ -78.989905345122963, 33.585173729505421 ], [ -78.989541141117755, 33.585569959864728 ], [ -78.989176640914451, 33.585966008958877 ], [ -78.988811854754772, 33.586361882499894 ], [ -78.98844679260759, 33.586757586059434 ], [ -78.988081464128399, 33.587153125046811 ], [ -78.987715878631491, 33.587548504701608 ], [ -78.98735004516513, 33.587943730117424 ], [ -78.986983972528293, 33.588338806271679 ], [ -78.986617669295995, 33.588733738032516 ], [ -78.986251143932861, 33.589128530211532 ], [ -78.985884404598607, 33.589523187475592 ], [ -78.985517459195577, 33.589917714378878 ], [ -78.985150315434481, 33.590312115391527 ], [ -78.984782981081224, 33.590706395000126 ], [ -78.984415463754203, 33.591100557609103 ], [ -78.984047770999879, 33.591494607611544 ], [ -78.983679910275214, 33.591888549374623 ], [ -78.983311889076816, 33.592282387287085 ], [ -78.982943714742362, 33.592676125689138 ], [ -78.982575394631667, 33.593069768958337 ], [ -78.982206936107943, 33.593463321490539 ], [ -78.98183834641506, 33.593856787634287 ], [ -78.981469632860666, 33.594250171794386 ], [ -78.981100802750291, 33.594643478396875 ], [ -78.980731863371247, 33.595036711882607 ], [ -78.980362821998412, 33.595429876701026 ], [ -78.979993685951598, 33.595822977353286 ], [ -78.979624462615561, 33.596216018402011 ], [ -78.979255159497754, 33.596609004504145 ], [ -78.978885783980843, 33.597001940262018 ], [ -78.978516343380662, 33.597394830252917 ], [ -78.978146845018415, 33.597787679076809 ], [ -78.977777296260754, 33.598180491381399 ], [ -78.977407704469726, 33.598573271830581 ], [ -78.977038076956617, 33.598966025073416 ], [ -78.976668420970682, 33.599358755736844 ], [ -78.976298743679394, 33.599751468409593 ], [ -78.975929052166464, 33.600144167647358 ], [ -78.975559353410574, 33.600536857955092 ], [ -78.975189654263076, 33.600929543771514 ], [ -78.974819961398524, 33.601322229439035 ], [ -78.974450281262932, 33.601714919165211 ], [ -78.974080620110669, 33.602107617050713 ], [ -78.973710983972083, 33.602500327067375 ], [ -78.973341378664514, 33.602893053051844 ], [ -78.972971809657736, 33.603285798640684 ], [ -78.97260228208043, 33.603678567265625 ], [ -78.972232800717364, 33.604071362148311 ], [ -78.971863369964154, 33.604464186270377 ], [ -78.97149399381442, 33.604857042363165 ], [ -78.971124675831433, 33.605249932889549 ], [ -78.97075541910182, 33.605642860014861 ], [ -78.970386226044724, 33.606035825449283 ], [ -78.970017098690931, 33.606428830681061 ], [ -78.969648038590691, 33.606821876905506 ], [ -78.969279046728474, 33.607214964944575 ], [ -78.968910123450641, 33.607608095208697 ], [ -78.968541268494192, 33.608001267715224 ], [ -78.968172480954863, 33.608394482064725 ], [ -78.967803759462583, 33.608787737588351 ], [ -78.967435102011393, 33.609181033196982 ], [ -78.967066505879117, 33.609574367320484 ], [ -78.966697967565224, 33.609967737868629 ], [ -78.966329482986069, 33.610361142381507 ], [ -78.965961047659206, 33.610754578162698 ], [ -78.96559265621697, 33.611148041908876 ], [ -78.965224302521563, 33.611541529806836 ], [ -78.964855979795189, 33.611935037610785 ], [ -78.964487680745748, 33.612328560734532 ], [ -78.964119397424469, 33.612722094137162 ], [ -78.963751121194917, 33.613115632324018 ], [ -78.963382842860923, 33.613509169426123 ], [ -78.963014552524129, 33.613902699066657 ], [ -78.962646239828516, 33.614296214577649 ], [ -78.962277893943096, 33.614689708968264 ], [ -78.961909503526741, 33.615083174896718 ], [ -78.961541056814326, 33.615476604735591 ], [ -78.961172541454133, 33.615869990425956 ], [ -78.960803944805946, 33.616263323702356 ], [ -78.960435253770768, 33.616656595970859 ], [ -78.960066454818303, 33.617049798320522 ], [ -78.959697534030397, 33.617442921527996 ], [ -78.959328477371272, 33.617835956269168 ], [ -78.958959270520737, 33.618228893000193 ], [ -78.958589898877619, 33.618621721951818 ], [ -78.958220347724563, 33.619014433246655 ], [ -78.95785060218482, 33.619407016865381 ], [ -78.957480647220081, 33.619799462631264 ], [ -78.957110467912187, 33.620191760412688 ], [ -78.956740049219064, 33.620583899945245 ], [ -78.956369375992963, 33.620975870840795 ], [ -78.955998432894447, 33.62136766252916 ], [ -78.955627204768646, 33.62175926451426 ], [ -78.955255676555836, 33.622150666309146 ], [ -78.954883833255252, 33.622541857410603 ], [ -78.954511659984448, 33.62293282733917 ], [ -78.954139141971837, 33.62332356562839 ], [ -78.953766264589774, 33.623714061848993 ], [ -78.953393013404224, 33.624104305644714 ], [ -78.953019374178311, 33.624494286732364 ], [ -78.95264533288676, 33.624883994909283 ], [ -78.952270875739003, 33.625273420068396 ], [ -78.951895989130506, 33.625662552162396 ], [ -78.951520659722931, 33.626051381267118 ], [ -78.95114487439487, 33.626439897543023 ], [ -78.950768620309915, 33.626828091281602 ], [ -78.950391884922041, 33.627215952914689 ], [ -78.950014656037297, 33.627603473064958 ], [ -78.949636921724533, 33.627990642473975 ], [ -78.949258670324909, 33.628377452011428 ], [ -78.94887989034892, 33.628763892592218 ], [ -78.948500570731284, 33.629149955387504 ], [ -78.948120700705076, 33.629535631728849 ], [ -78.94774026987146, 33.629920913157719 ], [ -78.94735926816621, 33.630305791401497 ], [ -78.946977685971717, 33.630690258459367 ], [ -78.946595513924436, 33.631074306476087 ], [ -78.946212742997801, 33.631457927799211 ], [ -78.945829364481469, 33.631841114962654 ], [ -78.945445370143233, 33.632223860817703 ], [ -78.945060752157204, 33.632606158483995 ], [ -78.944675503127314, 33.632988001369192 ], [ -78.944289616116805, 33.633369383196985 ], [ -78.943903084639473, 33.633750298002084 ], [ -78.94351590268748, 33.634130740158959 ], [ -78.943128064802437, 33.634510704448417 ], [ -78.942739566021274, 33.6348901860136 ], [ -78.942350401957697, 33.635269180419343 ], [ -78.941960568889371, 33.635647683726859 ], [ -78.941570063646054, 33.636025692415217 ], [ -78.941178883645179, 33.636403203419853 ], [ -78.940787026924539, 33.636780214161213 ], [ -78.940394492213869, 33.637156722591477 ], [ -78.940001278876906, 33.637532727154344 ], [ -78.939607386990573, 33.637908226857789 ], [ -78.93921281745709, 33.63828322136726 ], [ -78.938817571937747, 33.638657710945644 ], [ -78.938421652854444, 33.639031696463086 ], [ -78.93802506335166, 33.639405179380795 ], [ -78.937627807305049, 33.63977816175445 ], [ -78.937229889418774, 33.640150646308079 ], [ -78.936831315211876, 33.640522636427022 ], [ -78.936432091018489, 33.640894136156284 ], [ -78.936032223908725, 33.641265150152321 ], [ -78.935631721733955, 33.641635683713631 ], [ -78.935230593114952, 33.642005742773215 ], [ -78.934828847243196, 33.64237533374002 ], [ -78.934426494141633, 33.642744463716873 ], [ -78.934023544515384, 33.643113140377508 ], [ -78.933620009734312, 33.643481371955687 ], [ -78.933215901809334, 33.643849167240717 ], [ -78.932811233466467, 33.644216535611953 ], [ -78.932406017871031, 33.644583486830228 ], [ -78.932000268202643, 33.644950030630959 ], [ -78.931593998371099, 33.645316177405384 ], [ -78.931187223040496, 33.645681938274336 ], [ -78.930779956970568, 33.646047324404485 ], [ -78.930372215106047, 33.646412347136071 ], [ -78.929964012549988, 33.646777018007711 ], [ -78.929555364661866, 33.647141348783556 ], [ -78.929146286987645, 33.647505351403325 ], [ -78.928736795259596, 33.647869037958856 ], [ -78.928326904846855, 33.648232420322543 ], [ -78.927916631205719, 33.648595510452473 ], [ -78.927505989429278, 33.648958320067784 ], [ -78.927094994390842, 33.649320860737639 ], [ -78.926683660673234, 33.649683143827609 ], [ -78.92627200249855, 33.650045180442582 ], [ -78.925860033644497, 33.650406981362941 ], [ -78.925447767305073, 33.650768556945685 ], [ -78.925035216259602, 33.651129917222065 ], [ -78.924622392719868, 33.651491071791938 ], [ -78.924209308439515, 33.651852029888339 ], [ -78.923795974330318, 33.65221280011216 ], [ -78.923382400526307, 33.652573390466607 ], [ -78.922968596503424, 33.652933808435392 ], [ -78.92255457110727, 33.653294060997965 ], [ -78.922140332426835, 33.65365415453843 ], [ -78.921725887814645, 33.654014094852414 ], [ -78.921311243946278, 33.654373887182835 ], [ -78.920896406744063, 33.654733536168578 ], [ -78.920481381369072, 33.655093045837631 ], [ -78.920066172145638, 33.655452419558245 ], [ -78.919650782763256, 33.655811660168922 ], [ -78.919235216276007, 33.656170769976171 ], [ -78.918819474969922, 33.656529750668042 ], [ -78.918403560649139, 33.65688860351257 ], [ -78.917987474570666, 33.657247329311339 ], [ -78.917571217582477, 33.65760592848978 ], [ -78.917154789958275, 33.657964401006339 ], [ -78.916738190851291, 33.658322745478955 ], [ -78.916321419383848, 33.658680960668804 ], [ -78.915904476310274, 33.659039046615796 ], [ -78.915487361673115, 33.659397002753799 ], [ -78.915070073849648, 33.659754827448374 ], [ -78.914652610730883, 33.660112518771307 ], [ -78.914234971094885, 33.660470075096661 ], [ -78.913817153771504, 33.660827494783121 ], [ -78.913399157675826, 33.661184776194332 ], [ -78.91298098191686, 33.661541917778258 ], [ -78.912562625789818, 33.661898918067443 ], [ -78.912144088925416, 33.662255775789262 ], [ -78.911725371320742, 33.662612489889099 ], [ -78.911306473393751, 33.662969059571928 ], [ -78.910887396061526, 33.663325484364542 ], [ -78.910468140768003, 33.663681764130402 ], [ -78.910048709583975, 33.664037899148816 ], [ -78.909629105294627, 33.664393890180598 ], [ -78.909209331393669, 33.664749738471357 ], [ -78.908789392081474, 33.665105445741602 ], [ -78.908369292312543, 33.665461014223304 ], [ -78.907949037823343, 33.665816446674889 ], [ -78.907528635239473, 33.666171746472465 ], [ -78.907108092049825, 33.666526917583994 ], [ -78.906687416774247, 33.66688196470772 ], [ -78.906266618885013, 33.667236893195323 ], [ -78.905845708644136, 33.667591708932413 ], [ -78.905424697132929, 33.667946418357793 ], [ -78.905003596431158, 33.668301028602926 ], [ -78.904582419541953, 33.66865554743184 ], [ -78.90416118034284, 33.669009983204923 ], [ -78.903739893613803, 33.669364344893062 ], [ -78.903318575068354, 33.669718642097216 ], [ -78.902897241232338, 33.670072884961819 ], [ -78.902475909444064, 33.670427084170036 ], [ -78.902054597800202, 33.670781250899871 ], [ -78.901633325175013, 33.671135396836924 ], [ -78.901212111088981, 33.67148953407596 ], [ -78.900790975590908, 33.671843675022529 ], [ -78.900369939333174, 33.672197832466736 ], [ -78.899949023587283, 33.67255201957493 ], [ -78.899528250120895, 33.672906249795624 ], [ -78.899107641045461, 33.673260536751712 ], [ -78.898687218720355, 33.673614894171415 ], [ -78.898267005754462, 33.673969335891705 ], [ -78.897847024891988, 33.674323875763875 ], [ -78.897427298941707, 33.674678527605025 ], [ -78.897007850697733, 33.675033305139472 ], [ -78.896588702897375, 33.675388221978508 ], [ -78.896169877952133, 33.675743291410278 ], [ -78.89575139791107, 33.676098526380976 ], [ -78.895333284384463, 33.676453939444052 ], [ -78.894915558543104, 33.676809542769597 ], [ -78.894498240850865, 33.677165347946044 ], [ -78.894081351047078, 33.677521365984134 ], [ -78.893664908078122, 33.677877607276152 ], [ -78.893248929942317, 33.678234081491496 ], [ -78.89283343358936, 33.678590797512385 ], [ -78.892418434832976, 33.67894776338521 ], [ -78.892003948260125, 33.679304986269194 ], [ -78.891589987136143, 33.679662472383555 ], [ -78.891176563271046, 33.680020226921449 ], [ -78.890763686973301, 33.680378254041621 ], [ -78.890351367137143, 33.680736556970345 ], [ -78.889939610848813, 33.68109513770348 ], [ -78.889528423442258, 33.681453997083111 ], [ -78.889117808490013, 33.681813134820544 ], [ -78.888707767752038, 33.682172549485415 ], [ -78.888298301065888, 33.682532238442015 ], [ -78.887889406330373, 33.682892197866785 ], [ -78.887481079374425, 33.683252422664644 ], [ -78.887073314099965, 33.683612906624212 ], [ -78.886666102486259, 33.683973642449878 ], [ -78.886259434586833, 33.684334621783435 ], [ -78.88585329836782, 33.684695835096854 ], [ -78.885447679614487, 33.685057271652013 ], [ -78.885042562436055, 33.685418919906297 ], [ -78.884637929114362, 33.685780767420951 ], [ -78.884233760146785, 33.686142800916564 ], [ -78.883830033993121, 33.686505006080637 ], [ -78.883426727429224, 33.686867367864565 ], [ -78.883023815662852, 33.687229870601442 ], [ -78.882621272262739, 33.687592497936116 ], [ -78.882219069376916, 33.687955233012467 ], [ -78.881817177663976, 33.688318058396789 ], [ -78.881415566465975, 33.688680956217702 ], [ -78.881014203978339, 33.689043908302082 ], [ -78.88061305734125, 33.689406896229826 ], [ -78.880212092854393, 33.689769901493698 ], [ -78.879811275932511, 33.690132905437544 ], [ -78.879410571366336, 33.690495889436704 ], [ -78.879009943470209, 33.690858834984112 ], [ -78.878609356319288, 33.691221723847882 ], [ -78.878208773658841, 33.691584537973213 ], [ -78.877808159044065, 33.691947259537315 ], [ -78.877407475952424, 33.692309870986385 ], [ -78.877006688092195, 33.692672355264222 ], [ -78.876605759469996, 33.693034695805352 ], [ -78.876204654574963, 33.693396876628874 ], [ -78.875803338269648, 33.693758882211213 ], [ -78.875401776139185, 33.694120697679608 ], [ -78.874999934654269, 33.69448230889207 ], [ -78.874597781343553, 33.694843702507512 ], [ -78.874195284468584, 33.695204865701172 ], [ -78.873792413415586, 33.695565786413667 ], [ -78.873389138738389, 33.695926453319174 ], [ -78.872985432233378, 33.696286855832987 ], [ -78.872581267036935, 33.69664698413262 ], [ -78.872176617734496, 33.697006829203708 ], [ -78.871771460318399, 33.697366382747617 ], [ -78.871365772260674, 33.697725637190445 ], [ -78.870959532547886, 33.698084585668028 ], [ -78.870552721721552, 33.698443222018604 ], [ -78.870145321924412, 33.698801540783577 ], [ -78.869737316841352, 33.699159537126768 ], [ -78.869328691745892, 33.699517206843154 ], [ -78.86891943347841, 33.69987454631476 ], [ -78.868509530416489, 33.700231552467322 ], [ -78.868098972434481, 33.700588222723312 ], [ -78.867687750981844, 33.700944555056665 ], [ -78.867275859101994, 33.701300548011055 ], [ -78.866863291363373, 33.701656200627873 ], [ -78.866450043434654, 33.702011512077441 ], [ -78.866036112502172, 33.702366482067795 ], [ -78.865621497136843, 33.702721110734352 ], [ -78.865206197013279, 33.703075398380726 ], [ -78.864790212929151, 33.703429345535696 ], [ -78.864373546956188, 33.703782953135416 ], [ -78.863956202223463, 33.704136222342058 ], [ -78.863538182929531, 33.704489154586021 ], [ -78.863119494097646, 33.70484175139152 ], [ -78.86270014142157, 33.705194014267136 ], [ -78.862280131522638, 33.705545944994313 ], [ -78.861859471762642, 33.705897545498139 ], [ -78.861438170116102, 33.706248817767744 ], [ -78.861016235122449, 33.706599763861625 ], [ -78.860593675808531, 33.706950385888177 ], [ -78.860170501676194, 33.707300686035737 ], [ -78.859746722603248, 33.707650666524167 ], [ -78.859322348785952, 33.708000329605987 ], [ -78.858897390811521, 33.708349677678818 ], [ -78.85847185942923, 33.708698713107879 ], [ -78.858045765559737, 33.70904743828266 ], [ -78.857619120243442, 33.709395855600889 ], [ -78.8571919346318, 33.709743967497857 ], [ -78.856764219991618, 33.710091776505067 ], [ -78.856335987519415, 33.710439285107363 ], [ -78.855907248333509, 33.710786495749517 ], [ -78.855478013538942, 33.711133410939276 ], [ -78.855048294182481, 33.711480033235269 ], [ -78.854618101204863, 33.711826365217583 ], [ -78.854187445374507, 33.712172409449444 ], [ -78.853756337361474, 33.712518168574974 ], [ -78.853324787726947, 33.712863645320724 ], [ -78.852892806780801, 33.713208842370918 ], [ -78.852460404640297, 33.713553762438607 ], [ -78.852027591228577, 33.713898408275426 ], [ -78.851594376364076, 33.714242782751569 ], [ -78.851160769491827, 33.714586888633832 ], [ -78.850726779834616, 33.714930728718898 ], [ -78.850292416410795, 33.715274305854756 ], [ -78.849857687849052, 33.715617622776769 ], [ -78.849422602556643, 33.715960682251477 ], [ -78.848987168703744, 33.716303487044044 ], [ -78.848551394561881, 33.716646040257672 ], [ -78.848115287828122, 33.716988344683337 ], [ -78.847678855571743, 33.71733040271149 ], [ -78.847242104816331, 33.717672216948621 ], [ -78.846805042351377, 33.718013789999802 ], [ -78.846367674603272, 33.718355124334472 ], [ -78.845930007652996, 33.718696222294312 ], [ -78.845492047216396, 33.719037086077819 ], [ -78.845053798707141, 33.719377717781128 ], [ -78.84461526729315, 33.719718119438276 ], [ -78.844176457522195, 33.720058292709091 ], [ -78.843737373798461, 33.7203982392329 ], [ -78.843298020217219, 33.720737960495143 ], [ -78.842858400556437, 33.721077457819163 ], [ -78.842418518559796, 33.721416732653644 ], [ -78.841978377247713, 33.721755785893727 ], [ -78.841537979192012, 33.722094618137646 ], [ -78.841097326481602, 33.722433229641972 ], [ -78.840656421122063, 33.722771620663352 ], [ -78.84021526472749, 33.723109791199278 ], [ -78.839773857898152, 33.723447740219832 ], [ -78.839332201000559, 33.723785466596858 ], [ -78.838890294216824, 33.724122969201844 ], [ -78.838448137537256, 33.724460246976363 ], [ -78.838005730423035, 33.724797298332447 ], [ -78.837563072017687, 33.725134121422116 ], [ -78.837120160977477, 33.725470713987782 ], [ -78.83667699562578, 33.725807073507958 ], [ -78.836233573976074, 33.726143197205779 ], [ -78.835789893805028, 33.726479082104191 ], [ -78.835345952441415, 33.726814724862123 ], [ -78.834901746907732, 33.727150121887668 ], [ -78.834457274076584, 33.727485269473696 ], [ -78.834012530417596, 33.727820163583552 ], [ -78.833567512156819, 33.728154799973346 ], [ -78.833122215298658, 33.728489174211241 ], [ -78.83267663566096, 33.728823281710405 ], [ -78.832230769468012, 33.729157118546638 ], [ -78.831784612316468, 33.729490679998193 ], [ -78.831338158028615, 33.729823959862124 ], [ -78.830891401226339, 33.730156952531978 ], [ -78.830444337936143, 33.730489653211883 ], [ -78.829996964304726, 33.730822057153873 ], [ -78.829549275456898, 33.731154159178885 ], [ -78.829101266547724, 33.731485954134044 ], [ -78.828652932960239, 33.731817437082391 ], [ -78.828204270064134, 33.732148603026467 ], [ -78.827755273378841, 33.732479447081801 ], [ -78.827305938606727, 33.732809964509016 ], [ -78.826856261644195, 33.733140150717297 ], [ -78.826406238528648, 33.733470001211892 ], [ -78.825955865484303, 33.733799511638715 ], [ -78.825505138793261, 33.73412867765078 ], [ -78.825054055104687, 33.734457495201902 ], [ -78.824602611265817, 33.734785960372875 ], [ -78.824150804422786, 33.735114069485888 ], [ -78.823698632042067, 33.735441819101524 ], [ -78.823246091904309, 33.735769206013636 ], [ -78.822793182156616, 33.736096227297239 ], [ -78.822339901188414, 33.736422880194034 ], [ -78.821886247895009, 33.736749162347316 ], [ -78.821432221251456, 33.737075071413848 ], [ -78.820977820097866, 33.737400604808876 ], [ -78.820523043924652, 33.737725760496055 ], [ -78.820067892616962, 33.738050536722838 ], [ -78.819612366252159, 33.738374931853969 ], [ -78.819156465173819, 33.738698944435868 ], [ -78.81870018980527, 33.739022572953687 ], [ -78.818243540751538, 33.739345815966402 ], [ -78.81778651907446, 33.739668672487738 ], [ -78.817329125951161, 33.739991141541275 ], [ -78.816871362565024, 33.740313222036896 ], [ -78.816413230271237, 33.740634912977931 ], [ -78.815954730457975, 33.740956213314178 ], [ -78.8154958646832, 33.741277122115051 ], [ -78.815036634724279, 33.741597638616327 ], [ -78.814577042127098, 33.741917761749157 ], [ -78.814117088406277, 33.742237490362491 ], [ -78.813656775137943, 33.742556823334333 ], [ -78.813196103879903, 33.742875759498382 ], [ -78.812735076157068, 33.743194297644344 ], [ -78.812273693392058, 33.743512436458325 ], [ -78.811811956996664, 33.743830174631476 ], [ -78.811349868288829, 33.744147510776642 ], [ -78.810887428592963, 33.744464443561739 ], [ -78.81042463886287, 33.744780971317411 ], [ -78.80996149999622, 33.745097092346043 ], [ -78.809498012933659, 33.745412805083411 ], [ -78.809034178518431, 33.745728107955614 ], [ -78.808569997518916, 33.74604299945041 ], [ -78.808105470611252, 33.746357478063921 ], [ -78.807640598253656, 33.746671542186029 ], [ -78.807175380882896, 33.746985190350678 ], [ -78.806709818883419, 33.747298421203389 ], [ -78.80624391262873, 33.747611233551659 ], [ -78.805777662497405, 33.747923626398197 ], [ -78.805311068824466, 33.748235598887398 ], [ -78.804844131965282, 33.748547150389832 ], [ -78.804376852343736, 33.748858280554117 ], [ -78.803909230443637, 33.749168989313787 ], [ -78.803441266774684, 33.749479276851282 ], [ -78.802972961998933, 33.749789143746717 ], [ -78.802504316974179, 33.75009859103438 ], [ -78.802035332609663, 33.750407620015203 ], [ -78.801566009918076, 33.750716232325587 ], [ -78.801096350261872, 33.75102443021926 ], [ -78.800626355223343, 33.751332216409885 ], [ -78.800156026481432, 33.751639593926306 ], [ -78.799685365961977, 33.751946566277852 ], [ -78.799214375932166, 33.752253137555329 ], [ -78.798743058827895, 33.752559312220725 ], [ -78.798271417258789, 33.752865095101214 ], [ -78.797799454105245, 33.753170491491041 ], [ -78.797327172446387, 33.753475507052485 ], [ -78.796854575608904, 33.753780147874402 ], [ -78.796381667096782, 33.754084420374241 ], [ -78.795908450691755, 33.754388331352871 ], [ -78.795434930351163, 33.75469188790148 ], [ -78.794961110099962, 33.754995097300615 ], [ -78.794486994086029, 33.755297967013846 ], [ -78.794012586524943, 33.755600504600736 ], [ -78.793537891742147, 33.75590271778605 ], [ -78.793062914123183, 33.756204614373928 ], [ -78.792587657941382, 33.756506202030266 ], [ -78.792112127377962, 33.756807488297959 ], [ -78.791636326626943, 33.757108480704559 ], [ -78.791160259763018, 33.75740918658763 ], [ -78.790683930677346, 33.757709613013354 ], [ -78.79020734305422, 33.758009766739747 ], [ -78.78973050038519, 33.758309654236562 ], [ -78.789253405959258, 33.758609281592037 ], [ -78.788776063379927, 33.758908654961168 ], [ -78.788298475137509, 33.759207779309122 ], [ -78.787820642495987, 33.759506658182652 ], [ -78.787342567125421, 33.75980529537847 ], [ -78.786864250264998, 33.760103694070999 ], [ -78.786385692829526, 33.760401856994505 ], [ -78.78590689533435, 33.760699786271353 ], [ -78.785427857814909, 33.760997483302745 ], [ -78.784948579801465, 33.761294948763961 ], [ -78.784469060400198, 33.761592182685177 ], [ -78.783989298189411, 33.761889184367305 ], [ -78.783509291305734, 33.762185952464449 ], [ -78.783029037427482, 33.762482484968061 ], [ -78.782548533801673, 33.762778779236811 ], [ -78.782067777223247, 33.763074831991382 ], [ -78.781586764135341, 33.763370639416848 ], [ -78.78110549070044, 33.763666197264023 ], [ -78.780623952788687, 33.763961500818404 ], [ -78.780142145964248, 33.764256544884049 ], [ -78.779660065596829, 33.764551323936914 ], [ -78.779177706887552, 33.764845832153362 ], [ -78.778695064906969, 33.765140063452598 ], [ -78.778212134657338, 33.765434011574378 ], [ -78.777728911094385, 33.765727670104766 ], [ -78.777245389160313, 33.766021032525707 ], [ -78.776761563835194, 33.766314092273312 ], [ -78.776277430128161, 33.766606842739634 ], [ -78.775792983223013, 33.766899277414616 ], [ -78.77530821865443, 33.767191390083788 ], [ -78.774823132023926, 33.767483174557569 ], [ -78.774337719107578, 33.767774624765629 ], [ -78.773851976151619, 33.768065735064958 ], [ -78.773365899769487, 33.768356500147924 ], [ -78.772879486795588, 33.768646914894077 ], [ -78.772392734451387, 33.768936974525971 ], [ -78.77190564036782, 33.769226674656501 ], [ -78.771418202696054, 33.769516011399688 ], [ -78.770930420171496, 33.769804981411262 ], [ -78.770442291813126, 33.770093581605849 ], [ -78.769953817046755, 33.770381809260634 ], [ -78.769464995748052, 33.770669662037193 ], [ -78.768975828392712, 33.770957138229633 ], [ -78.768486315905406, 33.771244236555532 ], [ -78.767996459505014, 33.771530955922607 ], [ -78.767506260868316, 33.771817295655687 ], [ -78.767015722075911, 33.772103255443334 ], [ -78.766524845511483, 33.772388835219751 ], [ -78.766033634039005, 33.772674035371494 ], [ -78.76554209076717, 33.772958856440162 ], [ -78.765050219109071, 33.773243299200423 ], [ -78.764558022746471, 33.773527364625465 ], [ -78.764065505464544, 33.773811053713345 ], [ -78.763572671277871, 33.77409436763871 ], [ -78.763079524431021, 33.774377307736692 ], [ -78.762586069256983, 33.774659875370226 ], [ -78.762092310101067, 33.774942071837735 ], [ -78.76159825129929, 33.77522389833851 ], [ -78.761103897248987, 33.775505356093667 ], [ -78.760609252258206, 33.775786446181982 ], [ -78.760114320528643, 33.776067169524524 ], [ -78.75961910622334, 33.776347526968628 ], [ -78.759123613339185, 33.776627519155646 ], [ -78.758627845686163, 33.776907146519235 ], [ -78.75813180686643, 33.777186409271678 ], [ -78.757635500268833, 33.777465307419391 ], [ -78.757138929020158, 33.777743840723488 ], [ -78.756642095937195, 33.778022008669652 ], [ -78.756145003579164, 33.778299810529354 ], [ -78.755647654183548, 33.778577245318559 ], [ -78.75515004975496, 33.778854311891315 ], [ -78.754652192001927, 33.779131008923457 ], [ -78.754154082232901, 33.779407334811552 ], [ -78.753655721388839, 33.779683287700642 ], [ -78.753157110099608, 33.779958865582842 ], [ -78.752658248680788, 33.780234066325086 ], [ -78.752159137077754, 33.780508887600512 ], [ -78.751659774909044, 33.780783326948004 ], [ -78.751160161503719, 33.781057381852811 ], [ -78.750660295897461, 33.781331049748971 ], [ -78.750160176796541, 33.781604327968843 ], [ -78.749659802680327, 33.781877213879518 ], [ -78.749159171793409, 33.782149704919675 ], [ -78.748658282122619, 33.782421798552825 ], [ -78.748157131378349, 33.782693492236326 ], [ -78.747655716752533, 33.782964783232977 ], [ -78.747154035676175, 33.783235669353836 ], [ -78.746652085446357, 33.783506148559752 ], [ -78.74614986330424, 33.783776219050047 ], [ -78.745647366078074, 33.784045878916622 ], [ -78.74514459048136, 33.784315126419443 ], [ -78.744641533871118, 33.784583960987497 ], [ -78.744138193298937, 33.78485238194488 ], [ -78.743634565362441, 33.785120388262229 ], [ -78.743130646543577, 33.785387978951896 ], [ -78.742626433597735, 33.785655153723525 ], [ -78.742121923266097, 33.785921912495759 ], [ -78.741617112406502, 33.786188255523669 ], [ -78.741111997975196, 33.786454183364206 ], [ -78.74060657702573, 33.786719696838688 ], [ -78.740100846743729, 33.786984797064939 ], [ -78.739594804487425, 33.787249485464741 ], [ -78.739088447758093, 33.787513763702684 ], [ -78.738581774161545, 33.787777633612997 ], [ -78.738074781451672, 33.78804109718989 ], [ -78.737567467610148, 33.788304156710083 ], [ -78.737059830806814, 33.788566814632624 ], [ -78.736551869388848, 33.788829073560308 ], [ -78.736043581914103, 33.789090936247099 ], [ -78.735534967143948, 33.789352405570106 ], [ -78.735026024019106, 33.789613484472987 ], [ -78.734516751652237, 33.789874175916154 ], [ -78.734007149411212, 33.790134482970572 ], [ -78.73349721684383, 33.790394408732496 ], [ -78.732986953643561, 33.790653956215735 ], [ -78.732476359618232, 33.790913128300915 ], [ -78.731965434649908, 33.791171927708881 ], [ -78.731454178925205, 33.791430357235001 ], [ -78.730942592745649, 33.791688419504261 ], [ -78.730430676488311, 33.791946116936863 ], [ -78.729918430614873, 33.792203451709362 ], [ -78.729405855772455, 33.792460425883363 ], [ -78.728892952709614, 33.792717041321339 ], [ -78.728379722420911, 33.792973299799058 ], [ -78.727866165792463, 33.793229202680379 ], [ -78.72735228375609, 33.793484751044936 ], [ -78.726838077187054, 33.793739945576718 ], [ -78.726323546987715, 33.793994786678553 ], [ -78.725808694049377, 33.794249274423493 ], [ -78.725293519202708, 33.794503408493952 ], [ -78.724778023247438, 33.794757188236645 ], [ -78.72426220674258, 33.795010612448927 ], [ -78.723746070338649, 33.795263679738618 ], [ -78.723229615056027, 33.795516388829398 ], [ -78.722712841432227, 33.795768737646206 ], [ -78.722195749813153, 33.796020723624949 ], [ -78.721678340492048, 33.796272343982359 ], [ -78.721160613626097, 33.796523595574385 ], [ -78.720642569323886, 33.796774474979685 ], [ -78.720124207560062, 33.797024978441897 ], [ -78.719605527920152, 33.797275101553623 ], [ -78.71908652992056, 33.797524839682289 ], [ -78.718567213039151, 33.797774188006251 ], [ -78.718047576564061, 33.798023141370749 ], [ -78.717527619640705, 33.798271694328974 ], [ -78.717007341228324, 33.798519841178432 ], [ -78.716486740071417, 33.798767575905018 ], [ -78.715965814842491, 33.799014892260701 ], [ -78.715444564085942, 33.799261783803644 ], [ -78.714922986185542, 33.799508243918261 ], [ -78.714401079350665, 33.799754265735722 ], [ -78.713878841570079, 33.799999842048933 ], [ -78.713356270760613, 33.800244965608215 ], [ -78.712833364701453, 33.800489629018976 ], [ -78.712310121012621, 33.800733824650742 ], [ -78.711786537101062, 33.80097754461211 ], [ -78.711262610588108, 33.801220781412688 ], [ -78.710738339029078, 33.801463527505774 ], [ -78.710213719720244, 33.801705775029347 ], [ -78.709688749892635, 33.801947516087765 ], [ -78.709163426551427, 33.802188742465034 ], [ -78.708637746814816, 33.80242944623005 ], [ -78.708111707943814, 33.802669619760408 ], [ -78.70758530698501, 33.802909255133343 ], [ -78.707058540930475, 33.803148344396028 ], [ -78.706531406826102, 33.803386879785627 ], [ -78.706003901712947, 33.803624853602471 ], [ -78.70547602269427, 33.803862258283701 ], [ -78.704947766905192, 33.80409908637963 ], [ -78.704419131531012, 33.804335330576983 ], [ -78.703890113804391, 33.804570983697872 ], [ -78.703360711054984, 33.804806038761562 ], [ -78.702830920630674, 33.80504048888082 ], [ -78.702300739882219, 33.805274327243595 ], [ -78.701770166436219, 33.805507547502692 ], [ -78.701239198063178, 33.805740143572514 ], [ -78.700707832426417, 33.805972109240351 ], [ -78.700176067349148, 33.806203438602196 ], [ -78.699643900937176, 33.806434126247169 ], [ -78.699111331372237, 33.806664166908405 ], [ -78.698578356848898, 33.806893555381151 ], [ -78.69804497585173, 33.807122286966198 ], [ -78.69751118711379, 33.807350357386831 ], [ -78.69697698941286, 33.807577762442477 ], [ -78.696442381718185, 33.807804498257212 ], [ -78.695907363141856, 33.808030561244955 ], [ -78.69537193297964, 33.808255948140996 ], [ -78.69483609076768, 33.808480656097899 ], [ -78.69429983620617, 33.808704682550598 ], [ -78.693763169166331, 33.808928025269424 ], [ -78.693226089706343, 33.809150682300171 ], [ -78.692688598113307, 33.809372652040317 ], [ -78.692150694848124, 33.809593933250369 ], [ -78.691612380554645, 33.809814525012456 ], [ -78.691073656113261, 33.810034426776532 ], [ -78.69053452260664, 33.81025363833902 ], [ -78.689994981270303, 33.810472159793463 ], [ -78.689455033521142, 33.810689991525635 ], [ -78.68891468091374, 33.810907134104944 ], [ -78.688373925299274, 33.811123588676189 ], [ -78.687832768747597, 33.811339356820561 ], [ -78.687291213234971, 33.811554440021531 ], [ -78.686749260474258, 33.811768839683339 ], [ -78.686206913434248, 33.811982558597357 ], [ -78.685664175738893, 33.81219560031775 ], [ -78.685121049989448, 33.812407967267966 ], [ -78.684577539068286, 33.812619662372114 ], [ -78.684033646018193, 33.812830688859066 ], [ -78.683489373953961, 33.813041050051282 ], [ -78.682944726113391, 33.813250749500114 ], [ -78.682399705931289, 33.813459791093393 ], [ -78.681854316963893, 33.813668178924964 ], [ -78.68130856291674, 33.813875917363269 ], [ -78.680762447560056, 33.814083010891451 ], [ -78.680215974628481, 33.814289463901503 ], [ -78.679669147996307, 33.81449528105145 ], [ -78.679121971646524, 33.81470046723085 ], [ -78.67857444956293, 33.814905027326567 ], [ -78.678026585739175, 33.815108966275048 ], [ -78.677478384172545, 33.815312289022117 ], [ -78.676929848913232, 33.815515000608755 ], [ -78.676380983982668, 33.815717106053519 ], [ -78.67583179340015, 33.815918610398477 ], [ -78.675282281242332, 33.816119518829332 ], [ -78.674732451530986, 33.816319836454184 ], [ -78.674182308183958, 33.816519568191531 ], [ -78.673631855189029, 33.816718719150764 ], [ -78.673081096549367, 33.816917294521069 ], [ -78.672530036177946, 33.817115299346227 ], [ -78.671978677965768, 33.817312738664235 ], [ -78.671427025754014, 33.817509617475423 ], [ -78.670875083328994, 33.817705940740225 ], [ -78.670322854493321, 33.817901713496262 ], [ -78.669770343008423, 33.81809694075551 ], [ -78.669217552432031, 33.818291627078118 ], [ -78.668664486440235, 33.818485777439953 ], [ -78.668111148800321, 33.818679397123908 ], [ -78.667557543115606, 33.818872491051444 ], [ -78.667003672898304, 33.819065064015135 ], [ -78.666449541830502, 33.819257121316653 ], [ -78.665895153609043, 33.819448668359783 ], [ -78.665340511764114, 33.819639710189648 ], [ -78.664785619932104, 33.819830252135191 ], [ -78.664230481700187, 33.820020299616701 ], [ -78.663675100664278, 33.820209858133389 ], [ -78.663119480631295, 33.820398933617554 ], [ -78.662563625412076, 33.820587532088645 ], [ -78.662007538859484, 33.82077565975365 ], [ -78.66145122488571, 33.820963323008044 ], [ -78.660894687427756, 33.821150528407991 ], [ -78.660337930732666, 33.821337283125843 ], [ -78.659780959137152, 33.821523594585905 ], [ -78.659223776806684, 33.821709469997565 ], [ -78.658666388138784, 33.821894917086439 ], [ -78.658108797667865, 33.822079943931854 ], [ -78.657551010074044, 33.82226455897657 ], [ -78.656993030157693, 33.822448770985211 ], [ -78.656434862886186, 33.822632589111279 ], [ -78.655876513425952, 33.822816022943819 ], [ -78.655317987040263, 33.822999082359082 ], [ -78.654759289131221, 33.823181777579698 ], [ -78.654200425254089, 33.823364119193187 ], [ -78.653641401103911, 33.823546118128938 ], [ -78.653082222534835, 33.823727785681378 ], [ -78.652522895531362, 33.823909133462365 ], [ -78.651963426207686, 33.824090173394509 ], [ -78.651403820783003, 33.824270917665665 ], [ -78.650844085578996, 33.824451378717214 ], [ -78.650284227003283, 33.824631569209217 ], [ -78.649724251544967, 33.824811502003335 ], [ -78.649164165746996, 33.824991190109486 ], [ -78.648603976198004, 33.825170646661377 ], [ -78.648043689473269, 33.825349884811573 ], [ -78.647483312148921, 33.825528917740421 ], [ -78.646922850810114, 33.825707758655 ], [ -78.646362311980667, 33.825886420664489 ], [ -78.645801702078145, 33.826064916695692 ], [ -78.645241027465346, 33.82624325957368 ], [ -78.64468029440539, 33.826421461922536 ], [ -78.644119508953068, 33.82659953595433 ], [ -78.64355867697985, 33.826777493515728 ], [ -78.642997804240366, 33.826955346207768 ], [ -78.642436896216253, 33.82713310506518 ], [ -78.64187595801593, 33.827310780367462 ], [ -78.641314994524194, 33.827488381931389 ], [ -78.640754010346342, 33.827665918978234 ], [ -78.640193009715432, 33.82784339995213 ], [ -78.63963199647587, 33.828020832494587 ], [ -78.639070974150485, 33.828198223566886 ], [ -78.638509945860136, 33.828375579277235 ], [ -78.637948914271888, 33.82855290472363 ], [ -78.637387881679444, 33.828730204245446 ], [ -78.636826849776057, 33.828907480973683 ], [ -78.6362658198627, 33.829084737195302 ], [ -78.635704792932245, 33.829261974471841 ], [ -78.635143769384527, 33.829439193102786 ], [ -78.634582749086505, 33.829616392303024 ], [ -78.634021731495835, 33.829793570381945 ], [ -78.633460715625048, 33.829970724694896 ], [ -78.632899699988357, 33.830147851541042 ], [ -78.632338682654478, 33.830324946281635 ], [ -78.631777661220482, 33.830502003283584 ], [ -78.631216632843447, 33.830679015960584 ], [ -78.630655594267736, 33.830855976854359 ], [ -78.630094541831994, 33.83103287762281 ], [ -78.629533471552264, 33.831209709245584 ], [ -78.628972379041812, 33.83138646187161 ], [ -78.628411259562284, 33.831563124848344 ], [ -78.627850108064678, 33.831739686853481 ], [ -78.627288919262526, 33.83191613619131 ], [ -78.626727687607456, 33.832092460593628 ], [ -78.626166407295429, 33.832268647131968 ], [ -78.625605072380296, 33.832444682675913 ], [ -78.625043676764292, 33.832620553854035 ], [ -78.624482214171465, 33.83279624686417 ], [ -78.623920678260291, 33.832971747757625 ], [ -78.623359062668598, 33.833147042648555 ], [ -78.622797360973877, 33.833322117547944 ], [ -78.622235566714039, 33.833496958296017 ], [ -78.621673673485247, 33.833671550928962 ], [ -78.621111674929409, 33.833845881517242 ], [ -78.620549564815335, 33.834019936537537 ], [ -78.619987337006094, 33.834193702772126 ], [ -78.619424985458878, 33.834367167118707 ], [ -78.618862504279647, 33.834540316799881 ], [ -78.61829988775348, 33.834713139540995 ], [ -78.617737130356716, 33.834885623457573 ], [ -78.617174226720408, 33.835057756626327 ], [ -78.616611171688859, 33.835229527812267 ], [ -78.616047960336275, 33.835400926549106 ], [ -78.615484587957638, 33.835571942598769 ], [ -78.614921050065121, 33.835742566158103 ], [ -78.614357342405157, 33.835912787828043 ], [ -78.613793460916412, 33.836082598506586 ], [ -78.613229401738721, 33.836251989448577 ], [ -78.612665161256544, 33.836420952303193 ], [ -78.612100736077409, 33.836589479173604 ], [ -78.611536122992788, 33.836757562756752 ], [ -78.610971318960225, 33.836925195918049 ], [ -78.610406321110759, 33.837092371526083 ], [ -78.609841126716333, 33.837259082575109 ], [ -78.609275733161667, 33.837425322106149 ], [ -78.608710137954517, 33.837591083201644 ], [ -78.608144338719725, 33.837756358947807 ], [ -78.60757833313572, 33.837921142287534 ], [ -78.607012118951175, 33.838085426027057 ], [ -78.606445693877802, 33.838249202592984 ], [ -78.605879055630027, 33.838412464088123 ], [ -78.605312202018112, 33.838575202446819 ], [ -78.604745130795223, 33.838737409111907 ], [ -78.604177839599998, 33.838899074895394 ], [ -78.603610326028473, 33.839060190098536 ], [ -78.603042587646229, 33.839220744517334 ], [ -78.602474621850519, 33.839380727137517 ], [ -78.601906425902456, 33.839540126182555 ], [ -78.601337996985521, 33.839698929229243 ], [ -78.600769332148943, 33.839857123070267 ], [ -78.600200428168492, 33.840014693386856 ], [ -78.599631281853334, 33.840171625362672 ], [ -78.599061889945119, 33.84032790349945 ], [ -78.598492248840586, 33.840483511087413 ], [ -78.597922354858241, 33.840638430712374 ], [ -78.597352204001879, 33.840792643781938 ], [ -78.596781792083348, 33.840946130739489 ], [ -78.596211114923761, 33.841098871493806 ], [ -78.595640168140619, 33.841250845062902 ], [ -78.595068947088592, 33.841402029451885 ], [ -78.594497447059723, 33.841552402017435 ], [ -78.59392566325613, 33.841701939476195 ], [ -78.593353590926995, 33.841850618166916 ], [ -78.592781225222041, 33.841998413843527 ], [ -78.592208561282391, 33.842145301862267 ], [ -78.5916355942107, 33.842291257206618 ], [ -78.59106231912547, 33.842436254636091 ], [ -78.590488731212758, 33.842580268825216 ], [ -78.589914825684403, 33.842723274338418 ], [ -78.58934059800275, 33.842865246091868 ], [ -78.58876604389215, 33.843006159498877 ], [ -78.588191159155173, 33.843145990188127 ], [ -78.587615939855851, 33.843284714370832 ], [ -78.587040382496667, 33.843422309286069 ], [ -78.586464483926449, 33.843558753139824 ], [ -78.585888241348727, 33.843694025147045 ], [ -78.585311652368688, 33.843828105737572 ], [ -78.584734715148571, 33.843960976973598 ], [ -78.584157428553752, 33.84409262282945 ], [ -78.583579792015399, 33.844223029067535 ], [ -78.583001805459375, 33.844352183262686 ], [ -78.582423469544807, 33.844480075252051 ], [ -78.581844785754996, 33.844606697414854 ], [ -78.581265756306678, 33.844732044607447 ], [ -78.580686384241375, 33.844856114462566 ], [ -78.580106673567741, 33.844978907692891 ], [ -78.579526629174239, 33.845100427989131 ], [ -78.578946256914122, 33.845220682288563 ], [ -78.578365563666225, 33.845339680975989 ], [ -78.577784557292858, 33.845457437876711 ], [ -78.577203246697081, 33.845573970406726 ], [ -78.576621641945593, 33.845689299863182 ], [ -78.576039754230919, 33.845803451461151 ], [ -78.575457595678614, 33.845916453948206 ], [ -78.57487517953156, 33.846028339975838 ], [ -78.574292520312056, 33.846139146516066 ], [ -78.573709633779515, 33.846248914739405 ], [ -78.573126536728182, 33.846357689670157 ], [ -78.572543247025152, 33.846465520264381 ], [ -78.571959783890691, 33.846572459911023 ], [ -78.571376167747346, 33.846678566107656 ], [ -78.570792419936225, 33.846783899935687 ], [ -78.570208562749556, 33.846888526151574 ], [ -78.569624619718098, 33.84699251358294 ], [ -78.569040615390165, 33.847095934681043 ], [ -78.568456575307309, 33.847198865406192 ], [ -78.567872525961974, 33.847301385066665 ], [ -78.567288494638447, 33.847403575972081 ], [ -78.566704509546994, 33.847505523584772 ], [ -78.566120599672914, 33.847607316096571 ], [ -78.565536794658669, 33.847709044102885 ], [ -78.564953124795295, 33.847810800486435 ], [ -78.564369620966204, 33.847912680189012 ], [ -78.563786314638591, 33.848014780072496 ], [ -78.56320323768287, 33.848117198423289 ], [ -78.562620422288859, 33.8482200346591 ], [ -78.562037900908308, 33.8483233890829 ], [ -78.561455706106528, 33.848427362445292 ], [ -78.560873870617044, 33.848532055916515 ], [ -78.56029242726207, 33.84863757079961 ], [ -78.559711408559309, 33.848744007595187 ], [ -78.559130846787184, 33.848851465992546 ], [ -78.55855077392502, 33.848960044622331 ], [ -78.557971221579422, 33.849069840779926 ], [ -78.557392220884651, 33.84918095010606 ], [ -78.556813802332016, 33.849293466104015 ], [ -78.556235995644187, 33.849407479763798 ], [ -78.555658829777087, 33.849523079481045 ], [ -78.555082332909777, 33.849640351018493 ], [ -78.554506532069482, 33.849759376443146 ], [ -78.553931453121393, 33.849880234076203 ], [ -78.553357120837305, 33.850002998703111 ], [ -78.552783558757426, 33.850127741165032 ], [ -78.552210788981924, 33.850254527781217 ], [ -78.551638832143254, 33.850383420290029 ], [ -78.551067707518371, 33.850514476124104 ], [ -78.550497432759173, 33.850647747744951 ], [ -78.549928023797136, 33.850783282403043 ], [ -78.549359494879639, 33.850921122262797 ], [ -78.548791858474729, 33.851061304175829 ], [ -78.548225125244713, 33.851203859639796 ], [ -78.547659304003972, 33.851348814741499 ], [ -78.547094401733318, 33.851496190243971 ], [ -78.546530423488434, 33.851646001380701 ], [ -78.545967372297127, 33.851798257751746 ], [ -78.545405249254685, 33.851952963461699 ], [ -78.544844053735275, 33.852110117573659 ], [ -78.544283783079663, 33.852269713713575 ], [ -78.543724432620721, 33.852431740113758 ], [ -78.543165995702722, 33.852596179646419 ], [ -78.542608463770705, 33.852763010153083 ], [ -78.542051826417676, 33.85293220464353 ], [ -78.541496071349741, 33.853103731210474 ], [ -78.540941184395479, 33.853277553048024 ], [ -78.540387149702568, 33.853453629262013 ], [ -78.539833949729157, 33.853631914809199 ], [ -78.539281565177049, 33.853812360106382 ], [ -78.538729975299802, 33.853994912249327 ], [ -78.538179157822242, 33.854179514762194 ], [ -78.537629088930615, 33.854366107464827 ], [ -78.537079743427881, 33.854554626991558 ], [ -78.536531094812275, 33.854745007025684 ], [ -78.535983115359372, 33.854937178537277 ], [ -78.535435776206398, 33.855131070022743 ], [ -78.534889047439236, 33.855326607745411 ], [ -78.53434289818108, 33.855523715975657 ], [ -78.533797296682735, 33.85572231722962 ], [ -78.533252210413693, 33.855922332505571 ], [ -78.532707606154105, 33.856123681516898 ], [ -78.532163450086827, 33.856326282920911 ], [ -78.531619707889405, 33.856530054542631 ], [ -78.531076344808753, 33.856734913551605 ], [ -78.53053332576971, 33.856940776717799 ], [ -78.529990615491414, 33.857147560680929 ], [ -78.529448178532419, 33.857355182048479 ], [ -78.528905979347527, 33.857563557519121 ], [ -78.528363982615431, 33.857772604529295 ], [ -78.527822153080237, 33.857982241012252 ], [ -78.527280455490697, 33.858192385279125 ], [ -78.5267388549468, 33.858402956646195 ], [ -78.526197316896059, 33.858613875470191 ], [ -78.525655807213084, 33.858825063288741 ], [ -78.525114292232658, 33.85903644287022 ], [ -78.524572738817156, 33.859247938362735 ], [ -78.524031114508503, 33.859459475621343 ], [ -78.523489387473418, 33.859670981993204 ], [ -78.522947526614985, 33.859882386574043 ], [ -78.522405501587528, 33.860093620210705 ], [ -78.521863282910104, 33.860304615726882 ], [ -78.521320842052134, 33.860515308123773 ], [ -78.520778151379645, 33.860725634386093 ], [ -78.52023518423016, 33.860935533635292 ], [ -78.519691914937894, 33.861144947153797 ], [ -78.519148318899852, 33.861353818519525 ], [ -78.518604372605395, 33.861562093630106 ], [ -78.518060053667611, 33.861769720764464 ], [ -78.517515340871824, 33.861976650684198 ], [ -78.516970214166079, 33.862182836572259 ], [ -78.516424654693907, 33.862388234113205 ], [ -78.515878644834828, 33.862592801532166 ], [ -78.515332168216872, 33.862796499631081 ], [ -78.514785209735365, 33.86299929187058 ], [ -78.514237755567834, 33.863201144349233 ], [ -78.513689793142177, 33.863402025605581 ], [ -78.513141311214483, 33.863601906957392 ], [ -78.512592299923512, 33.863800762706184 ], [ -78.5120427506764, 33.863998569647727 ], [ -78.511492656176046, 33.864195307190315 ], [ -78.510942010491647, 33.86439095766525 ], [ -78.51039080902467, 33.864585506183012 ], [ -78.509839048484892, 33.864778940498681 ], [ -78.509286726908769, 33.86497125116864 ], [ -78.50873384364516, 33.865162431606791 ], [ -78.50818039933587, 33.865352477907571 ], [ -78.507626395946289, 33.865541389076697 ], [ -78.507071836681348, 33.865729166644016 ], [ -78.506516725974336, 33.865915814735196 ], [ -78.505961069520581, 33.866101340358696 ], [ -78.505404874219593, 33.866285753176655 ], [ -78.504848148123955, 33.866469065315073 ], [ -78.504290900440651, 33.866651291532357 ], [ -78.50373314157045, 33.866832449642068 ], [ -78.503174882946553, 33.867012559537976 ], [ -78.502616136989147, 33.867191643138121 ], [ -78.502056917133189, 33.86736972500546 ], [ -78.501497237738988, 33.867546831901677 ], [ -78.500937114085119, 33.867722992867471 ], [ -78.500376562300673, 33.867898239082194 ], [ -78.499815599260714, 33.868072603570404 ], [ -78.499254242555608, 33.868246121200833 ], [ -78.498692510456692, 33.86841882854165 ], [ -78.498130421753899, 33.86859076332761 ], [ -78.497567995770012, 33.868761964895157 ], [ -78.497005252331391, 33.868932474247359 ], [ -78.496442211665368, 33.869102333615395 ], [ -78.495878894253153, 33.869271586110322 ], [ -78.49531532077188, 33.869440275612114 ], [ -78.494751512062052, 33.869608446726339 ], [ -78.494187489018316, 33.869776144530924 ], [ -78.493623272456787, 33.8699434142436 ], [ -78.493058883094292, 33.870110301224784 ], [ -78.492494341553794, 33.870276851042789 ], [ -78.491929668112647, 33.870443108798781 ], [ -78.491364882614207, 33.870609118929742 ], [ -78.490800004531721, 33.870774925404447 ], [ -78.490235052850039, 33.870940571431653 ], [ -78.489670045883955, 33.871106098999121 ], [ -78.489105001264349, 33.871271548851041 ], [ -78.488539935931669, 33.871436960477531 ], [ -78.487974865994687, 33.871602371756531 ], [ -78.487409806586513, 33.871767818571506 ], [ -78.486844771945812, 33.871933335039913 ], [ -78.486279775149853, 33.872098952904913 ], [ -78.485714828251844, 33.872264701816761 ], [ -78.485149942423632, 33.872430609534426 ], [ -78.484585127668851, 33.872596701301113 ], [ -78.484020392844826, 33.872762999861848 ], [ -78.483455745538819, 33.87292952521026 ], [ -78.482891192066859, 33.873096294565798 ], [ -78.482326737566567, 33.873263322458541 ], [ -78.481762385963634, 33.873430620664891 ], [ -78.481198139836025, 33.873598197957115 ], [ -78.480634000519558, 33.873766060277021 ], [ -78.480069967988811, 33.873934210496053 ], [ -78.479506041071701, 33.874102648783115 ], [ -78.478942217391804, 33.874271372501376 ], [ -78.478378493448744, 33.874440376310964 ], [ -78.477814864628073, 33.874609652197371 ], [ -78.477251325216841, 33.874779189509844 ], [ -78.476687868484333, 33.874948975115245 ], [ -78.476124486618744, 33.875118993326147 ], [ -78.475561170885911, 33.875289226159623 ], [ -78.474997911786119, 33.875459653623771 ], [ -78.474434698965553, 33.875630253619242 ], [ -78.473871521266034, 33.875801002051567 ], [ -78.473308366940259, 33.87597187322833 ], [ -78.47274522366142, 33.876142839914678 ], [ -78.47218207862629, 33.876313873533249 ], [ -78.471618918632501, 33.876484944366339 ], [ -78.471055730009752, 33.876656021505489 ], [ -78.470492498864701, 33.876827073269666 ], [ -78.469929211288871, 33.876998067595451 ], [ -78.469365853212778, 33.877168971882192 ], [ -78.468802410493481, 33.877339753190086 ], [ -78.468238869094677, 33.877510378581121 ], [ -78.467675215174538, 33.87768081531749 ], [ -78.467111435028414, 33.877851030828808 ], [ -78.466547515223837, 33.878020992983664 ], [ -78.465983442657489, 33.878190670213854 ], [ -78.465419204661941, 33.878360031788795 ], [ -78.464854789093451, 33.87852904799319 ], [ -78.464290184304261, 33.878697690097326 ], [ -78.463725379162994, 33.878865930456421 ], [ -78.463160363221391, 33.879033742848748 ], [ -78.462595126761784, 33.879201102562604 ], [ -78.462029660709149, 33.879367986312118 ], [ -78.461463956752979, 33.879534372456391 ], [ -78.460898007247337, 33.87970024086718 ], [ -78.460331805298608, 33.87986557309209 ], [ -78.459765344919077, 33.880030352632922 ], [ -78.459198620901944, 33.880194564778435 ], [ -78.458631628625128, 33.880358196263913 ], [ -78.458064364380633, 33.880521235834216 ], [ -78.457496825478742, 33.880683674446338 ], [ -78.456929009856992, 33.880845504659689 ], [ -78.456360916188544, 33.881006720766187 ], [ -78.455792543916303, 33.881167318881808 ], [ -78.455223893176893, 33.881327296789344 ], [ -78.454654964959829, 33.881486654220019 ], [ -78.45408576095339, 33.881645392587444 ], [ -78.453516283427575, 33.881803514776905 ], [ -78.452946535311085, 33.881961025279608 ], [ -78.452376520169437, 33.882117930141668 ], [ -78.451806242144471, 33.882274236822369 ], [ -78.451235705827258, 33.882429953944261 ], [ -78.450664916604936, 33.882585091818413 ], [ -78.450093880100567, 33.882739661621734 ], [ -78.44952260210195, 33.882893675259488 ], [ -78.448951088957671, 33.883047145869511 ], [ -78.448379347315552, 33.883200087418878 ], [ -78.447807384127401, 33.883352514693151 ], [ -78.447235206763978, 33.883504443473043 ], [ -78.446662822866529, 33.883655890192088 ], [ -78.4460902406271, 33.883806872260237 ], [ -78.445517467999068, 33.883957407113726 ], [ -78.444944512614256, 33.884107512116252 ], [ -78.44437138258975, 33.884257205366396 ], [ -78.443798086145449, 33.884406505295367 ], [ -78.443224631516486, 33.884555430453588 ], [ -78.442651027035922, 33.884703999613258 ], [ -78.442077280963417, 33.884852231513364 ], [ -78.441503401562642, 33.885000144940918 ], [ -78.440929397095459, 33.885147758752225 ], [ -78.440355276335055, 33.885295092141355 ], [ -78.439781046652755, 33.885442161561784 ], [ -78.439206715776749, 33.885588984401103 ], [ -78.438632291666337, 33.885735578598968 ], [ -78.438057782169608, 33.885881961767993 ], [ -78.437483195055663, 33.886028151249135 ], [ -78.436908538014592, 33.886174164087066 ], [ -78.436333818661524, 33.886320017013361 ], [ -78.435759044563866, 33.886465726495054 ], [ -78.435184223214662, 33.886611308618775 ], [ -78.434609362031054, 33.886756779045392 ], [ -78.434034468416755, 33.886902153155674 ], [ -78.433459549743063, 33.887047445950365 ], [ -78.432884613434382, 33.887192672241973 ], [ -78.432309666961288, 33.887337846586298 ], [ -78.431734717775157, 33.887482983027319 ], [ -78.431159773407515, 33.887628095335224 ], [ -78.430584841536657, 33.887773197149009 ], [ -78.430009929950216, 33.887918301783465 ], [ -78.429435046458607, 33.888063422883803 ], [ -78.428860199149099, 33.888208573655703 ], [ -78.428285396402899, 33.888353767042069 ], [ -78.427710646760147, 33.888499015525142 ], [ -78.427135959044833, 33.888644331616035 ], [ -78.426561342539813, 33.888789728121004 ], [ -78.425986806814564, 33.888935217446729 ], [ -78.42541236160335, 33.889080811178474 ], [ -78.424838017127996, 33.889226521096631 ], [ -78.424263784212869, 33.889372359447549 ], [ -78.423689674101269, 33.88951833821492 ], [ -78.423115698411337, 33.889664468889443 ], [ -78.422541869327773, 33.889810763022666 ], [ -78.421968199586715, 33.889957232102752 ], [ -78.421394702435663, 33.890103887314083 ], [ -78.420821391666266, 33.890250739579038 ], [ -78.420248281643254, 33.890397799587703 ], [ -78.419675387291164, 33.890545077681011 ], [ -78.419102724135655, 33.890692583916469 ], [ -78.41853030822594, 33.890840327779003 ], [ -78.417958156162484, 33.890988318211718 ], [ -78.417386285061824, 33.891136563478895 ], [ -78.416814712571309, 33.891285071159828 ], [ -78.416243456730157, 33.891433847785599 ], [ -78.415672535977507, 33.891582898829114 ], [ -78.415101969026395, 33.891732228456391 ], [ -78.414531775035726, 33.891881839772537 ], [ -78.413961973574359, 33.892031734741835 ], [ -78.41339258428404, 33.892181913529292 ], [ -78.41282362692192, 33.892332374545227 ], [ -78.412255121272736, 33.89248311428944 ], [ -78.411687087074796, 33.892634127212453 ], [ -78.41111954391593, 33.892785405501151 ], [ -78.410552511107653, 33.892936938884617 ], [ -78.409986007595847, 33.89308871451707 ], [ -78.409420051842588, 33.893240716799731 ], [ -78.40885466169901, 33.893392927158878 ], [ -78.408289854285968, 33.893545323977989 ], [ -78.407725645870968, 33.89369788244403 ], [ -78.407162051769561, 33.893850574488248 ], [ -78.406599086210292, 33.894003368686931 ], [ -78.406036762157441, 33.894156229983921 ], [ -78.405475091183376, 33.894309119653798 ], [ -78.404914083350889, 33.894461995265104 ], [ -78.404353747095911, 33.89461481069965 ], [ -78.403794089175236, 33.894767516491797 ], [ -78.403235114464508, 33.894920059421892 ], [ -78.402676825797087, 33.895072382388783 ], [ -78.402119223942805, 33.895224424874186 ], [ -78.401562307498111, 33.895376122974945 ], [ -78.401006072811512, 33.895527409575443 ], [ -78.400450513885175, 33.895678214470365 ], [ -78.399895622325673, 33.895828464641141 ], [ -78.399341387275115, 33.895978084451663 ], [ -78.39878779535529, 33.896126995882938 ], [ -78.398234830702819, 33.896275119018014 ], [ -78.397682474951566, 33.896422372380115 ], [ -78.397130707203274, 33.896568673210773 ], [ -78.39657950407171, 33.896713937948732 ], [ -78.396028839712187, 33.896858082626423 ], [ -78.395478685877492, 33.8970010233134 ], [ -78.394929012038858, 33.897142676812699 ], [ -78.39437978542604, 33.89728296101022 ], [ -78.393830971102048, 33.897421795260037 ], [ -78.393282532137889, 33.897559101091559 ], [ -78.392734429731476, 33.897694802663572 ], [ -78.392186623338489, 33.89782882730065 ], [ -78.391639070841777, 33.897961105998768 ], [ -78.391091728736868, 33.898091574051463 ], [ -78.390544552334461, 33.898220171676947 ], [ -78.389997495848547, 33.898346843987561 ], [ -78.389450512676532, 33.89847154176784 ], [ -78.388903555650472, 33.898594222099874 ], [ -78.388356577179337, 33.898714848528357 ], [ -78.387809529443047, 33.898833391229175 ], [ -78.387262364625556, 33.898949827534622 ], [ -78.386715035138067, 33.899064142072945 ], [ -78.3861674938682, 33.899176327327808 ], [ -78.385619694365431, 33.899286383782822 ], [ -78.385071591003069, 33.899394319621379 ], [ -78.384523139218402, 33.899500151049494 ], [ -78.383974295702913, 33.899603902281662 ], [ -78.383425018562875, 33.899705605433596 ], [ -78.382875267458914, 33.899805300285522 ], [ -78.382325003839213, 33.899903034353912 ], [ -78.381774191063911, 33.899998862657803 ], [ -78.38122279446732, 33.900092847156316 ], [ -78.380670781516699, 33.900185056571338 ], [ -78.380118121940441, 33.9002755660524 ], [ -78.379564787747682, 33.900364456554854 ], [ -78.379010753228144, 33.900451814180457 ], [ -78.378455995169801, 33.900537730122906 ], [ -78.377900492869429, 33.900622300020096 ], [ -78.377344228008852, 33.90070562300162 ], [ -78.37678718470498, 33.900787801187647 ], [ -78.376229349596755, 33.900868939341954 ], [ -78.375670711749521, 33.900949144080613 ], [ -78.375111262508725, 33.901028522788529 ], [ -78.374550995529077, 33.90110718321084 ], [ -78.373989906814984, 33.901185233351178 ], [ -78.373427994451944, 33.901262780128782 ], [ -78.372865258562882, 33.901339928795991 ], [ -78.372301701188363, 33.901416782331367 ], [ -78.371737326196708, 33.901493440941856 ], [ -78.37117213917476, 33.90157000145544 ], [ -78.370606147271445, 33.901646556596283 ], [ -78.370039359141273, 33.901723194976093 ], [ -78.369471784769246, 33.901800000394473 ], [ -78.36890343532751, 33.901877051282483 ], [ -78.368334323036166, 33.901954420387504 ], [ -78.36776446104254, 33.902032174453346 ], [ -78.367193863263964, 33.902110373928181 ], [ -78.366622544287253, 33.902189072848628 ], [ -78.366050519210276, 33.902268318460415 ], [ -78.3654778035242, 33.902348150928646 ], [ -78.364904413043092, 33.902428604027534 ], [ -78.364330363774471, 33.90250970481376 ], [ -78.363755671816961, 33.902591473416926 ], [ -78.363180353253441, 33.902673923236215 ], [ -78.362604424072828, 33.902757061126266 ], [ -78.362027900091448, 33.90284088752076 ], [ -78.36145079686051, 33.902925396531103 ], [ -78.360873129632381, 33.903010576412967 ], [ -78.360294913298347, 33.903096409781895 ], [ -78.35971616233968, 33.903182873918659 ], [ -78.359136890794176, 33.903269941127064 ], [ -78.358557112243972, 33.903357579162829 ], [ -78.357976839763083, 33.903445751513566 ], [ -78.357396085868544, 33.903534417510016 ], [ -78.356814862582681, 33.903623533209938 ], [ -78.356233181438881, 33.903713051987232 ], [ -78.355651053437768, 33.903802924440356 ], [ -78.355068489072849, 33.903893098994224 ], [ -78.354485498346477, 33.903983522338045 ], [ -78.353902090792531, 33.904074139850806 ], [ -78.353318275484227, 33.904164895917638 ], [ -78.352734061072539, 33.904255734397111 ], [ -78.352149455839125, 33.904346599084334 ], [ -78.351564467673839, 33.904437433915817 ], [ -78.350979104125116, 33.904528183366921 ], [ -78.350393372461966, 33.904618792844353 ], [ -78.349807279695796, 33.904709208986638 ], [ -78.349220832568193, 33.904799379742194 ], [ -78.348634037615369, 33.904889254737697 ], [ -78.348046901204469, 33.904978785552963 ], [ -78.347459429564566, 33.905067925907225 ], [ -78.346871628817269, 33.905156631887117 ], [ -78.346283505001296, 33.905244862029164 ], [ -78.345695064101619, 33.905332577450174 ], [ -78.345106312049879, 33.905419741932072 ], [ -78.344517254770409, 33.905506322089899 ], [ -78.343927898190458, 33.905592287349563 ], [ -78.34333824825049, 33.905677609992416 ], [ -78.342748310880381, 33.905762264978662 ], [ -78.342158092057844, 33.905846230157692 ], [ -78.341567597829226, 33.905929486409633 ], [ -78.340976834299084, 33.906012017399419 ], [ -78.340385807616855, 33.906093809444393 ], [ -78.33979452399349, 33.906174851568359 ], [ -78.339202989694357, 33.906255135365555 ], [ -78.338611211020861, 33.906334654852529 ], [ -78.338019194335061, 33.906413406394719 ], [ -78.337426946040168, 33.906491388876127 ], [ -78.336834472637406, 33.906568603485994 ], [ -78.336241780373712, 33.90664505276127 ], [ -78.335648875805489, 33.906720741610528 ], [ -78.335055765721364, 33.906795677162833 ], [ -78.334462456680853, 33.906869867810983 ], [ -78.333868955215024, 33.906943323325073 ], [ -78.333275267833372, 33.907016054941877 ], [ -78.332681400961661, 33.907088075095409 ], [ -78.332087360946659, 33.907159397284978 ], [ -78.331493153837897, 33.907230035745066 ], [ -78.330898786022374, 33.907300005974541 ], [ -78.330304264146861, 33.907369324515713 ], [ -78.329709594352607, 33.907438008159232 ], [ -78.329114782673244, 33.907506074170918 ], [ -78.328519835022263, 33.907573540178539 ], [ -78.327924757132607, 33.907640424045184 ], [ -78.327329554669788, 33.907706743866385 ], [ -78.32673423316065, 33.907772517942831 ], [ -78.326138798003598, 33.907837764655078 ], [ -78.325543253938008, 33.907902501839679 ], [ -78.324947606797195, 33.907966749464826 ], [ -78.324351861740226, 33.90803052605159 ], [ -78.323756023443636, 33.908093849104176 ], [ -78.323160096401423, 33.908156735594936 ], [ -78.322564084967667, 33.908219202453012 ], [ -78.321967993334439, 33.908281266233409 ], [ -78.321371825529113, 33.908342943215139 ], [ -78.320775585414239, 33.9084042493092 ], [ -78.320179276688719, 33.908465200012571 ], [ -78.3195829028882, 33.908525810389975 ], [ -78.318986467389379, 33.908586095107012 ], [ -78.318389973407847, 33.908646068338889 ], [ -78.317793423999944, 33.908705743745678 ], [ -78.317196822069704, 33.90876513453324 ], [ -78.316600170369014, 33.908824253342878 ], [ -78.31600347150615, 33.908883112442801 ], [ -78.315406727947831, 33.908941723654344 ], [ -78.31480994202397, 33.909000098323624 ], [ -78.314213116020596, 33.909058246767991 ], [ -78.313616252021291, 33.909116179257467 ], [ -78.31301935195755, 33.909173905903664 ], [ -78.312422417639695, 33.90923143622431 ], [ -78.311825450749168, 33.909288779087916 ], [ -78.311228452821766, 33.909345943009086 ], [ -78.310631425235528, 33.909402935896068 ], [ -78.310034369509211, 33.909459765968052 ], [ -78.309437287042286, 33.909516440940415 ], [ -78.308840178968012, 33.909572967542211 ], [ -78.308243046396811, 33.909629352345938 ], [ -78.307645890457749, 33.909685601863643 ], [ -78.307048712121698, 33.909741721863931 ], [ -78.306451512256672, 33.909797717587146 ], [ -78.305854291681356, 33.909853593917042 ], [ -78.30525705115133, 33.909909355338932 ], [ -78.304659791481967, 33.909965006373902 ], [ -78.30406251331425, 33.9100205506994 ], [ -78.303465217063192, 33.910075991010501 ], [ -78.302867903365112, 33.91013132971203 ], [ -78.302270573527224, 33.910186566959133 ], [ -78.301673228113671, 33.910241704159894 ], [ -78.301075867072043, 33.910296743808907 ], [ -78.300478490524569, 33.910351686726337 ], [ -78.299881098851159, 33.910406532683808 ], [ -78.29928369236616, 33.910461281227221 ], [ -78.298686271344522, 33.910515931325179 ], [ -78.298088836001483, 33.910570481287778 ], [ -78.297491386551528, 33.910624928913471 ], [ -78.296893923197459, 33.910679271433608 ], [ -78.296296446115107, 33.910733505447233 ], [ -78.29569895546048, 33.910787626917227 ], [ -78.295101451409849, 33.910841631253675 ], [ -78.294503934137751, 33.910895513230422 ], [ -78.293906403806702, 33.910949266933407 ], [ -78.293308860585967, 33.911002885784278 ], [ -78.292711304688169, 33.9110563626353 ], [ -78.292113736310938, 33.911109689606789 ], [ -78.29151615562391, 33.911162858329362 ], [ -78.290918562874396, 33.911215859770714 ], [ -78.290320958335045, 33.911268684395637 ], [ -78.289723342386239, 33.911321321827046 ], [ -78.289125715477283, 33.911373761038874 ], [ -78.288528078106197, 33.91142599025423 ], [ -78.287930430852398, 33.911477997016128 ], [ -78.28733277429221, 33.911529767202794 ], [ -78.286735109167978, 33.911581286821033 ], [ -78.286137436405227, 33.911632541600603 ], [ -78.2855397570425, 33.911683516566825 ], [ -78.284942072258744, 33.911734196114033 ], [ -78.28434438332944, 33.911784563393702 ], [ -78.283746691719742, 33.911834601105909 ], [ -78.283148999101613, 33.911884291714287 ], [ -78.282551307331929, 33.911933616833288 ], [ -78.281953618480884, 33.911982557482879 ], [ -78.281355934845678, 33.912031094109132 ], [ -78.280758258961356, 33.912079206581389 ], [ -78.280160593611612, 33.912126874180949 ], [ -78.279562941845214, 33.912174075646462 ], [ -78.278965306984404, 33.912220789142097 ], [ -78.27836769265663, 33.912266992434873 ], [ -78.27777010277336, 33.912312662684471 ], [ -78.277172541556197, 33.912357776601567 ], [ -78.27657501355705, 33.912402310512611 ], [ -78.275977523657332, 33.912446240380625 ], [ -78.275380077080342, 33.912489541847428 ], [ -78.274782679397404, 33.912532190334552 ], [ -78.274185336510698, 33.912574160885185 ], [ -78.273588054629542, 33.912615428010923 ], [ -78.272990840290049, 33.912655965973151 ], [ -78.272393700404564, 33.912695749141868 ], [ -78.271796642199206, 33.912734751621059 ], [ -78.271199673183418, 33.912772947246175 ], [ -78.270602801176807, 33.912810309951212 ], [ -78.270006034321241, 33.912846813901112 ], [ -78.269409380996066, 33.912882433151246 ], [ -78.268812849812619, 33.912917141974987 ], [ -78.268216449588579, 33.912950914744798 ], [ -78.26762018930944, 33.912983725878576 ], [ -78.267024078115554, 33.913015550308785 ], [ -78.266428125253512, 33.913046363346218 ], [ -78.265832340037775, 33.913076140788405 ], [ -78.265236731810546, 33.913104859038583 ], [ -78.264641309900682, 33.913132495241904 ], [ -78.264046083566285, 33.91315902734808 ], [ -78.263451061932045, 33.913184434096891 ], [ -78.26285625395785, 33.913208695306537 ], [ -78.262261668367842, 33.91323179185413 ], [ -78.261667313603937, 33.913253705849563 ], [ -78.261073197762641, 33.913274420763273 ], [ -78.260479328529158, 33.913293921491181 ], [ -78.259885713124334, 33.913312194566906 ], [ -78.259292358244963, 33.913329228249538 ], [ -78.258699269994253, 33.913345012526896 ], [ -78.258106453832482, 33.913359539365551 ], [ -78.257513914511208, 33.91337280269537 ], [ -78.256921656014001, 33.913384798636002 ], [ -78.256329681543662, 33.913395525758489 ], [ -78.255737993452627, 33.913404985217653 ], [ -78.255146593150769, 33.913413180468197 ], [ -78.254555481106735, 33.913420117608396 ], [ -78.253964656826525, 33.913425805643719 ], [ -78.253374118795477, 33.913430256339346 ], [ -78.252783864446599, 33.913433484330412 ], [ -78.252193890165259, 33.913435507361164 ], [ -78.251604191279824, 33.913436346382156 ], [ -78.251014762002342, 33.913436025197896 ], [ -78.250425595455923, 33.913434570710969 ], [ -78.24983668369704, 33.913432013134553 ], [ -78.249248017708965, 33.913428385670024 ], [ -78.24865958743348, 33.913423724672022 ], [ -78.248071381787241, 33.913418069727641 ], [ -78.247483388688437, 33.913411463375901 ], [ -78.246895595123277, 33.913403951316035 ], [ -78.246307987183599, 33.913395582281687 ], [ -78.245720550076356, 33.913386407133956 ], [ -78.245133268222844, 33.913376479469242 ], [ -78.244546125320397, 33.913365855601718 ], [ -78.243959104403714, 33.913354594061751 ], [ -78.24337218791301, 33.913342755447282 ], [ -78.242785357798269, 33.913330402481478 ], [ -78.242198595598921, 33.913317599676056 ], [ -78.241611882479688, 33.913304412701329 ], [ -78.241025199351725, 33.913290908504706 ], [ -78.240438526956325, 33.913277154973734 ], [ -78.239851845952259, 33.913263220676676 ], [ -78.23926513699908, 33.91324917453796 ], [ -78.238678380852562, 33.913235085541984 ], [ -78.238091558481173, 33.91322102269816 ], [ -78.237504651101531, 33.913207054479066 ], [ -78.23691764024727, 33.913193248236929 ], [ -78.236330507900945, 33.913179670320439 ], [ -78.235743236551514, 33.913166385745853 ], [ -78.235155809263546, 33.913153457900655 ], [ -78.234568209743117, 33.913140948142185 ], [ -78.233980422412358, 33.913128915573715 ], [ -78.233392432451964, 33.913117416909337 ], [ -78.23280422584881, 33.913106506117977 ], [ -78.23221578944829, 33.913096234064398 ], [ -78.231627110991326, 33.913086648425285 ], [ -78.231038179147475, 33.913077793606007 ], [ -78.230448983537386, 33.913069710408948 ], [ -78.22985951476943, 33.913062435970261 ], [ -78.229269764443259, 33.913056003667279 ], [ -78.228679725150315, 33.913050442941 ], [ -78.228089390483376, 33.913045779185921 ], [ -78.227498755024442, 33.913042033635236 ], [ -78.226907814336784, 33.913039223632637 ], [ -78.226316564957841, 33.913037362500617 ], [ -78.225725004370091, 33.913036459473233 ], [ -78.225133130971557, 33.913036519721288 ], [ -78.224540944082776, 33.913037544299193 ], [ -78.223948443868522, 33.913039530587163 ], [ -78.223355631318711, 33.91304247244431 ], [ -78.222762508213421, 33.913046360029149 ], [ -78.222169077049344, 33.913051179853838 ], [ -78.221575341027702, 33.913056915221553 ], [ -78.220981304011616, 33.913063546423636 ], [ -78.220386970456971, 33.913071050850029 ], [ -78.219792345376447, 33.913079403173754 ], [ -78.219197434290535, 33.913088575583686 ], [ -78.218602243180399, 33.913098538040337 ], [ -78.218006778409347, 33.913109258086969 ], [ -78.21741104669978, 33.913120701542752 ], [ -78.216815055136834, 33.913132832998144 ], [ -78.216218811052329, 33.913145615610581 ], [ -78.215622321975047, 33.913159011244879 ], [ -78.215025595626457, 33.913172980927953 ], [ -78.214428639877269, 33.913187485124432 ], [ -78.21383146268191, 33.913202483716894 ], [ -78.213234072053496, 33.913217936313835 ], [ -78.212636476040117, 33.913233802478167 ], [ -78.21203868267969, 33.91325004198584 ], [ -78.211440699967454, 33.913266615086002 ], [ -78.210842535849693, 33.913283482204477 ], [ -78.210244198186089, 33.91330060426057 ], [ -78.209645694772348, 33.913317942889158 ], [ -78.209047033275411, 33.913335460629526 ], [ -78.208448221122097, 33.91335312137312 ], [ -78.207849265608672, 33.913370889986034 ], [ -78.207250173881079, 33.913388732166858 ], [ -78.20665095287481, 33.913406614918443 ], [ -78.206051609309569, 33.913424506833934 ], [ -78.205452149728288, 33.91344237755915 ], [ -78.20485258045278, 33.913460197987995 ], [ -78.204252907599297, 33.913477940295053 ], [ -78.203653137089944, 33.913495578215134 ], [ -78.203053274607441, 33.913513086482183 ], [ -78.202453325613874, 33.913530441155622 ], [ -78.201853295346623, 33.913547619501976 ], [ -78.201253188833917, 33.913564599929202 ], [ -78.200653010893916, 33.913581361977961 ], [ -78.200052766139365, 33.913597886262735 ], [ -78.199452458982009, 33.913614154348387 ], [ -78.198852093633832, 33.913630148822939 ], [ -78.198251674118765, 33.913645853188697 ], [ -78.197651204280987, 33.913661251672892 ], [ -78.197050687788689, 33.913676329291846 ], [ -78.196450128144619, 33.913691071537855 ], [ -78.195849528684732, 33.913705464464257 ], [ -78.195248892597007, 33.913719494575723 ], [ -78.19464822291107, 33.913733148835291 ], [ -78.194047522507788, 33.913746414662938 ], [ -78.193446794152635, 33.913759279609394 ], [ -78.192846040487993, 33.913771731405888 ], [ -78.192245264081535, 33.913783757692556 ], [ -78.191644467382062, 33.913795346220752 ], [ -78.191043652728098, 33.913806484803231 ], [ -78.190442822361476, 33.913817161215277 ], [ -78.189841978363091, 33.913827363490519 ], [ -78.189241122801889, 33.913837079220649 ], [ -78.188640257672191, 33.913846295782818 ], [ -78.188039384911193, 33.91385500036327 ], [ -78.187438506411155, 33.913863180013202 ], [ -78.186837624011048, 33.913870821628407 ], [ -78.186236739510562, 33.913877911940062 ], [ -78.185635854631485, 33.913884437626862 ], [ -78.185034970958213, 33.913890384622853 ], [ -78.184434090192269, 33.913895739115048 ], [ -78.183833214162448, 33.913900487297539 ], [ -78.183232344391712, 33.913904615285929 ], [ -78.182631481779794, 33.913908110597575 ], [ -78.182030628066968, 33.913910958541237 ], [ -78.181429785449595, 33.913913142974543 ], [ -78.180828955876038, 33.913914649214696 ], [ -78.180228140950803, 33.913915463100054 ], [ -78.179627342264268, 33.913915570127521 ], [ -78.179026561421125, 33.913914955867888 ], [ -78.178425800023263, 33.913913606108572 ], [ -78.177825059701803, 33.913911506721902 ], [ -78.177224342104196, 33.913908643784978 ], [ -78.176623648907167, 33.913905003557595 ], [ -78.17602298181194, 33.913900572549899 ], [ -78.175422342515787, 33.913895337701618 ], [ -78.174821732736945, 33.913889286297987 ], [ -78.174221154211651, 33.913882406016135 ], [ -78.17362060869749, 33.913874684938769 ], [ -78.173020097958712, 33.913866111658393 ], [ -78.172419623793687, 33.913856675156723 ], [ -78.171819188054826, 33.913846364755294 ], [ -78.171218792567515, 33.913835170248909 ], [ -78.170618439179762, 33.913823081786177 ], [ -78.170018129712417, 33.913810090558307 ], [ -78.169417866002874, 33.913796188318216 ], [ -78.168817649925614, 33.91378136737594 ], [ -78.168217483350972, 33.913765620611436 ], [ -78.167617368181226, 33.913748942000701 ], [ -78.167017306283952, 33.913731325439628 ], [ -78.166417299517605, 33.913712765387089 ], [ -78.165817349716377, 33.91369325672251 ], [ -78.165217458710231, 33.913672794917751 ], [ -78.16461762838135, 33.913651376556665 ], [ -78.164017860571121, 33.913628998523876 ], [ -78.163418157067923, 33.913605657882584 ], [ -78.162818519652674, 33.91358135250325 ], [ -78.16221895006943, 33.913556080825288 ], [ -78.161619450039439, 33.913529841734885 ], [ -78.161020021252995, 33.913502634590714 ], [ -78.160420665375099, 33.91347445924751 ], [ -78.159821384040569, 33.913445315971522 ], [ -78.159222178829623, 33.913415205620609 ], [ -78.158623051267327, 33.91338412942369 ], [ -78.158024002850183, 33.913352088990791 ], [ -78.157425035015407, 33.913319086316548 ], [ -78.156826149134787, 33.91328512385212 ], [ -78.156227346526308, 33.913250204371117 ], [ -78.155628628450884, 33.913214331020868 ], [ -78.155029996094498, 33.913177507173174 ], [ -78.154431450597372, 33.913139736668732 ], [ -78.153832993052518, 33.913101023872677 ], [ -78.153234624466819, 33.913061373314463 ], [ -78.152636345761977, 33.913020789844794 ], [ -78.15203815780626, 33.912979278783695 ], [ -78.151440061411577, 33.912936845745364 ], [ -78.150842057298263, 33.912893496530891 ], [ -78.150244146120642, 33.912849237253404 ], [ -78.1496463284588, 33.912804074409891 ], [ -78.149048604823165, 33.912758014751802 ], [ -78.148450975639378, 33.912711065284718 ], [ -78.147853441264274, 33.912663233369834 ], [ -78.147256001977738, 33.912614526670033 ], [ -78.146658657990059, 33.912564953149463 ], [ -78.146061409446659, 33.912514521043377 ], [ -78.145464256419956, 33.912463238833858 ], [ -78.144867198901778, 33.912411115294326 ], [ -78.144270236828035, 33.912358159371024 ], [ -78.143673370078716, 33.912304380240158 ], [ -78.143076598469591, 33.912249787301164 ], [ -78.14247992176432, 33.91219439017933 ], [ -78.141883339675218, 33.912138198713841 ], [ -78.141286851863569, 33.912081222898657 ], [ -78.140690457888894, 33.912023473079628 ], [ -78.140094157288445, 33.911964959612448 ], [ -78.139497949571648, 33.911905692955706 ], [ -78.13890183422771, 33.911845683719022 ], [ -78.138305810753991, 33.911784942419366 ], [ -78.137709878593597, 33.911723479811279 ], [ -78.137114037176133, 33.911661306571041 ], [ -78.136518285901104, 33.911598433458622 ], [ -78.13592262416347, 33.911534871117638 ], [ -78.135327051396573, 33.911470629975234 ], [ -78.134731567031707, 33.911405720439433 ], [ -78.134136170509649, 33.911340152799845 ], [ -78.13354086129533, 33.911273937223235 ], [ -78.132945638885815, 33.911207083637322 ], [ -78.132350502814106, 33.911139601702949 ], [ -78.131755452657018, 33.911071500808461 ], [ -78.131160488055059, 33.911002789972002 ], [ -78.130565608711038, 33.910933477852581 ], [ -78.129970814398177, 33.910863572670394 ], [ -78.129376104968799, 33.910793082386142 ], [ -78.128781480342326, 33.910722014541747 ], [ -78.128186940537475, 33.910650375978342 ], [ -78.127592485705364, 33.910578172971142 ], [ -78.126998116066062, 33.910505411255954 ], [ -78.126403831959749, 33.910432096094468 ], [ -78.125809633846146, 33.910358232308987 ], [ -78.125215522295434, 33.910283823908422 ], [ -78.12462149798948, 33.910208874251502 ], [ -78.124027561747099, 33.910133386143166 ], [ -78.12343371454287, 33.910057361668144 ], [ -78.12283995746364, 33.909980802127592 ], [ -78.122246291725972, 33.909903708228946 ], [ -78.121652718709882, 33.909826080148235 ], [ -78.121059239934524, 33.909747917257867 ], [ -78.120465857038567, 33.909669218289942 ], [ -78.119872571795639, 33.909589981294154 ], [ -78.119279386125157, 33.909510203645048 ], [ -78.118686302080462, 33.909429882123909 ], [ -78.118093321857359, 33.90934901288496 ], [ -78.117500447770965, 33.909267591368128 ], [ -78.116907682272171, 33.909185612452987 ], [ -78.116315027920621, 33.909103070643944 ], [ -78.115722487384573, 33.909019959875437 ], [ -78.115130063453478, 33.908936273511245 ], [ -78.114537759022014, 33.908852004523261 ], [ -78.113945577054665, 33.908767145596379 ], [ -78.113353520610644, 33.908681688905077 ], [ -78.112761592825848, 33.908595626285823 ], [ -78.112169796912696, 33.908508949407491 ], [ -78.111578136104029, 33.908421649789517 ], [ -78.110986613728414, 33.908333718556754 ], [ -78.110395233155032, 33.908245146728419 ], [ -78.109803997816428, 33.908155925188019 ], [ -78.109212911183121, 33.908066044686493 ], [ -78.108621976762578, 33.907975495904395 ], [ -78.10803119806647, 33.907884269599585 ], [ -78.107440578613392, 33.907792356609306 ], [ -78.106850121926172, 33.907699747716627 ], [ -78.106259831530707, 33.907606433805789 ], [ -78.105669710926577, 33.907512405950747 ], [ -78.105079763581543, 33.907417655444668 ], [ -78.104489992930553, 33.907322173976034 ], [ -78.103900402396036, 33.907225953250659 ], [ -78.103310995382898, 33.907128985115811 ], [ -78.102721775257024, 33.907031261751975 ], [ -78.102132745354936, 33.906932775591052 ], [ -78.101543908973994, 33.906833519346122 ], [ -78.100955269348816, 33.90673348608837 ], [ -78.100366829691581, 33.906632669089518 ], [ -78.099778593163663, 33.906531061978271 ], [ -78.099190562906571, 33.906428658634233 ], [ -78.098602742024084, 33.906325453235524 ], [ -78.098015133510444, 33.906221440528164 ], [ -78.097427740333188, 33.906116615434406 ], [ -78.096840565451942, 33.906010973061548 ], [ -78.09625361177261, 33.905904508815965 ], [ -78.095666882151988, 33.905797218403407 ], [ -78.09508037940337, 33.905689097841808 ], [ -78.094494106294249, 33.905580143417446 ], [ -78.093908065561962, 33.905470351624615 ], [ -78.093322259905165, 33.905359719187608 ], [ -78.092736691954428, 33.905248243180921 ], [ -78.092151364306972, 33.905135920810174 ], [ -78.091566279537759, 33.905022749307001 ], [ -78.090981440155716, 33.904908726455339 ], [ -78.09039684862779, 33.90479385027043 ], [ -78.089812507325149, 33.904678119014655 ], [ -78.0892284185812, 33.904561531082557 ], [ -78.088644584779928, 33.90444408463717 ], [ -78.088061008215732, 33.904325778186205 ], [ -78.087477691025981, 33.904206610776747 ], [ -78.086894635289838, 33.90408658156398 ], [ -78.086311843016802, 33.903965689787363 ], [ -78.085729316083885, 33.903843935188341 ], [ -78.08514705633408, 33.903721317619762 ], [ -78.084565065401748, 33.903597837485151 ], [ -78.083983344724473, 33.903473495667896 ], [ -78.083401895681547, 33.903348293203514 ], [ -78.082820719511574, 33.903222231455764 ], [ -78.082239817248421, 33.903095312247608 ], [ -78.081659189729294, 33.902967537909369 ], [ -78.081078837578488, 33.902838911296364 ], [ -78.080498761200559, 33.902709435801683 ], [ -78.079918960829858, 33.902579115266796 ], [ -78.079339436402122, 33.902447954214644 ], [ -78.078760187606477, 33.902315957783273 ], [ -78.078181213760089, 33.902183132016226 ], [ -78.077602513824957, 33.90204948380449 ], [ -78.077024086477522, 33.901915020865736 ], [ -78.076445930071131, 33.901779751685886 ], [ -78.075868042628869, 33.901643685763808 ], [ -78.075290421835831, 33.901506833293432 ], [ -78.074713065022863, 33.901369205271628 ], [ -78.074135969121798, 33.901230813752782 ], [ -78.073559132766817, 33.901091669452299 ], [ -78.072982552754354, 33.900951785803379 ], [ -78.072406225290337, 33.900811177394296 ], [ -78.071830146265981, 33.900669859681209 ], [ -78.071254311256951, 33.900527849049134 ], [ -78.070678715594994, 33.90038516252703 ], [ -78.07010335424151, 33.900241818416625 ], [ -78.069528221881882, 33.90009783593365 ], [ -78.068953312947357, 33.899953235176525 ], [ -78.068378621643589, 33.899808037090118 ], [ -78.067804141993349, 33.899662263355516 ], [ -78.067229867867866, 33.899515936375309 ], [ -78.06665579305691, 33.899369079064122 ], [ -78.066081911260085, 33.899221715061387 ], [ -78.065508216150391, 33.899073868590079 ], [ -78.064934701409982, 33.898925564476748 ], [ -78.064361360873633, 33.898776827644078 ], [ -78.063788188561048, 33.898627683191144 ], [ -78.063215178707054, 33.898478156491635 ], [ -78.062642325868694, 33.898328272942841 ], [ -78.062069624990258, 33.898178057953487 ], [ -78.061497071522695, 33.89802753664847 ], [ -78.060924661524396, 33.897876733710717 ], [ -78.060352391743592, 33.897725673340688 ], [ -78.059780259743661, 33.897574379014792 ], [ -78.059208263986761, 33.89742287350203 ], [ -78.058636403970567, 33.897271178610382 ], [ -78.058064680343278, 33.897119315075727 ], [ -78.057493095043029, 33.89696730235282 ], [ -78.056921651460073, 33.896815158317658 ], [ -78.056350354550943, 33.896662899230058 ], [ -78.055779210988177, 33.896510539543399 ], [ -78.055208229309272, 33.89635809174306 ], [ -78.054637420085058, 33.896205566100001 ], [ -78.054066796059487, 33.896052970606732 ], [ -78.053496372326052, 33.895900310725523 ], [ -78.052926166480404, 33.895747589292085 ], [ -78.052356198798591, 33.895594806290049 ], [ -78.051786492435966, 33.895441958530924 ], [ -78.051217073570015, 33.895289039639266 ], [ -78.050647971562427, 33.895136039940589 ], [ -78.050079219152806, 33.894982946192542 ], [ -78.049510852615697, 33.894829741495492 ], [ -78.048942911710668, 33.894676405130127 ], [ -78.048375439952181, 33.894522912398237 ], [ -78.047808485143605, 33.894369234489417 ], [ -78.04724209946562, 33.894215338303241 ], [ -78.046676339240378, 33.894061186487875 ], [ -78.046111265235709, 33.89390673725034 ], [ -78.045546942826107, 33.893751944235049 ], [ -78.044983441790919, 33.893596756612205 ], [ -78.044420836731405, 33.893441118844777 ], [ -78.043859207156117, 33.893284970755595 ], [ -78.043298637446881, 33.893128247488008 ], [ -78.042739217170464, 33.892970879331273 ], [ -78.042181040916034, 33.892812791857324 ], [ -78.041624208334383, 33.892653905827487 ], [ -78.041068823946134, 33.892494137448296 ], [ -78.040514997316905, 33.892333398311038 ], [ -78.039962842958985, 33.892171595430348 ], [ -78.03941248024455, 33.892008631323051 ], [ -78.038864033254242, 33.891844404216698 ], [ -78.038317630628995, 33.891678808180167 ], [ -78.037773405417155, 33.891511733265602 ], [ -78.037231494800082, 33.89134306576986 ], [ -78.036692039952811, 33.891172688325568 ], [ -78.036155185920308, 33.891000480007399 ], [ -78.035621080996108, 33.890826316863681 ], [ -78.035089876283962, 33.890650072354134 ], [ -78.034561725348311, 33.89047161765702 ], [ -78.03403678427145, 33.890290821438469 ], [ -78.033515210890499, 33.890107550603538 ], [ -78.032997164396036, 33.889921670546983 ], [ -78.032482804757223, 33.889733045689589 ], [ -78.031972292173208, 33.889541539905807 ], [ -78.031465786666615, 33.889347016698409 ], [ -78.030963447428931, 33.889149339767023 ], [ -78.030465432184471, 33.888948373541176 ], [ -78.029971896530583, 33.888743983732439 ], [ -78.02948299336208, 33.888536037676545 ], [ -78.028998872191536, 33.888324404866417 ], [ -78.028519678469863, 33.888108957507626 ], [ -78.028045552909191, 33.887889571021496 ], [ -78.027576630813442, 33.887666124521651 ], [ -78.027113041383359, 33.887438501362901 ], [ -78.026654906980795, 33.887206589765768 ], [ -78.026202342510913, 33.886970283210218 ], [ -78.025755454851904, 33.886729480685439 ], [ -78.02531434204856, 33.886484087618832 ], [ -78.024879092671071, 33.886234016350677 ], [ -78.024449785304782, 33.885979186403262 ], [ -78.024026487961663, 33.885719524983649 ], [ -78.023609257473922, 33.885454967403923 ], [ -78.023198138978643, 33.885185457558904 ], [ -78.022793165521833, 33.884910948118268 ], [ -78.022394357568245, 33.884631401007518 ], [ -78.022001722592265, 33.884346787797462 ], [ -78.021615254768989, 33.884057089866893 ], [ -78.021234934656476, 33.883762298711787 ], [ -78.020860728973986, 33.883462416128033 ], [ -78.020492590421739, 33.883157454375947 ], [ -78.020130457529035, 33.882847436361153 ], [ -78.019774254611221, 33.882532395670644 ], [ -78.01942389170236, 33.882212376744626 ], [ -78.019079264620927, 33.881887434839797 ], [ -78.018740255089256, 33.881557635970061 ], [ -78.018406730888259, 33.881223056850246 ], [ -78.018078546105059, 33.880883784724269 ], [ -78.017755541375621, 33.880539917305384 ], [ -78.017437544217657, 33.880191562597638 ], [ -78.01712436948057, 33.879838838506899 ], [ -78.016815819715148, 33.879481872738587 ], [ -78.0165116857019, 33.879120802420694 ], [ -78.016211747014097, 33.878755773725679 ], [ -78.015915772590105, 33.878386941520617 ], [ -78.015623521276893, 33.878014469145363 ], [ -78.015334742584869, 33.877638527813914 ], [ -78.015049177500288, 33.877259295923793 ], [ -78.014766559081266, 33.876876958864862 ], [ -78.014486613255372, 33.87649170846715 ], [ -78.014209059593455, 33.876103742502231 ], [ -78.01393361214727, 33.875713264086833 ], [ -78.013659980313491, 33.875320481081637 ], [ -78.013387869682873, 33.87492560552618 ], [ -78.013116982843883, 33.874528853148291 ], [ -78.012847020284994, 33.874130442719085 ], [ -78.012577681237701, 33.873730595486457 ], [ -78.012308664545685, 33.873329534588805 ], [ -78.012039669535085, 33.872927484428878 ], [ -78.011770396856122, 33.872524670108149 ], [ -78.011500549319521, 33.872121316859761 ], [ -78.011229832709134, 33.87171764947346 ], [ -78.0109579565557, 33.871313891749892 ], [ -78.010684634992231, 33.870910265868943 ], [ -78.010409587424547, 33.870506991962237 ], [ -78.010132539350707, 33.870104287452143 ], [ -78.009853223066017, 33.869702366481306 ], [ -78.009571378231357, 33.869301439652418 ], [ -78.009286752319824, 33.86890171423331 ], [ -78.008999101498091, 33.868503392704504 ], [ -78.008708191238497, 33.868106672144812 ], [ -78.008413796919925, 33.867711743244875 ], [ -78.008115703956591, 33.867318791608568 ], [ -78.007813711110728, 33.866927999957298 ], [ -78.007507626113622, 33.866539541873628 ], [ -78.007197267959086, 33.866153583928359 ], [ -78.006882467405475, 33.865770285555648 ], [ -78.00656306724126, 33.865389798794993 ], [ -78.006238922487753, 33.865012268099328 ], [ -78.005909900591746, 33.8646378301044 ], [ -78.005575881601033, 33.864266613460217 ], [ -78.005236758304875, 33.86389873869085 ], [ -78.004892436091552, 33.863534318068723 ], [ -78.004542833112481, 33.863173455498639 ], [ -78.004187880245311, 33.86281624640197 ], [ -78.003827520959192, 33.862462777802079 ], [ -78.003461711054854, 33.862113128246939 ], [ -78.003090418812889, 33.861767367924074 ], [ -78.002713624805423, 33.861425558647845 ], [ -78.002331321906084, 33.861087753769368 ], [ -78.0019435145757, 33.860753998550102 ], [ -78.001550218746786, 33.860424330366712 ], [ -78.001151461561136, 33.860098778720122 ], [ -78.000747281200177, 33.859777365483772 ], [ -78.000337726393667, 33.859460105179998 ], [ -77.999922856156303, 33.859147005240352 ], [ -77.999502739483603, 33.858838066366822 ], [ -77.999077455040506, 33.858533282835964 ], [ -77.998647090637604, 33.858232642784699 ], [ -77.998211742849406, 33.857936128713263 ], [ -77.997771516492847, 33.857643717938764 ], [ -77.997326524565665, 33.857355382966297 ], [ -77.996876887721299, 33.857071092018955 ], [ -77.996422733906257, 33.85679080947336 ], [ -77.995964197909245, 33.856514496432226 ], [ -77.995501421017892, 33.856242111317599 ], [ -77.995034550663533, 33.855973610406622 ], [ -77.994563740127461, 33.855708948267271 ], [ -77.994089148046058, 33.855448078488536 ], [ -77.99361093829836, 33.855190954291125 ], [ -77.993129279577005, 33.85493752917948 ], [ -77.992644344931449, 33.854687757700752 ], [ -77.992156311941912, 33.85444159577019 ], [ -77.991665362273338, 33.854199001396317 ], [ -77.991171681304863, 33.853959935678304 ], [ -77.990675458019936, 33.853724363245398 ], [ -77.99017688478844, 33.853492252772185 ], [ -77.989676157257634, 33.853263577738282 ], [ -77.989173474183502, 33.853038317044117 ], [ -77.98866903730277, 33.852816455646057 ], [ -77.988163051082907, 33.852597985257511 ], [ -77.98765572278684, 33.852382904676126 ], [ -77.987147262297569, 33.852171220496921 ], [ -77.986637882090733, 33.851962947433833 ], [ -77.986127797434904, 33.851758108924606 ], [ -77.985617225851627, 33.851556737668268 ], [ -77.985106387050493, 33.851358876053496 ], [ -77.984595502914672, 33.851164576402113 ], [ -77.984084797592388, 33.850973901541501 ], [ -77.983574497326472, 33.850786924973256 ], [ -77.983064830244942, 33.850603731011454 ], [ -77.982556024885042, 33.850424416935127 ], [ -77.982048313459941, 33.850249089135858 ], [ -77.981541930245982, 33.850077864813393 ], [ -77.98103711112654, 33.84991087230263 ], [ -77.980534093632329, 33.84974825099372 ], [ -77.980033116506121, 33.84959015114709 ], [ -77.979534419561304, 33.84943673366574 ], [ -77.979038243348725, 33.849288169784408 ], [ -77.978544829253195, 33.849144640726188 ], [ -77.978054419015507, 33.849006337242628 ], [ -77.977567254446242, 33.848873459104588 ], [ -77.977083577157998, 33.848746214530841 ], [ -77.976603628189721, 33.848624819540262 ], [ -77.976127647556282, 33.848509497233181 ], [ -77.975655873824522, 33.848400477017883 ], [ -77.975188543621883, 33.848297993773024 ], [ -77.974725891234456, 33.848202286970078 ], [ -77.974268148023853, 33.848113599723909 ], [ -77.973815541886751, 33.848032177806346 ], [ -77.973368296755638, 33.8479582686276 ], [ -77.972926631926754, 33.847892120158932 ], [ -77.972490761518628, 33.847833979849263 ], [ -77.972060893858426, 33.847784093509226 ], [ -77.971637230799175, 33.847742704168063 ], [ -77.971219967151896, 33.847710050943128 ], [ -77.970809290035959, 33.847686367892507 ], [ -77.970405378255748, 33.847671882877478 ], [ -77.970008401621286, 33.847666816426418 ], [ -77.969618520522474, 33.847671380655783 ], [ -77.969235885154461, 33.847685778167737 ], [ -77.968860634881906, 33.847710200999309 ], [ -77.968492897441649, 33.847744829583178 ], [ -77.968132789015684, 33.847789831886921 ], [ -77.967780413536815, 33.847845362487256 ], [ -77.967435862239199, 33.847911561738307 ], [ -77.967099213198082, 33.84798855499627 ], [ -77.966770530949674, 33.84807645192349 ], [ -77.966449866255587, 33.848175345890979 ], [ -77.96613725592448, 33.848285313464295 ], [ -77.965832722479561, 33.848406413928551 ], [ -77.96553627418723, 33.848538688974322 ], [ -77.965247904952562, 33.848682162427309 ], [ -77.964967594209739, 33.848836840051547 ], [ -77.964695307378094, 33.849002709468579 ], [ -77.964430995751499, 33.849179740202331 ], [ -77.964174596330821, 33.849367883903625 ], [ -77.963926032224066, 33.84956707451385 ], [ -77.963685213383627, 33.849777228439386 ], [ -77.963452036763826, 33.849998244993714 ], [ -77.963226386700853, 33.850230006863526 ], [ -77.963008135849591, 33.850472380583284 ], [ -77.962797145158987, 33.850725217242442 ], [ -77.962593264500143, 33.850988353149624 ], [ -77.962396333498674, 33.851261610578291 ], [ -77.962206181896164, 33.851544798704779 ], [ -77.962022630481528, 33.851837714323629 ], [ -77.961845491796254, 33.852140142741341 ], [ -77.961674571166554, 33.852451858633806 ], [ -77.961509667216575, 33.852772627199073 ], [ -77.961350572689454, 33.853102205068559 ], [ -77.961197075211743, 33.853440341301329 ], [ -77.961048957845946, 33.85378677830699 ], [ -77.960906000369121, 33.85414125298329 ], [ -77.960767979930409, 33.854503497717431 ], [ -77.960634672054383, 33.854873241374783 ], [ -77.960505850867577, 33.855250210251768 ], [ -77.960381289852222, 33.855634129175812 ], [ -77.960260762801525, 33.856024722092165 ], [ -77.960144044859675, 33.856421713008075 ], [ -77.960030912942656, 33.856824826899924 ], [ -77.959921145902896, 33.857233790978398 ], [ -77.959814525389405, 33.857648335040309 ], [ -77.959710836341401, 33.858068192291285 ], [ -77.959609867561127, 33.858493099922811 ], [ -77.959511412171864, 33.858922799708566 ], [ -77.959415267666756, 33.859357038773375 ], [ -77.959321236648748, 33.859795570048554 ], [ -77.959229127077734, 33.860238152648442 ], [ -77.959138752721998, 33.860684552287488 ], [ -77.959049932943259, 33.861134541628999 ], [ -77.95896249304424, 33.861587900562292 ], [ -77.958876264350494, 33.862044416465928 ], [ -77.958791084407196, 33.862503884418352 ], [ -77.958706796998669, 33.862966107334287 ], [ -77.958623252177148, 33.86343089605797 ], [ -77.958540306220385, 33.863898069288879 ], [ -77.958457821562476, 33.864367453736421 ], [ -77.958375666768134, 33.864838884195343 ], [ -77.95829371641112, 33.865312203288163 ], [ -77.958211850924812, 33.865787261319596 ], [ -77.958129956307403, 33.866263916328364 ], [ -77.958047924138597, 33.866742033983229 ], [ -77.957965651481246, 33.867221487145379 ], [ -77.957883040737997, 33.867702155819792 ], [ -77.95779999916904, 33.868183926987697 ], [ -77.957716438809598, 33.868666694320588 ], [ -77.957632276209537, 33.869150357950687 ], [ -77.957547432394975, 33.869634824229912 ], [ -77.957461832474607, 33.870120005375632 ], [ -77.957375405475261, 33.87060581929191 ], [ -77.957288084312708, 33.871092189375403 ], [ -77.957199805632371, 33.871579044197723 ], [ -77.957110509423899, 33.872066317236708 ], [ -77.957020138848549, 33.872553946518501 ], [ -77.956928640147083, 33.873041874422825 ], [ -77.956835962425487, 33.87353004745237 ], [ -77.956742057543508, 33.874018415963853 ], [ -77.956646880076335, 33.874506933995136 ], [ -77.956550386957517, 33.874995558944875 ], [ -77.956452537428561, 33.875484251394532 ], [ -77.956353292931155, 33.875972974880668 ], [ -77.95625261715125, 33.876461695656808 ], [ -77.956150475935416, 33.876950382571728 ], [ -77.956046837082681, 33.877439006897454 ], [ -77.955941670257374, 33.877927542088365 ], [ -77.955834947001833, 33.878415963505503 ], [ -77.955726640657801, 33.878904248498735 ], [ -77.955616726242539, 33.879392376353401 ], [ -77.95550518047574, 33.879880327847033 ], [ -77.955391981832975, 33.880368085284488 ], [ -77.95527711042196, 33.88085563230981 ], [ -77.955160547938462, 33.881342953804804 ], [ -77.95504227774569, 33.881830035927734 ], [ -77.954922284852785, 33.882316866026414 ], [ -77.954800555878364, 33.882803432415123 ], [ -77.954677078921961, 33.883289724368446 ], [ -77.954551843625509, 33.883775732001894 ], [ -77.95442484117811, 33.884261446266699 ], [ -77.954296064306362, 33.884746858875509 ], [ -77.954165507174679, 33.885231962235608 ], [ -77.954033165489179, 33.885716749464855 ], [ -77.953899036430442, 33.88620121429657 ], [ -77.95376311864888, 33.886685350973387 ], [ -77.953625412230423, 33.887169154397014 ], [ -77.953485918711735, 33.887652619936731 ], [ -77.95334464096922, 33.888135743555438 ], [ -77.953201583264786, 33.888618521721384 ], [ -77.953056751212529, 33.889100951351814 ], [ -77.952910151968638, 33.889583029107264 ], [ -77.952761793870224, 33.890064752513879 ], [ -77.952611686603362, 33.890546120002632 ], [ -77.952459840782637, 33.891027131147411 ], [ -77.952306268428259, 33.891507784959217 ], [ -77.952150980401086, 33.891988077959056 ], [ -77.951993991257254, 33.892468010135154 ], [ -77.9518353167947, 33.892947582010592 ], [ -77.951674973847958, 33.893426794405187 ], [ -77.95151298030919, 33.893905648452133 ], [ -77.95134935504953, 33.894384145580638 ], [ -77.951184117910643, 33.894862287522848 ], [ -77.951017289637107, 33.895340076312827 ], [ -77.950848891623011, 33.895817514208915 ], [ -77.950678946392244, 33.896294603818397 ], [ -77.95050747730869, 33.896771348055871 ], [ -77.950334508660077, 33.897247750172859 ], [ -77.9501600654106, 33.897723813657045 ], [ -77.949984173469119, 33.898199542289142 ], [ -77.949806859327026, 33.898674940137141 ], [ -77.949628150003051, 33.8991500115172 ], [ -77.949448072872698, 33.899624760976913 ], [ -77.949266656125786, 33.900099193324991 ], [ -77.94908392855163, 33.900573313627923 ], [ -77.948899919890877, 33.901047127313092 ], [ -77.948714659933259, 33.901520639937502 ], [ -77.948528178928726, 33.901993857266902 ], [ -77.948340507608918, 33.902466785296312 ], [ -77.948151676820714, 33.902939430179167 ], [ -77.947961717467962, 33.903411798212318 ], [ -77.947770660672774, 33.903883895835826 ], [ -77.947578537898082, 33.904355729666975 ], [ -77.94738538089716, 33.904827306468128 ], [ -77.947191221262088, 33.905298633092208 ], [ -77.946996090522916, 33.905769716471596 ], [ -77.946800020002499, 33.906240563574634 ], [ -77.946603041032674, 33.906711181448891 ], [ -77.946405184680856, 33.907181577152173 ], [ -77.946206481750792, 33.907651757748866 ], [ -77.946006962756883, 33.908121730299818 ], [ -77.945806658023699, 33.908591501867967 ], [ -77.945605597229076, 33.909061079425562 ], [ -77.945403809607384, 33.909530469883066 ], [ -77.945201323964568, 33.909999680073334 ], [ -77.944998168240403, 33.910468716675382 ], [ -77.944794369640363, 33.910937586216235 ], [ -77.944589954669709, 33.911406295075871 ], [ -77.944384949032738, 33.91187484945663 ], [ -77.944179377611562, 33.912343255364668 ], [ -77.943973264413827, 33.912811518606404 ], [ -77.943766632522298, 33.913279644766924 ], [ -77.943559504035264, 33.913747639190667 ], [ -77.943351900111892, 33.914215506981783 ], [ -77.943143840950967, 33.914683253002174 ], [ -77.942935345677355, 33.91515088183597 ], [ -77.942726432402139, 33.915618397798816 ], [ -77.942517117948881, 33.916085804913799 ], [ -77.942307418275888, 33.916553106945194 ], [ -77.942097348497413, 33.917020307402261 ], [ -77.941886922764525, 33.917487409519971 ], [ -77.941676154111079, 33.91795441624776 ], [ -77.941465054594133, 33.918421330262056 ], [ -77.941253635585667, 33.918888154026625 ], [ -77.94104190718528, 33.919354889689949 ], [ -77.94082987871468, 33.919821539194814 ], [ -77.940617558770086, 33.920288104289313 ], [ -77.940404954923281, 33.920754586380916 ], [ -77.940192074208042, 33.921220986809985 ], [ -77.939978922886212, 33.921687306543156 ], [ -77.939765506571959, 33.922153546280981 ], [ -77.939551831353455, 33.922619707160123 ], [ -77.939337902908917, 33.923085790309329 ], [ -77.939123726191895, 33.923551796478868 ], [ -77.938909306188705, 33.924017726460498 ], [ -77.938694647544949, 33.924483580953876 ], [ -77.93847975451196, 33.924949360488469 ], [ -77.938264630888014, 33.925415065344417 ], [ -77.938049281216465, 33.925880696183775 ], [ -77.937833710317193, 33.92634625378529 ], [ -77.937617923242044, 33.926811739032217 ], [ -77.937401925729702, 33.927277153068047 ], [ -77.937185723902999, 33.927742497157226 ], [ -77.936969323954273, 33.928207772538158 ], [ -77.936752732314787, 33.928672980497851 ], [ -77.936535956147907, 33.929138122576987 ], [ -77.936319003338809, 33.929603200554155 ], [ -77.936101882638852, 33.930068216484315 ], [ -77.935884603051377, 33.930533172490797 ], [ -77.935667174253709, 33.930998070902923 ], [ -77.93544960650479, 33.931462914231382 ], [ -77.935231910677345, 33.931927705170075 ], [ -77.935014098008779, 33.932392446547546 ], [ -77.93479618045744, 33.932857141391892 ], [ -77.93457817061406, 33.933321792898624 ], [ -77.934360081824664, 33.933786404438827 ], [ -77.934141927527804, 33.934250979445018 ], [ -77.933923721539713, 33.93471552144954 ], [ -77.933705477852115, 33.935180034021649 ], [ -77.933487210686806, 33.935644520768705 ], [ -77.933268934471982, 33.936108985319336 ], [ -77.933050663513072, 33.936573431236781 ], [ -77.932832411837026, 33.937037861970587 ], [ -77.932614193294654, 33.937502280865935 ], [ -77.932396021339386, 33.93796669109593 ], [ -77.932177908974694, 33.938431095635998 ], [ -77.93195986860718, 33.938895497217423 ], [ -77.931741911781145, 33.939359898241733 ], [ -77.931524049205535, 33.939824300775285 ], [ -77.931306290508076, 33.940288706478555 ], [ -77.931088644163481, 33.940753116574477 ], [ -77.930871117344836, 33.941217531796774 ], [ -77.930653715862661, 33.941681952362622 ], [ -77.930436444085771, 33.942146377941633 ], [ -77.930219304639067, 33.94261080757115 ], [ -77.93000229854654, 33.943075239680233 ], [ -77.929785425128301, 33.943539672053724 ], [ -77.929568681788325, 33.944004101776414 ], [ -77.929352064042178, 33.94446852523027 ], [ -77.929135565440035, 33.944932938072384 ], [ -77.928919177620955, 33.945397335242404 ], [ -77.928702890088985, 33.945861710912688 ], [ -77.92848669029145, 33.946326058506735 ], [ -77.928270563732696, 33.946790370728529 ], [ -77.928054493972795, 33.947254639568314 ], [ -77.927838462950433, 33.947718856396335 ], [ -77.927622450558388, 33.948183011859477 ], [ -77.927406434835859, 33.948647095944665 ], [ -77.927190392029374, 33.949111098003577 ], [ -77.926974297102149, 33.949575006913975 ], [ -77.926758123672073, 33.950038811077668 ], [ -77.926541844329734, 33.950502498527982 ], [ -77.92632543048515, 33.950966056902239 ], [ -77.926108852700423, 33.951429473558768 ], [ -77.925892080882278, 33.951892735656308 ], [ -77.925675084634292, 33.952355830279281 ], [ -77.925457833403044, 33.952818744505436 ], [ -77.925240296698021, 33.953281465494662 ], [ -77.925022444270709, 33.953743980570671 ], [ -77.924804246695686, 33.95420627742277 ], [ -77.924585675251706, 33.954668344083338 ], [ -77.92436670228048, 33.955130169068561 ], [ -77.924147301369075, 33.955591741451741 ], [ -77.923927447970556, 33.956053051097285 ], [ -77.923707119477996, 33.956514088700651 ], [ -77.923486295489241, 33.956974845895402 ], [ -77.923264957921447, 33.957435315311422 ], [ -77.923043091364306, 33.957895490706349 ], [ -77.922820683283973, 33.958355367051446 ], [ -77.922597724294462, 33.958814940638526 ], [ -77.922374208303381, 33.959274209143636 ], [ -77.922150132674943, 33.959733171694189 ], [ -77.921925498476867, 33.960191828960674 ], [ -77.921700310517807, 33.960650183187418 ], [ -77.921474577500049, 33.961108238251285 ], [ -77.921248312022101, 33.961565999670164 ], [ -77.921021530700429, 33.9620234746466 ], [ -77.920794253978727, 33.962480672017755 ], [ -77.920566506566658, 33.962937602385502 ], [ -77.920338317233657, 33.963394278054402 ], [ -77.920109718793427, 33.96385071302204 ], [ -77.919880747821566, 33.964306922887275 ], [ -77.919651444804586, 33.964762924888383 ], [ -77.919421853873615, 33.965218737803873 ], [ -77.919192022457807, 33.96567438182251 ], [ -77.91896200132598, 33.966129878525578 ], [ -77.918731844249209, 33.96658525079031 ], [ -77.918501607860748, 33.967040522717504 ], [ -77.91827135128699, 33.967495719486458 ], [ -77.918041135963506, 33.967950867264392 ], [ -77.917811025234286, 33.968405993056876 ], [ -77.917581083951262, 33.968861124551388 ], [ -77.917351378430624, 33.969316290063119 ], [ -77.917121975960612, 33.969771518351415 ], [ -77.916892944369636, 33.970226838453399 ], [ -77.916664351676104, 33.970682279535552 ], [ -77.916436265684126, 33.971137870733905 ], [ -77.916208753745721, 33.971593641039817 ], [ -77.915981882375988, 33.972049619145231 ], [ -77.915755716861597, 33.972505833285155 ], [ -77.91553032083776, 33.972962311074397 ], [ -77.915305756025873, 33.973419079389153 ], [ -77.915082081906789, 33.973876164232806 ], [ -77.914859355304671, 33.974333590578034 ], [ -77.914637630210237, 33.974791382281488 ], [ -77.914416957649479, 33.975249562010511 ], [ -77.914197384991994, 33.975708151010984 ], [ -77.913978955822003, 33.976167169042235 ], [ -77.913761709789242, 33.976626634312666 ], [ -77.913545682689303, 33.977086563481748 ], [ -77.913330906258452, 33.977546971579805 ], [ -77.913117407861023, 33.978007871902719 ], [ -77.912905210344078, 33.978469275958851 ], [ -77.912694332089089, 33.978931193477791 ], [ -77.912484786880981, 33.979393632361337 ], [ -77.912276583953528, 33.979856598698184 ], [ -77.912069727990925, 33.980320096767777 ], [ -77.911864219167157, 33.980784129048317 ], [ -77.911660053245754, 33.981248696257744 ], [ -77.911457221662602, 33.981713797386405 ], [ -77.911255711621692, 33.982179429735567 ], [ -77.911055506283006, 33.9826455889879 ], [ -77.910856584894191, 33.983112269261028 ], [ -77.910658922975628, 33.983579463179339 ], [ -77.910462492213867, 33.98404716185437 ], [ -77.910267261325174, 33.984515355175134 ], [ -77.910073196003438, 33.98498403180659 ], [ -77.909880259183026, 33.985453179289358 ], [ -77.909688411157092, 33.985922784094818 ], [ -77.909497609832542, 33.986392831721751 ], [ -77.909307811114061, 33.986863306837101 ], [ -77.909118969183922, 33.98733419338182 ], [ -77.908931036904391, 33.987805474718982 ], [ -77.908743965827199, 33.988277133647856 ], [ -77.908557706558341, 33.988749152537586 ], [ -77.908372209254125, 33.989221513512575 ], [ -77.908187423455232, 33.989694198392151 ], [ -77.908003298557446, 33.990167188861903 ], [ -77.907819783977459, 33.990640466535474 ], [ -77.907636829564822, 33.991114013120537 ], [ -77.907454385726268, 33.991587810453701 ], [ -77.90727240359837, 33.992061840570031 ], [ -77.907090835331829, 33.992536085806819 ], [ -77.906909634095911, 33.993010528821657 ], [ -77.906728754479801, 33.993485152710768 ], [ -77.906548152502808, 33.993959941025395 ], [ -77.906367785461157, 33.994434877735195 ], [ -77.906187612658428, 33.994909947462418 ], [ -77.906007595181762, 33.995385135421202 ], [ -77.905827695879907, 33.995860427424596 ], [ -77.905647879708695, 33.996335809970979 ], [ -77.905468113638648, 33.996811270226935 ], [ -77.905288366735718, 33.997286796061239 ], [ -77.905108609932597, 33.997762375993055 ], [ -77.904928816106008, 33.998237999206268 ], [ -77.904748960252633, 33.998713655602998 ], [ -77.904569019439421, 33.999189335790611 ], [ -77.904388972818225, 33.999665031084675 ], [ -77.904208801297472, 34.000140733415734 ], [ -77.904028487624288, 34.000616435349585 ], [ -77.903848016357998, 34.001092130081645 ], [ -77.903667373768371, 34.001567811405593 ], [ -77.903486547861178, 34.002043473722139 ], [ -77.903305528150398, 34.002519111965626 ], [ -77.903124305526191, 34.002994721565784 ], [ -77.902942872142432, 34.003470298411749 ], [ -77.902761221573684, 34.003945838896044 ], [ -77.902579348623149, 34.004421339855725 ], [ -77.902397249093909, 34.004896798505321 ], [ -77.902214919706736, 34.005372212408624 ], [ -77.902032358178531, 34.005847579498237 ], [ -77.901849562820814, 34.006322897957652 ], [ -77.901666532542379, 34.006798166218594 ], [ -77.901483266779152, 34.007273382938287 ], [ -77.901299765427325, 34.007748546976579 ], [ -77.901116028693963, 34.008223657350335 ], [ -77.900932057110566, 34.00869871323394 ], [ -77.900747851397981, 34.009173713917882 ], [ -77.900563412665846, 34.009648658840412 ], [ -77.900378741950419, 34.010123547482813 ], [ -77.900193840141441, 34.010598379346355 ], [ -77.900008707973313, 34.01107315395042 ], [ -77.899823346195717, 34.011547870856184 ], [ -77.89963775542256, 34.012022529631423 ], [ -77.899451935906285, 34.012497129786688 ], [ -77.899265887876837, 34.012971670869604 ], [ -77.899079611082442, 34.013446152324434 ], [ -77.898893104894086, 34.013920573519833 ], [ -77.89870636881588, 34.014394933937055 ], [ -77.898519401705755, 34.014869232845918 ], [ -77.898332202429799, 34.015343469662973 ], [ -77.898144769660746, 34.015817643805917 ], [ -77.897957100971666, 34.016291754075368 ], [ -77.8977691937081, 34.016765799223215 ], [ -77.897581045535304, 34.017239778317219 ], [ -77.897392653717645, 34.017713690307609 ], [ -77.897204015509459, 34.018187534173883 ], [ -77.897015128313654, 34.018661309016345 ], [ -77.896825989764253, 34.019135014103156 ], [ -77.896636596667534, 34.019608648290045 ], [ -77.896446945767536, 34.020082210399231 ], [ -77.896257033775612, 34.020555699245165 ], [ -77.896066857183612, 34.021029113553503 ], [ -77.895876412730246, 34.021502452151921 ], [ -77.895685697599475, 34.021975714077392 ], [ -77.895494709306291, 34.022448898487433 ], [ -77.895303445285137, 34.022922004486233 ], [ -77.895111903114739, 34.023395031207627 ], [ -77.894920080303621, 34.023867977737737 ], [ -77.894727975173581, 34.024340843427012 ], [ -77.894535586416239, 34.024813627733927 ], [ -77.894342913471846, 34.025286330341885 ], [ -77.89414995594268, 34.025758950958334 ], [ -77.893956714091971, 34.026231489465054 ], [ -77.893763188659719, 34.02670394587134 ], [ -77.893569380734348, 34.02717632028866 ], [ -77.893375292557337, 34.027648613016943 ], [ -77.893180926793761, 34.028120824505876 ], [ -77.892986285532601, 34.028592955237819 ], [ -77.892791371827471, 34.029065005911455 ], [ -77.8925961897354, 34.029536977435868 ], [ -77.892400743896118, 34.030008870879165 ], [ -77.892205039692669, 34.03048068750531 ], [ -77.892009083223499, 34.030952428767804 ], [ -77.891812881221313, 34.0314240962906 ], [ -77.891616441007116, 34.031895691857059 ], [ -77.891419770489264, 34.032367217408627 ], [ -77.891222878275201, 34.03283867507092 ], [ -77.891025773600049, 34.033310067136171 ], [ -77.890828466263173, 34.033781396047843 ], [ -77.890630966722725, 34.034252664419647 ], [ -77.890433286020127, 34.034723875017349 ], [ -77.890235435738305, 34.035195030748099 ], [ -77.890037427951867, 34.035666134647641 ], [ -77.889839275192827, 34.036137189870686 ], [ -77.889640990455547, 34.036608199689383 ], [ -77.889442587150754, 34.037079167480741 ], [ -77.889244079026327, 34.037550096707356 ], [ -77.889045480178495, 34.03802099091601 ], [ -77.888846804986571, 34.038491853720828 ], [ -77.888648068076009, 34.038962688792111 ], [ -77.888449284199226, 34.039433499828114 ], [ -77.88825046825751, 34.039904290556137 ], [ -77.888051635210346, 34.040375064709231 ], [ -77.887852799982099, 34.04084582600251 ], [ -77.88765397747612, 34.041316578133561 ], [ -77.887455182465672, 34.041787324754722 ], [ -77.887256429537487, 34.042258069456828 ], [ -77.887057733079956, 34.042728815764889 ], [ -77.88685910725512, 34.043199567132099 ], [ -77.88666056581431, 34.043670326888403 ], [ -77.88646212212943, 34.044141098249334 ], [ -77.886263789030082, 34.044611884271823 ], [ -77.886065578827001, 34.045082687860408 ], [ -77.885867503192003, 34.04555351173294 ], [ -77.885669573238431, 34.046024358444761 ], [ -77.885471799454422, 34.046495230372855 ], [ -77.885274191651718, 34.046966129699697 ], [ -77.885076758925209, 34.047437058403126 ], [ -77.884879509667812, 34.047908018259562 ], [ -77.884682451343295, 34.048379010782583 ], [ -77.8844855906612, 34.04885003727658 ], [ -77.884288933548333, 34.049321098828656 ], [ -77.884092485071562, 34.049792196287591 ], [ -77.88389624939947, 34.050263330251724 ], [ -77.883700229862924, 34.050734501089565 ], [ -77.883504428953813, 34.051205708940493 ], [ -77.883308848356037, 34.051676953724694 ], [ -77.883113488624133, 34.052148235034018 ], [ -77.882918349721479, 34.052619552324437 ], [ -77.88272343085076, 34.053090904855274 ], [ -77.882528730492922, 34.053562291703777 ], [ -77.882334246289602, 34.054033711724614 ], [ -77.882139975121888, 34.054505163576017 ], [ -77.881945913312876, 34.054976645782617 ], [ -77.881752056647386, 34.055448156745847 ], [ -77.881558400382403, 34.055919694759268 ], [ -77.881364939135224, 34.056391257963696 ], [ -77.881171667117513, 34.056862844422461 ], [ -77.880978577987122, 34.057334452082365 ], [ -77.880785664980152, 34.057806078814615 ], [ -77.880592920981741, 34.058277722440558 ], [ -77.880400338597781, 34.058749380755195 ], [ -77.880207910094967, 34.059221051510853 ], [ -77.880015627459045, 34.05969273243619 ], [ -77.87982348251137, 34.060164421277449 ], [ -77.879631466747725, 34.060636115761298 ], [ -77.879439571681786, 34.061107813685233 ], [ -77.879247788697171, 34.061579512879369 ], [ -77.879056109092232, 34.062051211224613 ], [ -77.87886452402914, 34.062522906645022 ], [ -77.878673024585623, 34.062994597119548 ], [ -77.878481601792444, 34.063466280698982 ], [ -77.878290246530312, 34.063937955478352 ], [ -77.878098949565924, 34.064409619606096 ], [ -77.877907701565434, 34.064881271286076 ], [ -77.877716493069656, 34.065352908777704 ], [ -77.877525314442778, 34.065824530376076 ], [ -77.877334155793847, 34.066296134384643 ], [ -77.87714300718568, 34.066767719186586 ], [ -77.876951858455072, 34.067239283178466 ], [ -77.876760699216149, 34.067710824773926 ], [ -77.876569518836789, 34.068182342399268 ], [ -77.876378306540445, 34.068653834525811 ], [ -77.876187051162049, 34.069125299576108 ], [ -77.875995741167728, 34.069596735928862 ], [ -77.875804364522921, 34.070068141878913 ], [ -77.875612908972272, 34.070539515708859 ], [ -77.875421361907215, 34.071010855645369 ], [ -77.875229710358738, 34.071482159849303 ], [ -77.875037940762226, 34.071953426339839 ], [ -77.874846039125046, 34.072424653041665 ], [ -77.874653990986801, 34.072895837754118 ], [ -77.874461781443074, 34.073366978147952 ], [ -77.874269394848653, 34.073838071654045 ], [ -77.874076815286344, 34.074309115623912 ], [ -77.873884026412057, 34.074780107262526 ], [ -77.873691011525011, 34.075251043641039 ], [ -77.873497753343983, 34.075721921609457 ], [ -77.873304234196823, 34.076192737850619 ], [ -77.873110436014201, 34.076663488866529 ], [ -77.872916340338037, 34.077134170969813 ], [ -77.872721928298802, 34.077604780265879 ], [ -77.872527180782157, 34.078075312699063 ], [ -77.87233207848557, 34.07854576405974 ], [ -77.872136602346473, 34.079016130103454 ], [ -77.871940732688174, 34.079486406289682 ], [ -77.871744449672107, 34.079956587911823 ], [ -77.871547733362988, 34.080426670110569 ], [ -77.871350563951054, 34.080896647932015 ], [ -77.87115292162153, 34.081366516286792 ], [ -77.870954786702555, 34.081836269990973 ], [ -77.870756139711574, 34.082305903777367 ], [ -77.870556961477746, 34.082775412333064 ], [ -77.870357233133959, 34.083244790295836 ], [ -77.870156936174055, 34.083714032271672 ], [ -77.869956052422623, 34.084183132825856 ], [ -77.869754564349392, 34.084652086582736 ], [ -77.869552454976557, 34.085120888201025 ], [ -77.869349707949326, 34.08558953239784 ], [ -77.869146307628824, 34.086058013979738 ], [ -77.868942239140026, 34.086526327866473 ], [ -77.868737488395411, 34.086994469100738 ], [ -77.868532042153348, 34.087462432873217 ], [ -77.868325888184486, 34.087930214576545 ], [ -77.868119015061509, 34.088397809758796 ], [ -77.867911412270885, 34.088865214158155 ], [ -77.867703070232423, 34.089332423717032 ], [ -77.86749398058835, 34.089799434683854 ], [ -77.867284136041363, 34.090266243563725 ], [ -77.867073530420726, 34.090732847154186 ], [ -77.866862158710759, 34.091199242564635 ], [ -77.866650017240147, 34.091665427289016 ], [ -77.866437103386147, 34.092131399108062 ], [ -77.866223415676387, 34.092597156131824 ], [ -77.86600895375426, 34.093062696789744 ], [ -77.86579371856547, 34.093528019917954 ], [ -77.865577712380613, 34.093993124775395 ], [ -77.865360938591593, 34.094458010967415 ], [ -77.865143401900127, 34.094922678520881 ], [ -77.864925108252223, 34.095387127869195 ], [ -77.864706064697685, 34.09585135981191 ], [ -77.864486279366673, 34.096315375512994 ], [ -77.864265761418125, 34.09677917649249 ], [ -77.864044521300769, 34.097242764712178 ], [ -77.863822570539099, 34.097706142509892 ], [ -77.86359992182436, 34.098169312636443 ], [ -77.863376588736472, 34.098632278167848 ], [ -77.86315258579738, 34.099095042524809 ], [ -77.862927928511041, 34.099557609491242 ], [ -77.862702633340561, 34.100019983209137 ], [ -77.862476717479282, 34.100482168107213 ], [ -77.862250199001963, 34.100944168943485 ], [ -77.862023096783858, 34.101405990784976 ], [ -77.861795430386337, 34.10186763896958 ], [ -77.861567220000367, 34.102329119091308 ], [ -77.861338486441639, 34.102790436999292 ], [ -77.861109250993948, 34.103251598743512 ], [ -77.860879535358464, 34.103712610557103 ], [ -77.860649361370861, 34.104173478793967 ], [ -77.860418751418393, 34.104634210019 ], [ -77.860187728346276, 34.105094810981505 ], [ -77.85995631526616, 34.105555288548885 ], [ -77.859724535301979, 34.106015649653891 ], [ -77.859492411621517, 34.106475901286771 ], [ -77.859259967474074, 34.106936050501972 ], [ -77.859027225931229, 34.107396104345014 ], [ -77.858794209934828, 34.107856069841112 ], [ -77.858560942372947, 34.108315954046198 ], [ -77.858327445720306, 34.10877576393203 ], [ -77.858093742173693, 34.109235506414358 ], [ -77.857859853492101, 34.109695188298844 ], [ -77.857625800971135, 34.110154816272846 ], [ -77.857391605424979, 34.110614396896885 ], [ -77.857157287033658, 34.111073936552977 ], [ -77.856922865260898, 34.111533441410188 ], [ -77.856688358904478, 34.111992917451111 ], [ -77.856453786030471, 34.112452370444288 ], [ -77.856219163878606, 34.112911805912852 ], [ -77.855984508799949, 34.113371229107941 ], [ -77.855749836258113, 34.113830645012833 ], [ -77.855515160715569, 34.114290058302323 ], [ -77.855280495605086, 34.114749473327542 ], [ -77.85504585327061, 34.115208894098011 ], [ -77.854811244913137, 34.115668324263822 ], [ -77.854576680638047, 34.116127767126301 ], [ -77.854342169309419, 34.116587225575863 ], [ -77.85410771865061, 34.117046702147569 ], [ -77.853873335072393, 34.117506198953848 ], [ -77.853639023779692, 34.117965717705559 ], [ -77.853404788652611, 34.118425259693424 ], [ -77.853170632252528, 34.118884825782537 ], [ -77.852936555623998, 34.119344416344831 ], [ -77.852702558795954, 34.119804031410389 ], [ -77.852468640261137, 34.120263670488363 ], [ -77.852234797197809, 34.120723332661022 ], [ -77.852001025776715, 34.121183016667466 ], [ -77.851767320802608, 34.121642720979423 ], [ -77.851533675878144, 34.12210244354749 ], [ -77.851300084349077, 34.122562181976321 ], [ -77.851066537512793, 34.123021933226092 ], [ -77.850833025485272, 34.123481694005093 ], [ -77.850599537288772, 34.123941460639621 ], [ -77.850366060892966, 34.124401229084604 ], [ -77.850132583321937, 34.124860994971399 ], [ -77.849899090296333, 34.125320753301054 ], [ -77.849665566690078, 34.125780498781701 ], [ -77.849431997242917, 34.126240226366271 ], [ -77.849198365818779, 34.126699930631204 ], [ -77.848964655377173, 34.127159605722667 ], [ -77.848730848226154, 34.127619245531321 ], [ -77.848496926136818, 34.128078843740496 ], [ -77.848262870392418, 34.128538393836443 ], [ -77.848028661861164, 34.128997889131966 ], [ -77.847794281032236, 34.129457322768907 ], [ -77.847559708075394, 34.129916687734323 ], [ -77.847324922902885, 34.130375976879129 ], [ -77.847089905261527, 34.130835182955238 ], [ -77.846854634655401, 34.131294298545399 ], [ -77.846619090528407, 34.131753316163888 ], [ -77.846383252414824, 34.132212228338197 ], [ -77.84614709980724, 34.132671027502987 ], [ -77.845910612202346, 34.133129706014195 ], [ -77.845673769024174, 34.133588256078966 ], [ -77.845436549928536, 34.13404666995477 ], [ -77.845198934595786, 34.134504939779909 ], [ -77.844960902791087, 34.134963057610641 ], [ -77.844722434513741, 34.135421015537567 ], [ -77.844483509914937, 34.135878805604591 ], [ -77.844244109118392, 34.136336419618836 ], [ -77.84400421240889, 34.136793849412491 ], [ -77.843763800217715, 34.137251086666403 ], [ -77.843522853178115, 34.137708123076905 ], [ -77.843281351880961, 34.13816495002439 ], [ -77.843039277095045, 34.138621558961312 ], [ -77.84279661124873, 34.139077942435996 ], [ -77.842553335425549, 34.139534091794012 ], [ -77.842309430641251, 34.1399899982055 ], [ -77.842064877882137, 34.140445652668362 ], [ -77.841819658064509, 34.140901045987512 ], [ -77.841573752008131, 34.141356168758819 ], [ -77.841327140435439, 34.141811011361419 ], [ -77.841079803826844, 34.142265563902278 ], [ -77.840831722420276, 34.142719816208697 ], [ -77.840582876196905, 34.143173757816285 ], [ -77.840333244891312, 34.143627377965231 ], [ -77.840082807907265, 34.14408066556544 ], [ -77.839831544304118, 34.144533609184926 ], [ -77.839579432770549, 34.144986197034967 ], [ -77.839326451818579, 34.145438417034747 ], [ -77.839072579270564, 34.145890256621009 ], [ -77.838817792353424, 34.146341702773455 ], [ -77.838562067902686, 34.146792742088913 ], [ -77.838305382396499, 34.147243360791528 ], [ -77.838047711933498, 34.147693544721321 ], [ -77.837789032098087, 34.148143279277839 ], [ -77.837529317945325, 34.148592549411127 ], [ -77.837268544005639, 34.149041339623714 ], [ -77.837006684543951, 34.149489634070768 ], [ -77.83674371327723, 34.149937416432813 ], [ -77.836479603687422, 34.150384670064952 ], [ -77.836214328997869, 34.150831377982371 ], [ -77.835947862173441, 34.15127752286304 ], [ -77.835680175961855, 34.151723087061548 ], [ -77.835411243006021, 34.152168052659292 ], [ -77.835141035922646, 34.152612401501131 ], [ -77.834869527309664, 34.153056115209338 ], [ -77.834596689891029, 34.153499175253266 ], [ -77.834322496529381, 34.15394156295762 ], [ -77.834046920389767, 34.154383259578573 ], [ -77.833769934967748, 34.154824246326385 ], [ -77.833491514292618, 34.155264504471035 ], [ -77.833211633038815, 34.155704015399024 ], [ -77.832930266595056, 34.156142760663911 ], [ -77.832647391202215, 34.156580722053462 ], [ -77.832362984030965, 34.15701788163593 ], [ -77.832077023436767, 34.157454221896408 ], [ -77.83178948901849, 34.157889725797176 ], [ -77.831500361861927, 34.158324376902975 ], [ -77.831209624604341, 34.158758159419179 ], [ -77.830917261447595, 34.159191058241746 ], [ -77.830623258461003, 34.159623059108903 ], [ -77.830327603683102, 34.160054148678384 ], [ -77.830030287111398, 34.160484314540888 ], [ -77.829731300885896, 34.16091354534754 ], [ -77.829430639720684, 34.161341831043529 ], [ -77.829128300995606, 34.161769162950463 ], [ -77.828824284691237, 34.162195533750008 ], [ -77.828518593530291, 34.162620937589978 ], [ -77.82821123309877, 34.163045370177642 ], [ -77.827902212014919, 34.163468828901316 ], [ -77.827591542018311, 34.1638913129066 ], [ -77.827279237935443, 34.16431282313453 ], [ -77.826965317932448, 34.16473336245209 ], [ -77.826649803605974, 34.165152935738178 ], [ -77.826332720178385, 34.165571549991718 ], [ -77.826014096017005, 34.165989214202725 ], [ -77.825693963049417, 34.166405939564136 ], [ -77.825372356501418, 34.166821739375251 ], [ -77.825049315123692, 34.167236629174369 ], [ -77.824724881018554, 34.167650626703725 ], [ -77.824399099704337, 34.168063751968418 ], [ -77.824072019976001, 34.168476027194124 ], [ -77.823743693890833, 34.168887476847388 ], [ -77.82341417659562, 34.169298127595226 ], [ -77.823083526074754, 34.169708008199336 ], [ -77.822751802927939, 34.170117149478585 ], [ -77.82241907078226, 34.170525584411891 ], [ -77.822085395843359, 34.170933347995529 ], [ -77.821750846517816, 34.171340477061648 ], [ -77.821415493277343, 34.171747010247557 ], [ -77.821079408630382, 34.172152987939924 ], [ -77.820742666370663, 34.172558451948767 ], [ -77.820405341421974, 34.172963445426859 ], [ -77.820067509556949, 34.173368012727572 ], [ -77.819729247419318, 34.173772199351589 ], [ -77.819390632115983, 34.174176051748177 ], [ -77.819051740822459, 34.174579617098864 ], [ -77.818712650358464, 34.1749829431051 ], [ -77.81837343694599, 34.175386077823887 ], [ -77.818034175887803, 34.175789069471897 ], [ -77.817694941229831, 34.176191966218738 ], [ -77.817355805405128, 34.176594815977076 ], [ -77.817016839017384, 34.176997666233895 ], [ -77.816678110489661, 34.177400563831846 ], [ -77.816339685777038, 34.177803554770648 ], [ -77.816001627990943, 34.178206683980939 ], [ -77.815663997187954, 34.178609995147639 ], [ -77.81532685017072, 34.179013530550428 ], [ -77.814990240105573, 34.179417330833182 ], [ -77.814654216453505, 34.179821434886819 ], [ -77.814318824642569, 34.180225879633809 ], [ -77.813984105960728, 34.180630699908789 ], [ -77.81365009730213, 34.181035928279094 ], [ -77.813316831245899, 34.181441594999285 ], [ -77.812984335839573, 34.181847727852414 ], [ -77.812652634748019, 34.182254352149272 ], [ -77.812321746912161, 34.18266149052937 ], [ -77.811991686611648, 34.183069162930046 ], [ -77.811662463637134, 34.183477386601226 ], [ -77.811334083135264, 34.18388617599561 ], [ -77.811006545850546, 34.184295542828018 ], [ -77.810679848363037, 34.184705496146265 ], [ -77.810353983183134, 34.185116042341321 ], [ -77.810028938744594, 34.185527185122709 ], [ -77.809704699665502, 34.185938925609463 ], [ -77.809381247026195, 34.186351262437199 ], [ -77.809058558471165, 34.186764191800997 ], [ -77.808736608540414, 34.18717770759239 ], [ -77.808415368915334, 34.187591801511608 ], [ -77.808094808717797, 34.188006463214201 ], [ -77.807774894758637, 34.188421680430672 ], [ -77.807455591912841, 34.188837439149964 ], [ -77.80713686343465, 34.189253723783104 ], [ -77.806818671197206, 34.189670517296882 ], [ -77.806500976094384, 34.190087801424596 ], [ -77.806183738298913, 34.190505556816085 ], [ -77.80586691746943, 34.190923763162843 ], [ -77.805550473317581, 34.191342399501913 ], [ -77.805234365782894, 34.191761444326829 ], [ -77.80491855528922, 34.192180875751745 ], [ -77.804603003009021, 34.192600671692034 ], [ -77.804287671121898, 34.193020810025267 ], [ -77.803972523126006, 34.193441268769213 ], [ -77.803657524051118, 34.193862026227642 ], [ -77.803342640699441, 34.194283061152959 ], [ -77.803027841744708, 34.194704352840752 ], [ -77.802713097982334, 34.195125881289115 ], [ -77.802398382546485, 34.195547627342613 ], [ -77.802083670768923, 34.195969572685314 ], [ -77.801768940467625, 34.196391700012967 ], [ -77.801454172049432, 34.19681399312276 ], [ -77.80113934851444, 34.197236436948856 ], [ -77.800824455482115, 34.197659017615237 ], [ -77.80050948123305, 34.198081722492375 ], [ -77.800194416698119, 34.198504540226295 ], [ -77.799879255478245, 34.198927460777256 ], [ -77.799563993684586, 34.199350475377862 ], [ -77.799248629921578, 34.199773576549482 ], [ -77.798933165194114, 34.200196758082562 ], [ -77.798617602838775, 34.200620015024597 ], [ -77.798301948352588, 34.20104334362015 ], [ -77.797986209288197, 34.201466741276171 ], [ -77.797670395135867, 34.201890206518499 ], [ -77.797354517135389, 34.202313738915834 ], [ -77.797038588099213, 34.202737339005459 ], [ -77.796722622006484, 34.203161008082347 ], [ -77.796406634338524, 34.203584748405085 ], [ -77.79609064150641, 34.204008562916222 ], [ -77.795774660775379, 34.204432455205669 ], [ -77.795458710089747, 34.204856429417191 ], [ -77.795142807708203, 34.205280490075808 ], [ -77.794826972085545, 34.205704642028159 ], [ -77.794511221685937, 34.206128890348566 ], [ -77.794195574911512, 34.206553240302121 ], [ -77.793880049921412, 34.206977697250672 ], [ -77.79356466428159, 34.207402266472307 ], [ -77.79324943473506, 34.207826953038463 ], [ -77.792934376836811, 34.208251761646245 ], [ -77.792619505426387, 34.208676696816141 ], [ -77.792304834236376, 34.209101762699703 ], [ -77.791990376049043, 34.209526963147049 ], [ -77.791676141769614, 34.209952301263435 ], [ -77.791362140735799, 34.210377779535108 ], [ -77.791048380614484, 34.210803399769262 ], [ -77.790734867206055, 34.211229162976309 ], [ -77.790421604841768, 34.2116550696757 ], [ -77.790108595799168, 34.21208111945019 ], [ -77.789795839705562, 34.212507310478877 ], [ -77.789483334451774, 34.212933640258647 ], [ -77.78917107615132, 34.21336010557566 ], [ -77.788859059237637, 34.21378670250477 ], [ -77.788547275832187, 34.214213426026078 ], [ -77.788235715794585, 34.214640270052321 ], [ -77.787924367134991, 34.215067227651645 ], [ -77.787613215938705, 34.215494290995949 ], [ -77.78730224637134, 34.215921451352088 ], [ -77.78699144080683, 34.216348699147538 ], [ -77.786680779845057, 34.216776023967007 ], [ -77.786370242505797, 34.217203414659039 ], [ -77.786059806167515, 34.217630859275928 ], [ -77.785749446649817, 34.218058345103415 ], [ -77.78543913843798, 34.218485858791162 ], [ -77.785128854794337, 34.218913386402527 ], [ -77.784818567964777, 34.219340913530779 ], [ -77.784508249053275, 34.219768425179829 ], [ -77.784197868330594, 34.220195905964836 ], [ -77.783887395324072, 34.220623340135482 ], [ -77.783576798920606, 34.221050711595424 ], [ -77.783266047645824, 34.221478004079806 ], [ -77.782955109826958, 34.221905201297652 ], [ -77.782643953445998, 34.222332286701864 ], [ -77.782332546515264, 34.222759243805271 ], [ -77.782020857044017, 34.22318605603882 ], [ -77.781708853360101, 34.223612707101104 ], [ -77.781396503929699, 34.224039180595859 ], [ -77.781083776449933, 34.224465459371629 ], [ -77.780770640767713, 34.224891527782447 ], [ -77.780457067407113, 34.225317370503468 ], [ -77.780143027676019, 34.225742972583944 ], [ -77.779828493741903, 34.226168319481708 ], [ -77.779513438756666, 34.226593397131353 ], [ -77.779197836978426, 34.227018192011968 ], [ -77.778881663745793, 34.227442691118199 ], [ -77.778564895563377, 34.227866882006595 ], [ -77.778247510118362, 34.228290752797328 ], [ -77.77792948646821, 34.228714292294171 ], [ -77.777610805007058, 34.229137489955512 ], [ -77.777291447471384, 34.229560335893048 ], [ -77.776971396967198, 34.229982820888118 ], [ -77.776650637926565, 34.230404936360713 ], [ -77.776329156174612, 34.230826674415617 ], [ -77.776006938929228, 34.231248027802629 ], [ -77.775683974727727, 34.23166898994694 ], [ -77.775360253618445, 34.232089555066949 ], [ -77.775035766763793, 34.232509717894104 ], [ -77.774710506637135, 34.232929473796013 ], [ -77.774384467012936, 34.233348818778815 ], [ -77.774057642784641, 34.233767749382366 ], [ -77.773730029863557, 34.234186262637792 ], [ -77.773401625558691, 34.234604356299918 ], [ -77.773072428073434, 34.235022028567094 ], [ -77.772742436461215, 34.235439278034342 ], [ -77.772411650705749, 34.235856103762814 ], [ -77.772080071804439, 34.236272505349774 ], [ -77.77174770148028, 34.236688482734216 ], [ -77.771414542046969, 34.237104036112648 ], [ -77.771080596636338, 34.237519166126766 ], [ -77.770745869044035, 34.237933873773152 ], [ -77.770410363569553, 34.238348160281269 ], [ -77.770074084962943, 34.238762027094026 ], [ -77.769737038443537, 34.239175475890796 ], [ -77.769399229559539, 34.239588508512142 ], [ -77.769060664213626, 34.240001126992482 ], [ -77.768721348795026, 34.240413333683939 ], [ -77.768381289856052, 34.240825130994928 ], [ -77.768040494164353, 34.241236521435241 ], [ -77.767698968397738, 34.241647507405375 ], [ -77.767356719511398, 34.24205809152312 ], [ -77.767013754477233, 34.24246827641727 ], [ -77.766670080508035, 34.242878064900736 ], [ -77.766325704876053, 34.243287459838122 ], [ -77.765980634626331, 34.243696463903539 ], [ -77.765634876814374, 34.244105079804456 ], [ -77.765288438615258, 34.244513310356872 ], [ -77.764941327101027, 34.244921158326065 ], [ -77.764593549119866, 34.24532862635936 ], [ -77.764245111287536, 34.245735716975965 ], [ -77.763896020177469, 34.246142432691698 ], [ -77.763546282191797, 34.246548775917077 ], [ -77.763195903576516, 34.246954748983406 ], [ -77.762844890366623, 34.247360354119699 ], [ -77.762493248397305, 34.247765593459 ], [ -77.762140983227368, 34.248170468965128 ], [ -77.761788100164139, 34.248574982457832 ], [ -77.761434604210777, 34.248979135580186 ], [ -77.76108050006043, 34.249382929782882 ], [ -77.760725792039537, 34.249786366271138 ], [ -77.760370484015169, 34.250189445985718 ], [ -77.760014579626926, 34.250592169715716 ], [ -77.759658082214074, 34.250994538085074 ], [ -77.759300994630223, 34.251396551369368 ], [ -77.758943319163947, 34.251798209456616 ], [ -77.758585057644879, 34.25219951191405 ], [ -77.758226211701455, 34.252600458259487 ], [ -77.757866782298848, 34.253001047547606 ], [ -77.757506769805886, 34.253401278389177 ], [ -77.757146173542878, 34.253801148573544 ], [ -77.756784992711857, 34.254200655917629 ], [ -77.756423226336238, 34.254599798180116 ], [ -77.75606087235181, 34.254998572278623 ], [ -77.755697928757399, 34.255396974871815 ], [ -77.755334392108082, 34.255795001878546 ], [ -77.754970257685457, 34.256192648574022 ], [ -77.754605520846326, 34.256589909987568 ], [ -77.754240176222936, 34.25698678062502 ], [ -77.75387421772291, 34.257383254463242 ], [ -77.753507638503621, 34.257779324933708 ], [ -77.753140431073902, 34.258174984964292 ], [ -77.752772587245119, 34.258570226953985 ], [ -77.752404098136282, 34.258965042772857 ], [ -77.752034954195764, 34.259359423770235 ], [ -77.75166514523697, 34.259753360790164 ], [ -77.751294660424364, 34.26014684416598 ], [ -77.750923488281686, 34.260539863725342 ], [ -77.750551616741447, 34.260932408815499 ], [ -77.750179033184537, 34.261324468324865 ], [ -77.749805724477582, 34.261716030705152 ], [ -77.749431677036853, 34.262107084006857 ], [ -77.749056876809348, 34.262497615877642 ], [ -77.748681309336163, 34.262887613600519 ], [ -77.748304959818597, 34.263277064134073 ], [ -77.747927813227506, 34.263665954174172 ], [ -77.747549853850103, 34.26405426982064 ], [ -77.747171066202597, 34.264441997261542 ], [ -77.746791435061084, 34.264829122803029 ], [ -77.746410944986934, 34.265215632455529 ], [ -77.746029580638762, 34.265601512213962 ], [ -77.745647326902159, 34.265986748134786 ], [ -77.745264168709937, 34.266371326234825 ], [ -77.744880091352286, 34.266755232679785 ], [ -77.74449508063006, 34.267138453884108 ], [ -77.744109122849309, 34.267520976533831 ], [ -77.743722204796825, 34.267902787599667 ], [ -77.743334313922674, 34.268283874451598 ], [ -77.742945438525737, 34.268664224978629 ], [ -77.742555567863704, 34.2690438276733 ], [ -77.742164692134011, 34.269422671646197 ], [ -77.741772802653642, 34.269800746747876 ], [ -77.741379891963334, 34.270178043651995 ], [ -77.740985953933773, 34.270554553940457 ], [ -77.740590983812794, 34.270930270159944 ], [ -77.740194978376977, 34.271305185930409 ], [ -77.739797936007591, 34.271679296016323 ], [ -77.739399856713206, 34.272052596367637 ], [ -77.739000742385826, 34.272425084289829 ], [ -77.738600596792054, 34.272796758468445 ], [ -77.738199425626362, 34.273167619024875 ], [ -77.737797236784601, 34.273537667701994 ], [ -77.737394040208784, 34.273906907802711 ], [ -77.736989848077215, 34.274275344324423 ], [ -77.736584674873271, 34.274642984024631 ], [ -77.736178537296212, 34.275009835385703 ], [ -77.735771454441135, 34.275375908751329 ], [ -77.735363447878285, 34.275741216396554 ], [ -77.734954541665942, 34.276105772555312 ], [ -77.734544762309426, 34.276469593411676 ], [ -77.734134138812394, 34.276832697148897 ], [ -77.733722702646716, 34.277195103945857 ], [ -77.733310487768293, 34.277556836003896 ], [ -77.732897530591998, 34.277917917541856 ], [ -77.732483869917957, 34.27827837476233 ], [ -77.732069546878577, 34.2786382358276 ], [ -77.7316546048975, 34.278997530832072 ], [ -77.731239089657123, 34.27935629179261 ], [ -77.730823048970677, 34.279714552570582 ], [ -77.730406532685976, 34.280072348812446 ], [ -77.729989592559306, 34.280429717866411 ], [ -77.729572282137283, 34.28078669870424 ], [ -77.729154656627955, 34.28114333183369 ], [ -77.728736772692642, 34.281499659150832 ], [ -77.728318688292418, 34.281855723831526 ], [ -77.727900462588053, 34.282211570262284 ], [ -77.727482155716714, 34.282567243876642 ], [ -77.727063828575268, 34.282922790995059 ], [ -77.726645542642842, 34.283278258693514 ], [ -77.726227359791295, 34.283633694661532 ], [ -77.7258093422532, 34.283989147143792 ], [ -77.725391551986675, 34.284344664529286 ], [ -77.724974050671435, 34.284700295308426 ], [ -77.724556899467274, 34.285056087885643 ], [ -77.724140158879749, 34.285412090463765 ], [ -77.723723888421105, 34.285768350781453 ], [ -77.72330814652085, 34.286124916043399 ], [ -77.722892990282901, 34.286481832724355 ], [ -77.722478475188723, 34.286839146329939 ], [ -77.722064654953044, 34.287196901272665 ], [ -77.721651581310923, 34.287555140696512 ], [ -77.721239303854219, 34.287913906335298 ], [ -77.720827869846687, 34.288273238368255 ], [ -77.720417324050473, 34.28863317526082 ], [ -77.720007708510337, 34.288993753581877 ], [ -77.719599062451238, 34.289355007916647 ], [ -77.719191422137371, 34.289716970740528 ], [ -77.718784820782673, 34.290079672323756 ], [ -77.718379288447082, 34.290443140635077 ], [ -77.717974851970041, 34.290807401265887 ], [ -77.717571534782394, 34.291172477282657 ], [ -77.71716935693901, 34.291538389224058 ], [ -77.716768335066291, 34.291905155041555 ], [ -77.716368482268138, 34.292272790015858 ], [ -77.715969808148571, 34.292641306751584 ], [ -77.715572318491084, 34.293010714961838 ], [ -77.71517601591357, 34.293381021856739 ], [ -77.714780899833528, 34.293752232113569 ], [ -77.71438696595294, 34.294124347536091 ], [ -77.713994206481487, 34.29449736717509 ], [ -77.713602610474226, 34.294871287593303 ], [ -77.713212163704227, 34.29524610275147 ], [ -77.712822848612007, 34.295621803928377 ], [ -77.712434644587589, 34.295998379955854 ], [ -77.712047528094757, 34.296375817307087 ], [ -77.71166147268822, 34.29675410010455 ], [ -77.711276449336722, 34.297133210375087 ], [ -77.710892426248932, 34.297513127866772 ], [ -77.710509369184976, 34.297893830311644 ], [ -77.710127241539823, 34.298275293489176 ], [ -77.709746004432816, 34.298657491280309 ], [ -77.709365617528462, 34.299040396180054 ], [ -77.708986038054746, 34.299423978756813 ], [ -77.708607219862287, 34.299808206796079 ], [ -77.708229116265983, 34.300193047579988 ], [ -77.707851679140077, 34.30057846713872 ], [ -77.707474858949851, 34.300964430278455 ], [ -77.70709860490993, 34.301350900702296 ], [ -77.706722865151974, 34.3017378411379 ], [ -77.706347586872667, 34.302125213451909 ], [ -77.705972716360137, 34.302512978687332 ], [ -77.705598199218642, 34.302901097226055 ], [ -77.705223980505068, 34.303289528894439 ], [ -77.704850004864838, 34.303678233068247 ], [ -77.704476216685165, 34.30406716878808 ], [ -77.704102560191217, 34.304456294835731 ], [ -77.703728979545076, 34.304845569811626 ], [ -77.703355419069851, 34.305234952294597 ], [ -77.702981823339641, 34.305624400911022 ], [ -77.702608137324134, 34.306013874439728 ], [ -77.702234306367103, 34.306403331802365 ], [ -77.701860276383002, 34.306792732200847 ], [ -77.701485993984861, 34.307182035207738 ], [ -77.701111406575308, 34.307571200828889 ], [ -77.700736462489601, 34.307960189600429 ], [ -77.700361111016122, 34.30834896260199 ], [ -77.699985302583954, 34.308737481586732 ], [ -77.69960898867707, 34.3091257089091 ], [ -77.699232121813694, 34.309513607502936 ], [ -77.6988546559909, 34.309901141192796 ], [ -77.698476546571683, 34.31028827460235 ], [ -77.698097750309586, 34.310674973162975 ], [ -77.697718226088298, 34.311061203826036 ], [ -77.697337934055753, 34.311446934151846 ], [ -77.696956835553351, 34.311832132269686 ], [ -77.69657489370023, 34.312216767336523 ], [ -77.696192073159224, 34.312600809390212 ], [ -77.69580834014441, 34.312984229326361 ], [ -77.695423662305117, 34.313366998804021 ], [ -77.695038009119287, 34.313749090503691 ], [ -77.694651351770133, 34.314130478038877 ], [ -77.69426366289315, 34.314511135750337 ], [ -77.693874916681565, 34.314891038771293 ], [ -77.693485088990499, 34.315270163097118 ], [ -77.693094157251991, 34.315648485511183 ], [ -77.692702100332795, 34.316025983465003 ], [ -77.692308898268777, 34.316402634860104 ], [ -77.691914532730735, 34.316778418424825 ], [ -77.691518986589685, 34.317153313355995 ], [ -77.691122244015148, 34.317527299388139 ], [ -77.69072429049622, 34.317900356816004 ], [ -77.690325112802867, 34.318272466473694 ], [ -77.689924698480056, 34.318643609316595 ], [ -77.689523036044818, 34.319013766596022 ], [ -77.689120114824007, 34.319382919721107 ], [ -77.688715924982489, 34.319751050304625 ], [ -77.688310457662212, 34.320118140305787 ], [ -77.687903704627345, 34.320484171733611 ], [ -77.687495658175237, 34.320849126590673 ], [ -77.687086311179925, 34.32121298693859 ], [ -77.686675657023926, 34.32157573486402 ], [ -77.686263689477514, 34.321937352407993 ], [ -77.685850402725919, 34.322297821608423 ], [ -77.685435791357705, 34.322657124532462 ], [ -77.685019850270166, 34.323015243223267 ], [ -77.684602574616079, 34.323372159689619 ], [ -77.684183959790175, 34.323727855934301 ], [ -77.683764001480739, 34.324082314050109 ], [ -77.683342695647923, 34.324435516239276 ], [ -77.682920038541056, 34.324787444874467 ], [ -77.682496026718269, 34.325138082567527 ], [ -77.682070657107175, 34.325487412276821 ], [ -77.681643926986794, 34.325835417331824 ], [ -77.681215834038611, 34.326182081532998 ], [ -77.680786376360857, 34.326527389213325 ], [ -77.680355552701158, 34.326871325519228 ], [ -77.679923362527077, 34.327213876523182 ], [ -77.679489806036415, 34.327555029284404 ], [ -77.67905488398371, 34.327894771732623 ], [ -77.678618598207848, 34.328233093215673 ], [ -77.678180951751628, 34.328569984661847 ], [ -77.677741949148029, 34.328905438906766 ], [ -77.677301595737305, 34.329239450105767 ], [ -77.676859897936055, 34.32957201406979 ], [ -77.676416864320473, 34.329903129212134 ], [ -77.675972504466984, 34.330232796010492 ], [ -77.675526830599267, 34.330561017644143 ], [ -77.675079857534172, 34.330887800094594 ], [ -77.674631601314147, 34.331213151822439 ], [ -77.674182080181993, 34.331537084198175 ], [ -77.67373131470093, 34.331859611646344 ], [ -77.673279327820694, 34.3321807517381 ], [ -77.672826144951074, 34.332500525285795 ], [ -77.672371794234209, 34.332818956604306 ], [ -77.671916306547658, 34.333136073535222 ], [ -77.67145971532733, 34.333451907321304 ], [ -77.671002056740477, 34.33376649276321 ], [ -77.670543369730453, 34.33407986826132 ], [ -77.670083696021834, 34.334392075820361 ], [ -77.669623080113965, 34.334703161036977 ], [ -77.66916156922187, 34.335013173040345 ], [ -77.668699213214083, 34.335322164420951 ], [ -77.668236064518226, 34.335630191127521 ], [ -77.667772178118611, 34.335937312424427 ], [ -77.66730761128909, 34.336243590632009 ], [ -77.666842423564248, 34.336549091057549 ], [ -77.666376676736164, 34.336853881944712 ], [ -77.665910434854055, 34.337158034385929 ], [ -77.66544376325966, 34.337461621500829 ], [ -77.664976728609588, 34.337764718366401 ], [ -77.664509399132314, 34.338067402147566 ], [ -77.66404184398364, 34.338369751503784 ], [ -77.663574133028121, 34.338671846315528 ], [ -77.663106336968553, 34.338973767655403 ], [ -77.662638526792875, 34.339275597271048 ], [ -77.662170773451379, 34.339577417229719 ], [ -77.661703147582429, 34.339879309595382 ], [ -77.661235719241944, 34.340181356102015 ], [ -77.660768557547883, 34.34048363776396 ], [ -77.660301730500237, 34.340786234630535 ], [ -77.659835304647729, 34.341089225418862 ], [ -77.659369344817279, 34.341392687167385 ], [ -77.658903913802817, 34.341696694898019 ], [ -77.658439072125546, 34.342001321325881 ], [ -77.657974877745744, 34.34230663652874 ], [ -77.657511385883964, 34.342612707719105 ], [ -77.657048648834092, 34.342919599006791 ], [ -77.656586715699547, 34.343227371098244 ], [ -77.656125632354758, 34.343536081180368 ], [ -77.655665440973308, 34.343845782491229 ], [ -77.655206179996668, 34.344156524216487 ], [ -77.654747884256494, 34.344468351534665 ], [ -77.654290584638318, 34.344781305313312 ], [ -77.653834308041951, 34.345095422011646 ], [ -77.653379077369109, 34.345410733639362 ], [ -77.652924911433914, 34.345727267654198 ], [ -77.65247182513572, 34.346045047074654 ], [ -77.652019829366949, 34.346364090408123 ], [ -77.651568931020847, 34.346684411646208 ], [ -77.651119133128205, 34.347006020373925 ], [ -77.650670434907525, 34.347328921808966 ], [ -77.650222831908607, 34.347653116935504 ], [ -77.64977631616992, 34.34797860265131 ], [ -77.649330876323575, 34.34830537188239 ], [ -77.648886497751505, 34.34863341373616 ], [ -77.64844316281652, 34.348962713729257 ], [ -77.648000851058626, 34.349293253988229 ], [ -77.647559539380538, 34.349625013436246 ], [ -77.647119202172746, 34.349957967947859 ], [ -77.646679811685914, 34.350292090718909 ], [ -77.646241338183643, 34.350627352437556 ], [ -77.645803750167076, 34.350963721521254 ], [ -77.645367014598847, 34.351301164360422 ], [ -77.644931097088417, 34.351639645526959 ], [ -77.644495962228802, 34.351979128113335 ], [ -77.644061573736721, 34.352319573901745 ], [ -77.643627894703258, 34.352660943651351 ], [ -77.643194887855714, 34.353003197370732 ], [ -77.642762515674235, 34.353346294457829 ], [ -77.642330740619997, 34.35369019395656 ], [ -77.641899525178786, 34.354034854642855 ], [ -77.641468832161266, 34.354380235335441 ], [ -77.641038624873687, 34.354726295090245 ], [ -77.640608867240147, 34.355072993354376 ], [ -77.640179524030984, 34.35542029021228 ], [ -77.639750560771333, 34.355768146339734 ], [ -77.639321943957228, 34.356116523231229 ], [ -77.63889364112805, 34.356465383311296 ], [ -77.638465620938476, 34.356814690028592 ], [ -77.638037853153989, 34.357164407879246 ], [ -77.637610308760614, 34.3575145025371 ], [ -77.63718296008723, 34.357864940989231 ], [ -77.636755780698337, 34.358215691467322 ], [ -77.636328745360089, 34.358566723443829 ], [ -77.635901830117902, 34.358918007717506 ], [ -77.63547501225851, 34.359269516394903 ], [ -77.635048270348733, 34.359621222949457 ], [ -77.634621584161579, 34.359973102168311 ], [ -77.634194934570388, 34.360325130067601 ], [ -77.633768303552088, 34.360677283906909 ], [ -77.633341674196373, 34.361029542205898 ], [ -77.632915030586815, 34.361381884644189 ], [ -77.632488357724782, 34.361734291999284 ], [ -77.632061641489557, 34.362086746113384 ], [ -77.631634868562273, 34.362439229826983 ], [ -77.631208026365101, 34.362791726924094 ], [ -77.630781103001567, 34.363144222075661 ], [ -77.63035408720593, 34.363496700796098 ], [ -77.629926968217518, 34.363849149327464 ], [ -77.629499735823529, 34.364201554663914 ], [ -77.629072380299988, 34.364553904496155 ], [ -77.628644892157965, 34.364906186982346 ], [ -77.628217262234415, 34.365258390818489 ], [ -77.627789481777953, 34.36561050531067 ], [ -77.627361542224207, 34.365962520158718 ], [ -77.626933435165824, 34.366314425419809 ], [ -77.626505152318217, 34.366666211467169 ], [ -77.626076685401273, 34.367017868868793 ], [ -77.625648026411753, 34.367369388635808 ], [ -77.625219167384074, 34.367720761992103 ], [ -77.624790100389816, 34.368071980357868 ], [ -77.624360817662435, 34.368423035446718 ], [ -77.623931310935163, 34.368773918839985 ], [ -77.623501572531168, 34.3691246226158 ], [ -77.623071596145607, 34.36947514007781 ], [ -77.622641374253476, 34.369825463642272 ], [ -77.622210899363125, 34.370175585861965 ], [ -77.62178016406186, 34.37052549944675 ], [ -77.621349161066988, 34.370875197302496 ], [ -77.62091788323518, 34.371224672527845 ], [ -77.620486323603501, 34.371573918445399 ], [ -77.620054475447617, 34.371922928650008 ], [ -77.619622332230421, 34.372271696944289 ], [ -77.619189887664575, 34.372620217391905 ], [ -77.618757135694707, 34.372968484289665 ], [ -77.618324070523187, 34.373316492183889 ], [ -77.617890686702751, 34.373664235956191 ], [ -77.617456979119723, 34.374011710797262 ], [ -77.617022943033291, 34.374358912239899 ], [ -77.616588574069553, 34.374705836145203 ], [ -77.616153868266508, 34.37505247874185 ], [ -77.615718822049544, 34.375398836596389 ], [ -77.615283432221801, 34.375744906598953 ], [ -77.614847696062199, 34.376090686057843 ], [ -77.614411611292937, 34.376436172663844 ], [ -77.613975176083954, 34.376781364491983 ], [ -77.613538389058277, 34.377126260005319 ], [ -77.613101249310205, 34.377470858072883 ], [ -77.612663756381352, 34.377815157944454 ], [ -77.612225910238266, 34.378159159227451 ], [ -77.611787711297794, 34.378502861914932 ], [ -77.61134916041452, 34.378846266373998 ], [ -77.610910258833101, 34.379189373298701 ], [ -77.610471007649721, 34.379532183156378 ], [ -77.61003140878293, 34.379874697195632 ], [ -77.609591464729519, 34.380216917197693 ], [ -77.609151178097136, 34.380558845058879 ], [ -77.608710551966382, 34.380900483035312 ], [ -77.608269589744609, 34.381241833656318 ], [ -77.607828295103175, 34.381582899654006 ], [ -77.607386671742319, 34.381923683797872 ], [ -77.606944723602211, 34.382264189056272 ], [ -77.606502454723042, 34.382604418475331 ], [ -77.60605986924665, 34.382944375199529 ], [ -77.605616971385089, 34.383284062428771 ], [ -77.60517376531152, 34.383623483308938 ], [ -77.604730255226428, 34.383962641001148 ], [ -77.604286445495845, 34.384301538795334 ], [ -77.60384234006338, 34.384640179617122 ], [ -77.603397942715873, 34.384978566247582 ], [ -77.602953257184652, 34.385316701407824 ], [ -77.602508286930231, 34.385654587575871 ], [ -77.60206303523529, 34.385992227063866 ], [ -77.6016175051668, 34.386329621980174 ], [ -77.60117169950459, 34.386666774165953 ], [ -77.600725620693922, 34.387003685159897 ], [ -77.6002792708436, 34.38734035619477 ], [ -77.59983265170051, 34.387676788171873 ], [ -77.599385764617011, 34.388012981634262 ], [ -77.598938610541779, 34.38834893675557 ], [ -77.598491190001013, 34.38868465332294 ], [ -77.598043503092427, 34.389020130732838 ], [ -77.597595549533395, 34.389355368026273 ], [ -77.597147328535044, 34.38969036378554 ], [ -77.596698838848098, 34.390025116173149 ], [ -77.596250078781623, 34.390359622948182 ], [ -77.595801046211307, 34.390693881470959 ], [ -77.595351738589102, 34.391027888712742 ], [ -77.594902152943305, 34.39136164125371 ], [ -77.594452285887712, 34.391695135293965 ], [ -77.594002133625068, 34.392028366654166 ], [ -77.593551691990882, 34.392361330814438 ], [ -77.593100956402068, 34.39269402284684 ], [ -77.592649921933599, 34.393026437504972 ], [ -77.592198583545425, 34.39335856948238 ], [ -77.591746935861622, 34.393690413143347 ], [ -77.591294973160558, 34.394021962507935 ], [ -77.590842689535549, 34.394353211432346 ], [ -77.590390078997572, 34.394684153704986 ], [ -77.589937135295841, 34.395014782854972 ], [ -77.589483852027911, 34.395345092263582 ], [ -77.589030222736028, 34.395675075262204 ], [ -77.588576240943297, 34.396004725158541 ], [ -77.58812190005105, 34.39633403513357 ], [ -77.587667193475156, 34.396662998383029 ], [ -77.587212114731571, 34.396991608190859 ], [ -77.586756657422839, 34.397319857917864 ], [ -77.58630081527015, 34.397647741027441 ], [ -77.585844582149036, 34.397975251126752 ], [ -77.585387952124947, 34.398302382000203 ], [ -77.584930919415186, 34.398629127558621 ], [ -77.584473478445574, 34.398955481901709 ], [ -77.584015623948318, 34.399281439417564 ], [ -77.583557350948666, 34.399606994759473 ], [ -77.583098654583381, 34.39993214268312 ], [ -77.582639530272601, 34.400256878213547 ], [ -77.582179973943667, 34.40058119682876 ], [ -77.581719981860047, 34.400905094311916 ], [ -77.581259550619095, 34.401228566757027 ], [ -77.580798677164466, 34.401551610580967 ], [ -77.58033735878567, 34.401874222523467 ], [ -77.579875593111581, 34.402196399628146 ], [ -77.579413378159373, 34.402518139298152 ], [ -77.578950712369846, 34.402839439333249 ], [ -77.578487594468996, 34.40316029780503 ], [ -77.57802402365057, 34.403480713218791 ], [ -77.577559999418099, 34.403800684368335 ], [ -77.57709552149548, 34.404120210269575 ], [ -77.576630589944301, 34.404439290242443 ], [ -77.576165205169048, 34.404757923926354 ], [ -77.575699367789539, 34.405076111161648 ], [ -77.575233078803279, 34.405393852138815 ], [ -77.574766339579725, 34.405711147404709 ], [ -77.574299151760485, 34.406027997755579 ], [ -77.573831517124134, 34.40634440413173 ], [ -77.573363437719479, 34.406660367731305 ], [ -77.572894915898999, 34.40697589004597 ], [ -77.572425954084025, 34.407290972621155 ], [ -77.571956554870411, 34.407605617168926 ], [ -77.571486721124259, 34.407919825661715 ], [ -77.57101645580542, 34.408233600173112 ], [ -77.570545762013154, 34.408546942922122 ], [ -77.570074643006222, 34.408859856277559 ], [ -77.569603102154261, 34.409172342713809 ], [ -77.569131142947327, 34.409484404832547 ], [ -77.568658768990858, 34.409796045355002 ], [ -77.568185983989821, 34.410107267115833 ], [ -77.567712791690198, 34.410418073004664 ], [ -77.56723919581944, 34.410728465896078 ], [ -77.566765200118951, 34.41103844869874 ], [ -77.566290808501549, 34.411348024490856 ], [ -77.565816024974623, 34.411657196455089 ], [ -77.565340853421759, 34.411965967677645 ], [ -77.564865297793588, 34.412274341332115 ], [ -77.564389362119087, 34.412582320684756 ], [ -77.563913050459377, 34.412889909054208 ], [ -77.563436366951748, 34.413197109851659 ], [ -77.562959315688403, 34.413503926466632 ], [ -77.562481900775936, 34.413810362332406 ], [ -77.5620041263562, 34.41411642093852 ], [ -77.561525996606107, 34.414422105843983 ], [ -77.561047515817776, 34.414727420750637 ], [ -77.560568688321084, 34.415032369425681 ], [ -77.560089518507866, 34.415336955736905 ], [ -77.559610010789683, 34.415641183599064 ], [ -77.5591301696616, 34.415945057041988 ], [ -77.558649999621977, 34.4162485801318 ], [ -77.558169505226445, 34.416551757031314 ], [ -77.557688691124369, 34.416854592028287 ], [ -77.557207562107834, 34.417157089592855 ], [ -77.55672612305446, 34.417459254338858 ], [ -77.556244378840873, 34.417761090906254 ], [ -77.555762334424486, 34.418062604053411 ], [ -77.555279994930203, 34.418363798755031 ], [ -77.554797365633334, 34.418664680177585 ], [ -77.554314451834273, 34.41896525355012 ], [ -77.553831258995885, 34.419265524308685 ], [ -77.553347792613636, 34.419565497964008 ], [ -77.552864058279368, 34.419865180175385 ], [ -77.552380061787829, 34.420164576852628 ], [ -77.551895809015093, 34.420463694026004 ], [ -77.551411306028086, 34.420762537942942 ], [ -77.550926559050964, 34.42106111506947 ], [ -77.550441574404473, 34.42135943201864 ], [ -77.549956358505526, 34.421657495539343 ], [ -77.549470917805252, 34.421955312462885 ], [ -77.548985258984089, 34.422252889886884 ], [ -77.548499388852747, 34.422550235075363 ], [ -77.548013314260658, 34.422847355379155 ], [ -77.547527042118972, 34.42314425824673 ], [ -77.547040579503133, 34.423440951308741 ], [ -77.546553933613112, 34.423737442368406 ], [ -77.546067111646849, 34.424033739270769 ], [ -77.545580120868621, 34.424329849945508 ], [ -77.545092968623109, 34.424625782428095 ], [ -77.544605662299659, 34.42492154482526 ], [ -77.544118209363873, 34.425217145337626 ], [ -77.543630617264469, 34.42551259218785 ], [ -77.543142893367673, 34.425807893524826 ], [ -77.542655045075065, 34.426103057538981 ], [ -77.54216707974021, 34.426398092382712 ], [ -77.541679004603552, 34.426693006105424 ], [ -77.54119082683458, 34.426987806686178 ], [ -77.540702553514649, 34.427282502014108 ], [ -77.540214191614069, 34.427577099865729 ], [ -77.539725747955956, 34.427871607860794 ], [ -77.539237229171604, 34.428166033409859 ], [ -77.53874864174216, 34.428460383760253 ], [ -77.538259991894719, 34.428754665891141 ], [ -77.537771285620622, 34.429048886522153 ], [ -77.537282528697673, 34.429343052130967 ], [ -77.536793726566032, 34.429637168813507 ], [ -77.536304884349121, 34.429931242317593 ], [ -77.535816006888524, 34.430225278082702 ], [ -77.535327098684249, 34.430519281164322 ], [ -77.534838163920384, 34.430813256270945 ], [ -77.534349206347983, 34.43110720762224 ], [ -77.533860229346402, 34.431401139013069 ], [ -77.533371235900816, 34.431695053794307 ], [ -77.532882228552708, 34.431988954819879 ], [ -77.53239320944769, 34.432282844500271 ], [ -77.531904180321916, 34.432576724780667 ], [ -77.531415142433531, 34.432870597068124 ], [ -77.530926096612632, 34.43316446228507 ], [ -77.530437043165719, 34.433458320758263 ], [ -77.529947981993942, 34.433752172363143 ], [ -77.529458912586819, 34.434046016513555 ], [ -77.528969833901414, 34.434339852007682 ], [ -77.528480744557697, 34.434633677267222 ], [ -77.527991642781586, 34.43492749027434 ], [ -77.52750252640655, 34.435221288569416 ], [ -77.527013392824188, 34.435515069188376 ], [ -77.526524239008353, 34.435808828698619 ], [ -77.52603506156585, 34.43610256324061 ], [ -77.5255458567879, 34.436396268603872 ], [ -77.525056620698095, 34.436689940273588 ], [ -77.524567349043508, 34.436983573417933 ], [ -77.524078037266293, 34.437277162865335 ], [ -77.523588680565283, 34.437570703166671 ], [ -77.523099273914326, 34.437864188618747 ], [ -77.522609812100626, 34.438157613301179 ], [ -77.522120289745004, 34.438450971106064 ], [ -77.521630701372075, 34.438744255811436 ], [ -77.521141041448715, 34.439037461122901 ], [ -77.520651304374454, 34.439330580680753 ], [ -77.520161484453709, 34.439623608004567 ], [ -77.519671575930246, 34.439916536531825 ], [ -77.519181573140386, 34.440209359815952 ], [ -77.518691470462784, 34.44050207145898 ], [ -77.518201262290233, 34.440794665061617 ], [ -77.517710943126133, 34.441087134343384 ], [ -77.517220507584852, 34.44137947314757 ], [ -77.516729950398428, 34.441671675444795 ], [ -77.516239266443364, 34.441963735354918 ], [ -77.515748450797247, 34.442255647221963 ], [ -77.515257498684974, 34.442547405557569 ], [ -77.514766405512006, 34.442839005065373 ], [ -77.51427516694369, 34.443130440731878 ], [ -77.513783778795101, 34.443421707696956 ], [ -77.513292237059716, 34.443712801294318 ], [ -77.512800537959876, 34.444003717099605 ], [ -77.512308677986937, 34.444294450980415 ], [ -77.511816653779206, 34.44458499895326 ], [ -77.511324462222547, 34.444875357309421 ], [ -77.510832100384533, 34.445165522541132 ], [ -77.510339565511188, 34.445455491322434 ], [ -77.509846855106503, 34.445745260602649 ], [ -77.509353966808192, 34.446034827460196 ], [ -77.508860898400343, 34.44632418912277 ], [ -77.508367647796575, 34.446613342940736 ], [ -77.507874213048055, 34.446902286405546 ], [ -77.507380592338023, 34.447191017138529 ], [ -77.50688678396466, 34.447479532872322 ], [ -77.506392786296885, 34.447767831402309 ], [ -77.5058985977562, 34.448055910558118 ], [ -77.505404216816117, 34.448343768203976 ], [ -77.50490964198498, 34.448631402225061 ], [ -77.504414871774344, 34.448918810487108 ], [ -77.503919904672372, 34.449205990799832 ], [ -77.503424739148784, 34.449492940930675 ], [ -77.502929373648755, 34.449779658600832 ], [ -77.502433806560873, 34.450066141441368 ], [ -77.501938036226647, 34.45035238701508 ], [ -77.501442060876826, 34.450638392725985 ], [ -77.5009458786555, 34.450924155855958 ], [ -77.50044948765273, 34.45120967361089 ], [ -77.499952885835555, 34.451494943033346 ], [ -77.49945607097581, 34.451779960910393 ], [ -77.498959040725893, 34.452064723871842 ], [ -77.49846179250558, 34.45234922823505 ], [ -77.497964323681245, 34.452633470256046 ], [ -77.497466631512381, 34.452917446055928 ], [ -77.496968713086019, 34.453201151527978 ], [ -77.496470565396322, 34.453484582439387 ], [ -77.495972185329748, 34.453767734427764 ], [ -77.495473569466455, 34.454050602754855 ], [ -77.494974714334091, 34.454333182601736 ], [ -77.494475616447033, 34.45461546911725 ], [ -77.493976272161305, 34.454897457260067 ], [ -77.493476677642647, 34.455179141758059 ], [ -77.492976829035484, 34.455460517276656 ], [ -77.492476722476866, 34.455741578472697 ], [ -77.491976353992399, 34.456022319868111 ], [ -77.491475719561464, 34.456302735921938 ], [ -77.490974815177026, 34.456582821099268 ], [ -77.490473636791904, 34.45686256981503 ], [ -77.489972180333268, 34.457141976446259 ], [ -77.489470441731541, 34.457421035365641 ], [ -77.488968416945184, 34.457699740970405 ], [ -77.488466101920977, 34.457978087622791 ], [ -77.487963492709369, 34.458256069825126 ], [ -77.487460585501367, 34.458533682250867 ], [ -77.486957376558863, 34.458810919644286 ], [ -77.486453862212628, 34.459087776827801 ], [ -77.485950038852678, 34.459364248669807 ], [ -77.485445903058817, 34.459640330268606 ], [ -77.48494145162357, 34.459916017001142 ], [ -77.484436681405285, 34.460191304298696 ], [ -77.483931589367685, 34.460466187696795 ], [ -77.483426172717074, 34.460740663039793 ], [ -77.482920428849752, 34.461014726401849 ], [ -77.482414355332367, 34.461288374053559 ], [ -77.4819079499552, 34.461561602530608 ], [ -77.481401210672473, 34.461834408559938 ], [ -77.480894135615273, 34.462106789082043 ], [ -77.480386723031856, 34.462378741129619 ], [ -77.479878971445572, 34.46265026210753 ], [ -77.479370879635127, 34.462921349745997 ], [ -77.478862446567277, 34.463192002001229 ], [ -77.478353671518974, 34.463462217210569 ], [ -77.477844553943996, 34.463731993910848 ], [ -77.477335093532787, 34.464001330926223 ], [ -77.476825290059239, 34.464270227170672 ], [ -77.476315143477947, 34.464538681790977 ], [ -77.475804654002573, 34.464806694258755 ], [ -77.475293822031105, 34.465074264273539 ], [ -77.474782648160883, 34.465341391793856 ], [ -77.474271133121491, 34.465608076950659 ], [ -77.473759277993679, 34.465874320288648 ], [ -77.473247083983708, 34.466140122511021 ], [ -77.472734552403637, 34.466405484472901 ], [ -77.4722216847222, 34.466670407232293 ], [ -77.471708482552714, 34.466934892040037 ], [ -77.471194947709918, 34.467198940407684 ], [ -77.47068108216402, 34.46746255404873 ], [ -77.47016688798135, 34.467725734812099 ], [ -77.469652367370927, 34.467988484739074 ], [ -77.469137522606388, 34.468250805974094 ], [ -77.468622356159173, 34.468512700934625 ], [ -77.468106870731418, 34.468774172325134 ], [ -77.467591069056994, 34.469035222911351 ], [ -77.467074953978184, 34.469295855619762 ], [ -77.466558528450022, 34.469556073543067 ], [ -77.466041795549742, 34.469815879946388 ], [ -77.465524758406303, 34.470075278187778 ], [ -77.465007420255262, 34.470334271785127 ], [ -77.464489784422412, 34.470592864395833 ], [ -77.463971854312604, 34.470851059802705 ], [ -77.463453633435563, 34.471108861945687 ], [ -77.462935125347698, 34.471366274851476 ], [ -77.462416333691422, 34.471623302684819 ], [ -77.461897262149094, 34.47187994968948 ], [ -77.461377914454729, 34.472136220205641 ], [ -77.460858294410187, 34.472392118688205 ], [ -77.460338405856021, 34.472647649672851 ], [ -77.459818252713035, 34.472902817821357 ], [ -77.45929783896247, 34.473157627903596 ], [ -77.45877716866498, 34.473412084816445 ], [ -77.45825624596965, 34.473666193613852 ], [ -77.457735075072463, 34.47391995943817 ], [ -77.457213660183271, 34.474173387480434 ], [ -77.456692005483788, 34.474426482935442 ], [ -77.456170115227366, 34.474679251091892 ], [ -77.455647993819383, 34.474931697480109 ], [ -77.455125645679672, 34.475183827696753 ], [ -77.454603075267244, 34.47543564741693 ], [ -77.454080287165652, 34.475687162500407 ], [ -77.45355728596887, 34.475938378848944 ], [ -77.45303407636068, 34.476189302516573 ], [ -77.4525106630892, 34.476439939684582 ], [ -77.451987050957527, 34.476690296641564 ], [ -77.451463244879477, 34.476940379850696 ], [ -77.450939249883163, 34.477190195958805 ], [ -77.450415071017872, 34.477439751677544 ], [ -77.449890713461301, 34.477689053931293 ], [ -77.449366182526802, 34.477938109861327 ], [ -77.448841483600404, 34.478186926728682 ], [ -77.448316622178723, 34.47843551198013 ], [ -77.447791603995952, 34.478683873431883 ], [ -77.447266434853788, 34.478932019018046 ], [ -77.446741120812803, 34.479179957041474 ], [ -77.446215667976873, 34.479427695902849 ], [ -77.445690082483409, 34.479675244097336 ], [ -77.445164370628632, 34.479922610364255 ], [ -77.44463853886829, 34.480169803687005 ], [ -77.44411259381225, 34.480416833291933 ], [ -77.443586542198545, 34.480663708613903 ], [ -77.443060390911285, 34.48091043932056 ], [ -77.44253414689608, 34.481157035205385 ], [ -77.442007817283326, 34.481403506331262 ], [ -77.441481409306533, 34.481649862930077 ], [ -77.44095493027919, 34.481896115371569 ], [ -77.440428387606346, 34.482142274178074 ], [ -77.439901788755861, 34.482388349983978 ], [ -77.439375141211372, 34.482634353465144 ], [ -77.438848452478666, 34.482880295355514 ], [ -77.438321730120521, 34.483126186496349 ], [ -77.437794981695731, 34.48337203773535 ], [ -77.437268214691315, 34.483617859842738 ], [ -77.436741436518659, 34.4838636634992 ], [ -77.43621465447626, 34.484109459237118 ], [ -77.435687875764103, 34.484355257471037 ], [ -77.435161107486749, 34.484601068483499 ], [ -77.434634356603681, 34.484846902379161 ], [ -77.434107629806135, 34.485092768900039 ], [ -77.433580933551113, 34.485338677462742 ], [ -77.433054273972914, 34.485584637042635 ], [ -77.432527656971658, 34.485830656281621 ], [ -77.432001088102268, 34.486076743333378 ], [ -77.431474572519619, 34.486322905788057 ], [ -77.43094811504632, 34.48656915077148 ], [ -77.430421720065823, 34.486815484793489 ], [ -77.4298953915591, 34.487061913791337 ], [ -77.42936913305094, 34.487308443047468 ], [ -77.428842947558806, 34.487555077120795 ], [ -77.428316837646165, 34.487801819912463 ], [ -77.427790805300859, 34.488048674507596 ], [ -77.427264851935945, 34.488295643168541 ], [ -77.426738978465664, 34.48854272742544 ], [ -77.426213185221982, 34.488789927975112 ], [ -77.425687471953069, 34.489037244672552 ], [ -77.425161837877653, 34.489284676610701 ], [ -77.424636281696593, 34.489532222124438 ], [ -77.424110801702369, 34.489779878953584 ], [ -77.423585395569816, 34.490027643931789 ], [ -77.423060060232118, 34.490275512808729 ], [ -77.422534792294556, 34.490523480865555 ], [ -77.422009587946533, 34.490771542778454 ], [ -77.421484442823512, 34.491019692401352 ], [ -77.420959352129927, 34.491267922951479 ], [ -77.420434310621744, 34.49151622698183 ], [ -77.419909312705514, 34.49176459652395 ], [ -77.419384352499449, 34.49201302318032 ], [ -77.418859423777988, 34.492261498038921 ], [ -77.418334519996449, 34.492510011707544 ], [ -77.417809634366336, 34.492758554430957 ], [ -77.417284759955564, 34.493007116218465 ], [ -77.416759889726649, 34.493255686905506 ], [ -77.416235016444119, 34.4935042560328 ], [ -77.415710132783474, 34.493752812993712 ], [ -77.415185231450778, 34.494001347201277 ], [ -77.414660305127711, 34.49424984800995 ], [ -77.414135346541087, 34.494498304829335 ], [ -77.413610348709113, 34.49474670748706 ], [ -77.41308530460266, 34.494995045706546 ], [ -77.412560207059585, 34.495243308940481 ], [ -77.412035049445322, 34.495491487474098 ], [ -77.411509825539795, 34.495739572210958 ], [ -77.41098452900458, 34.495987553823618 ], [ -77.410459153777325, 34.496235423365341 ], [ -77.40993369420616, 34.496483172473077 ], [ -77.409408144961944, 34.496730793244346 ], [ -77.408882500996938, 34.496978278156838 ], [ -77.408356757650338, 34.497225620256103 ], [ -77.407830910624824, 34.497472813132774 ], [ -77.407304955961791, 34.497719850851972 ], [ -77.406778890178941, 34.497966728190477 ], [ -77.406252709995627, 34.498213440164584 ], [ -77.405726412474749, 34.498459982266311 ], [ -77.405199995088907, 34.498706350574615 ], [ -77.404673455678505, 34.498952541701541 ], [ -77.404146792458462, 34.499198552849982 ], [ -77.403620003955979, 34.499444381659806 ], [ -77.403093089114009, 34.499690026427977 ], [ -77.402566047078466, 34.499935485692816 ], [ -77.402038877238269, 34.500180758321719 ], [ -77.401511579287188, 34.500425843637466 ], [ -77.400984153148826, 34.500670741292154 ], [ -77.400456599008692, 34.500915451328737 ], [ -77.39992891727286, 34.501159974108496 ], [ -77.399401108810054, 34.501404310570891 ], [ -77.398873174499727, 34.501648461691595 ], [ -77.398345116002801, 34.50189242898081 ], [ -77.397816934632615, 34.502136213790294 ], [ -77.397288631043452, 34.502379817055463 ], [ -77.396760205903448, 34.502623239750676 ], [ -77.396231660427873, 34.502866483256604 ], [ -77.395702995883781, 34.503109548996854 ], [ -77.395174213630327, 34.503352438482274 ], [ -77.394645315007409, 34.503595153161378 ], [ -77.394116301423011, 34.503837694533679 ], [ -77.393587174149701, 34.504080063861771 ], [ -77.393057934392544, 34.504322262257851 ], [ -77.392528583335434, 34.504564290745485 ], [ -77.391999122104437, 34.504806150200913 ], [ -77.39146955170861, 34.505047841260421 ], [ -77.390939873080001, 34.505289364373226 ], [ -77.390410087082913, 34.505530719809251 ], [ -77.389880194486111, 34.505771907612406 ], [ -77.389350195952204, 34.506012927579327 ], [ -77.388820092060939, 34.506253779286098 ], [ -77.388289883331581, 34.506494462115526 ], [ -77.387759570133213, 34.506734975119215 ], [ -77.387229152742364, 34.506975317095794 ], [ -77.386698631344913, 34.507215486587263 ], [ -77.386168006043945, 34.507455481884399 ], [ -77.385637276858148, 34.507695301017876 ], [ -77.385106443747461, 34.507934941791184 ], [ -77.384575506621104, 34.508174401786576 ], [ -77.384044465351451, 34.508413678380577 ], [ -77.383513319813517, 34.508652768799955 ], [ -77.38298206980798, 34.508891669994213 ], [ -77.382450715126296, 34.509130378732159 ], [ -77.381919255609915, 34.509368891691715 ], [ -77.381387691149584, 34.509607205451381 ], [ -77.380856021767812, 34.50984531660982 ], [ -77.380324247794519, 34.510083221934892 ], [ -77.379792369591399, 34.510320918062945 ], [ -77.379260387576096, 34.510558401609551 ], [ -77.378728302348705, 34.510795669314312 ], [ -77.378196114688507, 34.511032717972832 ], [ -77.377663825608607, 34.511269544552178 ], [ -77.377131436418438, 34.511506146288951 ], [ -77.376598948752132, 34.511742520726962 ], [ -77.376066364448604, 34.511978665631759 ], [ -77.375533685809643, 34.512214579256188 ], [ -77.375000915670327, 34.512450260498561 ], [ -77.374468057155937, 34.512685708555004 ], [ -77.373935113910804, 34.512920923240976 ], [ -77.373402090068481, 34.513155905004886 ], [ -77.372868990297476, 34.513390654991127 ], [ -77.372335819982951, 34.513625175316555 ], [ -77.371802585098649, 34.513859468919044 ], [ -77.371269292331888, 34.514093539751542 ], [ -77.370735948974968, 34.514327392654273 ], [ -77.370202562951889, 34.51456103340567 ], [ -77.369669142897592, 34.514794468865851 ], [ -77.369135698246183, 34.515027707124808 ], [ -77.368602239196733, 34.515260757483325 ], [ -77.368068776809736, 34.51549363060893 ], [ -77.367535322858302, 34.515726338357737 ], [ -77.367001889633428, 34.515958893501995 ], [ -77.366468490462211, 34.516191310554653 ], [ -77.365935139564257, 34.516423605589097 ], [ -77.36540185169882, 34.516655795712666 ], [ -77.364868642343609, 34.51688789937392 ], [ -77.364335527898277, 34.517119936655646 ], [ -77.363802525441955, 34.517351928983686 ], [ -77.363269652372537, 34.517583898698774 ], [ -77.362736926708763, 34.51781586944066 ], [ -77.362204367151378, 34.518047866260474 ], [ -77.361671992912022, 34.518279915407973 ], [ -77.361139823685946, 34.518512044310377 ], [ -77.360607879471118, 34.518744281349647 ], [ -77.360076180597972, 34.518976655908347 ], [ -77.359544747571022, 34.51920919817335 ], [ -77.359013601006893, 34.519441939054047 ], [ -77.358482761798896, 34.519674910382342 ], [ -77.357952250839645, 34.519908144560816 ], [ -77.357422088840252, 34.520141674330475 ], [ -77.356892296375221, 34.520375532803477 ], [ -77.356362893774758, 34.520609753307816 ], [ -77.355833901046623, 34.520844369269966 ], [ -77.355305337780848, 34.521079414067295 ], [ -77.35477722308201, 34.521314920916844 ], [ -77.35424957548274, 34.521550922733631 ], [ -77.353722412877786, 34.521787452015573 ], [ -77.353195752429713, 34.522024540683347 ], [ -77.352669610508343, 34.522262219966557 ], [ -77.352144002575869, 34.522500520205142 ], [ -77.351618943193401, 34.522739470830416 ], [ -77.351094445957983, 34.522979100238651 ], [ -77.350570523447033, 34.52321943567064 ], [ -77.350047187227929, 34.523460503190442 ], [ -77.349524447666539, 34.523702327357583 ], [ -77.349002313936154, 34.523944931211631 ], [ -77.348480794048982, 34.524188336270299 ], [ -77.347959894807389, 34.524432562412301 ], [ -77.347439621824947, 34.524677627863937 ], [ -77.34691997949497, 34.524923549095369 ], [ -77.346400970923526, 34.525170340698295 ], [ -77.345882597951274, 34.525418015379607 ], [ -77.345364861218599, 34.525666583992731 ], [ -77.344847760136048, 34.525916055464435 ], [ -77.344331292963957, 34.526166436855611 ], [ -77.343815456762513, 34.526417733258093 ], [ -77.343300247444503, 34.52666994783808 ], [ -77.342785659842619, 34.526923081913161 ], [ -77.342271687719091, 34.527177134918148 ], [ -77.341758323683692, 34.527432104269927 ], [ -77.341245559378848, 34.52768798563045 ], [ -77.340733385436465, 34.527944772811097 ], [ -77.340221791697815, 34.528202458050018 ], [ -77.33971076720546, 34.528461031988087 ], [ -77.339200300169708, 34.528720483633485 ], [ -77.338690378124312, 34.528980800552027 ], [ -77.338180987863609, 34.529241968800896 ], [ -77.337672115600967, 34.529503973125266 ], [ -77.337163746916417, 34.529766796924896 ], [ -77.336655866898383, 34.530030422441321 ], [ -77.336148460154263, 34.530294830798283 ], [ -77.335641510881658, 34.530560002113369 ], [ -77.335135003019204, 34.530825915693406 ], [ -77.334628920232547, 34.531092550050758 ], [ -77.334123246011231, 34.531359883049461 ], [ -77.33361796371446, 34.531627892007272 ], [ -77.333113056524311, 34.531896553669498 ], [ -77.332608507630923, 34.532165844433059 ], [ -77.332104300342777, 34.532435740539377 ], [ -77.331600418041447, 34.532706218064114 ], [ -77.331096844279614, 34.532977253063557 ], [ -77.330593562875137, 34.53324882172501 ], [ -77.330090557914929, 34.533520900386172 ], [ -77.329587813871726, 34.533793465717196 ], [ -77.329085315583129, 34.534066494713045 ], [ -77.328583048419816, 34.534339964947108 ], [ -77.328080998268135, 34.534613854587924 ], [ -77.327579151603345, 34.534888142509779 ], [ -77.327077495550583, 34.535162808378757 ], [ -77.326576017959923, 34.535437832779529 ], [ -77.326074707446466, 34.53571319728546 ], [ -77.32557355336418, 34.535988884421251 ], [ -77.325072545939193, 34.536264877851373 ], [ -77.324571676240581, 34.5365411623646 ], [ -77.324070936233824, 34.536817723968575 ], [ -77.323570318882005, 34.537094550007723 ], [ -77.32306981814439, 34.537371629165818 ], [ -77.322569428907386, 34.537648951405004 ], [ -77.322069147006857, 34.537926508000595 ], [ -77.321568969508718, 34.538204291859053 ], [ -77.321068894477435, 34.538482297240314 ], [ -77.320568920994759, 34.538760519786628 ], [ -77.320069049122878, 34.539038956473405 ], [ -77.319569279876802, 34.539317605598562 ], [ -77.319069615181348, 34.539596466673338 ], [ -77.318570057992588, 34.539875540644204 ], [ -77.318070612478749, 34.54015483008822 ], [ -77.317571283551871, 34.540434338539185 ], [ -77.317072076880947, 34.540714070561883 ], [ -77.316572999056092, 34.540994031983189 ], [ -77.316074057520126, 34.541274229743735 ], [ -77.315575260432254, 34.541554671762313 ], [ -77.315076616557818, 34.541835366776162 ], [ -77.314578135199554, 34.542116324230946 ], [ -77.314079826247749, 34.542397554352391 ], [ -77.313581700055138, 34.542679068005363 ], [ -77.313083767289484, 34.542960876483747 ], [ -77.312586038971162, 34.543242991539984 ], [ -77.312088526344738, 34.543525425225411 ], [ -77.311591240829131, 34.543808189823032 ], [ -77.311094193949302, 34.544091297760637 ], [ -77.310597397250035, 34.544374761495568 ], [ -77.310100862250849, 34.544658593464547 ], [ -77.309604600161165, 34.544942805731345 ], [ -77.309108622001588, 34.545227410049549 ], [ -77.308612938866759, 34.545512418306714 ], [ -77.308117561569091, 34.545797842148872 ], [ -77.3076225000965, 34.546083692024602 ], [ -77.307127764238942, 34.546369978036701 ], [ -77.30663336371066, 34.546656710312966 ], [ -77.306139307439793, 34.546943898049541 ], [ -77.305645603736835, 34.547231549614693 ], [ -77.305152260304922, 34.547519672602078 ], [ -77.304659284347593, 34.547808273986661 ], [ -77.304166682493388, 34.54809735998591 ], [ -77.303674460645027, 34.548386935882384 ], [ -77.303182624070303, 34.548677006179958 ], [ -77.302691177386208, 34.548967574521349 ], [ -77.302200124748111, 34.549258644052998 ], [ -77.30170946952515, 34.549550216984301 ], [ -77.3012192144175, 34.54984229466654 ], [ -77.300729361522571, 34.550134877683121 ], [ -77.300239912300086, 34.550427965770062 ], [ -77.299750867759386, 34.550721558126448 ], [ -77.299262228151179, 34.55101565296367 ], [ -77.298773993270146, 34.551310248026226 ], [ -77.298286162440306, 34.551605340516296 ], [ -77.297798734431382, 34.55190092693897 ], [ -77.297311707579567, 34.552197003280305 ], [ -77.29682507975447, 34.552493564950829 ], [ -77.296338848357706, 34.55279060680148 ], [ -77.295853010212141, 34.553088123024843 ], [ -77.295367562061131, 34.553386107752829 ], [ -77.294882499779277, 34.553684554454868 ], [ -77.294397819510252, 34.553983456617722 ], [ -77.293913517890488, 34.554282808018165 ], [ -77.293429591221837, 34.554582602122061 ], [ -77.292946034882235, 34.554882831587435 ], [ -77.292462844051926, 34.555183488873148 ], [ -77.291980013777561, 34.555484566324061 ], [ -77.291497538929136, 34.555786056118016 ], [ -77.291015414189872, 34.55608795025605 ], [ -77.290533634113643, 34.556390240638692 ], [ -77.290052193098305, 34.556692919033807 ], [ -77.289571085403978, 34.556995977102481 ], [ -77.289090305136483, 34.557299406379812 ], [ -77.288609846262389, 34.55760319829502 ], [ -77.288129702610021, 34.557907344181636 ], [ -77.287649867855649, 34.558211835257794 ], [ -77.28717033553157, 34.558516662649509 ], [ -77.28669109903376, 34.558821817411271 ], [ -77.286212151542287, 34.55912729040066 ], [ -77.285733485994442, 34.559433072241433 ], [ -77.285255095253206, 34.559739153602358 ], [ -77.284776972038102, 34.560045525090658 ], [ -77.28429910885589, 34.560352177076545 ], [ -77.283821497930532, 34.560659099683463 ], [ -77.283344131735433, 34.560966283082699 ], [ -77.282867002104453, 34.561273716959619 ], [ -77.282390100479262, 34.561581390647248 ], [ -77.281913417949227, 34.561889293164015 ], [ -77.281436944344136, 34.562197412543675 ], [ -77.280960669592559, 34.562505736801349 ], [ -77.280484583498776, 34.562814253763321 ], [ -77.280008675460124, 34.563122950854329 ], [ -77.279532934451836, 34.563431815078047 ], [ -77.279057349013499, 34.563740832998874 ], [ -77.278581907019571, 34.564049990496628 ], [ -77.278106595954668, 34.564359273052332 ], [ -77.277631403045305, 34.564668665882124 ], [ -77.277156315089385, 34.564978153744022 ], [ -77.276681318352445, 34.565287720844672 ], [ -77.276206398628815, 34.565597350887224 ], [ -77.275731541245207, 34.565907027070338 ], [ -77.275256731056899, 34.566216732081109 ], [ -77.274781952606716, 34.566526448245703 ], [ -77.274307189884482, 34.566836157289103 ], [ -77.273832426430587, 34.567145840434627 ], [ -77.273357645438779, 34.567455478505899 ], [ -77.272882829682132, 34.567765051835408 ], [ -77.272407961623927, 34.568074540384828 ], [ -77.271933023611638, 34.568383923936565 ], [ -77.271457997508449, 34.568693181683066 ], [ -77.270982865105722, 34.56900229266661 ], [ -77.270507607872631, 34.569311235543928 ], [ -77.270032207055266, 34.569619988674198 ], [ -77.269556644001398, 34.569928530435526 ], [ -77.269080900043846, 34.57023683910127 ], [ -77.268604956431801, 34.570544892726801 ], [ -77.268128794549057, 34.570852669416105 ], [ -77.267652395882976, 34.571160147253963 ], [ -77.267175742291116, 34.571467304649069 ], [ -77.266698816067532, 34.571774120439024 ], [ -77.266221599689004, 34.572080573414425 ], [ -77.265744076045095, 34.572386642636403 ], [ -77.265266228615019, 34.572692307736162 ], [ -77.264788041433931, 34.572997548793438 ], [ -77.264309499230805, 34.57330234652089 ], [ -77.263830587520744, 34.573606682344995 ], [ -77.263351292920206, 34.573910538775095 ], [ -77.262871602813107, 34.574213898987686 ], [ -77.262391505364732, 34.574516746817601 ], [ -77.261910989889714, 34.574819067238629 ], [ -77.261430046884342, 34.575120846391989 ], [ -77.260948667964911, 34.575422071490436 ], [ -77.260466845884736, 34.575722730837882 ], [ -77.259984574880775, 34.57602281427971 ], [ -77.259501850576612, 34.576322313077021 ], [ -77.259018669776381, 34.57662121964367 ], [ -77.258535030746572, 34.57691952791162 ], [ -77.258050933204913, 34.577217233328277 ], [ -77.257566378344777, 34.577514332903419 ], [ -77.257081368759742, 34.57781082511449 ], [ -77.256595908592402, 34.578106710136531 ], [ -77.25611000342866, 34.578401989706386 ], [ -77.255623660372805, 34.578696667274293 ], [ -77.255136887995647, 34.578990747956666 ], [ -77.254649696309443, 34.579284238528352 ], [ -77.254162096743045, 34.579577147431102 ], [ -77.253674101893921, 34.579869484452814 ], [ -77.253185725638062, 34.580161260941871 ], [ -77.25269698333328, 34.580452490152013 ], [ -77.252207891365885, 34.580743186646572 ], [ -77.251718466975831, 34.58103336612627 ], [ -77.251228728451963, 34.581323045732077 ], [ -77.250738694865376, 34.581612243735037 ], [ -77.250248386117491, 34.581900979669221 ], [ -77.249757822712837, 34.582189274071489 ], [ -77.249267025690656, 34.582477148462807 ], [ -77.248776016467758, 34.582764625184673 ], [ -77.248284816676843, 34.583051727232949 ], [ -77.247793448110087, 34.583338478239099 ], [ -77.247301932741323, 34.583624902622709 ], [ -77.246810292263888, 34.583911024920141 ], [ -77.246318548044954, 34.584196869790652 ], [ -77.245826721029516, 34.584482461960334 ], [ -77.245334831707893, 34.584767826209934 ], [ -77.244842899684343, 34.585052986826298 ], [ -77.244350943671876, 34.585337967628099 ], [ -77.243858981482234, 34.585622791986296 ], [ -77.243367029862938, 34.585907482625572 ], [ -77.242875104490437, 34.586192061671284 ], [ -77.242383219653291, 34.586476550206363 ], [ -77.241891388052366, 34.586760967929877 ], [ -77.241399620973056, 34.587045333543408 ], [ -77.240907928185877, 34.587329664597469 ], [ -77.240416317701943, 34.587613977074746 ], [ -77.239924795885116, 34.587898285556861 ], [ -77.23943336716701, 34.588182602813291 ], [ -77.238942034196214, 34.588466939961037 ], [ -77.238450797604045, 34.588751306107433 ], [ -77.237959656221548, 34.589035708632728 ], [ -77.237468607089667, 34.589320153179713 ], [ -77.236977645222723, 34.589604643254212 ], [ -77.236486763628989, 34.589889180137682 ], [ -77.235995953558458, 34.590173763316237 ], [ -77.235505204459017, 34.590458390277618 ], [ -77.235014504084759, 34.590743056579527 ], [ -77.234523838395319, 34.591027755685602 ], [ -77.234033191657858, 34.591312479026314 ], [ -77.233542546609797, 34.59159721611509 ], [ -77.233051884601167, 34.591881954733417 ], [ -77.232561185490212, 34.592166680640332 ], [ -77.232070427835453, 34.592451377794717 ], [ -77.231579588981432, 34.592736028408765 ], [ -77.231088645206498, 34.593020613066429 ], [ -77.23059757179837, 34.593305110771126 ], [ -77.23010634323218, 34.593589499099728 ], [ -77.229614933269232, 34.593873754280395 ], [ -77.229123315047786, 34.594157851266893 ], [ -77.228631461221639, 34.594441763863898 ], [ -77.228139344085648, 34.594725464843776 ], [ -77.227646935690942, 34.595008926056217 ], [ -77.227154207934475, 34.595292118516504 ], [ -77.226661132722484, 34.595575012571807 ], [ -77.226167682107032, 34.595857578044033 ], [ -77.225673828321618, 34.596139784275771 ], [ -77.225179543899444, 34.596421600262069 ], [ -77.224684801860562, 34.59670299485947 ], [ -77.224189575791783, 34.596983936887121 ], [ -77.223693839698782, 34.597264394979724 ], [ -77.223197568271374, 34.597544337890213 ], [ -77.222700736985985, 34.59782373463247 ], [ -77.222203322122155, 34.59810255446726 ], [ -77.221705300934019, 34.598380767180437 ], [ -77.221206651700044, 34.598658343266194 ], [ -77.220707353715824, 34.598935253801933 ], [ -77.220207387173275, 34.599211470378336 ], [ -77.219706733307319, 34.599486965311563 ], [ -77.219205374509571, 34.599761711779529 ], [ -77.218703294401237, 34.600035684030672 ], [ -77.218200477753413, 34.600308857323355 ], [ -77.217696910382472, 34.600581207706298 ], [ -77.217192579307692, 34.600852712323523 ], [ -77.216687472813234, 34.601123349575829 ], [ -77.216181580321447, 34.601393098971535 ], [ -77.215674892295354, 34.601661940931145 ], [ -77.215167400491623, 34.60192985732121 ], [ -77.214659097901091, 34.602196831465456 ], [ -77.214149978519927, 34.602462847708836 ], [ -77.213640037392253, 34.602727891570531 ], [ -77.21312927072178, 34.602991950000366 ], [ -77.212617675784358, 34.603255011267478 ], [ -77.212105250821267, 34.603517064819606 ], [ -77.21159199521837, 34.603778101553083 ], [ -77.211077909235811, 34.604038113592047 ], [ -77.210562993934587, 34.604297094159868 ], [ -77.210047251352108, 34.604555037771242 ], [ -77.209530684507229, 34.604811940345691 ], [ -77.209013296852234, 34.60506779852718 ], [ -77.208495092796383, 34.605322610431848 ], [ -77.207976077845089, 34.605576375751816 ], [ -77.207456258037141, 34.605829095068366 ], [ -77.206935640110061, 34.606080770116087 ], [ -77.20641423144653, 34.606331403777808 ], [ -77.205892039974088, 34.60658099992407 ], [ -77.205369074141245, 34.606829563293012 ], [ -77.2048453430329, 34.607077099809175 ], [ -77.204320856282763, 34.607323616510264 ], [ -77.203795623984732, 34.607569121316246 ], [ -77.203269656969738, 34.607813623439483 ], [ -77.202742966187756, 34.608057132494565 ], [ -77.202215562831142, 34.608299658703693 ], [ -77.201687458630616, 34.608541213459461 ], [ -77.201158665548007, 34.608781808810349 ], [ -77.200629195953269, 34.609021457640502 ], [ -77.200099062503369, 34.609260173537912 ], [ -77.199568278110007, 34.609497970771521 ], [ -77.199036855898086, 34.609734864202821 ], [ -77.198504809123222, 34.609970869166681 ], [ -77.19797215123279, 34.610206001582277 ], [ -77.197438895881973, 34.610440277953799 ], [ -77.196905056799807, 34.610673715178606 ], [ -77.196370647754037, 34.61090633049033 ], [ -77.195835682584999, 34.611138141461915 ], [ -77.195300175200344, 34.611369166018669 ], [ -77.194764139473648, 34.611599422266046 ], [ -77.194227589276764, 34.611828928556392 ], [ -77.193690538757494, 34.61205770394082 ], [ -77.193153001827682, 34.612285767262335 ], [ -77.192614992114187, 34.612513137087305 ], [ -77.192076523326691, 34.612739832335627 ], [ -77.191537609085827, 34.612965871950159 ], [ -77.190998262869485, 34.613191274827294 ], [ -77.190458498016653, 34.613416059795362 ], [ -77.189918327755862, 34.613640245705724 ], [ -77.189377765124618, 34.613863851229141 ], [ -77.188836822894004, 34.614086894708038 ], [ -77.188295513613639, 34.614309394253944 ], [ -77.187753849494214, 34.614531367440492 ], [ -77.18721184255547, 34.614752831721844 ], [ -77.186669504559035, 34.614973804275955 ], [ -77.1861268469615, 34.615194301806014 ], [ -77.185583880951441, 34.615414340653302 ], [ -77.185040617237277, 34.615633936425219 ], [ -77.184497066130547, 34.61585310413237 ], [ -77.183953237583438, 34.616071858292599 ], [ -77.183409141232943, 34.616290212898647 ], [ -77.182864785951566, 34.616508181200501 ], [ -77.182320180634989, 34.616725776020402 ], [ -77.181775333840619, 34.616943009511544 ], [ -77.181230253723825, 34.617159893083588 ], [ -77.180684948676301, 34.617376437660305 ], [ -77.180139426152408, 34.617592653402475 ], [ -77.179593692879251, 34.617808549575784 ], [ -77.179047755199278, 34.618024134729218 ], [ -77.178501618993536, 34.618239416608787 ], [ -77.177955289604881, 34.618454402002151 ], [ -77.177408771914926, 34.618669096891324 ], [ -77.176862070342381, 34.618883506447432 ], [ -77.176315188842082, 34.619097635027977 ], [ -77.175768130906349, 34.619311486177267 ], [ -77.175220899703461, 34.619525062765931 ], [ -77.174673498561631, 34.619738367477474 ], [ -77.17412592975721, 34.619951401598847 ], [ -77.173578195145595, 34.62016416565686 ], [ -77.173030296172769, 34.62037665943577 ], [ -77.172482233888346, 34.620588881997939 ], [ -77.171934008960704, 34.620800831707733 ], [ -77.171385621186687, 34.621012505842735 ], [ -77.170837070417221, 34.621223901362406 ], [ -77.170288355857721, 34.621435014015809 ], [ -77.169739476143789, 34.621645838632276 ], [ -77.169190430072504, 34.621856370211944 ], [ -77.16864121607199, 34.622066603142002 ], [ -77.168091832477799, 34.622276531463058 ], [ -77.167542277464179, 34.622486148827456 ], [ -77.166992548809034, 34.622695448293641 ], [ -77.16644264410175, 34.622904422541303 ], [ -77.165892560804636, 34.62311306395523 ], [ -77.165342296226228, 34.623321364607364 ], [ -77.164791847552536, 34.623529316306168 ], [ -77.164241211906557, 34.623736910678502 ], [ -77.16369038645729, 34.623944139317572 ], [ -77.163139368275381, 34.624150993609128 ], [ -77.162588154425904, 34.624357464858861 ], [ -77.162036742202829, 34.624563544606083 ], [ -77.16148512905346, 34.624769224533154 ], [ -77.160933312374794, 34.624974496183398 ], [ -77.160381289781412, 34.625179351340194 ], [ -77.159829059187629, 34.625383782147921 ], [ -77.159276618785199, 34.625587781077201 ], [ -77.158723967136808, 34.625791341055205 ], [ -77.158171103101239, 34.625994455365948 ], [ -77.157618025829365, 34.626197117649326 ], [ -77.157064735042709, 34.626399322271638 ], [ -77.156511230997737, 34.626601064279946 ], [ -77.155957514321685, 34.626802339086957 ], [ -77.155403586156368, 34.627003142273374 ], [ -77.154849448262567, 34.627203470725689 ], [ -77.154295103014306, 34.627403322213141 ], [ -77.153740553542775, 34.627602695339405 ], [ -77.153185803605822, 34.627801589521916 ], [ -77.152630857726336, 34.628000005236487 ], [ -77.152075721066382, 34.628197943760469 ], [ -77.151520399523605, 34.628395406725197 ], [ -77.150964899695666, 34.628592396740878 ], [ -77.150409228939552, 34.628788917375267 ], [ -77.149853395358392, 34.628984973093424 ], [ -77.149297407782214, 34.629180569597636 ], [ -77.148741275961982, 34.629375713451509 ], [ -77.148185010357267, 34.629570411789885 ], [ -77.147628621913796, 34.629764672242189 ], [ -77.147072122748895, 34.629958504389208 ], [ -77.14651552549374, 34.630151917701383 ], [ -77.14595884320083, 34.630344921902342 ], [ -77.145402089754867, 34.630537527671564 ], [ -77.144845279518208, 34.630729746021039 ], [ -77.144288427259227, 34.630921588133781 ], [ -77.14373154812742, 34.631113065341346 ], [ -77.143174657697386, 34.631304189189436 ], [ -77.142617771731736, 34.631494971068285 ], [ -77.14206090600976, 34.63168542192323 ], [ -77.141504076341306, 34.631875552261548 ], [ -77.140947298629442, 34.632065372306442 ], [ -77.140390588641793, 34.632254891609982 ], [ -77.139833961834867, 34.632444118794979 ], [ -77.139277433311605, 34.632633061544738 ], [ -77.13872101785077, 34.632821726568864 ], [ -77.138164729593157, 34.633010119152758 ], [ -77.137608581852149, 34.633198242927122 ], [ -77.13705258697432, 34.633386099600841 ], [ -77.136496756318508, 34.633573689027827 ], [ -77.135941100205855, 34.633761009149048 ], [ -77.135385627830473, 34.633948055873034 ], [ -77.134830346872022, 34.634134822453724 ], [ -77.134275263511256, 34.634321299593992 ], [ -77.133720382386088, 34.634507475451855 ], [ -77.133165706304098, 34.634693335147084 ], [ -77.132611236463191, 34.634878861243294 ], [ -77.132056972224746, 34.635064033436862 ], [ -77.13150291112585, 34.635248828604098 ], [ -77.130949048627585, 34.635433220486448 ], [ -77.13039537803941, 34.635617179607841 ], [ -77.129841890660558, 34.635800673592904 ], [ -77.129288575783349, 34.635983667257904 ], [ -77.128735420454717, 34.63616612221913 ], [ -77.128182409683859, 34.636347997374394 ], [ -77.127629526376779, 34.636529248830904 ], [ -77.127076751266785, 34.63670982978816 ], [ -77.126524063236303, 34.636889691309399 ], [ -77.125971439339835, 34.637068782407745 ], [ -77.125418854706481, 34.637247049853528 ], [ -77.124866282874549, 34.637424438871825 ], [ -77.124313695800709, 34.637600893198631 ], [ -77.123761064014175, 34.637776355418822 ], [ -77.123208356743035, 34.637950767198774 ], [ -77.122655542131241, 34.638124069784602 ], [ -77.122102587449703, 34.638296204463842 ], [ -77.121549459220716, 34.638467112736926 ], [ -77.120996123490741, 34.638636736906733 ], [ -77.120442545931866, 34.638805020210619 ], [ -77.119888692100574, 34.638971907346516 ], [ -77.119334527681275, 34.639137344946676 ], [ -77.118780018696683, 34.639301281967349 ], [ -77.11822513172757, 34.639463670092681 ], [ -77.117669834145872, 34.639624464176933 ], [ -77.117114094390161, 34.639783622790112 ], [ -77.116557882091698, 34.639941108378196 ], [ -77.11600116820253, 34.640096887408404 ], [ -77.115443925420621, 34.640250931344454 ], [ -77.114886128376497, 34.640403216949586 ], [ -77.114327753539357, 34.640553725900382 ], [ -77.113768779491991, 34.640702445353135 ], [ -77.113209187281527, 34.640849368684819 ], [ -77.112648960362165, 34.640994495261104 ], [ -77.112088084602121, 34.6411378303726 ], [ -77.111526548588259, 34.641279385815899 ], [ -77.110964343697745, 34.641419180001229 ], [ -77.110401464056721, 34.641557237772695 ], [ -77.10983790660562, 34.64169359048217 ], [ -77.109273671018315, 34.641828275792776 ], [ -77.10870875971564, 34.641961337615093 ], [ -77.108143178163175, 34.642092826680226 ], [ -77.107576934554771, 34.642222799831202 ], [ -77.107010039652764, 34.642351319637051 ], [ -77.106442506816222, 34.642478454353238 ], [ -77.105874351973668, 34.642604277758373 ], [ -77.105305593297643, 34.64272886850582 ], [ -77.104736251039071, 34.642852309672669 ], [ -77.104166347651969, 34.642974688940043 ], [ -77.103595907503703, 34.643096097911084 ], [ -77.103024956669742, 34.643216631678584 ], [ -77.102453522741968, 34.643336388297115 ], [ -77.101881634458891, 34.643455467764539 ], [ -77.10130932173233, 34.64357397221076 ], [ -77.100736615396357, 34.643692005427241 ], [ -77.100163547012698, 34.643809672075925 ], [ -77.09959014886887, 34.643927077680665 ], [ -77.0990164532557, 34.644044327046359 ], [ -77.098442492489127, 34.644161524188476 ], [ -77.097868298700931, 34.644278771865139 ], [ -77.097293903631908, 34.644396171016901 ], [ -77.096719338598632, 34.644513820597176 ], [ -77.096144634171466, 34.644631816805095 ], [ -77.095569819901741, 34.644750252402076 ], [ -77.094994924308125, 34.644869216629758 ], [ -77.094419974823992, 34.644988795006888 ], [ -77.09384499740095, 34.645109068392621 ], [ -77.093270016423546, 34.645230112737551 ], [ -77.09269505469392, 34.645351998959576 ], [ -77.092120133213442, 34.645474792453285 ], [ -77.091545271573082, 34.645598553810089 ], [ -77.090970487567574, 34.645723337925673 ], [ -77.090395796726938, 34.645849192958813 ], [ -77.089821212724445, 34.645976161196884 ], [ -77.089246747388472, 34.646104279071011 ], [ -77.088672410569188, 34.646233576769824 ], [ -77.088098210172447, 34.646364078320666 ], [ -77.087524152192159, 34.646495801629456 ], [ -77.086950240757858, 34.64662875858324 ], [ -77.086376478171488, 34.646762955163474 ], [ -77.085802864968215, 34.646898391578496 ], [ -77.085229400022286, 34.647035062548909 ], [ -77.084656080579279, 34.647172957363907 ], [ -77.084082902398933, 34.647312060228693 ], [ -77.083509859801453, 34.647452350430811 ], [ -77.082936945779124, 34.647593802632031 ], [ -77.082364152103736, 34.647736387187798 ], [ -77.081791469260523, 34.647880070122092 ], [ -77.081218886930586, 34.648024814100197 ], [ -77.080646394062853, 34.648170578710648 ], [ -77.080073978699474, 34.648317320320842 ], [ -77.079501628238091, 34.648464992637614 ], [ -77.078929329513571, 34.648613546968654 ], [ -77.078357068959846, 34.648762932708436 ], [ -77.077784832643289, 34.64891309748387 ], [ -77.077212606467384, 34.649063987737996 ], [ -77.076640376292985, 34.649215549088794 ], [ -77.07606812798177, 34.649367726542891 ], [ -77.075495847569897, 34.649520465005665 ], [ -77.074923521152343, 34.649673709024555 ], [ -77.074351135047436, 34.649827403294474 ], [ -77.073778675963112, 34.649981493180533 ], [ -77.073206131001371, 34.650135924783463 ], [ -77.072633487700074, 34.650290645080005 ], [ -77.072060734178024, 34.650445602452244 ], [ -77.071487859153265, 34.65060074677227 ], [ -77.070914851888546, 34.650756029270759 ], [ -77.070341702239944, 34.650911402785283 ], [ -77.069768400822852, 34.651066822248751 ], [ -77.069194938955079, 34.651222244555761 ], [ -77.068621308628565, 34.651377628585095 ], [ -77.068047502635409, 34.651532935593323 ], [ -77.067473514304623, 34.651688128484679 ], [ -77.066899337669994, 34.651843172353672 ], [ -77.066324967426809, 34.651998034524546 ], [ -77.065750399002681, 34.652152684650609 ], [ -77.065175628589685, 34.652307094796001 ], [ -77.064600653012064, 34.652461239170442 ], [ -77.06402546972636, 34.652615094166933 ], [ -77.063450076735165, 34.652768638077262 ], [ -77.062874472664916, 34.652921851466012 ], [ -77.062298656613706, 34.653074716974956 ], [ -77.061722627685256, 34.653227218596669 ], [ -77.061146386202324, 34.653379342985289 ], [ -77.06056993282526, 34.653531078250182 ], [ -77.059993268603762, 34.653682414155803 ], [ -77.059416395103028, 34.653833342590566 ], [ -77.058839314184368, 34.653983856829932 ], [ -77.058262028281007, 34.654133951383066 ], [ -77.057684539697505, 34.654283622001913 ], [ -77.057106851361354, 34.65443286659373 ], [ -77.056528966286649, 34.65458168378688 ], [ -77.055950887275472, 34.654730072431704 ], [ -77.055372617405681, 34.654878032782889 ], [ -77.054794159909306, 34.655025566072759 ], [ -77.054215518028087, 34.655172674005293 ], [ -77.053636695098078, 34.655319359066418 ], [ -77.053057694548244, 34.655465624531168 ], [ -77.052478519833315, 34.655611474219427 ], [ -77.051899174421422, 34.655756912458529 ], [ -77.051319661783324, 34.655901944037723 ], [ -77.05073998540189, 34.656046574231183 ], [ -77.050160148654072, 34.656190808404538 ], [ -77.049580154847305, 34.656334652119057 ], [ -77.049000007292179, 34.656478111357877 ], [ -77.048419709214642, 34.656621192221536 ], [ -77.047839263661984, 34.656763900576998 ], [ -77.04725867362761, 34.656906242491154 ], [ -77.046677942111373, 34.657048224429161 ], [ -77.046097071904939, 34.657189852454778 ], [ -77.045516065607046, 34.657331132235775 ], [ -77.044934925820243, 34.657472069839926 ], [ -77.044353655061755, 34.657612671350165 ], [ -77.043772255630117, 34.657752942304434 ], [ -77.043190729703511, 34.657892888065071 ], [ -77.042609079371104, 34.658032513914783 ], [ -77.042027306597717, 34.65817182497576 ], [ -77.041445413259225, 34.658310826608719 ], [ -77.040863401079292, 34.658449523231745 ], [ -77.040281271669897, 34.658587918912289 ], [ -77.03969902650303, 34.658726017502239 ], [ -77.039116666924471, 34.658863822482829 ], [ -77.038534194184535, 34.659001337058726 ], [ -77.037951609427182, 34.659138564131169 ], [ -77.037368913749759, 34.659275506914213 ], [ -77.036786108122783, 34.659412167972505 ], [ -77.036203193308936, 34.659548549044629 ], [ -77.035620170054486, 34.659684651765396 ], [ -77.035037039076613, 34.659820477283873 ], [ -77.034453800970311, 34.659956026561495 ], [ -77.033870456264964, 34.660091300458141 ], [ -77.033287005339687, 34.660226299187585 ], [ -77.03270344822019, 34.660361021741593 ], [ -77.032119785290249, 34.660495468115919 ], [ -77.031536016923909, 34.660629638064833 ], [ -77.030952143192621, 34.660763530475194 ], [ -77.030368164139205, 34.660897144036603 ], [ -77.029784079861315, 34.661030477379533 ], [ -77.029199890379047, 34.661163528742534 ], [ -77.02861559557337, 34.661296295902687 ], [ -77.028031195421875, 34.661428776754711 ], [ -77.027446689980053, 34.661560969144759 ], [ -77.026862079068209, 34.661692870184439 ], [ -77.026277362497467, 34.661824476858165 ], [ -77.025692540149606, 34.66195578627967 ], [ -77.025107611846082, 34.66208679522228 ], [ -77.024522577254004, 34.66221749995416 ], [ -77.023937436127071, 34.662347896923698 ], [ -77.023352188296812, 34.662477982678347 ], [ -77.022766833517537, 34.662607753442039 ], [ -77.022181371617549, 34.662737205522198 ], [ -77.021595802342972, 34.66286633505544 ], [ -77.021010125421142, 34.662995138091325 ], [ -77.020424340572205, 34.663123610446654 ], [ -77.019838447579545, 34.663251748220077 ], [ -77.019252446228634, 34.663379547657769 ], [ -77.018666336311071, 34.663507004926132 ], [ -77.018080117735153, 34.663634116484701 ], [ -77.017493790343508, 34.66376087867156 ], [ -77.016907353971604, 34.663887287864576 ], [ -77.016320808487862, 34.664013340590621 ], [ -77.015734153775881, 34.664139033495942 ], [ -77.015147389751661, 34.664264363380418 ], [ -77.01456051636589, 34.664389327250923 ], [ -77.013973533647658, 34.664513922489121 ], [ -77.01338644160704, 34.66463814648737 ], [ -77.012799240231061, 34.664761996733759 ], [ -77.012211929570327, 34.664885470993468 ], [ -77.011624509835826, 34.66500856754643 ], [ -77.011036981114614, 34.665131284525756 ], [ -77.010449343481952, 34.665253620201781 ], [ -77.009861597107943, 34.665375573269728 ], [ -77.009273742177115, 34.665497142614022 ], [ -77.008685778878458, 34.665618327228735 ], [ -77.008097707460962, 34.665739126509166 ], [ -77.007509528229448, 34.665859540209162 ], [ -77.006921241464212, 34.665979568140223 ], [ -77.006332847418577, 34.666099210190822 ], [ -77.005744346388781, 34.666218466540187 ], [ -77.005155738648483, 34.666337337482403 ], [ -77.004567024542084, 34.666455823626976 ], [ -77.003978204447719, 34.666573925851999 ], [ -77.003389278759968, 34.666691645278341 ], [ -77.002800247885048, 34.666808983182577 ], [ -77.00221111226756, 34.666925941113654 ], [ -77.001621872318793, 34.667042520618992 ], [ -77.00103252840546, 34.66715872325323 ], [ -77.000443080952451, 34.66727455084888 ], [ -76.999853530492103, 34.667390005645359 ], [ -76.999263877461544, 34.667505089743244 ], [ -76.99867412220118, 34.667619805070387 ], [ -76.99808426519138, 34.667734153914118 ], [ -76.997494306992124, 34.667848138912454 ], [ -76.996904248057248, 34.667961762518992 ], [ -76.996314088838375, 34.668075027205226 ], [ -76.995723829824712, 34.668187935591682 ], [ -76.995133471528533, 34.668300490440551 ], [ -76.994543014426284, 34.668412694441571 ], [ -76.993952459005172, 34.668524550281859 ], [ -76.993361805801257, 34.668636060819146 ], [ -76.992771055439931, 34.668747229239834 ], [ -76.992180208477549, 34.66885805847614 ], [ -76.991589265346988, 34.668968551044401 ], [ -76.990998226563491, 34.669078709729561 ], [ -76.990407092671944, 34.669188537398796 ], [ -76.989815864254894, 34.669298037016503 ], [ -76.989224541951288, 34.669407211660442 ], [ -76.988633126385295, 34.669516064352599 ], [ -76.988041618199858, 34.669624598124187 ], [ -76.987450017991151, 34.669732815736531 ], [ -76.986858326429697, 34.669840720236508 ], [ -76.986266544143376, 34.66994831458674 ], [ -76.985674671782633, 34.67005560172263 ], [ -76.9850827102441, 34.67016258521118 ], [ -76.984490660336547, 34.670269268317327 ], [ -76.983898522786518, 34.670375653984465 ], [ -76.983306298356794, 34.670481745187828 ], [ -76.982713987750458, 34.670587544834483 ], [ -76.982121591912431, 34.670693056496177 ], [ -76.981529111863125, 34.670798283842373 ], [ -76.980936548560194, 34.670903230417281 ], [ -76.980343902988636, 34.671007899802362 ], [ -76.979751176148255, 34.671112295597844 ], [ -76.979158369064223, 34.671216421435155 ], [ -76.978565482834455, 34.671320281157804 ], [ -76.977972518563234, 34.671423878596428 ], [ -76.977379477376246, 34.671527217641909 ], [ -76.976786360502658, 34.671630302558263 ], [ -76.976193169138838, 34.671733137426635 ], [ -76.975599904500214, 34.671835726349137 ], [ -76.97500656787642, 34.671938073703267 ], [ -76.974413160475791, 34.67204018363374 ], [ -76.973819683575385, 34.672142060483573 ], [ -76.973226138620319, 34.672243709038128 ], [ -76.972632527011271, 34.672345134003479 ], [ -76.972038850087728, 34.672446339914622 ], [ -76.971445109240108, 34.672547331432064 ], [ -76.97085130589349, 34.672648113348622 ], [ -76.970257441529185, 34.672748690645527 ], [ -76.96966351758158, 34.672849068098834 ], [ -76.96906953544611, 34.672949250365555 ], [ -76.968475496558483, 34.673049242278218 ], [ -76.967881402314177, 34.67314904853086 ], [ -76.967287254103695, 34.67324867376508 ], [ -76.966693053325756, 34.673348122651774 ], [ -76.966098801413679, 34.673447400001749 ], [ -76.965504499732376, 34.673546510340138 ], [ -76.964910149567075, 34.673645457894963 ], [ -76.964315752212869, 34.67374424695025 ], [ -76.963721308960544, 34.673842881749472 ], [ -76.963126821058395, 34.673941366367146 ], [ -76.962532289683239, 34.674039704624967 ], [ -76.961937715999412, 34.674137900293566 ], [ -76.961343101140855, 34.674235956990351 ], [ -76.960748446177135, 34.674333878090344 ], [ -76.960153752145899, 34.674431666830607 ], [ -76.959559020048815, 34.674529326300011 ], [ -76.958964250764367, 34.674626859088491 ], [ -76.958369445087158, 34.674724267457123 ], [ -76.957774603821335, 34.674821553744039 ], [ -76.957179727726427, 34.674918720068597 ], [ -76.956584817446839, 34.675015767999874 ], [ -76.955989873597488, 34.675112699036333 ], [ -76.955394896775559, 34.67520951468024 ], [ -76.954799887516387, 34.675306216076905 ], [ -76.954204846213031, 34.675402803816773 ], [ -76.953609773231662, 34.675499278430735 ], [ -76.953014668948342, 34.675595640447703 ], [ -76.952419533612513, 34.675691889864382 ], [ -76.951824367376005, 34.675788026322572 ], [ -76.951229170384849, 34.67588404943379 ], [ -76.950633942747956, 34.675979958629597 ], [ -76.950038684502317, 34.676075753054945 ], [ -76.949443395647492, 34.676171431703402 ], [ -76.9488480761201, 34.67626699331997 ], [ -76.948252725819415, 34.676362436515774 ], [ -76.947657344597786, 34.676457759726205 ], [ -76.947061932307335, 34.676552961408227 ], [ -76.946466488771307, 34.676648039893891 ], [ -76.945871013741737, 34.676742993248197 ], [ -76.945275507004723, 34.676837819689965 ], [ -76.944679968262506, 34.676932517120008 ], [ -76.944084397168211, 34.677027083260498 ], [ -76.943488793392049, 34.67712151595174 ], [ -76.942893156565404, 34.67721581292038 ], [ -76.942297486402524, 34.677309972191601 ], [ -76.941701782614203, 34.677403991816419 ], [ -76.941106044770123, 34.677497869386144 ], [ -76.940510272502337, 34.677591602742041 ], [ -76.939914465605469, 34.677685190324091 ], [ -76.939318623801313, 34.677778630402386 ], [ -76.938722746699256, 34.677871920854471 ], [ -76.938126834024018, 34.677965059986867 ], [ -76.937530885606463, 34.67805804661652 ], [ -76.936934901193496, 34.678150879314074 ], [ -76.936338880534635, 34.678243556651125 ], [ -76.935742823515099, 34.678336077754828 ], [ -76.935146730099504, 34.678428442189599 ], [ -76.934550600212788, 34.678520649389455 ], [ -76.93395443378418, 34.678612698845861 ], [ -76.933358230817646, 34.678704590386737 ], [ -76.932761991346396, 34.678796323994462 ], [ -76.93216571541042, 34.678887899723826 ], [ -76.931569403200285, 34.678979318253923 ], [ -76.930973054961569, 34.679070580515827 ], [ -76.930376670866664, 34.679161687176844 ], [ -76.92978025116453, 34.679252639244439 ], [ -76.929183796243123, 34.679343438274842 ], [ -76.928587306483266, 34.679434085849145 ], [ -76.927990782229173, 34.679524583503607 ], [ -76.927394223955517, 34.679614933232855 ], [ -76.926797632231867, 34.679705137422502 ], [ -76.926201007559399, 34.679795198208595 ], [ -76.925604350457675, 34.679885117808531 ], [ -76.925007661526877, 34.679974898664923 ], [ -76.924410941395564, 34.680064543375167 ], [ -76.923814190796378, 34.680154055081452 ], [ -76.92321741041043, 34.680243436656603 ], [ -76.922620600805431, 34.680332690472973 ], [ -76.922023762679331, 34.680421819455482 ], [ -76.921426896750063, 34.680510826628279 ], [ -76.920830003737024, 34.680599714969695 ], [ -76.920233084367837, 34.680688487475933 ], [ -76.919636139344405, 34.680777147039024 ], [ -76.919039169361852, 34.68086569650454 ], [ -76.918442175053073, 34.680954138420432 ], [ -76.917845157077764, 34.681042475440968 ], [ -76.917248116195182, 34.681130710643494 ], [ -76.916651053030307, 34.681218846502951 ], [ -76.916053968133099, 34.681306885147897 ], [ -76.915456862097372, 34.681394828919871 ], [ -76.914859735486857, 34.68148268003403 ], [ -76.914262588818659, 34.681570440417786 ], [ -76.913665422579669, 34.681658111872828 ], [ -76.913068237198644, 34.68174569601068 ], [ -76.912471033074127, 34.681833194287542 ], [ -76.911873810624044, 34.681920608250834 ], [ -76.911276570161903, 34.682007938960837 ], [ -76.910679311923531, 34.682095187093303 ], [ -76.910082036158457, 34.682182353465748 ], [ -76.909484743084278, 34.682269438771364 ], [ -76.90888743282342, 34.682356443262478 ], [ -76.908290105462996, 34.682443367035475 ], [ -76.907692761121453, 34.682530210310851 ], [ -76.907095399846071, 34.682616973006148 ], [ -76.90649802159777, 34.682703654683728 ], [ -76.905900626332283, 34.682790254856229 ], [ -76.905303213989384, 34.682876772936673 ], [ -76.904705784435649, 34.682963208065416 ], [ -76.904108337490442, 34.683049559180766 ], [ -76.903510872982324, 34.68313582519859 ], [ -76.902913390707297, 34.683222004890439 ], [ -76.902315890417796, 34.683308096874207 ], [ -76.901718371841028, 34.683394099622504 ], [ -76.901120834733092, 34.683480011742731 ], [ -76.900523278768375, 34.683565831426023 ], [ -76.89992570357019, 34.683651556578432 ], [ -76.899328108765772, 34.683737185133467 ], [ -76.898730493956919, 34.683822714879803 ], [ -76.898132858749705, 34.683908143610822 ], [ -76.897535202731859, 34.683993469002665 ], [ -76.896937525469781, 34.684078688594333 ], [ -76.896339826516041, 34.684163799828625 ], [ -76.895742105446274, 34.684248800243097 ], [ -76.895144361775365, 34.68433368700822 ], [ -76.894546594938134, 34.684418456841435 ], [ -76.893948804457338, 34.684503106912558 ], [ -76.893350989852152, 34.684587634356873 ], [ -76.892753150628053, 34.68467203614582 ], [ -76.892155286281053, 34.684756309164918 ], [ -76.891557396287538, 34.684840450120944 ], [ -76.890959480120785, 34.684924455698898 ], [ -76.890361537278835, 34.685008322719554 ], [ -76.889763567219845, 34.685092047725234 ], [ -76.889165569397605, 34.685175627149384 ], [ -76.888567543267968, 34.685259057498151 ], [ -76.887969488285563, 34.68534233526529 ], [ -76.887371403882057, 34.685425456707314 ], [ -76.886773289491956, 34.685508418089995 ], [ -76.886175144618988, 34.68559121611284 ], [ -76.885576968731172, 34.68567384725425 ], [ -76.884978761230357, 34.685756307626185 ], [ -76.884380521566086, 34.685838593612139 ], [ -76.883782249194127, 34.685920701668081 ], [ -76.883183943555082, 34.686002628169085 ], [ -76.882585604072602, 34.686084369443044 ], [ -76.881987230223302, 34.686165922078715 ], [ -76.881388821487789, 34.686247282723862 ], [ -76.880790377336737, 34.686328448029045 ], [ -76.880191897247755, 34.686409414735948 ], [ -76.879593380703824, 34.686490179720927 ], [ -76.878994827198156, 34.686570739924079 ], [ -76.87839623625986, 34.68665109247187 ], [ -76.877797607395621, 34.686731234527784 ], [ -76.877198940120891, 34.686811163385869 ], [ -76.876600233954292, 34.686890876370761 ], [ -76.876001488426922, 34.686970370955976 ], [ -76.875402703098516, 34.687049644942547 ], [ -76.874803877534092, 34.687128696202691 ], [ -76.874205011305833, 34.687207522666554 ], [ -76.873606103997631, 34.68728612245237 ], [ -76.87300715513183, 34.687364493565148 ], [ -76.872408164353573, 34.687442634544936 ], [ -76.871809131361033, 34.687520544221634 ], [ -76.871210055798485, 34.687598221357888 ], [ -76.870610937325409, 34.687675664864479 ], [ -76.87001177558578, 34.687752873537761 ], [ -76.869412570256969, 34.687829846459003 ], [ -76.8688133210579, 34.687906583131124 ], [ -76.868214027714828, 34.687983083025813 ], [ -76.867614690006135, 34.688059345899809 ], [ -76.8670153076758, 34.688135371366478 ], [ -76.866415880471223, 34.688211159060479 ], [ -76.865816408193297, 34.688286708987945 ], [ -76.865216890661557, 34.688362021255045 ], [ -76.864617327709496, 34.688437095947492 ], [ -76.864017719194052, 34.688511933293604 ], [ -76.863418065054503, 34.68858653405043 ], [ -76.862818365191956, 34.688660898644393 ], [ -76.862218619480757, 34.688735027218534 ], [ -76.861618827860681, 34.688808920309626 ], [ -76.861018990287334, 34.688882578477987 ], [ -76.860419106757561, 34.688956002476338 ], [ -76.859819177292209, 34.689029193110706 ], [ -76.859219201944981, 34.689102151230877 ], [ -76.858619180787571, 34.689174877696445 ], [ -76.858019113918445, 34.689247373422759 ], [ -76.857419001448903, 34.689319639286538 ], [ -76.856818843461042, 34.689391675914081 ], [ -76.856218640142103, 34.68946348435329 ], [ -76.855618391733714, 34.689535065824614 ], [ -76.855018098439558, 34.689606421234728 ], [ -76.8544177604862, 34.689677551489098 ], [ -76.853817378131339, 34.689748457561961 ], [ -76.853216951655469, 34.689819140421783 ], [ -76.852616481339936, 34.689889600896542 ], [ -76.85201596750386, 34.689959839907381 ], [ -76.851415410499598, 34.690029858443168 ], [ -76.85081481066625, 34.690099657250883 ], [ -76.850214168331846, 34.690169236786858 ], [ -76.849613483910531, 34.690238598063431 ], [ -76.849012757828191, 34.690307742095221 ], [ -76.84841199048094, 34.690376669604056 ], [ -76.847811182275592, 34.690445381266116 ], [ -76.847210333619586, 34.690513877616503 ], [ -76.84660944491776, 34.690582159130493 ], [ -76.84600851652371, 34.690650225872545 ], [ -76.845407548862923, 34.69071807828751 ], [ -76.844806542387204, 34.690785716976137 ], [ -76.844205497474022, 34.690853142025269 ], [ -76.843604414485654, 34.690920353390759 ], [ -76.843003293776761, 34.690987350973053 ], [ -76.84240213568286, 34.69105413454384 ], [ -76.841800940520031, 34.691120703799079 ], [ -76.841199708584043, 34.691187058284314 ], [ -76.840598440120147, 34.691253197184587 ], [ -76.839997135351325, 34.691319119610917 ], [ -76.839395794448237, 34.691384824295682 ], [ -76.838794417623291, 34.691450310333678 ], [ -76.838193005056539, 34.691515576735561 ], [ -76.837591556825416, 34.691580621914838 ], [ -76.836990072983284, 34.691645444174128 ], [ -76.836388553570302, 34.691710041607031 ], [ -76.835786998559442, 34.691774412041973 ], [ -76.835185407856017, 34.691838553111879 ], [ -76.834583781367584, 34.691902462422441 ], [ -76.833982118980501, 34.691966137534372 ], [ -76.833380420480168, 34.69202957543984 ], [ -76.8327786856091, 34.69209277290372 ], [ -76.832176914141542, 34.692155726833484 ], [ -76.831575105795778, 34.69221843388172 ], [ -76.830973260227651, 34.692280890402152 ], [ -76.830371377071202, 34.692343092652493 ], [ -76.829769455939356, 34.692405036786603 ], [ -76.829167496410392, 34.692466718791991 ], [ -76.828565498042494, 34.692528134577891 ], [ -76.827963460362085, 34.69258927983725 ], [ -76.827361382876362, 34.692650150140864 ], [ -76.826759265046888, 34.692710740849527 ], [ -76.826157106343246, 34.692771047334162 ], [ -76.825554906261388, 34.69283106495768 ], [ -76.824952664274022, 34.692890789012687 ], [ -76.824350379854536, 34.692950214982389 ], [ -76.823748052470862, 34.693009338149587 ], [ -76.823145681596799, 34.693068153810515 ], [ -76.822543266721993, 34.693126657212616 ], [ -76.821940807347161, 34.693184843539811 ], [ -76.821338302984515, 34.693242708201481 ], [ -76.820735753165906, 34.693300246673367 ], [ -76.820133157447856, 34.693357454453285 ], [ -76.819530515409269, 34.693414327104868 ], [ -76.818927826632788, 34.693470860106679 ], [ -76.818325090769235, 34.693527049266478 ], [ -76.817722307522402, 34.693582890567789 ], [ -76.817119476586015, 34.693638379950514 ], [ -76.816516597689287, 34.693693513522589 ], [ -76.815913670624454, 34.693748287670381 ], [ -76.815310695215885, 34.693802698894821 ], [ -76.814707671263022, 34.693856743457154 ], [ -76.814104598655376, 34.693910418020515 ], [ -76.813501477367254, 34.693963719630894 ], [ -76.812898307373786, 34.694016645307435 ], [ -76.812295088696658, 34.694069192028437 ], [ -76.811691821401368, 34.694121357141839 ], [ -76.811088505553542, 34.694173137966786 ], [ -76.810485141258269, 34.694224531980474 ], [ -76.809881728701484, 34.694275537040951 ], [ -76.809278268082622, 34.694326151009868 ], [ -76.808674759619223, 34.694376371781146 ], [ -76.80807120355189, 34.694426197104249 ], [ -76.807467600131375, 34.694475624802088 ], [ -76.806863949652609, 34.694524652997728 ], [ -76.806260252436857, 34.694573279856847 ], [ -76.805656508801135, 34.694621503559844 ], [ -76.805052719076372, 34.694669322122401 ], [ -76.804448883653265, 34.69471673377469 ], [ -76.803845002909213, 34.694763736736824 ], [ -76.803241077122337, 34.694810328665767 ], [ -76.802637106671824, 34.694856507723784 ], [ -76.802033092033867, 34.69490227239092 ], [ -76.80142903357013, 34.694947620399475 ], [ -76.800824931633571, 34.694992549454149 ], [ -76.800220786591794, 34.695037057183086 ], [ -76.799616598798011, 34.695081141272112 ], [ -76.799012368584144, 34.695124799364137 ], [ -76.798408096276191, 34.695168028792679 ], [ -76.797803782211631, 34.695210826900301 ], [ -76.797199426691549, 34.695253190813169 ], [ -76.796595029972508, 34.695295117353339 ], [ -76.795990592343543, 34.695336603175122 ], [ -76.795386114069046, 34.695377644991837 ], [ -76.79478159534689, 34.695418239320752 ], [ -76.794177036362115, 34.695458382507567 ], [ -76.793572437343514, 34.695498071223874 ], [ -76.792967798486416, 34.695537301586718 ], [ -76.792363119936851, 34.695576069344696 ], [ -76.791758401821994, 34.695614370404535 ], [ -76.791153644232367, 34.695652200442652 ], [ -76.790548847288434, 34.695689555110341 ], [ -76.789944011112425, 34.695726430132112 ], [ -76.789339135777652, 34.695762821348161 ], [ -76.788734221340093, 34.69579872412298 ], [ -76.788129267845079, 34.695834133485683 ], [ -76.78752427533901, 34.695869044756165 ], [ -76.786919243863622, 34.695903453223217 ], [ -76.78631417348997, 34.695937354029191 ], [ -76.785709064285214, 34.695970742260876 ], [ -76.785103916262898, 34.696003613568713 ], [ -76.784498729468638, 34.69603596360232 ], [ -76.783893503950182, 34.696067788001145 ], [ -76.783288239764346, 34.696099082356689 ], [ -76.782682936994661, 34.696129842183893 ], [ -76.782077595737817, 34.696160063264621 ], [ -76.781472216106991, 34.696189741317404 ], [ -76.780866798232779, 34.696218872371709 ], [ -76.7802613422744, 34.696247452633074 ], [ -76.779655848403607, 34.696275478503068 ], [ -76.779050316817518, 34.696302946550098 ], [ -76.778444747740892, 34.69632985370162 ], [ -76.777839141437298, 34.696356197027754 ], [ -76.777233498196239, 34.696381973715496 ], [ -76.776627818347535, 34.696407181149965 ], [ -76.7760221022873, 34.696431816753844 ], [ -76.775416350427093, 34.696455878333573 ], [ -76.77481056319975, 34.696479363737232 ], [ -76.774204741100405, 34.696502271366022 ], [ -76.773598884685697, 34.696524600000899 ], [ -76.772992994496406, 34.696546348372706 ], [ -76.772387071121202, 34.696567515355198 ], [ -76.771781115250164, 34.696588099828048 ], [ -76.771175127596777, 34.696608101033526 ], [ -76.770569108917471, 34.696627518656037 ], [ -76.769963060011492, 34.696646352349113 ], [ -76.76935698168127, 34.696664601697584 ], [ -76.768750874828569, 34.696682266685173 ], [ -76.768144740424631, 34.696699347550627 ], [ -76.767538579421114, 34.696715844382737 ], [ -76.766932392812095, 34.69673175730351 ], [ -76.766326181696002, 34.696747086628633 ], [ -76.765719947197752, 34.696761832682363 ], [ -76.76511369043115, 34.696775995325567 ], [ -76.76450741258941, 34.696789574709172 ], [ -76.763901114987448, 34.696802571251041 ], [ -76.763294798882356, 34.696814985122231 ], [ -76.762688465545295, 34.696826816372649 ], [ -76.762082116360418, 34.696838064806705 ], [ -76.761475752746279, 34.696848730137056 ], [ -76.760869376104651, 34.696858812132582 ], [ -76.760262987892588, 34.696868310255155 ], [ -76.759656589603736, 34.696877223829141 ], [ -76.759050182775098, 34.696885551806012 ], [ -76.758443768977742, 34.696893292646394 ], [ -76.757837349800383, 34.696900444921425 ], [ -76.757230926867479, 34.696907007028777 ], [ -76.756624501845693, 34.69691297666968 ], [ -76.756018076418556, 34.696918351261374 ], [ -76.755411652273636, 34.696923128407775 ], [ -76.754805231141063, 34.696927305165666 ], [ -76.754198814736725, 34.6969308780793 ], [ -76.753592404824161, 34.696933843365294 ], [ -76.752986003219704, 34.696936197045602 ], [ -76.752379611735464, 34.696937934607874 ], [ -76.751773232202183, 34.696939051161969 ], [ -76.751166866450234, 34.696939541610796 ], [ -76.750560516324612, 34.6969394004905 ], [ -76.749954183672784, 34.696938622105002 ], [ -76.749347870356544, 34.696937200307133 ], [ -76.748741578271918, 34.696935128615479 ], [ -76.748135309294312, 34.696932400334852 ], [ -76.747529065271181, 34.696929008286659 ], [ -76.746922848077602, 34.696924945219067 ], [ -76.746316659589596, 34.69692020367836 ], [ -76.745710501672647, 34.696914775851482 ], [ -76.745104376182027, 34.696908653807277 ], [ -76.744498284945763, 34.696901829554541 ], [ -76.743892229776634, 34.696894294832333 ], [ -76.743286212486126, 34.696886041161441 ], [ -76.742680234850212, 34.696877060118801 ], [ -76.742074298586047, 34.69686734335032 ], [ -76.741468405412334, 34.696856882548893 ], [ -76.740862557029516, 34.696845669565981 ], [ -76.740256755069879, 34.69683369615764 ], [ -76.739651001124699, 34.696820954292768 ], [ -76.739045296727554, 34.696807436044438 ], [ -76.738439643360749, 34.696793133768693 ], [ -76.737834042724529, 34.696778039275593 ], [ -76.73722849643616, 34.696762144782653 ], [ -76.736623005880688, 34.696745443464721 ], [ -76.736017572386899, 34.696727928940753 ], [ -76.73541219722965, 34.696709595372489 ], [ -76.734806881606048, 34.696690437323092 ], [ -76.734201626642161, 34.696670449889801 ], [ -76.733596433411989, 34.696649628926338 ], [ -76.732991302920041, 34.696627970958751 ], [ -76.73238623609133, 34.696605473166322 ], [ -76.731781233783863, 34.69658213352389 ], [ -76.731176296796647, 34.696557950911462 ], [ -76.730571425851124, 34.696532924995104 ], [ -76.729966621597598, 34.696507056305464 ], [ -76.729361884628219, 34.696480346417836 ], [ -76.728757215478566, 34.696452798008117 ], [ -76.728152614617002, 34.69642441438868 ], [ -76.727548082460899, 34.696395199888393 ], [ -76.72694361937657, 34.696365159953388 ], [ -76.726339225699732, 34.696334301131891 ], [ -76.725734901756852, 34.696302631180266 ], [ -76.725130647846498, 34.696270158830409 ], [ -76.724526464267441, 34.69623689400062 ], [ -76.723922351314485, 34.696202847427621 ], [ -76.723318309297852, 34.696168030752304 ], [ -76.722714338584581, 34.696132456838619 ], [ -76.722110439600982, 34.696096139512605 ], [ -76.721506612846028, 34.696059093454835 ], [ -76.720902858918777, 34.696021334195137 ], [ -76.720299178529189, 34.69598287794377 ], [ -76.719695572547096, 34.695943741706479 ], [ -76.719092042040558, 34.695903943302064 ], [ -76.71848858826209, 34.695863500918449 ], [ -76.71788521270183, 34.695822433274486 ], [ -76.717281917111691, 34.695780759118577 ], [ -76.716678703544488, 34.695738497321202 ], [ -76.71607557439215, 34.69569566692762 ], [ -76.715472532424641, 34.695652286887537 ], [ -76.714869580847136, 34.695608376144229 ], [ -76.714266723306295, 34.695563953017562 ], [ -76.713663963936199, 34.695519035020268 ], [ -76.713061307411337, 34.695473639001449 ], [ -76.712458758981086, 34.695427780768448 ], [ -76.711856324533642, 34.695381475110544 ], [ -76.711254010627869, 34.695334735471732 ], [ -76.710651824529052, 34.695287573669304 ], [ -76.710049774258025, 34.695239999734298 ], [ -76.709447868634442, 34.695192021712714 ], [ -76.708846117318686, 34.695143645441455 ], [ -76.708244530853008, 34.695094874352463 ], [ -76.707643120696517, 34.6950457092736 ], [ -76.707041899263189, 34.694996148207096 ], [ -76.706440879966166, 34.694946186204518 ], [ -76.705840077079401, 34.694895815388257 ], [ -76.705239506059357, 34.694845024288711 ], [ -76.704639183376926, 34.694793798021244 ], [ -76.704039126589564, 34.694742118092584 ], [ -76.703439354406129, 34.694689962034531 ], [ -76.70283988661356, 34.694637303326587 ], [ -76.702240744145016, 34.694584111509307 ], [ -76.701641949042511, 34.694530351977406 ], [ -76.701043524452928, 34.694475986034362 ], [ -76.70044549462007, 34.694420970776065 ], [ -76.699847884842541, 34.694365258833336 ], [ -76.699250721474414, 34.694308798531118 ], [ -76.698654031876004, 34.694251534014562 ], [ -76.698057844361074, 34.694193405267796 ], [ -76.697462188150269, 34.694134348251765 ], [ -76.696867093321245, 34.694074294812317 ], [ -76.696272590727943, 34.694013172976653 ], [ -76.695678711938058, 34.693950906966954 ], [ -76.69508548912755, 34.693887417516841 ], [ -76.694492954990992, 34.693822622135343 ], [ -76.693901142655889, 34.693756435290027 ], [ -76.693310085574026, 34.693688768796413 ], [ -76.692719817401283, 34.693619532017394 ], [ -76.692130371877539, 34.693548632162155 ], [ -76.691541782707461, 34.693475974717437 ], [ -76.69095408342271, 34.693401463996544 ], [ -76.690367307241772, 34.693325003147805 ], [ -76.689781486937818, 34.693246494748834 ], [ -76.68919665468556, 34.69316584127462 ], [ -76.688612841923913, 34.693082945507889 ], [ -76.688030079205419, 34.692997711015138 ], [ -76.6874483960313, 34.692910042691615 ], [ -76.686867820707945, 34.692819847369748 ], [ -76.686288380208936, 34.692727033935107 ], [ -76.685710100017914, 34.692631513874964 ], [ -76.685133003998132, 34.692533201823686 ], [ -76.684557114219771, 34.692432016002932 ], [ -76.683982450828921, 34.692327878951474 ], [ -76.683409031914337, 34.692220717809477 ], [ -76.682836873353239, 34.69211046462987 ], [ -76.682265988732908, 34.691997056842311 ], [ -76.681696389189455, 34.691880437721743 ], [ -76.681128083382859, 34.691760556596556 ], [ -76.680561077364345, 34.691637369453176 ], [ -76.679995374473819, 34.691510838992329 ], [ -76.679430975264339, 34.691380935103638 ], [ -76.678867877480016, 34.691247634786258 ], [ -76.678306075946679, 34.691110922608978 ], [ -76.677745562591483, 34.69097079103603 ], [ -76.677186326319884, 34.69082724057273 ], [ -76.676628352970667, 34.69068027989794 ], [ -76.67607162545599, 34.690529925622045 ], [ -76.675516123684829, 34.690376202687666 ], [ -76.674961824615934, 34.690219143980343 ], [ -76.674408702283998, 34.690058790382672 ], [ -76.673856727813344, 34.689895190873948 ], [ -76.673305869497185, 34.689728402232788 ], [ -76.672756092892712, 34.689558489213304 ], [ -76.672207360851701, 34.689385524213463 ], [ -76.6716596336435, 34.6892095867411 ], [ -76.671112869032385, 34.689030763466043 ], [ -76.670567022388155, 34.688849148008501 ], [ -76.670022046817664, 34.688664840456013 ], [ -76.669477893272997, 34.688477946737187 ], [ -76.668934510781028, 34.688288578894586 ], [ -76.668391846540345, 34.68809685462746 ], [ -76.667849845991867, 34.687902896448392 ], [ -76.66730845305527, 34.687706831449432 ], [ -76.666767610280161, 34.687508790959605 ], [ -76.666227259023614, 34.687308909997917 ], [ -76.66568733972646, 34.687107326315044 ], [ -76.66514779192606, 34.686904180697127 ], [ -76.664608554467392, 34.686699616228054 ], [ -76.664069565722983, 34.686493777956173 ], [ -76.663530763768307, 34.686286812500349 ], [ -76.662992086573951, 34.686078867093052 ], [ -76.662453472173937, 34.685870089428036 ], [ -76.661914858893965, 34.68566062691152 ], [ -76.661376185479966, 34.685450626429244 ], [ -76.660837391291722, 34.685240233816288 ], [ -76.660298416488331, 34.685029593422506 ], [ -76.659759202209955, 34.684818847578974 ], [ -76.659219690726559, 34.684608136356417 ], [ -76.65867982561133, 34.684397597089692 ], [ -76.658139551840947, 34.684187364102179 ], [ -76.657598815975319, 34.683977568370921 ], [ -76.657057566343227, 34.683768336807276 ], [ -76.656515753159795, 34.683559792130708 ], [ -76.655973328701393, 34.683352052385111 ], [ -76.655430247358524, 34.683145230855814 ], [ -76.654886465763639, 34.682939435701861 ], [ -76.654341942892913, 34.682734769824904 ], [ -76.653796640118571, 34.682531330876721 ], [ -76.653250521401304, 34.682329210481953 ], [ -76.652703553335684, 34.682128494189428 ], [ -76.652155705162443, 34.681929261570168 ], [ -76.651606948844901, 34.681731585976273 ], [ -76.651057259119924, 34.681535534444045 ], [ -76.650506613516768, 34.681341167629405 ], [ -76.649954992348356, 34.681148539757451 ], [ -76.649402378797376, 34.680957698524828 ], [ -76.648848758858747, 34.680768685303796 ], [ -76.648294121386968, 34.680581534866214 ], [ -76.647738458054803, 34.6803962755518 ], [ -76.647181763288756, 34.680212929342389 ], [ -76.646624034243075, 34.680031511985128 ], [ -76.646065270786877, 34.67985203288255 ], [ -76.64550547542747, 34.679674495349722 ], [ -76.644944653211496, 34.679498897046841 ], [ -76.644382811666034, 34.679325229852545 ], [ -76.643819960723619, 34.679153479899462 ], [ -76.643256112629146, 34.678983628057416 ], [ -76.642691281827808, 34.678815650043326 ], [ -76.642125484870746, 34.678649516752877 ], [ -76.641558740292609, 34.678485194503608 ], [ -76.640991068614497, 34.678322644771924 ], [ -76.640422492116286, 34.678161824862563 ], [ -76.63985303458881, 34.678002688597097 ], [ -76.639282721369995, 34.677845186043122 ], [ -76.638711579210806, 34.677689263644581 ], [ -76.638139636110381, 34.677534864950239 ], [ -76.63756692134929, 34.677381930363602 ], [ -76.636993465079883, 34.677230398175439 ], [ -76.63641929823649, 34.677080204648639 ], [ -76.635844452552206, 34.676931284015687 ], [ -76.635268960346295, 34.676783568924584 ], [ -76.634692854527884, 34.676636990348605 ], [ -76.634116168432342, 34.67649147810544 ], [ -76.633538935482093, 34.676346961359663 ], [ -76.632961189222641, 34.676203368897269 ], [ -76.632382963365956, 34.676060629132515 ], [ -76.63180429153617, 34.675918670188985 ], [ -76.63122520709409, 34.675777420464421 ], [ -76.630645743164763, 34.675636808755797 ], [ -76.630065932559233, 34.675496764385684 ], [ -76.629485807624206, 34.675357217610134 ], [ -76.628905400148469, 34.675218099660526 ], [ -76.628324741406161, 34.675079342572516 ], [ -76.627743862065998, 34.674940879810435 ], [ -76.627162792082231, 34.67480264654796 ], [ -76.626581560679369, 34.67466457924575 ], [ -76.62600019625124, 34.67452661579933 ], [ -76.625418726364572, 34.674388696174503 ], [ -76.624837177666166, 34.674250762380304 ], [ -76.624255575943749, 34.674112758271313 ], [ -76.623673946114167, 34.673974629593282 ], [ -76.623092312165198, 34.673836324200423 ], [ -76.622510697370899, 34.673697791733623 ], [ -76.621929123616979, 34.673558985065277 ], [ -76.621347611825499, 34.673419859072979 ], [ -76.620766182322271, 34.673280369923397 ], [ -76.620184854518612, 34.673140475929806 ], [ -76.619603646911884, 34.673000137557395 ], [ -76.619022577106747, 34.672859317390092 ], [ -76.618441661720226, 34.672717980260003 ], [ -76.617860916529764, 34.672576093030507 ], [ -76.617280356643505, 34.672433624346262 ], [ -76.616699996298053, 34.672290544904307 ], [ -76.616119848814137, 34.672146827495247 ], [ -76.615539926845429, 34.672002446644036 ], [ -76.614960242449797, 34.671857378490245 ], [ -76.61438080692858, 34.671711600986185 ], [ -76.613801631036893, 34.671565093599298 ], [ -76.613222724790063, 34.671417837508415 ], [ -76.612644097558402, 34.671269815457279 ], [ -76.612065758300687, 34.671121011435496 ], [ -76.611487715490242, 34.67097141073242 ], [ -76.610909977117814, 34.67082099989895 ], [ -76.61033255074868, 34.670669766639122 ], [ -76.609755443528016, 34.670517699765718 ], [ -76.609178662265691, 34.670364789059619 ], [ -76.608602213650599, 34.670211024990714 ], [ -76.608026103930115, 34.670056399033804 ], [ -76.60745033895985, 34.669900903570827 ], [ -76.606874924548833, 34.669744531470293 ], [ -76.60629986638439, 34.669587276128688 ], [ -76.605725169962838, 34.669429131513311 ], [ -76.605150840681446, 34.669270092020476 ], [ -76.604576883946322, 34.669110152336707 ], [ -76.604003305126497, 34.668949307438638 ], [ -76.603430109411136, 34.668787552683888 ], [ -76.602857302023082, 34.668624883578381 ], [ -76.602284888415653, 34.668461295566047 ], [ -76.601712874045489, 34.668296784193316 ], [ -76.601141264511512, 34.668131344963669 ], [ -76.60057006548206, 34.667964973353726 ], [ -76.599999285361321, 34.667797664181698 ], [ -76.599428930846202, 34.667629412492481 ], [ -76.598859008679867, 34.667460213146441 ], [ -76.598289525915135, 34.667290060725641 ], [ -76.597720489948259, 34.667118949490956 ], [ -76.597151908553585, 34.666946873341885 ], [ -76.59658378991908, 34.666773825778868 ], [ -76.59601614268297, 34.666599799867818 ], [ -76.595448975971692, 34.666424788207237 ], [ -76.59488229943932, 34.666248782897597 ], [ -76.594316123309127, 34.666071775512762 ], [ -76.593750458416665, 34.665893757073782 ], [ -76.593185316259195, 34.665714718019636 ], [ -76.592620709041668, 34.6655346481881 ], [ -76.592056649721059, 34.665353536804538 ], [ -76.591493152206425, 34.665171372240977 ], [ -76.590930231121334, 34.664988142451499 ], [ -76.590367902073552, 34.66480383461311 ], [ -76.589806181659654, 34.664618435236072 ], [ -76.589245087496764, 34.66443193022738 ], [ -76.588684638382176, 34.664244304696474 ], [ -76.588124854310948, 34.664055543098534 ], [ -76.587565756599346, 34.663865629131408 ], [ -76.587007367977108, 34.663674545722351 ], [ -76.586449712676625, 34.66348227504632 ], [ -76.585892816552857, 34.66328879846612 ], [ -76.585336707170114, 34.663094096606073 ], [ -76.584781413936341, 34.662898149290001 ], [ -76.584226968237346, 34.662700935499977 ], [ -76.583673403565129, 34.662502433381412 ], [ -76.583120755644913, 34.66230262027927 ], [ -76.582569062598978, 34.662101472664268 ], [ -76.58201836508978, 34.661898966159313 ], [ -76.581468706503088, 34.661695075449551 ], [ -76.58092013311034, 34.661489774286942 ], [ -76.580372694231201, 34.661283035515766 ], [ -76.579826442421279, 34.661074831029353 ], [ -76.579281433659759, 34.660865131745311 ], [ -76.578737727539078, 34.660653907589165 ], [ -76.578195387455864, 34.660441127485704 ], [ -76.577654480813138, 34.660226759320636 ], [ -76.577115079224058, 34.66001076990225 ], [ -76.576577258701377, 34.659793124976922 ], [ -76.576041099863573, 34.659573789182005 ], [ -76.57550668812199, 34.659352726060234 ], [ -76.574974113874234, 34.659129898039758 ], [ -76.574443472707173, 34.658905266357024 ], [ -76.573914865567119, 34.658678791077882 ], [ -76.573388398917217, 34.658450431131726 ], [ -76.57286418490699, 34.658220144262842 ], [ -76.572342341499507, 34.657987887081944 ], [ -76.57182299263107, 34.65775361496997 ], [ -76.57130626831389, 34.657517282108472 ], [ -76.570792304721436, 34.657278841508464 ], [ -76.570281244276515, 34.657038244962735 ], [ -76.569773235484803, 34.656795443216097 ], [ -76.569268431344526, 34.656550386000653 ], [ -76.568766992674881, 34.656303022072265 ], [ -76.568269086712291, 34.656053299138577 ], [ -76.567774886913185, 34.655801163903867 ], [ -76.567284572385731, 34.655546562288372 ], [ -76.566798327726843, 34.655289439571227 ], [ -76.566316343338244, 34.655029740212044 ], [ -76.565838814809737, 34.654767408206332 ], [ -76.565365942640284, 34.65450238699907 ], [ -76.56489793235221, 34.654234619421011 ], [ -76.564434993574253, 34.653964048345571 ], [ -76.56397733987977, 34.653690616536686 ], [ -76.563525188299622, 34.653414266809797 ], [ -76.563078758911928, 34.653134942139104 ], [ -76.562638274006389, 34.65285258594016 ], [ -76.562203957723412, 34.652567142170206 ], [ -76.561776035412279, 34.652278555589234 ], [ -76.561354732632608, 34.651986771927284 ], [ -76.560940274298346, 34.651691738202352 ], [ -76.560532884378844, 34.651393402719023 ], [ -76.560132785098645, 34.651091715296552 ], [ -76.559740196102581, 34.650786627478041 ], [ -76.559355333412171, 34.650478092815781 ], [ -76.558978408511337, 34.650166067280857 ], [ -76.558609627494306, 34.649850509332751 ], [ -76.558249190453907, 34.649531379860456 ], [ -76.557897290303316, 34.649208642699541 ], [ -76.557554111944739, 34.648882264808101 ], [ -76.557219831418877, 34.648552216387252 ], [ -76.556894614799077, 34.648218471265153 ], [ -76.556578617613837, 34.647881006765886 ], [ -76.556271983763963, 34.647539804094102 ], [ -76.555974844856209, 34.647194848402883 ], [ -76.555687319306628, 34.646846128993523 ], [ -76.555409511618976, 34.646493639434212 ], [ -76.555141511708229, 34.646137377627383 ], [ -76.554883393993393, 34.6457773461022 ], [ -76.554635216918882, 34.645413551926829 ], [ -76.554397022336019, 34.645046006823215 ], [ -76.554168834917419, 34.644674727293733 ], [ -76.553950661756673, 34.64429973461057 ], [ -76.553742492184099, 34.643921054691141 ], [ -76.55354429716219, 34.643538718267394 ], [ -76.553356029112749, 34.643152760732271 ], [ -76.553177621782197, 34.642763222150535 ], [ -76.55300898996758, 34.642370147264828 ], [ -76.55285002976774, 34.641973585300818 ], [ -76.552700618243747, 34.641573590057973 ], [ -76.552560613665833, 34.641170219638127 ], [ -76.552429855735483, 34.640763536320435 ], [ -76.552308165888718, 34.640353606418167 ], [ -76.552195347688283, 34.639940500066494 ], [ -76.552091186926006, 34.639524291219509 ], [ -76.551995452244739, 34.639105057345049 ], [ -76.551907895668066, 34.638682879196587 ], [ -76.551828253091358, 34.638257840646084 ], [ -76.551756245013564, 34.637830028447844 ], [ -76.551691577347569, 34.637399531940453 ], [ -76.551633942167413, 34.636966442755323 ], [ -76.551583018212284, 34.636530854836643 ], [ -76.551538471530648, 34.636092864192122 ], [ -76.551499956966865, 34.635652568453231 ], [ -76.551467118806571, 34.63521006671472 ], [ -76.551439591746487, 34.634765459195904 ], [ -76.551417001819772, 34.634318847078688 ], [ -76.5513989673872, 34.633870332257253 ], [ -76.551385100130446, 34.633420017124038 ], [ -76.551375006052609, 34.632968004374177 ], [ -76.551368286549433, 34.632514396689203 ], [ -76.551364539455122, 34.632059296492422 ], [ -76.551363360012459, 34.631602805875275 ], [ -76.551364341948812, 34.631145026305916 ], [ -76.551367078485058, 34.630686058482283 ], [ -76.551371163371641, 34.630226002114064 ], [ -76.551376191839807, 34.629764955863713 ], [ -76.551381761682379, 34.629303017012383 ], [ -76.551387474306679, 34.628840281163072 ], [ -76.551392935570291, 34.628376842328692 ], [ -76.551397756758846, 34.627912792712266 ], [ -76.55140155546664, 34.62744822265077 ], [ -76.551403956376291, 34.62698322068649 ], [ -76.551404592398413, 34.626517872930812 ], [ -76.551403105429458, 34.626052263094742 ], [ -76.551399146996403, 34.625586472645708 ], [ -76.551392379114176, 34.625120580544277 ], [ -76.551382474905068, 34.624654663350292 ], [ -76.551369119329948, 34.624188795054941 ], [ -76.551352010039636, 34.623723046650817 ], [ -76.551330857794355, 34.623257486379323 ], [ -76.551305386891499, 34.622792179894475 ], [ -76.551275335863068, 34.62232718989091 ], [ -76.551240457991213, 34.621862575973338 ], [ -76.551200521877462, 34.621398395520849 ], [ -76.551155313112147, 34.620934706681872 ], [ -76.551104631590917, 34.620471560966394 ], [ -76.551048293346483, 34.62000900686737 ], [ -76.550986130663119, 34.619547090052237 ], [ -76.55091799229632, 34.619085853285476 ], [ -76.5508437436458, 34.618625336344238 ], [ -76.550763266794107, 34.618165576096992 ], [ -76.550676460574124, 34.617706606454369 ], [ -76.550583240489487, 34.617248458476411 ], [ -76.550483538684418, 34.616791160330564 ], [ -76.550377303711116, 34.616334737502555 ], [ -76.550264500348135, 34.61587921285804 ], [ -76.550145109419276, 34.615424606630988 ], [ -76.550019127313561, 34.614970936794172 ], [ -76.549886566093406, 34.61451821855777 ], [ -76.549747452961441, 34.614066464714249 ], [ -76.549601829595687, 34.613615686105994 ], [ -76.549449751843881, 34.613165891573793 ], [ -76.549291289247009, 34.612717088095486 ], [ -76.549126524509333, 34.612269280973713 ], [ -76.548955553039747, 34.611822473893469 ], [ -76.548778482228528, 34.611376669330483 ], [ -76.548595430721491, 34.610931868945322 ], [ -76.548406528030156, 34.61048807349276 ], [ -76.548211913921506, 34.610045283040385 ], [ -76.548011737528014, 34.60960349756472 ], [ -76.547806156665942, 34.609162717269669 ], [ -76.547595337352263, 34.608722942640519 ], [ -76.547379452945535, 34.608284175016834 ], [ -76.547158683684472, 34.607846416694322 ], [ -76.546933215919523, 34.607409671414196 ], [ -76.546703241257461, 34.606973944989598 ], [ -76.546468956037657, 34.606539245560953 ], [ -76.546230560721924, 34.6061055839888 ], [ -76.545988259248475, 34.605672974333103 ], [ -76.545742258457949, 34.605241434282867 ], [ -76.545492767469256, 34.604810985689305 ], [ -76.545239996986354, 34.604381655210382 ], [ -76.54498415913956, 34.603953474403532 ], [ -76.544725466937123, 34.60352648029604 ], [ -76.544464133511099, 34.603100716220943 ], [ -76.544200371847793, 34.602676232161521 ], [ -76.543934394512291, 34.602253085135025 ], [ -76.543666413242164, 34.601831339765937 ], [ -76.543396638584454, 34.601411068828654 ], [ -76.54312527907895, 34.600992353612526 ], [ -76.542852541591174, 34.600575284272963 ], [ -76.542578631763746, 34.600159960507703 ], [ -76.54230375301475, 34.599746492049555 ], [ -76.542028106768242, 34.59933499884697 ], [ -76.541751892250957, 34.598925611531506 ], [ -76.541475306421432, 34.598518471659446 ], [ -76.541198541804377, 34.598113732556641 ], [ -76.540921790970089, 34.59771155862753 ], [ -76.54064524453922, 34.597312126036066 ], [ -76.540369090731076, 34.596915622866725 ], [ -76.540093515477665, 34.596522249252324 ], [ -76.539818702500526, 34.596132217433791 ], [ -76.539544833515663, 34.595745751793267 ], [ -76.539272088083081, 34.595363088719729 ], [ -76.539000643867908, 34.594984476540297 ], [ -76.538730676762924, 34.594610175339604 ], [ -76.538462360856357, 34.594240456659456 ], [ -76.538195868528035, 34.593875603175363 ], [ -76.537931370481502, 34.593515908280907 ], [ -76.537669035600075, 34.593161675532762 ], [ -76.537409031269405, 34.592813218220002 ], [ -76.537151523241434, 34.592470858680372 ], [ -76.536896675650965, 34.592134927615739 ], [ -76.536644650765595, 34.591805763234547 ], [ -76.536395609106037, 34.591483710481732 ], [ -76.536149709172861, 34.591169120064748 ], [ -76.535907107221078, 34.590862347441586 ], [ -76.535667957254489, 34.590563751828228 ], [ -76.535432410651936, 34.590273695044687 ], [ -76.535200615867197, 34.58999254033796 ], [ -76.534972717813275, 34.589720651058855 ], [ -76.534748858154288, 34.589458389608509 ], [ -76.534529174763094, 34.589206116083403 ], [ -76.534313801464577, 34.588964186998041 ], [ -76.534102867181758, 34.58873295378163 ], [ -76.533896495523223, 34.58851276141862 ], [ -76.533694804332512, 34.588303947083034 ], [ -76.533497905610517, 34.588106838926933 ], [ -76.533305904725893, 34.587921754604643 ], [ -76.533118899928425, 34.587748999942811 ], [ -76.532936981834055, 34.587588867627417 ], [ -76.532760233156523, 34.587441636033624 ], [ -76.532588727737703, 34.587307567796742 ], [ -76.53242253016046, 34.587186908686078 ], [ -76.532261695164237, 34.587079886452841 ], [ -76.53210626742792, 34.586986709889942 ], [ -76.531956280931155, 34.58690756778622 ], [ -76.531811758519467, 34.586842628040301 ], [ -76.531672711573762, 34.586792036899006 ], [ -76.531539139592539, 34.586755918236761 ], [ -76.53141102983615, 34.586734372947326 ], [ -76.531288357026767, 34.586727478447735 ], [ -76.531171083006541, 34.586735288247652 ], [ -76.531059156625801, 34.586757831723155 ], [ -76.530952513669334, 34.586795113998122 ], [ -76.530851076706384, 34.586847115875514 ], [ -76.530754754971511, 34.586913793868526 ], [ -76.530663444457034, 34.586995080428707 ], [ -76.530577027965165, 34.587090884234442 ], [ -76.530495375455061, 34.587201090700709 ], [ -76.530418344027993, 34.587325562400252 ], [ -76.530345778182379, 34.587464139608592 ], [ -76.530277511478957, 34.587616640902979 ], [ -76.53021336377536, 34.587782864396139 ], [ -76.530153143312461, 34.587962588498456 ], [ -76.530096647393151, 34.588155572861105 ], [ -76.530043663200075, 34.588361559257201 ], [ -76.529993968308048, 34.588580272768155 ], [ -76.529947330852252, 34.588811423076955 ], [ -76.529903510561354, 34.589054705606692 ], [ -76.529862259547855, 34.589309802782651 ], [ -76.529823322587589, 34.589576385454158 ], [ -76.529786438334554, 34.589854114046005 ], [ -76.529751340109144, 34.590142640042771 ], [ -76.529717756515296, 34.590441607202351 ], [ -76.529685412342175, 34.59075065296738 ], [ -76.529654029720845, 34.591069409646117 ], [ -76.52962332879423, 34.591397505840654 ], [ -76.529593028469648, 34.591734567655969 ], [ -76.529562847809188, 34.592080219862702 ], [ -76.529532507008341, 34.592434087110668 ], [ -76.529501727817888, 34.592795795276757 ], [ -76.529470234317813, 34.593164972482093 ], [ -76.529437753876081, 34.593541250147972 ], [ -76.52940401820463, 34.593924263894827 ], [ -76.529368764099516, 34.594313654486776 ], [ -76.52933173427023, 34.594709068710962 ], [ -76.529292677842108, 34.595110160262948 ], [ -76.529251351209368, 34.595516590340658 ], [ -76.529207518597801, 34.595928028340381 ], [ -76.52916095275674, 34.596344152487262 ], [ -76.52911143569176, 34.596764650246271 ], [ -76.529058759110356, 34.59718921897781 ], [ -76.529002724767594, 34.597617566063427 ], [ -76.52894314488303, 34.598049409410962 ], [ -76.528879842657105, 34.598484477633463 ], [ -76.528812652436542, 34.598922510234701 ], [ -76.528741420042294, 34.599363257781008 ], [ -76.528666003159614, 34.599806481833653 ], [ -76.528586271339066, 34.60025195505267 ], [ -76.528502105986902, 34.600699461102103 ], [ -76.528413400695499, 34.601148794638732 ], [ -76.528320061151135, 34.601599761226957 ], [ -76.5282220047918, 34.602052177245859 ], [ -76.528119161138022, 34.60250586957374 ], [ -76.528011471573748, 34.602960675387649 ], [ -76.527898889098466, 34.603416441990255 ], [ -76.527781378119741, 34.603873026399469 ], [ -76.527658913939135, 34.604330295206189 ], [ -76.527531482864603, 34.604788124123054 ], [ -76.52739908180196, 34.60524639773903 ], [ -76.527261717850209, 34.605705009222646 ], [ -76.527119407778471, 34.606163859971609 ], [ -76.526972177603142, 34.60662285928597 ], [ -76.526820062191817, 34.607081923833469 ], [ -76.526663105103083, 34.607540977549725 ], [ -76.526501357950849, 34.607999951217238 ], [ -76.526334880032181, 34.60845878210516 ], [ -76.526163737646868, 34.608917413634117 ], [ -76.525988003532632, 34.609375795070129 ], [ -76.525807756506566, 34.609833881209504 ], [ -76.525623081223515, 34.610291632019702 ], [ -76.525434067776132, 34.610749012222733 ], [ -76.525240810651098, 34.611205991291826 ], [ -76.525043408580686, 34.611662543035884 ], [ -76.524841964195787, 34.612118645363971 ], [ -76.524636583390063, 34.612574279934748 ], [ -76.524427374975332, 34.613029431949272 ], [ -76.524214450263187, 34.613484089913499 ], [ -76.523997922694903, 34.613938245426667 ], [ -76.523777907575095, 34.614391893015707 ], [ -76.523554521566396, 34.614845029873273 ], [ -76.523327882266855, 34.615297655633199 ], [ -76.523098107755388, 34.615749772134237 ], [ -76.522865316621235, 34.616201383391065 ], [ -76.522629627580912, 34.616652495391634 ], [ -76.522391159179293, 34.617103115931606 ], [ -76.522150029489694, 34.617553254446044 ], [ -76.521906355838382, 34.618002921850895 ], [ -76.521660254595076, 34.618452130415719 ], [ -76.521411841069366, 34.618900893686714 ], [ -76.521161229243233, 34.61934922632792 ], [ -76.520908531592852, 34.619797144004323 ], [ -76.520653858921278, 34.620244663268522 ], [ -76.520397319981797, 34.620691801325428 ], [ -76.520139021735957, 34.621138576155381 ], [ -76.519879069077291, 34.621585006331237 ], [ -76.519617564738894, 34.622031110937968 ], [ -76.519354609022557, 34.622476909384616 ], [ -76.519090299824441, 34.622922421386583 ], [ -76.518824732493258, 34.623367666851657 ], [ -76.51855799971662, 34.623812665780029 ], [ -76.518290191475941, 34.624257438200097 ], [ -76.518021394950594, 34.624702004076269 ], [ -76.517751694187865, 34.625146382643699 ], [ -76.517481168947256, 34.625590589883871 ], [ -76.517209897850165, 34.626034645718256 ], [ -76.516937956461035, 34.626478569632539 ], [ -76.516665417215421, 34.626922380604931 ], [ -76.516392349319162, 34.627366097018125 ], [ -76.516118818767183, 34.627809736635498 ], [ -76.515844888275979, 34.628253316531456 ], [ -76.515570617247818, 34.62869685303761 ], [ -76.51529606160716, 34.629140361618418 ], [ -76.515021274041075, 34.62958385697155 ], [ -76.514746303860647, 34.630027352918162 ], [ -76.514471196985042, 34.630470862361719 ], [ -76.514195995896898, 34.630914397230512 ], [ -76.51392073968907, 34.631357968472898 ], [ -76.513645464017472, 34.631801586000208 ], [ -76.513370201094091, 34.632245258652461 ], [ -76.513094979515188, 34.632688994064793 ], [ -76.5128198246219, 34.633132798854092 ], [ -76.512544758423971, 34.633576678543939 ], [ -76.51226979970005, 34.634020637596102 ], [ -76.511994963772224, 34.634464679245298 ], [ -76.511720262716338, 34.634908805595039 ], [ -76.511445705384915, 34.635353017604125 ], [ -76.511171297427765, 34.635797315072239 ], [ -76.510897041178836, 34.636241696544019 ], [ -76.510622936044598, 34.636686159509104 ], [ -76.510348978520426, 34.637130700383743 ], [ -76.510075162365496, 34.637575314588325 ], [ -76.509801478409301, 34.638019996399144 ], [ -76.509527914766309, 34.638464739048906 ], [ -76.509254456939729, 34.638909534758902 ], [ -76.508981087976721, 34.639354374800796 ], [ -76.508707788612611, 34.63979924955148 ], [ -76.508434537316603, 34.640244148491526 ], [ -76.508161310409164, 34.64068906024486 ], [ -76.5078880822131, 34.641133972637341 ], [ -76.507614825198104, 34.64157887275168 ], [ -76.507341510209301, 34.642023747020815 ], [ -76.507068106739553, 34.642468581343032 ], [ -76.506794582595873, 34.642913360910633 ], [ -76.50652090395937, 34.643358070204165 ], [ -76.506247035836097, 34.643802693211278 ], [ -76.505972942515925, 34.644247213650026 ], [ -76.505698587833393, 34.644691615100427 ], [ -76.505423934709157, 34.645135880718492 ], [ -76.505148945951134, 34.645579993383635 ], [ -76.50487358364586, 34.64602393561163 ], [ -76.504597809187658, 34.646467689916335 ], [ -76.50432158397868, 34.646911238785641 ], [ -76.504044869496767, 34.64735456472674 ], [ -76.503767627268886, 34.647797650228135 ], [ -76.503489819245516, 34.648240477922165 ], [ -76.503211407733644, 34.648683030570126 ], [ -76.502932355538945, 34.649125291114537 ], [ -76.502652625544812, 34.649567242402895 ], [ -76.50237218189622, 34.650008867844335 ], [ -76.502090990397221, 34.650450151656429 ], [ -76.501809017281715, 34.650891078092933 ], [ -76.501526229574054, 34.651331631691917 ], [ -76.501242595275116, 34.651771797305436 ], [ -76.500958084228429, 34.652211560680563 ], [ -76.500672667611752, 34.652650908137346 ], [ -76.500386317746617, 34.653089826400581 ], [ -76.50009900807872, 34.653528302598332 ], [ -76.499810713710517, 34.653966324573062 ], [ -76.499521411872593, 34.654403881138428 ], [ -76.499231080996083, 34.654840961565625 ], [ -76.498939701117052, 34.655277555798747 ], [ -76.498647253940419, 34.655713654496829 ], [ -76.498353722924122, 34.656149249061542 ], [ -76.498059092943606, 34.656584331478754 ], [ -76.497763350576363, 34.65701889445387 ], [ -76.497466484859174, 34.657452931835678 ], [ -76.49716848636362, 34.657886438147514 ], [ -76.496869347235602, 34.658319408575117 ], [ -76.496569060654849, 34.658751838634856 ], [ -76.496267622383911, 34.659183725039739 ], [ -76.495965030035052, 34.659615065482086 ], [ -76.495661282485543, 34.660045858147249 ], [ -76.495356380041514, 34.660476101877343 ], [ -76.49505032481261, 34.660905796299438 ], [ -76.494743120739315, 34.661334941887624 ], [ -76.494434773508971, 34.661763539935748 ], [ -76.494125290009933, 34.662191592316702 ], [ -76.493814678558792, 34.662619101560466 ], [ -76.493502949031424, 34.663046070942301 ], [ -76.493190112579043, 34.663472504335147 ], [ -76.492876181425785, 34.66389840613261 ], [ -76.492561169235529, 34.664323781406686 ], [ -76.492245091011043, 34.664748635877693 ], [ -76.49192796304142, 34.665172975886044 ], [ -76.491609802565478, 34.665596808252623 ], [ -76.491290627870285, 34.666020140315879 ], [ -76.490970458202483, 34.666442979892153 ], [ -76.490649313667944, 34.666865335234263 ], [ -76.490327215209931, 34.667287215022249 ], [ -76.490004184519321, 34.667708628319424 ], [ -76.489680244019866, 34.668129584571574 ], [ -76.489355416755615, 34.668550093540638 ], [ -76.489029726180448, 34.668970165197159 ], [ -76.48870319631186, 34.669389809838137 ], [ -76.488375851724015, 34.669809038086001 ], [ -76.488047717354192, 34.67022786077009 ], [ -76.487718818280882, 34.670646288805621 ], [ -76.487389179658607, 34.671064333165489 ], [ -76.48705882666647, 34.671482004882755 ], [ -76.486727784596184, 34.671899315079656 ], [ -76.486396078861077, 34.672316274965837 ], [ -76.486063734932387, 34.672732895810285 ], [ -76.485730778049756, 34.673149188821171 ], [ -76.485397233202178, 34.673565165126085 ], [ -76.485063124967866, 34.673980835683082 ], [ -76.484728477667758, 34.674396211361667 ], [ -76.484393315202254, 34.674811302862224 ], [ -76.484057660991368, 34.675226120688045 ], [ -76.483721537878054, 34.675640675098144 ], [ -76.483384968114834, 34.676054976106542 ], [ -76.483047973394989, 34.676469033495131 ], [ -76.482710574808721, 34.676882856794137 ], [ -76.482372792533127, 34.677296455136222 ], [ -76.48203464598619, 34.677709837300924 ], [ -76.481696153837461, 34.678123011747488 ], [ -76.481357334028743, 34.678535986629562 ], [ -76.481018203790939, 34.678948769817346 ], [ -76.480678779483512, 34.679361368784342 ], [ -76.480339076507704, 34.679773790584548 ], [ -76.479999109211789, 34.680186041807964 ], [ -76.479658891050533, 34.680598128669388 ], [ -76.479318434691692, 34.681010057052973 ], [ -76.478977751924674, 34.681421832469731 ], [ -76.478636853605849, 34.681833460029821 ], [ -76.478295749766545, 34.682244944502578 ], [ -76.477954449503542, 34.682656290264184 ], [ -76.477612961040677, 34.683067501327358 ], [ -76.477271291705847, 34.683478581320522 ], [ -76.476929448177344, 34.683889533625759 ], [ -76.476587436383625, 34.684300361335971 ], [ -76.476245261560152, 34.684711067283338 ], [ -76.475902927966956, 34.68512165390608 ], [ -76.475560439192463, 34.685532123359728 ], [ -76.475217798209954, 34.685942477581506 ], [ -76.474875007447736, 34.68635271833184 ], [ -76.474532068826008, 34.686762847189435 ], [ -76.474188983739452, 34.687172865561145 ], [ -76.473845753098928, 34.6875827746941 ], [ -76.473502377360518, 34.687992575680141 ], [ -76.473158856791926, 34.688402269588195 ], [ -76.472815191346356, 34.688811857443632 ], [ -76.472471380659968, 34.689221340206316 ], [ -76.472127424065292, 34.68963071874412 ], [ -76.471783320503647, 34.690039993803971 ], [ -76.471439068799569, 34.690449166157244 ], [ -76.471094667651172, 34.690858236592305 ], [ -76.47075011589358, 34.691267206033821 ], [ -76.470405412213651, 34.691676075379817 ], [ -76.470060555201513, 34.692084845534708 ], [ -76.469715543525382, 34.692493517512517 ], [ -76.46937037586288, 34.692902092389033 ], [ -76.469025051021646, 34.693310571347489 ], [ -76.468679567940057, 34.693718955675649 ], [ -76.46833392589356, 34.694127246848772 ], [ -76.467988123982721, 34.694535446291084 ], [ -76.467642161538294, 34.694943555577225 ], [ -76.467296038065314, 34.695351576389939 ], [ -76.466949753351273, 34.695759510563512 ], [ -76.466603307438817, 34.696167360059434 ], [ -76.466256700601193, 34.696575126956738 ], [ -76.465909933291542, 34.696982813419481 ], [ -76.46556300622342, 34.697390421724478 ], [ -76.465215920264527, 34.697797954196844 ], [ -76.464868676539922, 34.698205413268383 ], [ -76.464521276344669, 34.698612801427288 ], [ -76.464173721380263, 34.699020121332545 ], [ -76.463826013522848, 34.69942737567537 ], [ -76.463478154948291, 34.699834567251621 ], [ -76.463130148079458, 34.700241698929759 ], [ -76.462781995338034, 34.700648773516619 ], [ -76.462433699393586, 34.701055793873799 ], [ -76.462085263194766, 34.70146276292374 ], [ -76.461736690034229, 34.701869683672278 ], [ -76.461387982963316, 34.702276558916971 ], [ -76.461039145301967, 34.702683391528055 ], [ -76.460690180481805, 34.703090184347317 ], [ -76.460341092063629, 34.703496940192451 ], [ -76.459991883725948, 34.703903661847221 ], [ -76.45964255927521, 34.704310352072241 ], [ -76.459293122475557, 34.704717013512919 ], [ -76.458943577075203, 34.705123648706305 ], [ -76.45859392686387, 34.705530260117307 ], [ -76.458244175575089, 34.705936850082843 ], [ -76.457894327065858, 34.7063434209158 ], [ -76.457544384857272, 34.706749974644758 ], [ -76.457194352385557, 34.707156513160484 ], [ -76.456844232976849, 34.707563038202693 ], [ -76.456494029946128, 34.707969551421975 ], [ -76.45614374632909, 34.708376054229355 ], [ -76.455793384904524, 34.708782547811609 ], [ -76.455442948294817, 34.709189033190569 ], [ -76.455092438891981, 34.709595511186173 ], [ -76.4547418587252, 34.710001982340451 ], [ -76.454391209634807, 34.710408447027909 ], [ -76.454040493195038, 34.710814905409279 ], [ -76.453689710509011, 34.711221357322636 ], [ -76.453338862334292, 34.711627802363118 ], [ -76.45298794908588, 34.712034239888041 ], [ -76.452636970831563, 34.712440669014249 ], [ -76.452285927199966, 34.712847088570818 ], [ -76.451934817410788, 34.713253497120292 ], [ -76.451583640275899, 34.71365989296509 ], [ -76.451232394299353, 34.714066274206992 ], [ -76.450881077409491, 34.714472638603162 ], [ -76.450529687086103, 34.714878983639231 ], [ -76.450178220344057, 34.715285306522738 ], [ -76.449826673785125, 34.715691604218456 ], [ -76.449475043580449, 34.71609787344439 ], [ -76.449123325543752, 34.716504110718347 ], [ -76.448771515092432, 34.716910312334186 ], [ -76.44841960742427, 34.71731647447195 ], [ -76.448067597197195, 34.717722593009363 ], [ -76.447715478687186, 34.718128663618479 ], [ -76.447363245817129, 34.71853468178552 ], [ -76.447010892437135, 34.718940642981643 ], [ -76.446658412050368, 34.719346542500034 ], [ -76.446305797858031, 34.719752375482159 ], [ -76.44595304295396, 34.720158137035078 ], [ -76.44560014051487, 34.720563822346733 ], [ -76.445247083506345, 34.720969426514685 ], [ -76.444893864755443, 34.721374944586707 ], [ -76.444540476952227, 34.721780371560776 ], [ -76.44418691296687, 34.722185702577384 ], [ -76.443833165793151, 34.722590932885431 ], [ -76.443479228597383, 34.722996057871697 ], [ -76.443125094687986, 34.723401073041714 ], [ -76.442770757520989, 34.723805974022476 ], [ -76.442416210898742, 34.724210756679646 ], [ -76.442061448924818, 34.724615417089403 ], [ -76.441706466054285, 34.725019951567951 ], [ -76.441351257178624, 34.725424356720545 ], [ -76.44099581746876, 34.725828629359661 ], [ -76.440640142319253, 34.726232766480635 ], [ -76.440284227870478, 34.726636765513966 ], [ -76.439928071122566, 34.727040624410016 ], [ -76.439571669683716, 34.727444341506533 ], [ -76.43921502131343, 34.727847915277131 ], [ -76.438858123950851, 34.72825134433517 ], [ -76.438500976417131, 34.728654627830423 ], [ -76.438143578216014, 34.729057765336186 ], [ -76.43778592970196, 34.729460756933861 ], [ -76.437428031433925, 34.729863602865876 ], [ -76.437069884512056, 34.730266303711637 ], [ -76.436711490550039, 34.730668860370848 ], [ -76.436352851808337, 34.731071274139651 ], [ -76.435993971017865, 34.731473546609166 ], [ -76.435634851373834, 34.731875679659062 ], [ -76.435275496604092, 34.73227767549124 ], [ -76.434915911295818, 34.732679536849027 ], [ -76.43455609996937, 34.733081266423049 ], [ -76.434196066912065, 34.733482866753725 ], [ -76.433835817422604, 34.73388434100481 ], [ -76.433475357259255, 34.734285692621171 ], [ -76.433114692656048, 34.734686925338963 ], [ -76.43275382942501, 34.735088042624376 ], [ -76.43239277351708, 34.73548904802832 ], [ -76.432031531324455, 34.735889945380151 ], [ -76.431670109451758, 34.736290738640996 ], [ -76.431308514505588, 34.736691431767923 ], [ -76.430946752753243, 34.737092028506467 ], [ -76.430584830773441, 34.737492532793866 ], [ -76.430222755109909, 34.737892948545699 ], [ -76.429860532059621, 34.738293279523148 ], [ -76.429498167943919, 34.738693529495286 ], [ -76.429135669219832, 34.739093702313184 ], [ -76.428773042260872, 34.739493801776753 ], [ -76.42841029268584, 34.739893831247265 ], [ -76.42804742618371, 34.74029379411332 ], [ -76.427684448567874, 34.74069369382174 ], [ -76.427321366138841, 34.741093534102895 ], [ -76.426958184388141, 34.741493318201051 ], [ -76.426594908247935, 34.741893048984899 ], [ -76.426231542904787, 34.742292729513792 ], [ -76.42586809358933, 34.74269236287369 ], [ -76.425504565420198, 34.743091952077876 ], [ -76.42514096330116, 34.74349149999906 ], [ -76.424777291817776, 34.743891009301571 ], [ -76.424413555778003, 34.744290482789836 ], [ -76.424049760171371, 34.744689923380179 ], [ -76.423685909787736, 34.745089333863028 ], [ -76.423322009618332, 34.745488717138635 ], [ -76.422958064782051, 34.745888076176755 ], [ -76.422594080555086, 34.746287414033027 ], [ -76.422230062092083, 34.746686733677798 ], [ -76.42186601482571, 34.74708603825048 ], [ -76.421501944623884, 34.747485331163261 ], [ -76.421137857467102, 34.747884615878249 ], [ -76.420773759519804, 34.74828389594802 ], [ -76.420409656958924, 34.748683174893806 ], [ -76.420045556702689, 34.749082456736211 ], [ -76.419681466151573, 34.749481745795563 ], [ -76.419317392705153, 34.749881046357181 ], [ -76.418953343865624, 34.750280362741321 ], [ -76.418589327603328, 34.750679699553366 ], [ -76.418225352442278, 34.751079061760898 ], [ -76.417861426854117, 34.751478454270242 ], [ -76.417497559579488, 34.751877882140207 ], [ -76.417133759664182, 34.752277350611692 ], [ -76.416770036506833, 34.752676865132372 ], [ -76.41640639944859, 34.753076431095394 ], [ -76.416042857819505, 34.75347605386667 ], [ -76.415679421409337, 34.753875739129406 ], [ -76.415316100020092, 34.754275492569434 ], [ -76.414952903236525, 34.754675319719325 ], [ -76.414589840331629, 34.755075225894259 ], [ -76.414226920619612, 34.75547521644485 ], [ -76.413864153387081, 34.755875296732512 ], [ -76.413501547491649, 34.756275471834996 ], [ -76.413139111401108, 34.756675746588407 ], [ -76.412776853111041, 34.757076125535448 ], [ -76.412414780180455, 34.757476612964908 ], [ -76.412052899567541, 34.757877212806264 ], [ -76.411691217430828, 34.75827792849983 ], [ -76.411329739149608, 34.758678763000276 ], [ -76.410968469443034, 34.759079718862047 ], [ -76.410607411945904, 34.759480797959242 ], [ -76.410246569344196, 34.759882001616788 ], [ -76.409885943272641, 34.760283330551346 ], [ -76.409525534382297, 34.76068478486976 ], [ -76.409165342353887, 34.761086364108095 ], [ -76.408805365581131, 34.761488067005921 ], [ -76.408445600957833, 34.761889891371624 ], [ -76.408086044045845, 34.762291834204227 ], [ -76.40772668938996, 34.762693891939648 ], [ -76.407367530214785, 34.763096060204504 ], [ -76.407008558326893, 34.763498333760403 ], [ -76.406649764313201, 34.763900706639241 ], [ -76.40629113739756, 34.76430317203895 ], [ -76.405932665534095, 34.764705722373726 ], [ -76.405574335160253, 34.76510834912542 ], [ -76.40521613169021, 34.765511043204953 ], [ -76.404858039322434, 34.76591379479504 ], [ -76.40450004105719, 34.766316593319544 ], [ -76.404142118818655, 34.766719427533339 ], [ -76.403784253450993, 34.767122285540829 ], [ -76.40342642474954, 34.76752515481359 ], [ -76.403068611835437, 34.767928022419134 ], [ -76.402710792792121, 34.768330874779949 ], [ -76.402352944913147, 34.768733697830726 ], [ -76.401995044809823, 34.769136477083549 ], [ -76.401637068577912, 34.769539197728179 ], [ -76.401278991771122, 34.769941844616888 ], [ -76.400920789581221, 34.770344402369858 ], [ -76.400562437062177, 34.770746855509948 ], [ -76.40020390910415, 34.771149188435018 ], [ -76.399845180523599, 34.771551385492678 ], [ -76.399486226160562, 34.771953431032685 ], [ -76.399127020949464, 34.772355309453005 ], [ -76.398767540155433, 34.772757005326035 ], [ -76.398407759413629, 34.773158503428938 ], [ -76.398047654661852, 34.773559788706947 ], [ -76.397687202359066, 34.773960846404698 ], [ -76.39732637957556, 34.774361662121578 ], [ -76.396965164031855, 34.774762221832873 ], [ -76.396603534178467, 34.775162511939214 ], [ -76.396241469329695, 34.775562519350814 ], [ -76.395878949588138, 34.775962231437994 ], [ -76.395515955957634, 34.776361636102536 ], [ -76.395152470389021, 34.776760721806532 ], [ -76.394788475849907, 34.777159477618035 ], [ -76.394423956370787, 34.77755789324128 ], [ -76.394058897020415, 34.777955959000813 ], [ -76.393693283944287, 34.778353665867563 ], [ -76.393327104294229, 34.778751005412296 ], [ -76.392960346383759, 34.779147969913346 ], [ -76.392592999605725, 34.779544552303513 ], [ -76.392225054393577, 34.77994074614729 ], [ -76.391856502335159, 34.780336545718747 ], [ -76.39148733605181, 34.780731945930789 ], [ -76.391117549189573, 34.781126942330168 ], [ -76.390747136523828, 34.781521531160806 ], [ -76.390376093870486, 34.781915709319875 ], [ -76.390004418005304, 34.782309474306508 ], [ -76.389632106674256, 34.78270282423393 ], [ -76.389259158798581, 34.783095757957298 ], [ -76.388885573927084, 34.783488274745494 ], [ -76.388511352443388, 34.783880374409236 ], [ -76.388136495559337, 34.784272057301003 ], [ -76.387761005329537, 34.784663324328861 ], [ -76.387384884631217, 34.785054176946872 ], [ -76.387008137058714, 34.785444617093809 ], [ -76.386630766945814, 34.785834647210883 ], [ -76.386252779257447, 34.786224270179581 ], [ -76.385874179687235, 34.786613489382198 ], [ -76.385494974615838, 34.787002308679426 ], [ -76.385115171119779, 34.787390732418004 ], [ -76.384734776784697, 34.787778765323189 ], [ -76.384353799643634, 34.788166412463916 ], [ -76.383972248310059, 34.788553679333859 ], [ -76.383590132091598, 34.788940571918708 ], [ -76.383207460899925, 34.789327096643305 ], [ -76.382824245138082, 34.789713260310002 ], [ -76.382440495681365, 34.790099070085354 ], [ -76.382056223918667, 34.79048453351956 ], [ -76.381671441766159, 34.790869658570998 ], [ -76.381286161682979, 34.791254453609703 ], [ -76.380900396612688, 34.791638927376283 ], [ -76.380514159927827, 34.792023088947012 ], [ -76.380127465459182, 34.792406947752589 ], [ -76.379740327458606, 34.792790513548525 ], [ -76.379352760707548, 34.793173796492461 ], [ -76.378964780458134, 34.793556807101858 ], [ -76.378576402394401, 34.793939556225858 ], [ -76.37818764262218, 34.794322055036808 ], [ -76.377798517651328, 34.794704315016048 ], [ -76.3774090443886, 34.795086347946565 ], [ -76.37701924013092, 34.795468165905881 ], [ -76.376629122520868, 34.79584978123372 ], [ -76.376238709497812, 34.796231206496657 ], [ -76.375848019263842, 34.796612454462448 ], [ -76.375457070313587, 34.796993538115757 ], [ -76.375065881384174, 34.797374470621854 ], [ -76.374674471410188, 34.797755265292729 ], [ -76.374282859484339, 34.798135935557681 ], [ -76.373891064776529, 34.798516494907886 ], [ -76.373499106509328, 34.798896956875332 ], [ -76.373107004026664, 34.799277335068567 ], [ -76.372714776743578, 34.799657643135731 ], [ -76.372322443966453, 34.800037894648419 ], [ -76.371930024850016, 34.800418103069013 ], [ -76.371537538370703, 34.800798281727225 ], [ -76.371145003339734, 34.801178443823396 ], [ -76.370752438330584, 34.80155860237732 ], [ -76.370359861635578, 34.801938770195669 ], [ -76.369967291176366, 34.802318959810094 ], [ -76.369574744455363, 34.802699183441788 ], [ -76.369182238544994, 34.80307945299014 ], [ -76.368789790059893, 34.80345978001052 ], [ -76.368397415039382, 34.803840175637276 ], [ -76.368005128992309, 34.804220650605373 ], [ -76.367612946812685, 34.804601215194786 ], [ -76.367220882690575, 34.804981879173823 ], [ -76.366828950190083, 34.805362651837733 ], [ -76.366437162196348, 34.805743541974422 ], [ -76.366045530842129, 34.806124557817483 ], [ -76.365654067341325, 34.80650570693556 ], [ -76.365262781889811, 34.806886996167506 ], [ -76.364871684048865, 34.807268431881823 ], [ -76.364480782565877, 34.807650019845561 ], [ -76.364090085346362, 34.808031765217635 ], [ -76.363699599368999, 34.808413672479304 ], [ -76.363309330637776, 34.808795745403074 ], [ -76.362919284307551, 34.809177987143087 ], [ -76.362529464485959, 34.809560400105624 ], [ -76.362139874211039, 34.809942985921651 ], [ -76.36175051524225, 34.810325745278497 ], [ -76.361361388671284, 34.810708678414677 ], [ -76.36097249463117, 34.811091784877746 ], [ -76.36058383221075, 34.811475063479968 ], [ -76.360195399494089, 34.811858512321336 ], [ -76.359807193587685, 34.812242128806936 ], [ -76.359419210553838, 34.812625909612031 ], [ -76.359031445455344, 34.813009850709847 ], [ -76.358643892359439, 34.81339394737671 ], [ -76.358256544343675, 34.813778194198484 ], [ -76.357869393458529, 34.814162585053261 ], [ -76.357482430820411, 34.814547113166469 ], [ -76.357095646608357, 34.814931771112917 ], [ -76.356709030192164, 34.815316550894693 ], [ -76.356322569845247, 34.815701443779069 ], [ -76.355936252915129, 34.816086440400106 ], [ -76.355550065845108, 34.81647153077504 ], [ -76.355163994246794, 34.816856704351224 ], [ -76.354778023011178, 34.817241950082234 ], [ -76.354392136142209, 34.817627256321252 ], [ -76.354006316771745, 34.81801261083254 ], [ -76.35362054725735, 34.818398000855275 ], [ -76.353234809198113, 34.818783413092213 ], [ -76.35284908346712, 34.819168833739248 ], [ -76.352463350351101, 34.819554248623099 ], [ -76.352077590235368, 34.819939643728262 ], [ -76.351691782469672, 34.820325004271695 ], [ -76.351305905782681, 34.820710315035726 ], [ -76.350919938206161, 34.82109556033415 ], [ -76.350533857508466, 34.821480724294091 ], [ -76.350147641264329, 34.821865790900766 ], [ -76.349761266837874, 34.822250743985371 ], [ -76.34937471141042, 34.822635567238386 ], [ -76.348987951602282, 34.823020243957473 ], [ -76.348600963894654, 34.82340475732957 ], [ -76.348213724897974, 34.823789090605636 ], [ -76.347826211138809, 34.824173226949341 ], [ -76.347438399238484, 34.824557149563297 ], [ -76.347050265946436, 34.824940841701711 ], [ -76.346661788349252, 34.825324286806442 ], [ -76.346272943573211, 34.825707468302951 ], [ -76.345883708798226, 34.826090369606334 ], [ -76.345494061739018, 34.826472974448883 ], [ -76.345103980564232, 34.826855266819599 ], [ -76.344713444043109, 34.827237231067016 ], [ -76.344322430930376, 34.827618851440782 ], [ -76.343930920394968, 34.828000112399543 ], [ -76.343538892412909, 34.828380998876952 ], [ -76.343146327854811, 34.828761496353614 ], [ -76.342753208063257, 34.829141590553483 ], [ -76.342359514552058, 34.829521267221686 ], [ -76.341965229752788, 34.829900512648621 ], [ -76.341570336900546, 34.830279313596179 ], [ -76.341174819957089, 34.830657657227519 ], [ -76.340778663561366, 34.831035531085355 ], [ -76.340381853170598, 34.831412923182477 ], [ -76.339984375067331, 34.831789822011324 ], [ -76.339586215879748, 34.832166216192142 ], [ -76.339187363005308, 34.83254209478428 ], [ -76.338787804748222, 34.832917447391274 ], [ -76.338387530342118, 34.83329226417829 ], [ -76.337986529579069, 34.833666535606412 ], [ -76.337584792793166, 34.834040252428743 ], [ -76.337182311240667, 34.834413405977813 ], [ -76.336779076918347, 34.834785988033026 ], [ -76.336375082542844, 34.835157990807019 ], [ -76.335970321466661, 34.835529406914063 ], [ -76.335564787743124, 34.835900229416069 ], [ -76.335158476185057, 34.836270451855214 ], [ -76.334751382405528, 34.83664006830837 ], [ -76.334343502899443, 34.837009073518757 ], [ -76.333934834876956, 34.837377462727147 ], [ -76.333525376056187, 34.837745231515889 ], [ -76.333115124464911, 34.838112375626231 ], [ -76.332704079209279, 34.838478891681298 ], [ -76.332292240139722, 34.838844776915508 ], [ -76.331879607906288, 34.839210029161094 ], [ -76.331466184085343, 34.839574646999147 ], [ -76.3310519710069, 34.839938629640208 ], [ -76.330636971486342, 34.840301976724376 ], [ -76.330221189206085, 34.840664688639308 ], [ -76.329804628712708, 34.841026766530547 ], [ -76.329387295253753, 34.841388212179496 ], [ -76.328969195031533, 34.841749028222942 ], [ -76.328550335143674, 34.842109218115333 ], [ -76.328130723684438, 34.842468786225595 ], [ -76.327710369387944, 34.842827737572513 ], [ -76.327289281641981, 34.84318607781664 ], [ -76.326867470886469, 34.843543813593186 ], [ -76.326444948666577, 34.843900952578373 ], [ -76.326021727285323, 34.844257503220369 ], [ -76.325597819828957, 34.844613474763499 ], [ -76.325173240032541, 34.84496887717097 ], [ -76.324748002671043, 34.845323721381476 ], [ -76.324322123353454, 34.845678019173867 ], [ -76.323895618481046, 34.846031783137967 ], [ -76.323468505039344, 34.846385026537462 ], [ -76.323040800649252, 34.846737763334474 ], [ -76.322612523560025, 34.847090008178036 ], [ -76.322183692593413, 34.847441776357392 ], [ -76.321754327148099, 34.847793083795978 ], [ -76.321324446944189, 34.848143946864063 ], [ -76.320894072017879, 34.848494382362112 ], [ -76.320463222623545, 34.848844407438904 ], [ -76.320031919268047, 34.849194039599375 ], [ -76.319600182559881, 34.849543296583221 ], [ -76.319168033098236, 34.849892196270076 ], [ -76.318735491365146, 34.850240756585983 ], [ -76.318302577624394, 34.850588995413176 ], [ -76.317869311847744, 34.850936930513228 ], [ -76.31743571363134, 34.851284579453512 ], [ -76.317001802043563, 34.851631959463795 ], [ -76.316567595602905, 34.851979087426088 ], [ -76.316133112264652, 34.852325979856055 ], [ -76.315698369110123, 34.852672652612711 ], [ -76.315263382341996, 34.853019120892711 ], [ -76.314828167225727, 34.853365399182067 ], [ -76.314392738056242, 34.853711501202405 ], [ -76.313957108050104, 34.854057439805473 ], [ -76.313521289424671, 34.85440322702302 ], [ -76.313085293032017, 34.854748873763775 ], [ -76.312649128566548, 34.855094389992551 ], [ -76.312212804819978, 34.855439784976681 ], [ -76.311776329030153, 34.855785066623575 ], [ -76.311339706972944, 34.85613024157869 ], [ -76.310902943316549, 34.85647531554477 ], [ -76.310466041478321, 34.856820293134376 ], [ -76.310029003654094, 34.857165177898437 ], [ -76.309591830855481, 34.85750997233135 ], [ -76.309154522725109, 34.857854677695464 ], [ -76.308717077753712, 34.858199294224882 ], [ -76.308279493534215, 34.858543821321419 ], [ -76.307841766581305, 34.85888825738116 ], [ -76.307403892468756, 34.859232599917306 ], [ -76.306965865776974, 34.859576845510041 ], [ -76.306527680130841, 34.859920989842841 ], [ -76.30608932863683, 34.86026502805823 ], [ -76.30565080380677, 34.860608954684864 ], [ -76.305212097583563, 34.860952763650673 ], [ -76.304773201435495, 34.861296448377828 ], [ -76.304334106505308, 34.861640001908235 ], [ -76.3038948036221, 34.861983416909752 ], [ -76.303455283411907, 34.862326685748087 ], [ -76.303015536603922, 34.862669800751206 ], [ -76.30257555392572, 34.863012754146602 ], [ -76.302135326150093, 34.863355538105886 ], [ -76.301694844258662, 34.86369814487167 ], [ -76.301254099513841, 34.864040566823611 ], [ -76.300813083628071, 34.864382796624923 ], [ -76.300371788768544, 34.864724827216349 ], [ -76.299930207440923, 34.865066651757175 ], [ -76.299488332647769, 34.865408263743866 ], [ -76.299046158074447, 34.865749657169189 ], [ -76.298603678055542, 34.866090826501569 ], [ -76.298160887589816, 34.866431766705915 ], [ -76.297717782426773, 34.866772473315422 ], [ -76.297274358977077, 34.867112942375229 ], [ -76.296830614366328, 34.867453170488801 ], [ -76.296386546452382, 34.867793154836043 ], [ -76.295942153836975, 34.868132893189866 ], [ -76.295497435860824, 34.868472383917563 ], [ -76.295052392543653, 34.86881162593361 ], [ -76.29460702467648, 34.86915061878225 ], [ -76.294161333679369, 34.86948936252417 ], [ -76.293715321561052, 34.86982785770752 ], [ -76.293268990639703, 34.870166105123424 ], [ -76.292822344045149, 34.870504106258565 ], [ -76.292375385481066, 34.870841863092707 ], [ -76.291928119034466, 34.871179377925358 ], [ -76.291480549254018, 34.871516653454393 ], [ -76.291032681052997, 34.871853692695581 ], [ -76.290584519632617, 34.872190498919601 ], [ -76.290136070362578, 34.872527075550209 ], [ -76.289687338916352, 34.872863426287246 ], [ -76.289238331187406, 34.873199555037033 ], [ -76.28878905317039, 34.87353546580885 ], [ -76.288339510981757, 34.873871162736357 ], [ -76.287889710801451, 34.874206650029308 ], [ -76.287439658794568, 34.874541931907238 ], [ -76.286989361097497, 34.874877012589643 ], [ -76.286538823809522, 34.875211896289798 ], [ -76.286088052953005, 34.875546587181965 ], [ -76.285637054467145, 34.875881089397176 ], [ -76.285185834203133, 34.876215407019977 ], [ -76.284734397914818, 34.876549544081414 ], [ -76.284282751193714, 34.876883504505713 ], [ -76.283830899472179, 34.87721729211416 ], [ -76.283378848059442, 34.877550910656311 ], [ -76.282926602201869, 34.877884363860979 ], [ -76.282474166975931, 34.878217655348955 ], [ -76.282021547147565, 34.878550788508292 ], [ -76.2815687476687, 34.87888376692753 ], [ -76.281115773620229, 34.879216594343177 ], [ -76.280662629707976, 34.879549274219606 ], [ -76.280209320549972, 34.87988180999362 ], [ -76.27975585069909, 34.880214205098838 ], [ -76.279302224728269, 34.880546463024238 ], [ -76.278848447347428, 34.880878587419403 ], [ -76.278394523386737, 34.881210582100849 ], [ -76.277940457768622, 34.881542451000477 ], [ -76.277486255625249, 34.881874198276591 ], [ -76.277031922460026, 34.882205828447582 ], [ -76.276577463582953, 34.882537345938978 ], [ -76.276122884551626, 34.882868755439468 ], [ -76.275668191156129, 34.883200061891785 ], [ -76.275213389403035, 34.883531270482322 ], [ -76.274758485509253, 34.883862386638093 ], [ -76.274303486015611, 34.884193416115558 ], [ -76.273848397753255, 34.884524364974702 ], [ -76.273393227876127, 34.884855239605251 ], [ -76.272937983841459, 34.885186046710103 ], [ -76.272482673475423, 34.88551679335761 ], [ -76.272027304946846, 34.885847486958504 ], [ -76.271571886717965, 34.886178135224178 ], [ -76.271116427558042, 34.886508746175458 ], [ -76.270660936560432, 34.886839328152867 ], [ -76.270205423279549, 34.88716988991473 ], [ -76.269749897457189, 34.887500440428269 ], [ -76.269294369085898, 34.887830988912306 ], [ -76.26883884835992, 34.888161544795814 ], [ -76.268383345789971, 34.888492117794812 ], [ -76.267927872039721, 34.888822717780975 ], [ -76.267472437960478, 34.889153354804343 ], [ -76.267017054782002, 34.889484039255123 ], [ -76.266561733861977, 34.889814781646578 ], [ -76.266106486558996, 34.890145592479712 ], [ -76.265651323702329, 34.890476481830383 ], [ -76.265196256803279, 34.890807460325838 ], [ -76.264741297536077, 34.891138538713669 ], [ -76.264286457791044, 34.891469727868966 ], [ -76.26383174914109, 34.891801038435304 ], [ -76.263377182897983, 34.892132480817786 ], [ -76.262922770288952, 34.892464065326315 ], [ -76.262468522820072, 34.892795802465741 ], [ -76.262014451894231, 34.893127702596217 ], [ -76.261560568534819, 34.893459775732957 ], [ -76.261106883590315, 34.893792031710028 ], [ -76.260653407806601, 34.894124480225891 ], [ -76.260200151617227, 34.894457130671839 ], [ -76.25974712521527, 34.894789992186716 ], [ -76.259294338537742, 34.89512307364128 ], [ -76.258841801288014, 34.895456383655052 ], [ -76.258389523100263, 34.895789930720497 ], [ -76.257937513215737, 34.896123722949909 ], [ -76.257485780539, 34.896457768120186 ], [ -76.257034333571497, 34.896792073626358 ], [ -76.25658318061032, 34.897126646623626 ], [ -76.256132329599438, 34.897461493916801 ], [ -76.255681788316593, 34.897796622113191 ], [ -76.255231564298938, 34.898132037547988 ], [ -76.254781664837523, 34.898467746291189 ], [ -76.254332096841409, 34.898803754055145 ], [ -76.253882866597621, 34.899140065992249 ], [ -76.253433980229929, 34.899476687059988 ], [ -76.252985443899306, 34.899813622206239 ], [ -76.252537263350092, 34.900150875977701 ], [ -76.252089444075025, 34.900488452667624 ], [ -76.25164199131396, 34.900826356316443 ], [ -76.251194910113426, 34.901164590764203 ], [ -76.250748205246069, 34.901503159588863 ], [ -76.250301881186999, 34.901842066089273 ], [ -76.249855942181142, 34.902181313341352 ], [ -76.249410392314971, 34.902520904260257 ], [ -76.248965235417714, 34.902860841520258 ], [ -76.248520475145682, 34.903201127623419 ], [ -76.248076114866365, 34.903541764815856 ], [ -76.247632157623713, 34.903882755063016 ], [ -76.247188606383176, 34.904224100240192 ], [ -76.24674546395417, 34.904565802077798 ], [ -76.246302732879343, 34.904907862082545 ], [ -76.245860415467945, 34.905250281555652 ], [ -76.245418513411735, 34.905593061253015 ], [ -76.244977028359472, 34.905936201901085 ], [ -76.244535961931206, 34.906279704210306 ], [ -76.244095315709373, 34.90662356888371 ], [ -76.24365509074677, 34.906967796143014 ], [ -76.243215287671163, 34.907312385842218 ], [ -76.242775906975993, 34.907657337749903 ], [ -76.242336948859148, 34.908002651390198 ], [ -76.241898413225499, 34.908348326047275 ], [ -76.241460299708251, 34.908694360784466 ], [ -76.241022607623876, 34.909040754407833 ], [ -76.240585335961356, 34.909387505457957 ], [ -76.240148483356862, 34.909734612195642 ], [ -76.239712048104465, 34.910082072598897 ], [ -76.239276028132934, 34.910429884350386 ], [ -76.238840421019745, 34.910778044847426 ], [ -76.238405223980564, 34.911126551194108 ], [ -76.237970434027957, 34.911475400345793 ], [ -76.237536047726891, 34.911824588896508 ], [ -76.237102061133527, 34.91217411301767 ], [ -76.236668469883114, 34.912523968539567 ], [ -76.236235269341776, 34.912874151087451 ], [ -76.235802454570248, 34.91322465604992 ], [ -76.235370020235905, 34.913575478498139 ], [ -76.234937960683808, 34.913926613249842 ], [ -76.234506269845781, 34.914278054790792 ], [ -76.234074941301543, 34.914629797327812 ], [ -76.233643968333993, 34.914981834835949 ], [ -76.233213343892956, 34.915334161028035 ], [ -76.232783060610615, 34.915686769367667 ], [ -76.232353110815822, 34.916039653082073 ], [ -76.231923486549832, 34.916392805175462 ], [ -76.231494179567179, 34.916746218430291 ], [ -76.231065181403011, 34.917099885463784 ], [ -76.230636483373658, 34.917453798728928 ], [ -76.23020807652135, 34.917807950467989 ], [ -76.229779951695122, 34.918162332781172 ], [ -76.229352099685485, 34.918516937741678 ], [ -76.228924511097574, 34.918871757287874 ], [ -76.228497176399571, 34.919226783265621 ], [ -76.228070085903354, 34.919582007411364 ], [ -76.227643229912175, 34.919937421481613 ], [ -76.227216598605878, 34.920293017145724 ], [ -76.226790182025567, 34.920648785971309 ], [ -76.226363970313258, 34.921004719645673 ], [ -76.225937953629753, 34.921360809897806 ], [ -76.22551212210935, 34.921717048456976 ], [ -76.225086465978535, 34.922073427153428 ], [ -76.224660975498978, 34.922429937879016 ], [ -76.224235640833285, 34.922786572465839 ], [ -76.223810452387426, 34.923143322993212 ], [ -76.223385400615271, 34.923500181588103 ], [ -76.222960475701072, 34.923857140124611 ], [ -76.222535668248341, 34.924214190909218 ], [ -76.222110969104961, 34.924571326492497 ], [ -76.221686369054453, 34.92492853937798 ], [ -76.221261859172984, 34.925285822350354 ], [ -76.220837430517619, 34.925643168195357 ], [ -76.220413074255433, 34.92600056981729 ], [ -76.219988781843895, 34.926358020408195 ], [ -76.219564544815725, 34.926715513242115 ], [ -76.219140354712422, 34.927073041610385 ], [ -76.218716203216616, 34.92743059895637 ], [ -76.218292082104938, 34.927788178825196 ], [ -76.21786798333612, 34.928145774937327 ], [ -76.217443899055738, 34.928503381199185 ], [ -76.217019821465641, 34.928860991579391 ], [ -76.216595742829753, 34.929218600112172 ], [ -76.216171655648822, 34.929576201056911 ], [ -76.215747552422258, 34.929933788685261 ], [ -76.215323425673319, 34.930291357301456 ], [ -76.214899268091372, 34.930648901364371 ], [ -76.214475072576548, 34.931006415525417 ], [ -76.214050831999131, 34.931363894413764 ], [ -76.21362653914619, 34.931721332591387 ], [ -76.213202186958682, 34.932078724757979 ], [ -76.212777768376966, 34.93243606560219 ], [ -76.212353276527296, 34.932793349983342 ], [ -76.211928704735186, 34.933150572936555 ], [ -76.211504046187002, 34.933507729362987 ], [ -76.211079294091576, 34.93386481417501 ], [ -76.210654441854274, 34.934221822445281 ], [ -76.210229482925456, 34.934578749274138 ], [ -76.209804410827346, 34.934935589808937 ], [ -76.20937921914863, 34.935292339235914 ], [ -76.208953901709023, 34.935648992922779 ], [ -76.208528452286757, 34.936005546178492 ], [ -76.208102864654023, 34.93636199428294 ], [ -76.20767713278083, 34.936718332660732 ], [ -76.207251250736192, 34.937074556793654 ], [ -76.206825212696899, 34.937430662226468 ], [ -76.206399012994964, 34.937786644607208 ], [ -76.205972646018694, 34.93814249960198 ], [ -76.20554610634386, 34.938498223002163 ], [ -76.2051193887376, 34.938853810726641 ], [ -76.204692488371279, 34.93920925901147 ], [ -76.204265400344028, 34.939564563984412 ], [ -76.203838119759439, 34.939919721729559 ], [ -76.203410641910949, 34.940274728458967 ], [ -76.202982962413131, 34.940629580631388 ], [ -76.202555077092782, 34.940984274848276 ], [ -76.20212698190808, 34.941338807778195 ], [ -76.201698673115487, 34.941693176307737 ], [ -76.201270147130799, 34.942047377419605 ], [ -76.200841400493431, 34.942401408159462 ], [ -76.200412429925876, 34.942755265690074 ], [ -76.199983232369647, 34.943108947324724 ], [ -76.199553804961226, 34.943462450505244 ], [ -76.199124145104093, 34.943815772866714 ], [ -76.198694250411521, 34.944168912187564 ], [ -76.198264118639955, 34.944521866332373 ], [ -76.197833747733256, 34.944874633291967 ], [ -76.197403135803555, 34.945227211168472 ], [ -76.196972281115336, 34.945579598163164 ], [ -76.196541182102933, 34.94593179259293 ], [ -76.196109837367061, 34.946283792887755 ], [ -76.195678245666173, 34.946635597585207 ], [ -76.195246405942797, 34.946987205353061 ], [ -76.194814317221258, 34.947338614906649 ], [ -76.194381978546872, 34.947689824961458 ], [ -76.193949389271964, 34.948040834478441 ], [ -76.193516548698383, 34.948391642349954 ], [ -76.193083456041364, 34.948742247378782 ], [ -76.192650110733595, 34.949092648540017 ], [ -76.192216512378465, 34.949442844937749 ], [ -76.19178266061995, 34.949792835701373 ], [ -76.191348555196186, 34.950142620035628 ], [ -76.190914195835532, 34.950492197129286 ], [ -76.190479582138352, 34.950841566056248 ], [ -76.190044713835206, 34.95119072599951 ], [ -76.189609590575742, 34.951539676068393 ], [ -76.189174212110885, 34.951888415461426 ], [ -76.188738578303997, 34.952236943480443 ], [ -76.18830268894753, 34.952585259369521 ], [ -76.187866543915831, 34.952933362446508 ], [ -76.187430143028649, 34.953281251990354 ], [ -76.186993486154051, 34.953628927327067 ], [ -76.186556573173945, 34.953976387808531 ], [ -76.186119404002753, 34.954323632827489 ], [ -76.185681978574294, 34.954670661808635 ], [ -76.185244296879375, 34.955017474240854 ], [ -76.184806359032677, 34.955364069735019 ], [ -76.184368165084962, 34.95571044787004 ], [ -76.183929715146164, 34.95605660829581 ], [ -76.183491009454869, 34.956402550789619 ], [ -76.183052048320178, 34.956748275211964 ], [ -76.182612832018989, 34.95709378143038 ], [ -76.182173361096162, 34.957439069552365 ], [ -76.18173363634682, 34.957784139928755 ], [ -76.181293658738525, 34.958128993074787 ], [ -76.18085342934765, 34.958473629637027 ], [ -76.180412949478836, 34.958818050480552 ], [ -76.179972220647343, 34.95916225667964 ], [ -76.179531244446864, 34.959506249410516 ], [ -76.179090022783285, 34.959850030142775 ], [ -76.178648557777208, 34.960193600555804 ], [ -76.17820685185383, 34.960536962615784 ], [ -76.177764907734527, 34.960880118575815 ], [ -76.177322728416513, 34.961223070953267 ], [ -76.176880317167331, 34.961565822524548 ], [ -76.176437677597974, 34.961908376387349 ], [ -76.175994813768952, 34.962250736053626 ], [ -76.17555173002718, 34.962592905306309 ], [ -76.175108430802538, 34.962934888020385 ], [ -76.174664920995539, 34.963276688500805 ], [ -76.174221205981056, 34.963618311480197 ], [ -76.173777291320945, 34.963959761876303 ], [ -76.173333182901288, 34.964301044907714 ], [ -76.172888887039477, 34.964642166182259 ], [ -76.172444410365742, 34.964983131593243 ], [ -76.171999759815861, 34.965323947312619 ], [ -76.171554942651241, 34.965664619807882 ], [ -76.171109966266371, 34.966005155689743 ], [ -76.170664838415689, 34.966345561878228 ], [ -76.170219567181917, 34.966685845578994 ], [ -76.16977416104119, 34.967026014332184 ], [ -76.169328628580573, 34.967366075795574 ], [ -76.168882978629838, 34.967706037837395 ], [ -76.168437220102462, 34.968045908406701 ], [ -76.167991361946164, 34.96838569549783 ], [ -76.16754541319041, 34.968725407174752 ], [ -76.167099383160831, 34.969065051738333 ], [ -76.166653281538942, 34.969404637776073 ], [ -76.16620711779612, 34.969744173704008 ], [ -76.165760901121175, 34.970083667692926 ], [ -76.165314640854021, 34.970423128042128 ], [ -76.164868346276322, 34.970762562993357 ], [ -76.164422026558952, 34.97110198068431 ], [ -76.163975690840317, 34.971441389214718 ], [ -76.16352934801526, 34.971780796461331 ], [ -76.163083006761667, 34.972120210100769 ], [ -76.162636675527267, 34.972459637596693 ], [ -76.162190362398775, 34.972799086090923 ], [ -76.161744075240833, 34.97313856252164 ], [ -76.161297821530781, 34.973478073483548 ], [ -76.160851608542885, 34.973817625375183 ], [ -76.160405443232591, 34.97415722429885 ], [ -76.159959331910159, 34.974496875795779 ], [ -76.159513280333641, 34.974836584918449 ], [ -76.159067293953626, 34.975176356433806 ], [ -76.158621377715249, 34.975516194657509 ], [ -76.158175536221833, 34.975856103591198 ], [ -76.157729773446732, 34.976196086682442 ], [ -76.157284092695178, 34.976536146789769 ], [ -76.156838496778064, 34.976876286333081 ], [ -76.156392987905534, 34.977216507204474 ], [ -76.155947567789596, 34.977556810849748 ], [ -76.155502237593652, 34.977897198230906 ], [ -76.155056997907579, 34.978237669804891 ], [ -76.154611848770543, 34.978578225544332 ], [ -76.154166789661701, 34.978918864931494 ], [ -76.153721819511503, 34.97925958696527 ], [ -76.153276936768663, 34.979600390222423 ], [ -76.152832139415352, 34.979941272866199 ], [ -76.152387424930652, 34.9802822326212 ], [ -76.151942790273964, 34.980623266760134 ], [ -76.151498231691249, 34.980964371939088 ], [ -76.151053745151259, 34.98130554457353 ], [ -76.150609326343599, 34.981646780834176 ], [ -76.150164970547792, 34.981988076531415 ], [ -76.149720672659953, 34.982329427145778 ], [ -76.149276427292136, 34.982670827913914 ], [ -76.1488322286841, 34.98301227375017 ], [ -76.148388070910968, 34.983353759428972 ], [ -76.147943947803327, 34.983695279516667 ], [ -76.14749985292859, 34.984036828354562 ], [ -76.147055779764273, 34.984378400205514 ], [ -76.146611721529581, 34.984719989100334 ], [ -76.146167671616936, 34.985061589237738 ], [ -76.145723623515977, 34.985403194905892 ], [ -76.145279570353239, 34.98574480007801 ], [ -76.144835505293386, 34.986086398763248 ], [ -76.144391421774131, 34.986427985217112 ], [ -76.143947313304565, 34.986769553756098 ], [ -76.143503173543934, 34.987111098828727 ], [ -76.143058996217277, 34.987452614942683 ], [ -76.14261477514826, 34.987794096687132 ], [ -76.142170504490608, 34.988135538944476 ], [ -76.141726178522461, 34.988476936708302 ], [ -76.141281791831119, 34.988818285241237 ], [ -76.140837339302394, 34.989159580064452 ], [ -76.140392816126393, 34.989500816960614 ], [ -76.139948217860351, 34.98984199203494 ], [ -76.139503540298506, 34.990183101594866 ], [ -76.139058779312165, 34.990524141994847 ], [ -76.138613931308996, 34.990865110069329 ], [ -76.138168993087433, 34.991206002997281 ], [ -76.137723961713334, 34.9915468181769 ], [ -76.137278834571546, 34.991887553284215 ], [ -76.136833609436934, 34.992228206326665 ], [ -76.136388284583873, 34.992568775731129 ], [ -76.135942858445162, 34.992909260061765 ], [ -76.135497329473395, 34.993249657886587 ], [ -76.135051696673457, 34.993589968251868 ], [ -76.134605959636858, 34.99393019071605 ], [ -76.134160117938208, 34.994270324806742 ], [ -76.133714171240072, 34.994610370111438 ], [ -76.133268119611159, 34.994950326571917 ], [ -76.132821963533274, 34.995290194485335 ], [ -76.132375703519344, 34.995629974160835 ], [ -76.131929340313604, 34.995969666099484 ], [ -76.131482874950962, 34.996309271048283 ], [ -76.131036308598325, 34.996648789858746 ], [ -76.130589642585463, 34.996988223512702 ], [ -76.130142878409401, 34.997327573129162 ], [ -76.129696017698834, 34.997666839937729 ], [ -76.129249062067018, 34.998006025137968 ], [ -76.128802013070015, 34.998345129859537 ], [ -76.128354872590293, 34.998684155524849 ], [ -76.12790764248841, 34.999023103529048 ], [ -76.127460324528812, 34.999361975162827 ], [ -76.127012920588299, 34.999700771809991 ], [ -76.126565432582268, 35.000039494887304 ], [ -76.126117862359493, 35.00037814574479 ], [ -76.125670211839306, 35.000716725791627 ], [ -76.125222482964858, 35.001055236444301 ], [ -76.124774677542163, 35.001393678993935 ], [ -76.124326797330212, 35.001732054692063 ], [ -76.123878843881641, 35.002070364592981 ], [ -76.123430818462793, 35.002408609479055 ], [ -76.122982722569077, 35.002746790340922 ], [ -76.12253455767852, 35.003084908156595 ], [ -76.122086325052422, 35.003422963711508 ], [ -76.121638025997527, 35.003760957845898 ], [ -76.121189661537684, 35.004098891131349 ], [ -76.120741232544532, 35.004436764001994 ], [ -76.12029273961447, 35.004774576632464 ], [ -76.119844183318492, 35.005112329161406 ], [ -76.119395564408393, 35.005450021938728 ], [ -76.118946883376566, 35.005787655083139 ], [ -76.118498140460559, 35.006125228463326 ], [ -76.118049335800578, 35.006462741869932 ], [ -76.117600469396947, 35.006800194969735 ], [ -76.117151541146072, 35.007137587346719 ], [ -76.11670255085123, 35.007474918514504 ], [ -76.11625349809438, 35.007812187771798 ], [ -76.115804382265949, 35.008149394237222 ], [ -76.115355202711839, 35.008486537036674 ], [ -76.114905958774017, 35.008823615300642 ], [ -76.114456649654713, 35.009160628024667 ], [ -76.114007274245353, 35.009497573929593 ], [ -76.113557831273326, 35.009834451582634 ], [ -76.113108319467983, 35.010171259570846 ], [ -76.112658737396487, 35.010507996338262 ], [ -76.112209083468969, 35.010844660204071 ], [ -76.111759356194298, 35.011181249631214 ], [ -76.111309553839703, 35.011517762831772 ], [ -76.110859674476131, 35.01185419784661 ], [ -76.110409716010764, 35.012190552563943 ], [ -76.109959676161097, 35.012526824699904 ], [ -76.10950955250469, 35.012863011826418 ], [ -76.109059342532532, 35.013199111446134 ], [ -76.108609043739619, 35.013535121145509 ], [ -76.10815865342957, 35.013871038313638 ], [ -76.107708168737872, 35.014206860176699 ], [ -76.107257586635328, 35.014542583814602 ], [ -76.10680690392384, 35.014878206129566 ], [ -76.106356117276377, 35.015213723912154 ], [ -76.105905223031854, 35.01554913356977 ], [ -76.105454217460377, 35.015884431517755 ], [ -76.105003096792686, 35.016219614111918 ], [ -76.104551857010932, 35.016554677473067 ], [ -76.104100493778688, 35.016889617423885 ], [ -76.103649002610695, 35.017224429627177 ], [ -76.103197378860841, 35.017559109571039 ], [ -76.102745617571273, 35.017893652437039 ], [ -76.102293713526365, 35.018228053140447 ], [ -76.101841661221954, 35.018562306298897 ], [ -76.101389454864474, 35.018896406225593 ], [ -76.100937088701585, 35.019230347389779 ], [ -76.100484556386846, 35.019564123525619 ], [ -76.100031851165667, 35.01989772787357 ], [ -76.099578966033462, 35.020231153471478 ], [ -76.099125893612481, 35.020564392991886 ], [ -76.098672625908037, 35.020897438268079 ], [ -76.098219154369772, 35.021230280463818 ], [ -76.097765470403303, 35.021562910876519 ], [ -76.097311564969814, 35.021895320305298 ], [ -76.09685742855325, 35.022227499033058 ], [ -76.09640305112012, 35.022559436733971 ], [ -76.095948422139216, 35.022891122508533 ], [ -76.095493530534768, 35.023222544821785 ], [ -76.095038364499246, 35.023553691273094 ], [ -76.094582911877708, 35.023884549037383 ], [ -76.094127159925179, 35.024215104519435 ], [ -76.093671095333718, 35.024545343508848 ], [ -76.093214704200051, 35.02487525104894 ], [ -76.092757972076953, 35.02520481159074 ], [ -76.09230088390531, 35.025534008842669 ], [ -76.091843424748035, 35.025862826589965 ], [ -76.091385578820265, 35.026191247574133 ], [ -76.090927329444128, 35.026519253443446 ], [ -76.090468659413673, 35.026846825149313 ], [ -76.090009550969341, 35.027173942915219 ], [ -76.089549985870335, 35.027500586270328 ], [ -76.089089946443821, 35.027826734445618 ], [ -76.088629413675619, 35.028152365694091 ], [ -76.088168368106878, 35.02847745759383 ], [ -76.087706789825504, 35.028801987032693 ], [ -76.087244658581241, 35.029125930302222 ], [ -76.086781953837232, 35.029449263136115 ], [ -76.08631865477409, 35.029771960706213 ], [ -76.085854738718737, 35.030093996621261 ], [ -76.085390183686968, 35.030415344570265 ], [ -76.084924967965875, 35.030735978062673 ], [ -76.084459069762275, 35.031055870218417 ], [ -76.083992467255968, 35.031374993811909 ], [ -76.083525138723076, 35.031693321379585 ], [ -76.083057062509738, 35.032010825196664 ], [ -76.082588217096614, 35.032327477334086 ], [ -76.08211858124325, 35.032643249788372 ], [ -76.081648134059776, 35.032958114547299 ], [ -76.081176855051837, 35.033272043632785 ], [ -76.080704724220737, 35.033585009194212 ], [ -76.080231722196189, 35.033896983632332 ], [ -76.079757830294838, 35.034207939657847 ], [ -76.079283030567865, 35.03451785034121 ], [ -76.078807305956374, 35.03482668926064 ], [ -76.078330640394469, 35.035134430604089 ], [ -76.077853018896519, 35.035441049258857 ], [ -76.077374427655641, 35.03574652091261 ], [ -76.076894854177652, 35.036050822187192 ], [ -76.0764142873048, 35.036353930675013 ], [ -76.075932717365248, 35.036655825089667 ], [ -76.075450136301626, 35.03695648539987 ], [ -76.07496653775577, 35.037255892924563 ], [ -76.074481917159773, 35.037554030435111 ], [ -76.073996271857197, 35.037850882286641 ], [ -76.073509601198595, 35.038146434527079 ], [ -76.073021906531295, 35.038440674917794 ], [ -76.072533191533253, 35.038733593247656 ], [ -76.072043462210388, 35.03902518136163 ], [ -76.071552726898332, 35.039315433198482 ], [ -76.071060996399567, 35.039604344939136 ], [ -76.070568283969422, 35.039891915024064 ], [ -76.070074605453954, 35.040178144310083 ], [ -76.069579979281229, 35.040463036096703 ], [ -76.069084426622027, 35.040746596301567 ], [ -76.068587971407439, 35.041028833511298 ], [ -76.068090640379722, 35.041309759061058 ], [ -76.067592462984791, 35.041589386979474 ], [ -76.067093471450349, 35.041867734093131 ], [ -76.066593700737911, 35.042144820020972 ], [ -76.066093188540279, 35.042420667210195 ], [ -76.065591975233843, 35.042695300931712 ], [ -76.065090103827188, 35.042968749273285 ], [ -76.064587619868476, 35.043241043094937 ], [ -76.064084571371438, 35.043512216002448 ], [ -76.063581008672116, 35.043782304256908 ], [ -76.063076984316652, 35.044051346713886 ], [ -76.0625725528987, 35.044319384715934 ], [ -76.062067770894529, 35.044586461983393 ], [ -76.061562696494335, 35.044852624502241 ], [ -76.061057389342807, 35.04511792032816 ], [ -76.060551910370833, 35.04538239947248 ], [ -76.060046321482687, 35.045646113662649 ], [ -76.059540685413069, 35.045909116239315 ], [ -76.05903506555444, 35.046171462033477 ], [ -76.058529525290695, 35.046433206813937 ], [ -76.058024127847588, 35.046694407177704 ], [ -76.057518936107527, 35.046955120412889 ], [ -76.057014012198096, 35.047215404156702 ], [ -76.056509417179655, 35.047475316141742 ], [ -76.056005210657744, 35.047734913869633 ], [ -76.0555014503244, 35.047994254220818 ], [ -76.054998191830379, 35.048253393355395 ], [ -76.054495488405365, 35.048512386386044 ], [ -76.053993390460235, 35.04877128703734 ], [ -76.053491945368293, 35.049030147459291 ], [ -76.052991196726637, 35.049289017556809 ], [ -76.052491184264923, 35.049547944915489 ], [ -76.051991943989776, 35.04980697491856 ], [ -76.051493507475541, 35.050066150111412 ], [ -76.050995901435314, 35.050325509803002 ], [ -76.050499147752205, 35.050585090078492 ], [ -76.050003263169287, 35.050844923499191 ], [ -76.04950825923369, 35.051105039019724 ], [ -76.049014142166371, 35.05136546184179 ], [ -76.048520912464454, 35.051626213018309 ], [ -76.048028564966955, 35.051887309471404 ], [ -76.047537088795281, 35.05214876389163 ], [ -76.047046467342952, 35.052410584677034 ], [ -76.046556678304867, 35.052672775903083 ], [ -76.046067693628146, 35.052935337216169 ], [ -76.045579479790831, 35.05319826401707 ], [ -76.045091998054374, 35.053461547626377 ], [ -76.044605204431519, 35.053725175164203 ], [ -76.044119050482024, 35.053989130200058 ], [ -76.043633482332112, 35.054253391780549 ], [ -76.043148441379913, 35.054517935032351 ], [ -76.042663864801241, 35.054782731487762 ], [ -76.042179686040313, 35.055047749392095 ], [ -76.041695834876677, 35.055312953723792 ], [ -76.041212238369326, 35.055578306927039 ], [ -76.040728821071681, 35.055843768983692 ], [ -76.04024550472802, 35.056109297119065 ], [ -76.039762209605016, 35.056374846876835 ], [ -76.039278854755949, 35.05664037226547 ], [ -76.038795358023151, 35.056905825670469 ], [ -76.038311636498662, 35.057171158203872 ], [ -76.037827607667182, 35.057436320625492 ], [ -76.037343190135743, 35.057701263879267 ], [ -76.036858303106655, 35.057965938613464 ], [ -76.03637286719551, 35.058230295828871 ], [ -76.035886804915407, 35.058494287253183 ], [ -76.035400040978217, 35.058757865523539 ], [ -76.034912502292386, 35.059020984121886 ], [ -76.034424119517141, 35.059283598794416 ], [ -76.033934826902339, 35.059545667360403 ], [ -76.033444562199563, 35.05980714951977 ], [ -76.032953267322299, 35.060068007468907 ], [ -76.032460888779653, 35.060328206266426 ], [ -76.031967377590419, 35.060587713742024 ], [ -76.031472689492091, 35.06084650067541 ], [ -76.030976785230862, 35.061104541068843 ], [ -76.030479630584722, 35.061361812173274 ], [ -76.029981196688112, 35.061618294802749 ], [ -76.029481459966462, 35.061873973294617 ], [ -76.028980402273675, 35.062128835665824 ], [ -76.028478010794473, 35.062382873556245 ], [ -76.02797427819695, 35.062636082425087 ], [ -76.027469202511853, 35.062888461474103 ], [ -76.026962786809648, 35.063140013398574 ], [ -76.026455039255481, 35.063390744504382 ], [ -76.025945973178096, 35.063640664830366 ], [ -76.025435607023283, 35.063889788193023 ], [ -76.024923963663596, 35.06413813161118 ], [ -76.024411070626201, 35.06438571560102 ], [ -76.023896960042762, 35.064632564205276 ], [ -76.023381667920788, 35.064878704336913 ], [ -76.022865234170538, 35.065124165936879 ], [ -76.022347702643529, 35.065368982111998 ], [ -76.021829120656975, 35.06561318874251 ], [ -76.021309538825989, 35.065856824415519 ], [ -76.020789010800243, 35.066099930252918 ], [ -76.020267592996163, 35.066342549737634 ], [ -76.01974534449954, 35.066584728724507 ], [ -76.019222326810677, 35.066826515267223 ], [ -76.018698603404047, 35.067067959234549 ], [ -76.018174239591602, 35.067309112285344 ], [ -76.017649302451176, 35.067550027885929 ], [ -76.017123860443078, 35.067790760981751 ], [ -76.016597983374155, 35.068031368052374 ], [ -76.016071742239632, 35.068271907007173 ], [ -76.015545208720113, 35.06851243673978 ], [ -76.015018454993751, 35.068753016988303 ], [ -76.014491553676905, 35.068993708319276 ], [ -76.013964577845286, 35.069234572242763 ], [ -76.013437600787825, 35.069475670991686 ], [ -76.012910695795384, 35.069717067346815 ], [ -76.012383935824275, 35.069958824314874 ], [ -76.011857393449745, 35.070201005133278 ], [ -76.011331140646931, 35.070443673039314 ], [ -76.010805248594409, 35.070686891054201 ], [ -76.010279787793323, 35.070930722213305 ], [ -76.009754827675977, 35.071175229144998 ], [ -76.009230436489858, 35.071420473954625 ], [ -76.008706681273111, 35.07166651822498 ], [ -76.00818362759216, 35.071913422723718 ], [ -76.00766133944343, 35.072161247360292 ], [ -76.007139878972964, 35.072410050769236 ], [ -76.006619306622625, 35.07265989053483 ], [ -76.006099680709696, 35.072910822742699 ], [ -76.005581057232746, 35.073162901771553 ], [ -76.005063489963177, 35.073416180367339 ], [ -76.004547030158307, 35.073670709329235 ], [ -76.004031726562189, 35.073926537508086 ], [ -76.003517625198114, 35.074183711564707 ], [ -76.003004769224461, 35.074442275797331 ], [ -76.002493198815642, 35.074702271997374 ], [ -76.001982950810728, 35.074963738954395 ], [ -76.001474059121804, 35.075226713088647 ], [ -76.000966554455616, 35.075491228046786 ], [ -76.000460463888416, 35.075757314132396 ], [ -75.9999558109388, 35.076024998398665 ], [ -75.999452615725019, 35.07629430494103 ], [ -75.998950894675545, 35.076565254442087 ], [ -75.998450660282884, 35.076837863630779 ], [ -75.997951921288205, 35.077112145700958 ], [ -75.997454682827339, 35.077388110460682 ], [ -75.996958946182133, 35.077665764015102 ], [ -75.996464708797461, 35.077945108727484 ], [ -75.995971964309945, 35.078226143232236 ], [ -75.995480702494092, 35.078508862372345 ], [ -75.994990909524617, 35.078793257360836 ], [ -75.99450256806594, 35.079079315936625 ], [ -75.994015656908374, 35.079367021810697 ], [ -75.993530151310793, 35.079656355083031 ], [ -75.993046023279319, 35.079947292431619 ], [ -75.99256324153933, 35.080239807104149 ], [ -75.992081770944878, 35.080533868211376 ], [ -75.991601573854211, 35.080829442232492 ], [ -75.99112261019944, 35.081126493046966 ], [ -75.990644837198815, 35.081424981556317 ], [ -75.990168209526061, 35.081724865826963 ], [ -75.989692679609504, 35.082026101421725 ], [ -75.989218196901035, 35.082328641179501 ], [ -75.988744710064168, 35.08263243612933 ], [ -75.988272166086546, 35.08293743528818 ], [ -75.987800510423, 35.08324358577093 ], [ -75.987329687328824, 35.083550833135028 ], [ -75.986859640080183, 35.083859121588553 ], [ -75.986390311165621, 35.084168394163619 ], [ -75.985921643824028, 35.084478593717975 ], [ -75.985453579892337, 35.084789661771453 ], [ -75.984986060690588, 35.085101539118206 ], [ -75.984519027613771, 35.085414166189537 ], [ -75.984052422397809, 35.085727483350254 ], [ -75.983586187248264, 35.086041431020206 ], [ -75.983120265071193, 35.08635594991987 ], [ -75.982654599598405, 35.086670981194061 ], [ -75.982189135627237, 35.086986466675974 ], [ -75.981723819136732, 35.087302349005526 ], [ -75.981258597448814, 35.087618571808598 ], [ -75.980793419330183, 35.0879350798049 ], [ -75.980328235140647, 35.088251818979728 ], [ -75.979862996922421, 35.088568736684962 ], [ -75.979397658556124, 35.088885781824445 ], [ -75.978932175793332, 35.089202904895281 ], [ -75.978466506170008, 35.089520057888897 ], [ -75.978000609226186, 35.089837194562676 ], [ -75.977534446474976, 35.090154270400625 ], [ -75.977067981529771, 35.090471242802316 ], [ -75.976601180028155, 35.090788070983415 ], [ -75.976134009779841, 35.091104716211603 ], [ -75.975666440824185, 35.091421141896127 ], [ -75.975198445047766, 35.091737313104126 ], [ -75.974729996345374, 35.092053196803974 ], [ -75.974261070755063, 35.092368762055891 ], [ -75.973791646282407, 35.092683979826894 ], [ -75.973321702673772, 35.092998822738259 ], [ -75.972851221624708, 35.093313265357828 ], [ -75.972380186796173, 35.093627284259725 ], [ -75.971908583510071, 35.093940857661863 ], [ -75.971436398650582, 35.094253965329237 ], [ -75.970963620878763, 35.094566588907917 ], [ -75.970490240460848, 35.094878711733578 ], [ -75.970016249041024, 35.095190318560292 ], [ -75.969541639658004, 35.095501395625526 ], [ -75.969066406739358, 35.095811930679922 ], [ -75.96859054594313, 35.09612191281466 ], [ -75.968114054002456, 35.096431332290798 ], [ -75.967636928789958, 35.096740180660099 ], [ -75.96715916919905, 35.097048450640671 ], [ -75.966680775043031, 35.097356136013623 ], [ -75.966201747015475, 35.097663231604976 ], [ -75.96572208660271, 35.097969733197175 ], [ -75.965241796043898, 35.098275637504223 ], [ -75.964760878237072, 35.098580942072381 ], [ -75.964279336571551, 35.098885645076678 ], [ -75.963797174982929, 35.09918974542289 ], [ -75.963314397919518, 35.09949324272678 ], [ -75.96283101021973, 35.099796137164503 ], [ -75.962347017113359, 35.100098429495389 ], [ -75.961862424082284, 35.100400120889184 ], [ -75.961377236836398, 35.100701212910096 ], [ -75.960891461324678, 35.101001707546104 ], [ -75.960405103662794, 35.101301607123581 ], [ -75.959918170026796, 35.101600914168095 ], [ -75.959430666685861, 35.101899631464931 ], [ -75.958942600059146, 35.102197762152905 ], [ -75.958453976543197, 35.102495309483736 ], [ -75.95796480251083, 35.102792276828353 ], [ -75.957475084294103, 35.103088667659605 ], [ -75.956984828150354, 35.103384485509238 ], [ -75.956494040289684, 35.103679734008388 ], [ -75.95600272683464, 35.103974416833438 ], [ -75.955510893722462, 35.104268537571109 ], [ -75.955018546767946, 35.104562099805854 ], [ -75.954525691720193, 35.104855107200272 ], [ -75.954032334146376, 35.105147563328273 ], [ -75.953538479425021, 35.105439471664482 ], [ -75.953044132778771, 35.10573083562641 ], [ -75.95254929925116, 35.106021658538914 ], [ -75.952053983678155, 35.106311943585766 ], [ -75.951558190689411, 35.106601693807917 ], [ -75.951061924920836, 35.106890912403408 ], [ -75.950565190808959, 35.107179602430257 ], [ -75.950067992412286, 35.107467766563069 ], [ -75.949570333684633, 35.107755407451258 ], [ -75.949072218429393, 35.108042527652294 ], [ -75.948573650293312, 35.108329129620678 ], [ -75.948074632770016, 35.108615215706919 ], [ -75.947575169143008, 35.108900788061327 ], [ -75.947075262509955, 35.109185848664126 ], [ -75.946574915841239, 35.109470399394567 ], [ -75.946074131975067, 35.109754442034266 ], [ -75.945572913735361, 35.110037978580692 ], [ -75.945071263187501, 35.110321010256371 ], [ -75.944569182851652, 35.110603538593914 ], [ -75.944066675423414, 35.110885565300386 ], [ -75.943563743370518, 35.111167091821514 ], [ -75.943060389024623, 35.111448119646873 ], [ -75.942556614917734, 35.111728650505874 ], [ -75.942052423184393, 35.112008685697255 ], [ -75.941547815535415, 35.112288226176759 ], [ -75.941042793920033, 35.112567273032674 ], [ -75.940537360247035, 35.11284582734136 ], [ -75.940031516547563, 35.11312389042584 ], [ -75.939525264753911, 35.11340146347159 ], [ -75.939018606955216, 35.113678547739006 ], [ -75.938511545114594, 35.113955144431792 ], [ -75.93800408062873, 35.114231254321943 ], [ -75.937496215240699, 35.114506878460226 ], [ -75.936987950809524, 35.114782018015575 ], [ -75.936479289172397, 35.115056674110093 ], [ -75.935970232219972, 35.115330847944243 ], [ -75.935460782307814, 35.115604541201932 ], [ -75.934950941145701, 35.115877754954781 ], [ -75.93444071050655, 35.116150490369179 ], [ -75.933930092224401, 35.116422748693203 ], [ -75.93341908787589, 35.116694530817398 ], [ -75.932907699331849, 35.116965838056132 ], [ -75.932395928619457, 35.117236671954956 ], [ -75.931883777634255, 35.117507033846479 ], [ -75.931371248253484, 35.117776925026909 ], [ -75.93085834248059, 35.118046346933859 ], [ -75.930345062326623, 35.118315301025014 ], [ -75.92983141005756, 35.118583789165413 ], [ -75.929317387877703, 35.118851813125943 ], [ -75.928802997930802, 35.119119374544844 ], [ -75.928288242377619, 35.119386475119754 ], [ -75.927773123377591, 35.119653116572707 ], [ -75.927257643310469, 35.119919300844536 ], [ -75.9267418046757, 35.120185030022505 ], [ -75.926225609652505, 35.120450305846852 ], [ -75.925709060461372, 35.120715130080896 ], [ -75.925192159853708, 35.120979505067339 ], [ -75.924674910485052, 35.121243433060485 ], [ -75.924157314659851, 35.121506915875386 ], [ -75.923639374872437, 35.121769955543151 ], [ -75.923121093975794, 35.122032554556725 ], [ -75.922602474638182, 35.122294715152677 ], [ -75.92208351946816, 35.122556439462208 ], [ -75.921564231134482, 35.122817729672128 ], [ -75.921044612249545, 35.123078587852987 ], [ -75.920524665573595, 35.123339016274691 ], [ -75.920004393895084, 35.12359901722445 ], [ -75.919483799988342, 35.123858592956275 ], [ -75.918962886653162, 35.124117745731986 ], [ -75.918441656828719, 35.124376477970593 ], [ -75.917920113392128, 35.12463479198896 ], [ -75.917398259259087, 35.124892690118955 ], [ -75.916876097306286, 35.125150174646905 ], [ -75.916353630289478, 35.125407247733513 ], [ -75.915830861109015, 35.125663911657924 ], [ -75.915307792764565, 35.125920168790948 ], [ -75.91478442809877, 35.126176021327304 ], [ -75.914260769967854, 35.126431471475215 ], [ -75.913736821168797, 35.126686521387846 ], [ -75.91321258446925, 35.12694117318204 ], [ -75.912688062669389, 35.127195428966978 ], [ -75.912163258611557, 35.127449290952008 ], [ -75.911638175162707, 35.127702761402091 ], [ -75.911112815130096, 35.12795584253071 ], [ -75.910587181230582, 35.12820853648175 ], [ -75.91006127617068, 35.128460845357871 ], [ -75.909535102672479, 35.128712771314852 ], [ -75.909008663438456, 35.128964316556527 ], [ -75.908481961149917, 35.129215483302595 ], [ -75.90795499863971, 35.129466274046486 ], [ -75.907427778613652, 35.12971669114026 ], [ -75.906900303524694, 35.129966736675485 ], [ -75.906372576051623, 35.130216413107135 ], [ -75.905844599058952, 35.130465723180365 ], [ -75.905316375202915, 35.130714669445609 ], [ -75.904787907177592, 35.130963254569551 ], [ -75.904259197530536, 35.131211481087682 ], [ -75.903730248830783, 35.131459351655558 ], [ -75.903201063795237, 35.131706869266829 ], [ -75.902671645083458, 35.131954036897064 ], [ -75.902141995383616, 35.132200857654624 ], [ -75.901612117339965, 35.132447334660156 ], [ -75.901082013533255, 35.132693471019429 ], [ -75.900551686622549, 35.13293927005212 ], [ -75.900021139257007, 35.133184735156973 ], [ -75.89949037419359, 35.133429869958768 ], [ -75.898959394227703, 35.133674678216721 ], [ -75.89842820211075, 35.133919163735541 ], [ -75.897896800560758, 35.13416333035331 ], [ -75.897365191995306, 35.134407181592863 ], [ -75.896833379013515, 35.134650721285929 ], [ -75.896301364147376, 35.134893953202493 ], [ -75.895769150096953, 35.135136881446456 ], [ -75.895236739811367, 35.135379510520501 ], [ -75.894704135827666, 35.135621844444088 ], [ -75.894171340556511, 35.135863887135287 ], [ -75.893638356592916, 35.136105642746671 ], [ -75.893105186505252, 35.136347115437488 ], [ -75.892571832645984, 35.136588309158206 ], [ -75.892038297352741, 35.136829227872461 ], [ -75.891504583163282, 35.137069875891967 ], [ -75.890970692390624, 35.137310257209919 ], [ -75.890436627146642, 35.137550375558725 ], [ -75.889902389560234, 35.13779023469565 ], [ -75.889367981658268, 35.138029838209633 ], [ -75.888833405387544, 35.138269189638656 ], [ -75.888298662603702, 35.138508292401895 ], [ -75.887763755082972, 35.138747149794519 ], [ -75.887228684502588, 35.138985764964538 ], [ -75.8866934524751, 35.139224140933187 ], [ -75.886158060470507, 35.139462280517165 ], [ -75.885622509918747, 35.139700186489769 ], [ -75.885086802076898, 35.139937861339078 ], [ -75.884550938159791, 35.140175307465057 ], [ -75.884014919137243, 35.140412526892781 ], [ -75.883478745791919, 35.140649521348905 ], [ -75.882942418928408, 35.140886292570599 ], [ -75.882405939246993, 35.141122842114726 ], [ -75.881869307284745, 35.141359171234051 ], [ -75.881332523492716, 35.141595281025587 ], [ -75.88079558818572, 35.141831172265547 ], [ -75.880258501613667, 35.142066845658633 ], [ -75.87972126411195, 35.142302302112604 ], [ -75.879183875797054, 35.142537542088732 ], [ -75.878646336775432, 35.14277256599842 ], [ -75.878108647015921, 35.143007374001641 ], [ -75.877570806434832, 35.143241966137943 ], [ -75.877032814758849, 35.143476342133418 ], [ -75.876494671668937, 35.1437105016022 ], [ -75.875956376857289, 35.143944444020086 ], [ -75.875417929993347, 35.144178168832582 ], [ -75.874879330877263, 35.144411675733615 ], [ -75.874340579148878, 35.144644964084819 ], [ -75.873801674433381, 35.144878033163664 ], [ -75.873262616379051, 35.145110882264291 ], [ -75.872723404674375, 35.145343510727457 ], [ -75.872184038961933, 35.145575917733218 ], [ -75.871644518879691, 35.145808102411429 ], [ -75.871104844087, 35.146040063912281 ], [ -75.870565014297611, 35.146271801418791 ], [ -75.87002502929144, 35.14650331407848 ], [ -75.869484888875206, 35.146734601091282 ], [ -75.868944593148157, 35.146965662131748 ], [ -75.868404142046344, 35.147196496533297 ], [ -75.867863535379954, 35.147427103340029 ], [ -75.86732277317607, 35.147657481973638 ], [ -75.866781855543337, 35.147887631975244 ], [ -75.866240782727019, 35.148117553009904 ], [ -75.865699555047669, 35.148347244824393 ], [ -75.865158172741573, 35.148576706997027 ], [ -75.864616636167867, 35.14880593926263 ], [ -75.864074945830026, 35.149034941516049 ], [ -75.86353310226788, 35.149263713704755 ], [ -75.862991106090632, 35.149492255863429 ], [ -75.862448958011313, 35.149720568163225 ], [ -75.861906658819876, 35.149948650881278 ], [ -75.86136420932975, 35.150176504290137 ], [ -75.860821610382104, 35.150404128686979 ], [ -75.860278862796079, 35.150631524298539 ], [ -75.859735967564262, 35.150858691589761 ], [ -75.859192925503166, 35.151085630553233 ], [ -75.858649737651689, 35.151312341714018 ], [ -75.858106405317642, 35.151538826112699 ], [ -75.857562929490996, 35.151765084151023 ], [ -75.857019311196851, 35.151991116259452 ], [ -75.856475551506605, 35.152216922904778 ], [ -75.855931651468467, 35.152442504515669 ], [ -75.855387612121021, 35.152667861485725 ], [ -75.854843434569915, 35.152892994307102 ], [ -75.854299119952913, 35.153117903548178 ], [ -75.853754669230625, 35.153342589470164 ], [ -75.853210083397485, 35.153567052373198 ], [ -75.852665363468361, 35.153791292578383 ], [ -75.852120510424555, 35.154015310344647 ], [ -75.851575524942504, 35.154239105299091 ], [ -75.851030407738648, 35.154462677200982 ], [ -75.85048515975565, 35.154686026370321 ], [ -75.849939781750791, 35.154909152667187 ], [ -75.849394274328745, 35.155132055676596 ], [ -75.848848638096484, 35.155354735034884 ], [ -75.848302873678023, 35.155577190403449 ], [ -75.847756981418328, 35.155799420872306 ], [ -75.847210961629884, 35.156021425502217 ], [ -75.846664814762207, 35.15624320372028 ], [ -75.846118541157153, 35.156464754707301 ], [ -75.845572141113337, 35.156686077561318 ], [ -75.84502561465888, 35.156907170956281 ], [ -75.844478961788596, 35.157128033481783 ], [ -75.843932182660879, 35.157348663940859 ], [ -75.843385277288391, 35.157569060929006 ], [ -75.842838245616989, 35.157789222951564 ], [ -75.842291087537831, 35.158009148432583 ], [ -75.84174380293183, 35.158228835819919 ], [ -75.841196391756739, 35.158448283657179 ], [ -75.840648854079248, 35.158667490673245 ], [ -75.840101189563541, 35.158886454971672 ], [ -75.839553397832802, 35.159105174590266 ], [ -75.839005478260461, 35.159323647169288 ], [ -75.838457430406294, 35.159541870642578 ], [ -75.837909253967794, 35.159759843068187 ], [ -75.837360948541516, 35.159977562474801 ], [ -75.836812513804645, 35.160195027073584 ], [ -75.836263949087638, 35.160412234417031 ], [ -75.83571525360702, 35.16062918189121 ], [ -75.835166426901623, 35.160845867576313 ], [ -75.83461746839248, 35.161062289326608 ], [ -75.834068377241294, 35.161278444372691 ], [ -75.833519152694464, 35.161494330274671 ], [ -75.832969793775462, 35.16170994425422 ], [ -75.832420299541866, 35.161925283610898 ], [ -75.831870669070241, 35.162140345690354 ], [ -75.831320901290212, 35.162355127633333 ], [ -75.830770995017247, 35.162569626422766 ], [ -75.830220949475233, 35.162783839528281 ], [ -75.829670764371414, 35.162997764979238 ], [ -75.829120438578784, 35.163211399799302 ], [ -75.82856997090127, 35.163424740905008 ], [ -75.828019360024769, 35.163637785030119 ], [ -75.827468605283286, 35.163850529051281 ], [ -75.826917705704744, 35.164062969563552 ], [ -75.826366660030786, 35.16427510308052 ], [ -75.82581546536781, 35.164486924943752 ], [ -75.82526411941015, 35.164698430664686 ], [ -75.824712620260854, 35.16490961590592 ], [ -75.824160966177786, 35.165120476504867 ], [ -75.823609155412228, 35.165331008222353 ], [ -75.823057186106482, 35.165541206595954 ], [ -75.822505056372592, 35.165751067025312 ], [ -75.821952764139027, 35.165960584490875 ], [ -75.821400307442033, 35.166169754040745 ], [ -75.820847684481137, 35.166378570853702 ], [ -75.820294893426137, 35.166587029921679 ], [ -75.819741932488611, 35.166795126140336 ], [ -75.819188799967748, 35.16700285436405 ], [ -75.818635494241704, 35.167210209374545 ], [ -75.818082013924382, 35.167417186098504 ], [ -75.817528357814354, 35.167623779511828 ], [ -75.816974524764646, 35.167829984421132 ], [ -75.816420513888659, 35.168035795754513 ], [ -75.815866324740796, 35.168241208814024 ], [ -75.815311957094011, 35.168446218915527 ], [ -75.814757410858391, 35.168650821245627 ], [ -75.814202686485274, 35.168855011443988 ], [ -75.813647784929358, 35.169058785514714 ], [ -75.813092707547597, 35.169262139674487 ], [ -75.812537456253324, 35.169465070552071 ], [ -75.811982033386784, 35.169667574947589 ], [ -75.811426441870893, 35.16986965005696 ], [ -75.810870685260952, 35.170071293526028 ], [ -75.810314767781634, 35.170272503480511 ], [ -75.809758694312421, 35.170473278476585 ], [ -75.809202470529343, 35.170673617700352 ], [ -75.808646102913855, 35.170873520956967 ], [ -75.80808959873562, 35.171072988624211 ], [ -75.8075329660889, 35.171272021690129 ], [ -75.806976213997444, 35.171470621892603 ], [ -75.806419352390989, 35.171668791672509 ], [ -75.80586239213001, 35.171866534201776 ], [ -75.805305345009543, 35.172063853380109 ], [ -75.804748223755311, 35.172260753824162 ], [ -75.804191042075828, 35.172457240947367 ], [ -75.803633814723312, 35.172653321064587 ], [ -75.803076557326094, 35.172849001125392 ], [ -75.802519286452906, 35.17304428883358 ], [ -75.801962019616283, 35.173239192678309 ], [ -75.801404775232513, 35.173433721892714 ], [ -75.800847572693371, 35.173627886606489 ], [ -75.800290432198949, 35.17382169761153 ], [ -75.799733374674375, 35.17401516627217 ], [ -75.799176421773211, 35.17420830459227 ], [ -75.798619595714996, 35.174401125009773 ], [ -75.798062919401161, 35.17459364066746 ], [ -75.797506416288414, 35.174785865284036 ], [ -75.796950110104831, 35.17497781277558 ], [ -75.796394024820003, 35.175169497306264 ], [ -75.795838184675347, 35.175360933438611 ], [ -75.795282613951301, 35.17555213586899 ], [ -75.794727336877997, 35.175743119413923 ], [ -75.794172377411115, 35.175933898752781 ], [ -75.793617758997655, 35.176124488166288 ], [ -75.793063504628108, 35.17631490178838 ], [ -75.792509636562869, 35.176505153301861 ], [ -75.791956176279498, 35.176695255980462 ], [ -75.791403144286321, 35.176885222540655 ], [ -75.790850559799679, 35.177075064776481 ], [ -75.790298440665453, 35.177264793579127 ], [ -75.789746803171013, 35.177454418784151 ], [ -75.789195661897111, 35.177643949081357 ], [ -75.788645029499577, 35.177833391820037 ], [ -75.788094916640972, 35.178022753023704 ], [ -75.787545331892886, 35.178212037360424 ], [ -75.786996281467381, 35.17840124791681 ], [ -75.786447769183155, 35.178590386229175 ], [ -75.78589979605735, 35.1787794516651 ], [ -75.785352360292535, 35.17896844155802 ], [ -75.784805457453913, 35.179157351596217 ], [ -75.784259080200243, 35.17934617545712 ], [ -75.783713218209627, 35.179534904774258 ], [ -75.783167858140999, 35.179723529116792 ], [ -75.782622983515324, 35.179912035815271 ], [ -75.782078574763361, 35.180100410067389 ], [ -75.781534609096241, 35.180288634729273 ], [ -75.780991060843718, 35.180476690858008 ], [ -75.780447901419038, 35.180664557607351 ], [ -75.77990509924625, 35.180852212079152 ], [ -75.77936261997047, 35.181039629588561 ], [ -75.778820426416672, 35.181226783483048 ], [ -75.778278478844271, 35.181413645466094 ], [ -75.777736735058241, 35.181600185656819 ], [ -75.777195150607639, 35.18178637276862 ], [ -75.776653678992972, 35.181972174293684 ], [ -75.776112271849158, 35.182157556621391 ], [ -75.775570879123023, 35.182342485137745 ], [ -75.77502944943069, 35.182526924619928 ], [ -75.774487930190233, 35.182710839239498 ], [ -75.773946267980747, 35.182894192920472 ], [ -75.773404408733313, 35.183076949415259 ], [ -75.77286229807001, 35.183259072668285 ], [ -75.772319881572912, 35.183440526993607 ], [ -75.771777105096987, 35.183621277317286 ], [ -75.771233914992976, 35.183801289332962 ], [ -75.77069025848094, 35.183980529925456 ], [ -75.770146083777519, 35.184158967039764 ], [ -75.769601340304703, 35.18433656976557 ], [ -75.769055979272721, 35.184513309229892 ], [ -75.768509953771712, 35.184689158464217 ], [ -75.767963218971389, 35.184864092488418 ], [ -75.767415732366899, 35.185038088545951 ], [ -75.76686745406839, 35.185211126388353 ], [ -75.76631834691689, 35.185383188317864 ], [ -75.765768376816254, 35.185554259648761 ], [ -75.765217512608061, 35.185724328252689 ], [ -75.764665726306916, 35.185893384797119 ], [ -75.764112993200783, 35.186061422969097 ], [ -75.763559291951822, 35.186228439513577 ], [ -75.763004604636237, 35.186394434190412 ], [ -75.762448916745001, 35.1865594097684 ], [ -75.761892217749732, 35.186723372921001 ], [ -75.761334500656446, 35.186886333485539 ], [ -75.760775761846233, 35.187048304247156 ], [ -75.760216001213152, 35.187209301170682 ], [ -75.75965522216346, 35.187369343453639 ], [ -75.759093431462261, 35.187528453329577 ], [ -75.75853063885657, 35.187686655534378 ], [ -75.757966857562721, 35.187843978132697 ], [ -75.757402104094069, 35.18800045238676 ], [ -75.756836397778002, 35.188156112123707 ], [ -75.756269760600333, 35.188310993511799 ], [ -75.755702216956522, 35.18846513480581 ], [ -75.755133793895254, 35.18861857691347 ], [ -75.75456452095942, 35.188771363283003 ], [ -75.753994429581894, 35.18892353893694 ], [ -75.753423553052883, 35.189075150606143 ], [ -75.752851926701112, 35.18922624730007 ], [ -75.752279587378425, 35.189376879489089 ], [ -75.751706572838515, 35.189527098056523 ], [ -75.75113292216966, 35.189676955394923 ], [ -75.750558675907456, 35.189826505896953 ], [ -75.749983875109535, 35.189975804153718 ], [ -75.749408561393011, 35.190124905281849 ], [ -75.748832776953122, 35.190273865113745 ], [ -75.748256564444006, 35.190422740234389 ], [ -75.747679966341849, 35.190571586669712 ], [ -75.74710302493007, 35.190720460093516 ], [ -75.746525782643914, 35.190869416671497 ], [ -75.745948281628699, 35.191018512288672 ], [ -75.745370563667294, 35.191167802522841 ], [ -75.744792669796709, 35.191317342019289 ], [ -75.744214640297443, 35.191467184540755 ], [ -75.743636514674435, 35.191617382957752 ], [ -75.74305833145965, 35.191767988941642 ], [ -75.742480128237645, 35.191919053076134 ], [ -75.741901941502732, 35.1920706246135 ], [ -75.741323806555073, 35.192222751312265 ], [ -75.740745757472368, 35.192375479386342 ], [ -75.740167827313613, 35.192528853946705 ], [ -75.739590047558835, 35.19268291785059 ], [ -75.739012447939245, 35.192837711291844 ], [ -75.7384350569383, 35.192993272961672 ], [ -75.737857901791443, 35.193149639979119 ], [ -75.737281008014975, 35.193306846917757 ], [ -75.736704399475769, 35.193464925918477 ], [ -75.736128098723015, 35.193623907320919 ], [ -75.735552126595636, 35.193783818829793 ], [ -75.734976502213087, 35.193944685402165 ], [ -75.734401243208623, 35.19410652979893 ], [ -75.733826365619606, 35.194269372280957 ], [ -75.73325188393126, 35.194433230654035 ], [ -75.732677810984285, 35.194598120057286 ], [ -75.732104158073213, 35.194764053097032 ], [ -75.731530934875721, 35.194931039637254 ], [ -75.730958149632613, 35.195099087173787 ], [ -75.730385809157866, 35.195268200808172 ], [ -75.729813918727245, 35.195438382932089 ], [ -75.729242482165191, 35.195609633458339 ], [ -75.72867150174045, 35.1957819495656 ], [ -75.728100978733707, 35.195955326630212 ], [ -75.727530913064356, 35.196129757585403 ], [ -75.726961303340161, 35.196305233051945 ], [ -75.726392147179254, 35.196481741897671 ], [ -75.725823440930398, 35.196659270678367 ], [ -75.725255179664771, 35.196837803567341 ], [ -75.724687357498112, 35.197017322963823 ], [ -75.724119967740734, 35.197197809855481 ], [ -75.723553002710915, 35.197379243376858 ], [ -75.722986453689927, 35.197561600632248 ], [ -75.722420311276821, 35.197744857512205 ], [ -75.721854565591713, 35.197928989187112 ], [ -75.721289206005025, 35.198113969319436 ], [ -75.720724221201621, 35.198299770305667 ], [ -75.72015959925173, 35.198486363423214 ], [ -75.719595327855444, 35.198673719311437 ], [ -75.719031394349045, 35.198861807990276 ], [ -75.718467785653246, 35.199050598763783 ], [ -75.717904488000514, 35.199240059994743 ], [ -75.7173414869456, 35.199430159047353 ], [ -75.716778768839575, 35.199620864263686 ], [ -75.71621632008862, 35.199812144357878 ], [ -75.715654126925372, 35.200003967812385 ], [ -75.715092174874243, 35.200196302833021 ], [ -75.714530449825205, 35.200389117992337 ], [ -75.713968938126911, 35.200582382279862 ], [ -75.713407627771829, 35.200776066225366 ], [ -75.712846505593191, 35.200970139797981 ], [ -75.71228555802827, 35.201164573171972 ], [ -75.7117247717552, 35.201359337175155 ], [ -75.711164133731117, 35.201554403377443 ], [ -75.710603631195696, 35.201749744100198 ], [ -75.710043251690678, 35.201945332462515 ], [ -75.709482983059772, 35.202141142380228 ], [ -75.708922813514604, 35.202337148722471 ], [ -75.70836273163971, 35.202533327323422 ], [ -75.707802726384728, 35.202729654959924 ], [ -75.707242787091758, 35.202926109415301 ], [ -75.706682903443934, 35.203122669361548 ], [ -75.706123065504073, 35.203319314445537 ], [ -75.705563263717167, 35.203516025284166 ], [ -75.705003488920269, 35.203712783494289 ], [ -75.704443732329494, 35.203909571651344 ], [ -75.703883985546284, 35.204106373309529 ], [ -75.70332424054611, 35.204303172968082 ], [ -75.702764489662485, 35.204499956022431 ], [ -75.702204725569345, 35.204696708711005 ], [ -75.70164494130259, 35.204893418182706 ], [ -75.701085130236677, 35.205090072426543 ], [ -75.700525286084357, 35.205286660254984 ], [ -75.699965402866781, 35.205483171228991 ], [ -75.699405474849158, 35.20567959548849 ], [ -75.698845496581868, 35.20587592384895 ], [ -75.698285463140991, 35.206072148224159 ], [ -75.697725369660077, 35.206268260747102 ], [ -75.697165211249896, 35.206464253624389 ], [ -75.696604983442541, 35.206660119892682 ], [ -75.696044681910323, 35.206855852804381 ], [ -75.695484302448719, 35.207051445775811 ], [ -75.694923841164083, 35.207246893077539 ], [ -75.694363294320979, 35.20744218928516 ], [ -75.693802658226417, 35.207637328841805 ], [ -75.693241929328579, 35.207832306450776 ], [ -75.692681104287445, 35.208027117322828 ], [ -75.69212017980459, 35.208221756580407 ], [ -75.691559152809475, 35.208416219696396 ], [ -75.690998020119849, 35.208610501803577 ], [ -75.690436778538029, 35.208804597887287 ], [ -75.689875424941334, 35.208998502907839 ], [ -75.689313956217489, 35.209192211690642 ], [ -75.688752369409187, 35.209385719304947 ], [ -75.688190661537661, 35.209579020600522 ], [ -75.687628829468508, 35.209772109865213 ], [ -75.687066870125804, 35.209964981367932 ], [ -75.686504780426532, 35.210157629191855 ], [ -75.685942557284008, 35.210350047241867 ], [ -75.6853801976672, 35.210542229390882 ], [ -75.684817698343039, 35.210734168842549 ], [ -75.684255055977374, 35.210925858381565 ], [ -75.683692267278644, 35.211117290747339 ], [ -75.683129328895419, 35.211308458370226 ], [ -75.682566237375781, 35.211499353244484 ], [ -75.682002989211824, 35.211689967079451 ], [ -75.681439580837392, 35.211880291296374 ], [ -75.680876008617602, 35.212070316998926 ], [ -75.680312268883085, 35.212260035089542 ], [ -75.679748357898049, 35.212449436138051 ], [ -75.67918427196922, 35.212638510666864 ], [ -75.678620007162721, 35.212827248488445 ], [ -75.678055559421551, 35.213015638982256 ], [ -75.677490924741107, 35.213203671529939 ], [ -75.676926099069703, 35.213391335276398 ], [ -75.676361078309583, 35.21357861912518 ], [ -75.675795858334155, 35.213765511800396 ], [ -75.675230435180225, 35.213952002358468 ], [ -75.674664804748431, 35.214138079388171 ], [ -75.674098962636052, 35.214323730549829 ], [ -75.673532904677401, 35.214508944060924 ], [ -75.672966626880253, 35.214693708534867 ], [ -75.672400125117704, 35.21487801202084 ], [ -75.671833395236277, 35.215061842345428 ], [ -75.671266433238685, 35.215245187688872 ], [ -75.670699235185282, 35.215428036272662 ], [ -75.670131797239733, 35.215610376599244 ], [ -75.66956411569285, 35.215792197331503 ], [ -75.66899618692986, 35.215973487217852 ], [ -75.668428007439957, 35.216154235169881 ], [ -75.667859573883874, 35.216334430439737 ], [ -75.667290883041829, 35.216514062446613 ], [ -75.666721931808297, 35.216693120727946 ], [ -75.666152717304328, 35.216871595343946 ], [ -75.66558323684211, 35.217049476750638 ], [ -75.665013487893063, 35.217226755683555 ], [ -75.664443468168514, 35.217403423330069 ], [ -75.663873175605204, 35.21757947135432 ], [ -75.663302608371851, 35.217754891891794 ], [ -75.662731764859089, 35.217929677540205 ], [ -75.662160643666468, 35.218103821347597 ], [ -75.661589243707098, 35.218277317071063 ], [ -75.661017564175992, 35.218450159020534 ], [ -75.660445604371461, 35.218622341583824 ], [ -75.659873363929066, 35.218793859959383 ], [ -75.659300842639752, 35.218964709688592 ], [ -75.65872804054888, 35.219134886939003 ], [ -75.658154958093249, 35.219304388948615 ], [ -75.657581595806576, 35.219473212948692 ], [ -75.6570079543623, 35.219641356362423 ], [ -75.656434034706791, 35.219808817352458 ], [ -75.655859837976493, 35.219975594486463 ], [ -75.655285365477269, 35.220141686830765 ], [ -75.654710618648551, 35.220307093797025 ], [ -75.654135599219813, 35.220471815645226 ], [ -75.653560309046142, 35.220635852903563 ], [ -75.652984750069578, 35.220799206219667 ], [ -75.652408924335106, 35.220961876566392 ], [ -75.651832833876838, 35.22112386490538 ], [ -75.651256480877166, 35.221285172652877 ], [ -75.650679867496677, 35.221445801323107 ], [ -75.650102996064689, 35.221605752754371 ], [ -75.649525868964759, 35.22176502895249 ], [ -75.648948488517306, 35.221923631961772 ], [ -75.648370857012765, 35.222081563848107 ], [ -75.647792976521671, 35.22223882605379 ], [ -75.647214849100379, 35.222395420071209 ], [ -75.646636476778497, 35.222551347548794 ], [ -75.646057861477772, 35.222706609899824 ], [ -75.645479005041636, 35.222861208134169 ], [ -75.644899909089403, 35.223015143003387 ], [ -75.644320575083299, 35.223168415177724 ], [ -75.643741004395537, 35.223321024920807 ], [ -75.643161198201895, 35.223472972012289 ], [ -75.642581157265198, 35.223624255425854 ], [ -75.642000882285757, 35.223774873964111 ], [ -75.641420374002891, 35.223924826305726 ], [ -75.640839632718226, 35.224074110153886 ], [ -75.640258658419981, 35.224222722494751 ], [ -75.639677451059868, 35.224370660075756 ], [ -75.639096010406732, 35.224517919227644 ], [ -75.63851433568496, 35.224664495026154 ], [ -75.637932425975578, 35.224810382129284 ], [ -75.63735028056135, 35.224955575391249 ], [ -75.636767898267095, 35.225100068254875 ], [ -75.63618527733567, 35.225243852827852 ], [ -75.635602416143726, 35.225386921466679 ], [ -75.635019312990437, 35.225529266021297 ], [ -75.634435965807143, 35.225670877219876 ], [ -75.633852372331191, 35.225811745282002 ], [ -75.633268530183926, 35.225951859985003 ], [ -75.632684436831369, 35.22609121046483 ], [ -75.632100089604876, 35.226229785336621 ], [ -75.631515485686393, 35.226367572412251 ], [ -75.630930622031485, 35.226504558742825 ], [ -75.630345495657409, 35.226640731149779 ], [ -75.629760103531282, 35.226776076031335 ], [ -75.629174442486814, 35.226910579123405 ], [ -75.628588509294389, 35.227044225757943 ], [ -75.628002300671838, 35.227177001040467 ], [ -75.627415813314641, 35.227308889500755 ], [ -75.626829043920182, 35.227439875104992 ], [ -75.626241989160476, 35.227569941649051 ], [ -75.625654645678694, 35.227699072640547 ], [ -75.625067010230765, 35.227827251212702 ], [ -75.624479079696897, 35.22795446026187 ], [ -75.623890850970255, 35.228080682713191 ], [ -75.623302320829993, 35.228205900958379 ], [ -75.622713486289001, 35.228330097014606 ], [ -75.622124344542215, 35.228453252910462 ], [ -75.621534892774775, 35.228575350940538 ], [ -75.620945128342115, 35.2286963732857 ], [ -75.620355048756863, 35.228816301476691 ], [ -75.619764651628401, 35.228935117118532 ], [ -75.619173934655009, 35.229052802116087 ], [ -75.618582895739507, 35.229169338235202 ], [ -75.617991533052376, 35.229284707311017 ], [ -75.617399844871485, 35.229398891118144 ], [ -75.61680782975796, 35.229511871431896 ], [ -75.616215486324563, 35.229623629953323 ], [ -75.615622813359394, 35.229734148230179 ], [ -75.615029809884419, 35.229843408097992 ], [ -75.614436475033159, 35.229951391711616 ], [ -75.613842808311531, 35.23005808121718 ], [ -75.613248809496497, 35.230163458520309 ], [ -75.612654478509597, 35.230267505870778 ], [ -75.612059815425496, 35.230370205582311 ], [ -75.611464820398808, 35.230471539544354 ], [ -75.610869494114212, 35.230571489946939 ], [ -75.610273837462259, 35.230670039374125 ], [ -75.609677851426056, 35.230767170308333 ], [ -75.609081537258376, 35.230862865175816 ], [ -75.60848489653641, 35.23095710651257 ], [ -75.607887931038732, 35.231049876911136 ], [ -75.607290642780555, 35.231141158961329 ], [ -75.606693034052753, 35.231230935133929 ], [ -75.606095107315667, 35.231319187632891 ], [ -75.605496865333492, 35.231405898955693 ], [ -75.604898311200969, 35.231491051694 ], [ -75.604299448218001, 35.231574628086271 ], [ -75.603700279907002, 35.231656610245629 ], [ -75.603100810067374, 35.231736980433674 ], [ -75.602501042793435, 35.231815720747647 ], [ -75.601900982656957, 35.231892813097126 ], [ -75.601300634372748, 35.231968239224294 ], [ -75.600700002658343, 35.23204198033924 ], [ -75.600099092695757, 35.232114017634906 ], [ -75.599497909994227, 35.232184332306673 ], [ -75.598896460386243, 35.232252905119573 ], [ -75.598294750276793, 35.232319716224673 ], [ -75.597692786157666, 35.23238474580004 ], [ -75.597090574848494, 35.232447973754688 ], [ -75.596488123500521, 35.232509379445801 ], [ -75.595885439749736, 35.232568941714625 ], [ -75.595282531380391, 35.232626639174661 ], [ -75.594679406388693, 35.232682450206902 ], [ -75.594076073415366, 35.232736352508468 ], [ -75.593472541705182, 35.232788323173253 ], [ -75.592868820658168, 35.232838338953819 ], [ -75.592264920100689, 35.232886376040938 ], [ -75.591660850239109, 35.232932410159421 ], [ -75.591056621675563, 35.232976416492079 ], [ -75.590452245608944, 35.233018369677232 ], [ -75.589847733772189, 35.233058243727122 ], [ -75.58924309833607, 35.233096012108774 ], [ -75.588638352010733, 35.233131647625811 ], [ -75.588033508011648, 35.233165122491066 ], [ -75.587428580256557, 35.233196408167515 ], [ -75.586823583049195, 35.233225475580944 ], [ -75.586218531289148, 35.233252295031384 ], [ -75.585613440418555, 35.233276838329346 ], [ -75.585008326474792, 35.233299077090471 ], [ -75.584403206217871, 35.233318980437936 ], [ -75.583798097072091, 35.233336516943531 ], [ -75.58319301716827, 35.233351654686139 ], [ -75.582587985411436, 35.233364361381184 ], [ -75.581983021443818, 35.233374604251047 ], [ -75.581378145456284, 35.233382349664254 ], [ -75.580773380266095, 35.233387564398285 ], [ -75.580168748963743, 35.233390215075495 ], [ -75.579564274513984, 35.233390267481589 ], [ -75.578959980936759, 35.23338768733381 ], [ -75.57835589341579, 35.233382440282519 ], [ -75.577752037990876, 35.233374491296004 ], [ -75.577148441873604, 35.233363805329418 ], [ -75.576545133469153, 35.233350347723871 ], [ -75.575942142203232, 35.233334083801324 ], [ -75.575339498490067, 35.233314978736892 ], [ -75.574737234036746, 35.233292998243797 ], [ -75.574135381726933, 35.233268108214311 ], [ -75.573533975939398, 35.233240275468702 ], [ -75.57293305244032, 35.233209467576749 ], [ -75.572332648326338, 35.233175652832898 ], [ -75.571732802142378, 35.233138800491979 ], [ -75.57113355377588, 35.233098880576868 ], [ -75.570534944694458, 35.233055864534364 ], [ -75.569937018174457, 35.233009725674819 ], [ -75.569339818973233, 35.232960438771165 ], [ -75.568743393513657, 35.232907980469534 ], [ -75.568147789990547, 35.232852329518316 ], [ -75.567553058277966, 35.23279346689084 ], [ -75.566959250262954, 35.232731376644409 ], [ -75.56636641975301, 35.232666045857599 ], [ -75.565774622408682, 35.232597464571818 ], [ -75.565183915818636, 35.232525626393539 ], [ -75.564594359590444, 35.232450528923849 ], [ -75.564006015549637, 35.232372173953308 ], [ -75.563418947628094, 35.232290567815561 ], [ -75.562833221982132, 35.232205721801428 ], [ -75.562248907015245, 35.232117652445986 ], [ -75.561666073677713, 35.232026382093295 ], [ -75.561084794970171, 35.23193193900569 ], [ -75.560505146537565, 35.231834358441439 ], [ -75.559927206598587, 35.231733682722563 ], [ -75.559351055568186, 35.231629961254065 ], [ -75.558776776202095, 35.231523251252426 ], [ -75.558204453784626, 35.231413618202552 ], [ -75.557634176238693, 35.231301136248248 ], [ -75.557066032943837, 35.231185887977595 ], [ -75.556500116583123, 35.231067966036534 ], [ -75.555936522853671, 35.23094747365775 ], [ -75.555375350221638, 35.230824523811677 ], [ -75.554816699103071, 35.230699239727812 ], [ -75.554260672695008, 35.23057175623223 ], [ -75.553707376720951, 35.230442219608896 ], [ -75.553156919075022, 35.230310787379501 ], [ -75.552609409948445, 35.23017762893241 ], [ -75.552064961968284, 35.230042925582893 ], [ -75.55152369011509, 35.229906871032505 ], [ -75.550985711379226, 35.229769671458534 ], [ -75.550451144742226, 35.229631545517428 ], [ -75.549920111144431, 35.229492724292662 ], [ -75.549392733175353, 35.229353451414227 ], [ -75.548869135235293, 35.229213983059871 ], [ -75.548349443165421, 35.229074587396767 ], [ -75.547833784104171, 35.228935544541699 ], [ -75.547322286246995, 35.228797146360129 ], [ -75.546815078509113, 35.228659696007178 ], [ -75.546312290684753, 35.228523507527761 ], [ -75.545814052741747, 35.228388905241985 ], [ -75.545320495013698, 35.228256223318049 ], [ -75.544831747370807, 35.22812580484316 ], [ -75.544347939252546, 35.227998001148421 ], [ -75.543869199665465, 35.227873171352336 ], [ -75.543395656665851, 35.227751681604239 ], [ -75.54292743774424, 35.227633903843845 ], [ -75.542464668744557, 35.227520214748488 ], [ -75.542007472744686, 35.227410994296513 ], [ -75.541555970313354, 35.2273066246483 ], [ -75.541110279244151, 35.227207489830469 ], [ -75.540670514284074, 35.227113974215321 ], [ -75.54023678652004, 35.227026460714299 ], [ -75.539809203291966, 35.226945329862183 ], [ -75.539387867399597, 35.22687095831926 ], [ -75.538972876760965, 35.226803717652857 ], [ -75.538564324096058, 35.226743972771978 ], [ -75.538162296770793, 35.226692080964611 ], [ -75.537766876477704, 35.226648390625321 ], [ -75.537378138022959, 35.226613239604653 ], [ -75.536996148826915, 35.226586954047626 ], [ -75.536620969907929, 35.22656984703687 ], [ -75.536252654889353, 35.226562217425233 ], [ -75.535891250070307, 35.226564348790085 ], [ -75.535536793232282, 35.226576508148035 ], [ -75.535189313712948, 35.226598944914478 ], [ -75.534848832231077, 35.226631890019853 ], [ -75.53451536073932, 35.226675555383743 ], [ -75.534188902149978, 35.226730132648967 ], [ -75.533869449981864, 35.226795792340212 ], [ -75.533556988198384, 35.226872683577554 ], [ -75.53325149122206, 35.226960933767295 ], [ -75.532952923959385, 35.22706064773611 ], [ -75.532661241835896, 35.227171907460878 ], [ -75.532376390530814, 35.227294772363194 ], [ -75.532098306030463, 35.227429279033217 ], [ -75.531826914582126, 35.227575441138057 ], [ -75.531562133137754, 35.22773324965587 ], [ -75.53130386962232, 35.227902673264545 ], [ -75.53105202292511, 35.228083658659997 ], [ -75.530806482837193, 35.228276130933665 ], [ -75.530567130021197, 35.228479994162903 ], [ -75.530333836900056, 35.228695132020881 ], [ -75.53010646830549, 35.228921408670153 ], [ -75.529884881896777, 35.229158669571561 ], [ -75.529668927997321, 35.229406742392818 ], [ -75.529458450123357, 35.2296654382044 ], [ -75.529253286197005, 35.229934552119609 ], [ -75.529053267948001, 35.230213864410295 ], [ -75.528858221777355, 35.230503141869313 ], [ -75.528667968834625, 35.23080213899523 ], [ -75.528482326899265, 35.23111059897127 ], [ -75.528301110440097, 35.231428254976123 ], [ -75.528124131205715, 35.231754831513868 ], [ -75.527951198537536, 35.232090045535116 ], [ -75.527782120044193, 35.232433607900212 ], [ -75.527616702406405, 35.232785224408538 ], [ -75.527454752076324, 35.233144596972728 ], [ -75.527296075831927, 35.233511424803439 ], [ -75.527140481386212, 35.233885405631611 ], [ -75.526987778031298, 35.234266236702247 ], [ -75.526837777469908, 35.234653615768131 ], [ -75.526690293979556, 35.235047242399823 ], [ -75.526545145078813, 35.235446818932211 ], [ -75.526402152019713, 35.235852051002766 ], [ -75.526261140764291, 35.236262648600707 ], [ -75.526121942265988, 35.236678327103704 ], [ -75.525984392927839, 35.237098807872613 ], [ -75.525848335043534, 35.23752381855472 ], [ -75.525713617346895, 35.237953093978994 ], [ -75.525580095146111, 35.238386377026501 ], [ -75.525447630766678, 35.23882341868913 ], [ -75.525316093872092, 35.239263978099693 ], [ -75.525185361900313, 35.239707823483357 ], [ -75.525055320067551, 35.240154732685284 ], [ -75.524925861727709, 35.240604492773322 ], [ -75.524796888569057, 35.241056900131724 ], [ -75.52466831049999, 35.241511761012056 ], [ -75.524540045902029, 35.241968891525403 ], [ -75.524412021656701, 35.242428117522891 ], [ -75.524284173154854, 35.242889274751626 ], [ -75.524156444126305, 35.243352208443518 ], [ -75.524028786585163, 35.24381677343257 ], [ -75.523901160756239, 35.244282833828137 ], [ -75.523773534935756, 35.244750262681713 ], [ -75.523645885099299, 35.245218942270775 ], [ -75.523518194721348, 35.245688763795329 ], [ -75.523390454662405, 35.246159626595762 ], [ -75.523262662842512, 35.246631438081131 ], [ -75.523134823732747, 35.247104113586175 ], [ -75.523006948014455, 35.247577576083422 ], [ -75.522879052366733, 35.248051755431959 ], [ -75.522751158968759, 35.24852658823287 ], [ -75.522623294991732, 35.249002017601562 ], [ -75.522495492191894, 35.249477992744247 ], [ -75.52236778653112, 35.249954468493556 ], [ -75.52224021779044, 35.250431405030049 ], [ -75.522112828862873, 35.250908767553675 ], [ -75.52198566530474, 35.251386525866579 ], [ -75.521858774849719, 35.251864653874421 ], [ -75.521732207084156, 35.252343129394546 ], [ -75.521606012818211, 35.25282193386694 ], [ -75.521480243668194, 35.253301051914605 ], [ -75.521354951652256, 35.253780470961239 ], [ -75.521230188644012, 35.254260181073263 ], [ -75.521106005824478, 35.254740174795437 ], [ -75.520982453477387, 35.255220446516432 ], [ -75.520859580612623, 35.255700992245934 ], [ -75.520737434365088, 35.256181809575118 ], [ -75.520616059747397, 35.25666289727836 ], [ -75.520495499166543, 35.257144255232269 ], [ -75.520375792058317, 35.257625884402231 ], [ -75.52025697506788, 35.258107786003805 ], [ -75.520139081546844, 35.258589961673707 ], [ -75.520022141182835, 35.259072413361068 ], [ -75.519906179804266, 35.259555143239645 ], [ -75.519791219523015, 35.260038153250193 ], [ -75.519677278477744, 35.26052144506086 ], [ -75.519564370395287, 35.261005020374874 ], [ -75.519452504578325, 35.26148888068812 ], [ -75.519341686261143, 35.26197302681831 ], [ -75.519231916328067, 35.262457459108298 ], [ -75.519123191406422, 35.262942177310791 ], [ -75.519015503869042, 35.263427180570332 ], [ -75.518908841778028, 35.263912467486904 ], [ -75.518803189035495, 35.264398036044867 ], [ -75.518698525627357, 35.264883883512134 ], [ -75.518594827649991, 35.265370006512065 ], [ -75.518492067510266, 35.265856400975565 ], [ -75.518390213907011, 35.266343062256816 ], [ -75.518289232430675, 35.2668299849622 ], [ -75.51818908555704, 35.26731716309753 ], [ -75.518089733142261, 35.26780458830622 ], [ -75.517991132200933, 35.26829225181875 ], [ -75.517893237168224, 35.268780146545708 ], [ -75.517796000133416, 35.26926826484226 ], [ -75.51769937153172, 35.269756598609717 ], [ -75.517603300167053, 35.270245139323222 ], [ -75.517507733497766, 35.270733878089843 ], [ -75.517412617927363, 35.271222805707389 ], [ -75.517317897579531, 35.271711912366634 ], [ -75.517223517301119, 35.272201188351708 ], [ -75.517129422468571, 35.272690623925747 ], [ -75.5170355582855, 35.273180209245197 ], [ -75.516941870011081, 35.273669934415985 ], [ -75.516848303370978, 35.274159789539254 ], [ -75.516754804777847, 35.274649764764554 ], [ -75.516661321642545, 35.275139850338519 ], [ -75.51656780267831, 35.275630036655741 ], [ -75.516474198117663, 35.276120314301821 ], [ -75.516380459830458, 35.276610674086676 ], [ -75.516286541452047, 35.277101107069399 ], [ -75.516192398602712, 35.277591604593368 ], [ -75.516097988980377, 35.278082158300954 ], [ -75.516003272660342, 35.27857276019126 ], [ -75.515908212210988, 35.279063402639366 ], [ -75.515812773013309, 35.279554078449948 ], [ -75.515716922862566, 35.280044780789304 ], [ -75.515620632240271, 35.280535503237374 ], [ -75.515523874523709, 35.281026239811332 ], [ -75.515426625950994, 35.281516984965819 ], [ -75.515328865602285, 35.282007733594547 ], [ -75.515230575540784, 35.282498481043085 ], [ -75.515131740768226, 35.282989223105893 ], [ -75.515032349157678, 35.283479956016507 ], [ -75.514932391517135, 35.283970676456214 ], [ -75.514831861585549, 35.284461381548994 ], [ -75.514730755946104, 35.284952068849442 ], [ -75.51462907378999, 35.285442736316945 ], [ -75.51452681704383, 35.285933382325283 ], [ -75.514423990191986, 35.286424005637045 ], [ -75.514320600150299, 35.286914605385071 ], [ -75.514216655634584, 35.287405180970559 ], [ -75.5141121680591, 35.287895732201775 ], [ -75.514007150985975, 35.288386259224275 ], [ -75.513901620304324, 35.288876762562616 ], [ -75.513795593501598, 35.289367242954455 ], [ -75.51368908986035, 35.289857701400592 ], [ -75.513582130124277, 35.290348139133727 ], [ -75.513474736278368, 35.290838557593865 ], [ -75.513366932282523, 35.291328958595585 ], [ -75.513258742362012, 35.291819343939608 ], [ -75.513150191349382, 35.292309715503841 ], [ -75.513041304376841, 35.292800075169353 ], [ -75.512932107666515, 35.293290425081459 ], [ -75.512822627674083, 35.293780767436374 ], [ -75.512712890965645, 35.294271104466681 ], [ -75.512602924334942, 35.294761438463269 ], [ -75.512492754467999, 35.295251771725042 ], [ -75.512382407560864, 35.29574210650059 ], [ -75.512271909269387, 35.296232444984149 ], [ -75.512161284741566, 35.29672278932302 ], [ -75.512050558442908, 35.297213141593737 ], [ -75.511939753906489, 35.29770350376679 ], [ -75.511828893921006, 35.298193877742769 ], [ -75.511717999919142, 35.298684265248561 ], [ -75.511607092001896, 35.299174667843722 ], [ -75.511496188768334, 35.299665086891615 ], [ -75.511385307713951, 35.300155523650012 ], [ -75.511274465046455, 35.300645979244607 ], [ -75.5111636751991, 35.301136454551006 ], [ -75.511052951214182, 35.301626950322245 ], [ -75.51094230439719, 35.302117467055481 ], [ -75.510831744655079, 35.302608005200618 ], [ -75.510721280103823, 35.30309856494317 ], [ -75.510610916846161, 35.303589146098965 ], [ -75.510500659401686, 35.304079748302087 ], [ -75.510390509939569, 35.304570370729088 ], [ -75.510280469221811, 35.305061012433043 ], [ -75.510170537199869, 35.305551672562167 ], [ -75.510060712310633, 35.306042350082798 ], [ -75.509950991590117, 35.306533043794261 ], [ -75.509841370551314, 35.307023752315743 ], [ -75.509731843287781, 35.307514474094681 ], [ -75.509622402514097, 35.308005207429062 ], [ -75.509513040025666, 35.308495950516431 ], [ -75.509403746817739, 35.308986701478531 ], [ -75.509294512731515, 35.30947745830489 ], [ -75.509185326599876, 35.30996821889557 ], [ -75.509076176347818, 35.310458981077666 ], [ -75.508967049771584, 35.310949742649257 ], [ -75.508857934487594, 35.311440501394394 ], [ -75.508748816929156, 35.311931255002676 ], [ -75.508639683249086, 35.312422001160137 ], [ -75.508530519120285, 35.312912737516839 ], [ -75.508421310554752, 35.313403461811951 ], [ -75.508312043577163, 35.313894171816706 ], [ -75.508202704196819, 35.314384865330787 ], [ -75.508093278650676, 35.314875540225621 ], [ -75.507983753431077, 35.315366194444621 ], [ -75.507874115491219, 35.315856826021346 ], [ -75.507764352301209, 35.316347433085461 ], [ -75.507654451855288, 35.316838013871774 ], [ -75.507544402530399, 35.317328566699182 ], [ -75.507434193115031, 35.3178190899744 ], [ -75.50732381302754, 35.318309582204776 ], [ -75.507213252544489, 35.318800042043968 ], [ -75.507102502770636, 35.319290468275732 ], [ -75.506991555325101, 35.319780859782455 ], [ -75.506880402305001, 35.32027121554961 ], [ -75.506769036591564, 35.320761534689815 ], [ -75.506657451993263, 35.321251816433588 ], [ -75.506545643404962, 35.321742060158144 ], [ -75.506433606106526, 35.32223226530671 ], [ -75.506321335621905, 35.322722431379887 ], [ -75.506208827734639, 35.323212557913394 ], [ -75.506096079070446, 35.323702644572002 ], [ -75.505983086796803, 35.324192691097061 ], [ -75.505869847898907, 35.3246826972685 ], [ -75.505756360306847, 35.325172662919925 ], [ -75.505642622423991, 35.325662587934929 ], [ -75.505528633365913, 35.326152472242711 ], [ -75.505414391667742, 35.326642315756224 ], [ -75.505299895846434, 35.327132118376355 ], [ -75.505185144321246, 35.327621879973066 ], [ -75.505070135828674, 35.328111600452011 ], [ -75.504954869234226, 35.328601279725106 ], [ -75.50483934323978, 35.329090917670513 ], [ -75.504723556232165, 35.329580514107008 ], [ -75.5046075064717, 35.330070068825762 ], [ -75.504491191942094, 35.330559581561474 ], [ -75.504374610366042, 35.331049051997198 ], [ -75.504257759112932, 35.331538479761122 ], [ -75.504140635343035, 35.332027864427594 ], [ -75.504023235954449, 35.332517205519316 ], [ -75.503905557656353, 35.333006502517712 ], [ -75.503787596567591, 35.333495754812354 ], [ -75.503669348374729, 35.333984961716986 ], [ -75.503550808495262, 35.334474122498364 ], [ -75.50343197213742, 35.334963236386493 ], [ -75.503312834104733, 35.335452302544979 ], [ -75.503193389090654, 35.335941320116035 ], [ -75.50307363166462, 35.336430288219802 ], [ -75.50295355635285, 35.336919205967455 ], [ -75.502833157351802, 35.337408072419052 ], [ -75.502712428825717, 35.337896886630496 ], [ -75.502591364894272, 35.338385647651215 ], [ -75.502469959670606, 35.338874354530375 ], [ -75.502348207526481, 35.339363006363264 ], [ -75.502226102790104, 35.339851602237651 ], [ -75.502103639961618, 35.340340141269706 ], [ -75.501980813724217, 35.340828622604171 ], [ -75.501857619111448, 35.341317045450246 ], [ -75.50173405138635, 35.341805409058601 ], [ -75.501610106203998, 35.342293712745629 ], [ -75.501485779686249, 35.34278195590511 ], [ -75.501361068434704, 35.343270138011626 ], [ -75.501235969519257, 35.343758258617768 ], [ -75.501110480508288, 35.344246317358774 ], [ -75.500984599459173, 35.344734313950404 ], [ -75.500858325059127, 35.345222248213041 ], [ -75.500731656583099, 35.34571012006387 ], [ -75.500604593903887, 35.34619792951807 ], [ -75.500477137507062, 35.346685676690875 ], [ -75.50034928854447, 35.347173361806114 ], [ -75.500221048754767, 35.347660985182749 ], [ -75.500092420469485, 35.348148547234977 ], [ -75.499963406521033, 35.34863604845814 ], [ -75.499834010391282, 35.349123489451216 ], [ -75.499704236195512, 35.349610870913779 ], [ -75.499574088711654, 35.350098193648975 ], [ -75.499443573130307, 35.350585458526638 ], [ -75.499312695138514, 35.351072666494673 ], [ -75.49918146093124, 35.351559818580235 ], [ -75.499049877120598, 35.352046915874752 ], [ -75.498917950695059, 35.352533959527221 ], [ -75.498785689110804, 35.353020950759003 ], [ -75.498653100406557, 35.353507890878191 ], [ -75.49852019289051, 35.353994781234363 ], [ -75.498386975137493, 35.354481623218128 ], [ -75.498253456187371, 35.354968418280478 ], [ -75.49811964529583, 35.355455167912282 ], [ -75.497985551987099, 35.355941873638834 ], [ -75.497851186084603, 35.356428537023604 ], [ -75.497716557536805, 35.356915159657156 ], [ -75.497581676464137, 35.357401743165816 ], [ -75.49744655322705, 35.357888289207608 ], [ -75.497311198436819, 35.358374799473758 ], [ -75.497175623070632, 35.358861275696356 ], [ -75.497039838149163, 35.359347719628232 ], [ -75.496903854906463, 35.359834133057291 ], [ -75.496767684788324, 35.360320517806535 ], [ -75.496631339496759, 35.360806875735385 ], [ -75.496494830918479, 35.361293208737592 ], [ -75.496358171192739, 35.361779518746665 ], [ -75.496221372726211, 35.362265807738204 ], [ -75.496084448364371, 35.362752077738044 ], [ -75.495947411066624, 35.363238330811747 ], [ -75.495810274052431, 35.363724569073554 ], [ -75.495673050833247, 35.364210794691473 ], [ -75.495535755359271, 35.364697009895082 ], [ -75.495398402068759, 35.365183216970237 ], [ -75.495261005703711, 35.365669418261078 ], [ -75.495123581133058, 35.3661556161573 ], [ -75.494986143440187, 35.366641813121127 ], [ -75.494848708510148, 35.367128011698554 ], [ -75.494711292798044, 35.367614214517978 ], [ -75.494573912875921, 35.368100424242243 ], [ -75.494436585830229, 35.368586643610421 ], [ -75.494299329355044, 35.36907287544031 ], [ -75.494162161609765, 35.369559122617005 ], [ -75.494025101203945, 35.370045388105865 ], [ -75.493888167155376, 35.370531674909131 ], [ -75.493751378914936, 35.371017986096213 ], [ -75.493614756408618, 35.371504324801066 ], [ -75.493478320104629, 35.371990694215768 ], [ -75.493342090899091, 35.372477097593354 ], [ -75.493206090048744, 35.372963538229513 ], [ -75.493070339219088, 35.373450019467754 ], [ -75.492934860590893, 35.373936544693045 ], [ -75.492799676790483, 35.37442311732346 ], [ -75.492664810812627, 35.374909740801591 ], [ -75.492530286051448, 35.375396418598385 ], [ -75.49239612613458, 35.375883154204637 ], [ -75.49226235526767, 35.376369951142479 ], [ -75.492128997967441, 35.376856812925645 ], [ -75.491996079119559, 35.37734374306136 ], [ -75.491863623642701, 35.377830745016063 ], [ -75.491731656842887, 35.378317822282 ], [ -75.491600204262298, 35.378804978330038 ], [ -75.491469291895385, 35.379292216618502 ], [ -75.491338946207051, 35.379779540594654 ], [ -75.491209193811059, 35.380266953664787 ], [ -75.491080061485818, 35.380754459190477 ], [ -75.490951576275407, 35.381242060491005 ], [ -75.490823765430548, 35.381729760842397 ], [ -75.490696656330584, 35.382217563460912 ], [ -75.490570276523329, 35.382705471506469 ], [ -75.490444653741903, 35.383193488080686 ], [ -75.49031981584784, 35.383681616220393 ], [ -75.49019579081309, 35.384169858892847 ], [ -75.490072606738238, 35.384658218997338 ], [ -75.489950291909963, 35.385146699367546 ], [ -75.489828874961532, 35.385635302821015 ], [ -75.489708384309012, 35.386124032046254 ], [ -75.489588848277606, 35.386612889631962 ], [ -75.48947029478299, 35.387101878016459 ], [ -75.489352752230047, 35.387590999643464 ], [ -75.489236248970599, 35.388080256872428 ], [ -75.489120813236269, 35.38856965197504 ], [ -75.489006473129407, 35.389059187133526 ], [ -75.488893256599397, 35.389548864441458 ], [ -75.488781191417601, 35.390038685901615 ], [ -75.488670305039491, 35.390528653419338 ], [ -75.488560624599586, 35.391018768803626 ], [ -75.488452176847986, 35.391509033763882 ], [ -75.488344988115202, 35.391999449910337 ], [ -75.488239084371031, 35.392490018759588 ], [ -75.488134490914348, 35.392980741708939 ], [ -75.488031232364591, 35.39347162004492 ], [ -75.487929332604594, 35.393962654941134 ], [ -75.48782881475978, 35.394453847456383 ], [ -75.487729701107597, 35.394945198538338 ], [ -75.487632012830019, 35.395436709000215 ], [ -75.487535770191087, 35.395928379531071 ], [ -75.487440992246192, 35.396420210674783 ], [ -75.487347696969749, 35.396912202860669 ], [ -75.48725590116004, 35.39740435639925 ], [ -75.487165620345436, 35.397896671485448 ], [ -75.487076868402994, 35.398389148121765 ], [ -75.486989657689477, 35.398881786159407 ], [ -75.48690399896914, 35.399374585302077 ], [ -75.486819901434487, 35.399867545117495 ], [ -75.486737372547196, 35.40036066500813 ], [ -75.486656418155476, 35.400853944246798 ], [ -75.48657704220993, 35.401347381951453 ], [ -75.486499246785669, 35.401840977093002 ], [ -75.486423031995415, 35.402334728476148 ], [ -75.486348396012815, 35.402828634750456 ], [ -75.486275335249928, 35.403322694419579 ], [ -75.486203843990367, 35.403816905838134 ], [ -75.486133914486359, 35.404311267209366 ], [ -75.486065537007576, 35.404805776592177 ], [ -75.48599869979374, 35.405300431904962 ], [ -75.485933389132853, 35.405795230943063 ], [ -75.485869589247315, 35.406290171353248 ], [ -75.485807282393225, 35.406785250647182 ], [ -75.485746448738382, 35.40728046618954 ], [ -75.485687066785786, 35.407775815264188 ], [ -75.48562911319533, 35.408271295041473 ], [ -75.485572562957259, 35.408766902590088 ], [ -75.485517389316939, 35.409262634889338 ], [ -75.485463564098822, 35.409758488854656 ], [ -75.485411057564846, 35.410254461304866 ], [ -75.485359838328804, 35.410750548979202 ], [ -75.48530987324061, 35.411246748534381 ], [ -75.485261127977921, 35.411743056590922 ], [ -75.485213567290486, 35.412239469738104 ], [ -75.485167154786723, 35.412735984527721 ], [ -75.48512185306717, 35.413232597474867 ], [ -75.485077623873806, 35.413729305076693 ], [ -75.485034428582836, 35.414226103858674 ], [ -75.484992227631878, 35.414722990323668 ], [ -75.484950980808861, 35.415219960969182 ], [ -75.484910647368551, 35.41571701230513 ], [ -75.484871186473185, 35.416214140885415 ], [ -75.484832557315514, 35.416711343327499 ], [ -75.484794718883265, 35.417208616262464 ], [ -75.484757630089021, 35.41770595635851 ], [ -75.484721250011333, 35.418203360337529 ], [ -75.484685537944799, 35.418700824977925 ], [ -75.484650453442399, 35.419198347107695 ], [ -75.484615956340377, 35.419695923616679 ], [ -75.484582007181046, 35.420193551483273 ], [ -75.484548567154221, 35.420691227769566 ], [ -75.484515598062217, 35.421188949602154 ], [ -75.484483062446046, 35.421686714182897 ], [ -75.484450923537295, 35.422184518776234 ], [ -75.484419145545004, 35.422682360744396 ], [ -75.484387693740615, 35.423180237549914 ], [ -75.484356534571489, 35.423678146756593 ], [ -75.484325635355532, 35.424176085988172 ], [ -75.484294964488043, 35.424674052952099 ], [ -75.484264491420362, 35.425172045429512 ], [ -75.48423418686383, 35.425670061295683 ], [ -75.48420402277219, 35.42616809852025 ], [ -75.484173972205539, 35.426666155127563 ], [ -75.484144009423787, 35.427164229210135 ], [ -75.484114110026894, 35.427662318948194 ], [ -75.484084250872016, 35.428160422604257 ], [ -75.484054409971577, 35.428658538496087 ], [ -75.484024566567228, 35.429156665014567 ], [ -75.48399470120566, 35.429654800624718 ], [ -75.48396479553324, 35.430152943835864 ], [ -75.48393483251715, 35.430651093238758 ], [ -75.483904796342728, 35.431149247487667 ], [ -75.483874672337478, 35.43164740529086 ], [ -75.483844446912812, 35.432145565403495 ], [ -75.483814107618528, 35.432643726639824 ], [ -75.483783643024765, 35.433141887855385 ], [ -75.483753042658819, 35.433640047942859 ], [ -75.48372229702133, 35.434138205840249 ], [ -75.483691397450244, 35.434636360512194 ], [ -75.483660336148731, 35.43513451095923 ], [ -75.483629106073607, 35.435632656207552 ], [ -75.483597700963927, 35.436130795321219 ], [ -75.483566115234666, 35.436628927390473 ], [ -75.483534344027916, 35.437127051546071 ], [ -75.483502382971679, 35.437625166931973 ], [ -75.483470228088336, 35.438123272697091 ], [ -75.483437875948354, 35.438621368027135 ], [ -75.483405323423156, 35.439119452116408 ], [ -75.483372567568978, 35.439617524159061 ], [ -75.483339605698617, 35.440115583365817 ], [ -75.483306435393445, 35.440613628973317 ], [ -75.483273054182192, 35.441111660205671 ], [ -75.483239459576581, 35.441609676289495 ], [ -75.483205649056345, 35.442107676458669 ], [ -75.483171620240427, 35.442605659982625 ], [ -75.483137370274477, 35.443103626094818 ], [ -75.483102896037565, 35.443601574025564 ], [ -75.483068194064558, 35.444099502998 ], [ -75.483033260488142, 35.44459741222763 ], [ -75.482998090822335, 35.445095300902452 ], [ -75.48296268011093, 35.445593168204297 ], [ -75.482927022869234, 35.446091013304994 ], [ -75.482891112907481, 35.446588835348123 ], [ -75.482854943451599, 35.447086633473987 ], [ -75.482818507015764, 35.44758440680436 ], [ -75.482781795393052, 35.448082154444755 ], [ -75.482744799613286, 35.448579875481862 ], [ -75.482707509996359, 35.449077568994348 ], [ -75.482669916088867, 35.449575234045028 ], [ -75.482632006536207, 35.450072869662257 ], [ -75.482593769152359, 35.450570474850906 ], [ -75.482555190953263, 35.451068048597811 ], [ -75.482516258168104, 35.451565589871983 ], [ -75.482476956229732, 35.452063097617533 ], [ -75.482437269577858, 35.452560570728039 ], [ -75.482397181929144, 35.453058008079779 ], [ -75.482356676252323, 35.453555408524032 ], [ -75.482315734875669, 35.454052770904667 ], [ -75.482274339572342, 35.454550094047164 ], [ -75.482232471485361, 35.455047376757094 ], [ -75.482190111228988, 35.455544617828629 ], [ -75.482147238893262, 35.456041816010028 ], [ -75.482103834344159, 35.45653897006153 ], [ -75.482059877116839, 35.457036078741986 ], [ -75.482015346819921, 35.457533140870581 ], [ -75.481970222403604, 35.458030155184865 ], [ -75.481924482982777, 35.458527120434375 ], [ -75.481878107774691, 35.459024035375371 ], [ -75.481831075901027, 35.459520898749801 ], [ -75.48178336637676, 35.460017709282191 ], [ -75.481734958547463, 35.460514465709274 ], [ -75.481685832156288, 35.46101116678318 ], [ -75.481635966907888, 35.461507811186578 ], [ -75.481585343151394, 35.462004397668977 ], [ -75.481533942067657, 35.462500925020642 ], [ -75.481481745741235, 35.462997392097307 ], [ -75.48142873670146, 35.463493797720943 ], [ -75.48137489816861, 35.463990140733863 ], [ -75.481320214047543, 35.464486420001073 ], [ -75.481264669210205, 35.464982634413893 ], [ -75.481208249793056, 35.465478782915454 ], [ -75.481150943124703, 35.465974864475996 ], [ -75.481092737109876, 35.466470878077715 ], [ -75.481033620212798, 35.466966822668986 ], [ -75.480973582501221, 35.467462697298849 ], [ -75.480912615322069, 35.467958501074385 ], [ -75.480850711264708, 35.468454233160998 ], [ -75.480787863766224, 35.468949892720566 ], [ -75.48072406738811, 35.469445478947009 ], [ -75.480659317832419, 35.469940991078794 ], [ -75.48059361215104, 35.470436428406721 ], [ -75.480526948350445, 35.470931790227546 ], [ -75.480459325685388, 35.471427075907904 ], [ -75.480390744668512, 35.471922284865705 ], [ -75.480321207109924, 35.47241741658658 ], [ -75.480250715753925, 35.472912470571146 ], [ -75.480179274174404, 35.473407446341994 ], [ -75.480106886879966, 35.473902343456466 ], [ -75.480033559483772, 35.474397161533226 ], [ -75.479959298799912, 35.474891900272389 ], [ -75.47988411253732, 35.475386559396135 ], [ -75.479808008998091, 35.475881138649633 ], [ -75.479730996944014, 35.476375637771582 ], [ -75.47965308605599, 35.476870056573894 ], [ -75.479574286816955, 35.477364394908797 ], [ -75.479494610533067, 35.477858652677227 ], [ -75.479414069044296, 35.478352829808209 ], [ -75.479332674477988, 35.478846926245893 ], [ -75.479250439268199, 35.479340941952607 ], [ -75.479167376434276, 35.479834876935492 ], [ -75.479083499289118, 35.480328731205226 ], [ -75.478998821517422, 35.480822504819258 ], [ -75.478913357141977, 35.481316197865361 ], [ -75.478827120373069, 35.481809810445647 ], [ -75.478740125652848, 35.482303342697286 ], [ -75.478652387616378, 35.482796794796478 ], [ -75.478563921046756, 35.483290166950731 ], [ -75.47847474070646, 35.483783459370812 ], [ -75.478384861375673, 35.484276672287585 ], [ -75.478294297790285, 35.484769805952666 ], [ -75.478203064715387, 35.48526286064164 ], [ -75.478111176789938, 35.485755836635725 ], [ -75.478018648648188, 35.48624873425112 ], [ -75.477925494937722, 35.486741553840602 ], [ -75.477831730236417, 35.487234295798693 ], [ -75.477737368838959, 35.487726960512695 ], [ -75.477642424843381, 35.488219548380535 ], [ -75.477546912174674, 35.488712059824024 ], [ -75.477450844610743, 35.489204495295155 ], [ -75.477354235845866, 35.489696855292586 ], [ -75.477257099320227, 35.490189140322762 ], [ -75.477159448274151, 35.490681350916624 ], [ -75.477061295796886, 35.491173487638328 ], [ -75.476962654687668, 35.491665551067555 ], [ -75.476863537517858, 35.492157541815118 ], [ -75.476763956680699, 35.492649460519395 ], [ -75.476663924313442, 35.493141307837739 ], [ -75.47656345228549, 35.493633084447858 ], [ -75.476462552203714, 35.494124791052812 ], [ -75.476361235452998, 35.494616428380581 ], [ -75.476259513222786, 35.495107997183901 ], [ -75.476157396261868, 35.495599498228252 ], [ -75.476054894977011, 35.496090932291224 ], [ -75.475952019414521, 35.496582300160533 ], [ -75.475848779341035, 35.497073602643923 ], [ -75.475745184304287, 35.497564840573276 ], [ -75.47564124339759, 35.498056014778591 ], [ -75.475536965277868, 35.498547126087907 ], [ -75.475432358652824, 35.499038172682127 ], [ -75.47532743184, 35.499529152277312 ], [ -75.475222192290403, 35.500020064694425 ], [ -75.475116646995559, 35.500510909585707 ], [ -75.475010802655078, 35.501001686422633 ], [ -75.474904665459334, 35.501492394444135 ], [ -75.474798240980718, 35.501983032616806 ], [ -75.474691534256138, 35.502473599610184 ], [ -75.4745845496317, 35.502964093752759 ], [ -75.474477291125964, 35.503454513000158 ], [ -75.474369762217435, 35.503944854877368 ], [ -75.47426196579741, 35.504435116422947 ], [ -75.474153904204684, 35.504925294128391 ], [ -75.47404557929255, 35.50541538388056 ], [ -75.473936992456416, 35.505905380895875 ], [ -75.473828144556975, 35.506395279636109 ], [ -75.473719035940931, 35.506885073717896 ], [ -75.473609666551965, 35.507374755838228 ], [ -75.473500035862997, 35.507864317658857 ], [ -75.473390142899021, 35.508353749705584 ], [ -75.473279986615864, 35.508843041277302 ], [ -75.473169565557413, 35.509332180276097 ], [ -75.473058877992784, 35.509821153084623 ], [ -75.47294792220498, 35.51030994441944 ], [ -75.472836696820949, 35.510798537201751 ], [ -75.472725200641349, 35.511286912402127 ], [ -75.47261343234959, 35.511775048807216 ], [ -75.472501391010127, 35.512262922850582 ], [ -75.472389075982676, 35.512750508380108 ], [ -75.472276487239981, 35.513237776475933 ], [ -75.472163625151765, 35.513724695180024 ], [ -75.472050491336162, 35.514211229315706 ], [ -75.471937088496063, 35.514697340202211 ], [ -75.47182342071747, 35.515182985408664 ], [ -75.471709493186196, 35.515668118419185 ], [ -75.471595312429642, 35.516152688334074 ], [ -75.47148088659867, 35.516636639571672 ], [ -75.47136622582434, 35.517119911578128 ], [ -75.471251342184829, 35.517602438472572 ], [ -75.471136249816453, 35.518084148685503 ], [ -75.471020965310387, 35.518564964661323 ], [ -75.47090550787253, 35.519044802482419 ], [ -75.470789899154411, 35.519523571486303 ], [ -75.470674163619165, 35.52000117391934 ], [ -75.470558328691439, 35.520477504571922 ], [ -75.470442424839661, 35.520952450405375 ], [ -75.470326485799106, 35.521425890202352 ], [ -75.470210548277848, 35.521897694155015 ], [ -75.47009465256663, 35.522367723598073 ], [ -75.469978842379703, 35.522835830644219 ], [ -75.469863165354539, 35.523301857919989 ], [ -75.469747672581931, 35.523765638191783 ], [ -75.469632418739906, 35.524226994105433 ], [ -75.469517462132487, 35.524685737953426 ], [ -75.469402864904211, 35.525141671489664 ], [ -75.469288693099685, 35.525594585764203 ], [ -75.469175016310558, 35.526044260932274 ], [ -75.46906190764264, 35.526490466165896 ], [ -75.468949443650899, 35.52693295959962 ], [ -75.468837704605065, 35.527371488396135 ], [ -75.468726774101683, 35.527805788768049 ], [ -75.468616738825318, 35.528235586085444 ], [ -75.4685076887761, 35.528660595093811 ], [ -75.468399717329405, 35.529080520196992 ], [ -75.468292920491407, 35.529495055700288 ], [ -75.468187396687483, 35.529903886194454 ], [ -75.468083246177727, 35.530306686962945 ], [ -75.467980571788743, 35.530703124643047 ], [ -75.46787947830849, 35.531092857780983 ], [ -75.467780072359076, 35.531475537525061 ], [ -75.467682461728842, 35.531850808340906 ], [ -75.46758675529415, 35.53221830885883 ], [ -75.46749306265454, 35.532577672763033 ], [ -75.467401493878455, 35.53292852976584 ], [ -75.467312159474545, 35.533270506697725 ], [ -75.467225169539276, 35.533603228500581 ], [ -75.467140633449972, 35.533926319388087 ], [ -75.467058659409517, 35.534239404019331 ], [ -75.466979354751047, 35.534542108875613 ], [ -75.466902825092305, 35.534834063470107 ], [ -75.466829174044847, 35.535114901677296 ], [ -75.466758503196303, 35.535384263111517 ], [ -75.466690911710728, 35.535641794484434 ], [ -75.466626495692864, 35.535887150952924 ], [ -75.466565347927826, 35.536119997508855 ], [ -75.466507557975518, 35.536340010417412 ], [ -75.466453211137747, 35.536546878430713 ], [ -75.466402388216352, 35.536740304132756 ], [ -75.46635516571024, 35.536920005280486 ], [ -75.46631161547964, 35.537085716062364 ], [ -75.466271804313493, 35.537237188246131 ], [ -75.466235793724394, 35.537374192307269 ], [ -75.466203639920337, 35.537496518506707 ], [ -75.466175393141782, 35.537603977800465 ], [ -75.466151097761653, 35.537696402762933 ], [ -75.466130792272807, 35.537773648396303 ], [ -75.466114508947655, 35.537835592784596 ], [ -75.466102273687795, 35.537882137676526 ], [ -75.466094106006793, 35.537913208966629 ], [ -75.466090018944868, 35.537928757049905 ] ] } }
]
}
