{"type": "FeatureCollection", "features": [{"type": "Feature", "properties": {"spacing_m": 500, "index": 0, "depth_m": 10, "type": "isobath_sample_point"}, "geometry": {"type": "Point", "coordinates": [-79.39375, 32.88791980234895]}}, {"type": "Feature", "properties": {"spacing_m": 500, "index": 1, "depth_m": 10, "type": "isobath_sample_point"}, "geometry": {"type": "Point", "coordinates": [-79.38843876530626, 32.88855154564877]}}, {"type": "Feature", "properties": {"spacing_m": 500, "index": 2, "depth_m": 10, "type": "isobath_sample_point"}, "geometry": {"type": "Point", "coordinates": [-79.38312753061251, 32.88918328894858]}}, {"type": "Feature", "properties": {"spacing_m": 500, "index": 3, "depth_m": 10, "type": "isobath_sample_point"}, "geometry": {"type": "Point", "coordinates": [-79.37892662305889, 32.89107823176788]}}, {"type": "Feature", "properties": {"spacing_m": 500, "index": 4, "depth_m": 10, "type": "isobath_sample_point"}, "geometry": {"type": "Point", "coordinates": [-79.37664277298272, 32.895154176921395]}}, {"type": "Feature", "properties": {"spacing_m": 500, "index": 5, "depth_m": 10, "type": "isobath_sample_point"}, "geometry": {"type": "Point", "coordinates": [-79.37435892290657, 32.89923012207491]}}, {"type": "Feature", "properties": {"spacing_m": 500, "index": 6, "depth_m": 10, "type": "isobath_sample_point"}, "geometry": {"type": "Point", "coordinates": [-79.3720750728304, 32.903306067228435]}}, {"type": "Feature", "properties": {"spacing_m": 500, "index": 7, "depth_m": 10, "type": "isobath_sample_point"}, "geometry": {"type": "Point", "coordinates": [-79.36933141738278, 32.90709933952675]}}, {"type": "Feature", "properties": {"spacing_m": 500, "index": 8, "depth_m": 10, "type": "isobath_sample_point"}, "geometry": {"type": "Point", "coordinates": [-79.36539198340557, 32.91015748746132]}}, {"type": "Feature", "properties": {"spacing_m": 500, "index": 9, "depth_m": 10, "type": "isobath_sample_point"}, "geometry": {"type": "Point", "coordinates": [-79.3604893255395, 32.911786620914796]}}, {"type": "Feature", "properties": {"spacing_m": 500, "index": 10, "depth_m": 10, "type": "isobath_sample_point"}, "geometry": {"type": "Point", "coordinates": [-79.35530939811217, 32.91271136284576]}}, {"type": "Feature", "properties": {"spacing_m": 500, "index": 11, "depth_m": 10, "type": "isobath_sample_point"}, "geometry": {"type": "Point", "coordinates": [-79.34999710963562, 32.91207775259955]}}, {"type": "Feature", "properties": {"spacing_m": 500, "index": 12, "depth_m": 10, "type": "isobath_sample_point"}, "geometry": {"type": "Point", "coordinates": [-79.34468482115908, 32.91144414235334]}}, {"type": "Feature", "properties": {"spacing_m": 500, "index": 13, "depth_m": 10, "type": "isobath_sample_point"}, "geometry": {"type": "Point", "coordinates": [-79.33937253268253, 32.91081053210713]}}, {"type": "Feature", "properties": {"spacing_m": 500, "index": 14, "depth_m": 10, "type": "isobath_sample_point"}, "geometry": {"type": "Point", "coordinates": [-79.33427225720733, 32.91097110071151]}}, {"type": "Feature", "properties": {"spacing_m": 500, "index": 15, "depth_m": 10, "type": "isobath_sample_point"}, "geometry": {"type": "Point", "coordinates": [-79.32979029575397, 32.91344780991121]}}, {"type": "Feature", "properties": {"spacing_m": 500, "index": 16, "depth_m": 10, "type": "isobath_sample_point"}, "geometry": {"type": "Point", "coordinates": [-79.32530833430062, 32.915924519110916]}}, {"type": "Feature", "properties": {"spacing_m": 500, "index": 17, "depth_m": 10, "type": "isobath_sample_point"}, "geometry": {"type": "Point", "coordinates": [-79.32082637284725, 32.918401228310614]}}, {"type": "Feature", "properties": {"spacing_m": 500, "index": 18, "depth_m": 10, "type": "isobath_sample_point"}, "geometry": {"type": "Point", "coordinates": [-79.31602095595706, 32.91877592161884]}}, {"type": "Feature", "properties": {"spacing_m": 500, "index": 19, "depth_m": 10, "type": "isobath_sample_point"}, "geometry": {"type": "Point", "coordinates": [-79.31093634997998, 32.91733626948558]}}, {"type": "Feature", "properties": {"spacing_m": 500, "index": 20, "depth_m": 10, "type": "isobath_sample_point"}, "geometry": {"type": "Point", "coordinates": [-79.30680727853392, 32.914510860923244]}}, {"type": "Feature", "properties": {"spacing_m": 500, "index": 21, "depth_m": 10, "type": "isobath_sample_point"}, "geometry": {"type": "Point", "coordinates": [-79.302786987759, 32.9115276940492]}}, {"type": "Feature", "properties": {"spacing_m": 500, "index": 22, "depth_m": 10, "type": "isobath_sample_point"}, "geometry": {"type": "Point", "coordinates": [-79.29876669698407, 32.90854452717515]}}, {"type": "Feature", "properties": {"spacing_m": 500, "index": 23, "depth_m": 10, "type": "isobath_sample_point"}, "geometry": {"type": "Point", "coordinates": [-79.29474640620916, 32.90556136030111]}}, {"type": "Feature", "properties": {"spacing_m": 500, "index": 24, "depth_m": 10, "type": "isobath_sample_point"}, "geometry": {"type": "Point", "coordinates": [-79.28978044654446, 32.90421219175231]}}, {"type": "Feature", "properties": {"spacing_m": 500, "index": 25, "depth_m": 10, "type": "isobath_sample_point"}, "geometry": {"type": "Point", "coordinates": [-79.28457268134639, 32.903867716469804]}}, {"type": "Feature", "properties": {"spacing_m": 500, "index": 26, "depth_m": 10, "type": "isobath_sample_point"}, "geometry": {"type": "Point", "coordinates": [-79.27969826222473, 32.90574990946232]}}, {"type": "Feature", "properties": {"spacing_m": 500, "index": 27, "depth_m": 10, "type": "isobath_sample_point"}, "geometry": {"type": "Point", "coordinates": [-79.27577862389052, 32.90853737176021]}}, {"type": "Feature", "properties": {"spacing_m": 500, "index": 28, "depth_m": 10, "type": "isobath_sample_point"}, "geometry": {"type": "Point", "coordinates": [-79.27296396217122, 32.91237251057795]}}, {"type": "Feature", "properties": {"spacing_m": 500, "index": 29, "depth_m": 10, "type": "isobath_sample_point"}, "geometry": {"type": "Point", "coordinates": [-79.27014930045192, 32.916207649395695]}}, {"type": "Feature", "properties": {"spacing_m": 500, "index": 30, "depth_m": 10, "type": "isobath_sample_point"}, "geometry": {"type": "Point", "coordinates": [-79.26733463873262, 32.920042788213436]}}, {"type": "Feature", "properties": {"spacing_m": 500, "index": 31, "depth_m": 10, "type": "isobath_sample_point"}, "geometry": {"type": "Point", "coordinates": [-79.26451997701332, 32.92387792703118]}}, {"type": "Feature", "properties": {"spacing_m": 500, "index": 32, "depth_m": 10, "type": "isobath_sample_point"}, "geometry": {"type": "Point", "coordinates": [-79.26170531529401, 32.92771306584892]}}, {"type": "Feature", "properties": {"spacing_m": 500, "index": 33, "depth_m": 10, "type": "isobath_sample_point"}, "geometry": {"type": "Point", "coordinates": [-79.25889065357471, 32.93154820466666]}}, {"type": "Feature", "properties": {"spacing_m": 500, "index": 34, "depth_m": 10, "type": "isobath_sample_point"}, "geometry": {"type": "Point", "coordinates": [-79.25607599185541, 32.93538334348441]}}, {"type": "Feature", "properties": {"spacing_m": 500, "index": 35, "depth_m": 10, "type": "isobath_sample_point"}, "geometry": {"type": "Point", "coordinates": [-79.25555058362843, 32.9398622009096]}}, {"type": "Feature", "properties": {"spacing_m": 500, "index": 36, "depth_m": 10, "type": "isobath_sample_point"}, "geometry": {"type": "Point", "coordinates": [-79.25504524086982, 32.94434670057381]}}, {"type": "Feature", "properties": {"spacing_m": 500, "index": 37, "depth_m": 10, "type": "isobath_sample_point"}, "geometry": {"type": "Point", "coordinates": [-79.25453989811122, 32.94883120023802]}}, {"type": "Feature", "properties": {"spacing_m": 500, "index": 38, "depth_m": 10, "type": "isobath_sample_point"}, "geometry": {"type": "Point", "coordinates": [-79.2540345553526, 32.95331569990222]}}, {"type": "Feature", "properties": {"spacing_m": 500, "index": 39, "depth_m": 10, "type": "isobath_sample_point"}, "geometry": {"type": "Point", "coordinates": [-79.25352921259399, 32.95780019956643]}}, {"type": "Feature", "properties": {"spacing_m": 500, "index": 40, "depth_m": 10, "type": "isobath_sample_point"}, "geometry": {"type": "Point", "coordinates": [-79.25302386983539, 32.962284699230636]}}, {"type": "Feature", "properties": {"spacing_m": 500, "index": 41, "depth_m": 10, "type": "isobath_sample_point"}, "geometry": {"type": "Point", "coordinates": [-79.25185171332035, 32.96664097685371]}}, {"type": "Feature", "properties": {"spacing_m": 500, "index": 42, "depth_m": 10, "type": "isobath_sample_point"}, "geometry": {"type": "Point", "coordinates": [-79.24997834220746, 32.97086241747599]}}, {"type": "Feature", "properties": {"spacing_m": 500, "index": 43, "depth_m": 10, "type": "isobath_sample_point"}, "geometry": {"type": "Point", "coordinates": [-79.24810497109458, 32.975083858098266]}}, {"type": "Feature", "properties": {"spacing_m": 500, "index": 44, "depth_m": 10, "type": "isobath_sample_point"}, "geometry": {"type": "Point", "coordinates": [-79.24623159998168, 32.97930529872055]}}, {"type": "Feature", "properties": {"spacing_m": 500, "index": 45, "depth_m": 10, "type": "isobath_sample_point"}, "geometry": {"type": "Point", "coordinates": [-79.24510941032239, 32.98366965728941]}}, {"type": "Feature", "properties": {"spacing_m": 500, "index": 46, "depth_m": 10, "type": "isobath_sample_point"}, "geometry": {"type": "Point", "coordinates": [-79.2446288503422, 32.98815609075211]}}, {"type": "Feature", "properties": {"spacing_m": 500, "index": 47, "depth_m": 10, "type": "isobath_sample_point"}, "geometry": {"type": "Point", "coordinates": [-79.24414829036199, 32.99264252421482]}}, {"type": "Feature", "properties": {"spacing_m": 500, "index": 48, "depth_m": 10, "type": "isobath_sample_point"}, "geometry": {"type": "Point", "coordinates": [-79.24318705283464, 32.99697062362828]}}, {"type": "Feature", "properties": {"spacing_m": 500, "index": 49, "depth_m": 10, "type": "isobath_sample_point"}, "geometry": {"type": "Point", "coordinates": [-79.2398987201003, 33.00053218337432]}}, {"type": "Feature", "properties": {"spacing_m": 500, "index": 50, "depth_m": 10, "type": "isobath_sample_point"}, "geometry": {"type": "Point", "coordinates": [-79.23472742581174, 33.000866538144734]}}, {"type": "Feature", "properties": {"spacing_m": 500, "index": 51, "depth_m": 10, "type": "isobath_sample_point"}, "geometry": {"type": "Point", "coordinates": [-79.22935637641041, 33.00085853292786]}}, {"type": "Feature", "properties": {"spacing_m": 500, "index": 52, "depth_m": 10, "type": "isobath_sample_point"}, "geometry": {"type": "Point", "coordinates": [-79.22398532700909, 33.00085052771097]}}, {"type": "Feature", "properties": {"spacing_m": 500, "index": 53, "depth_m": 10, "type": "isobath_sample_point"}, "geometry": {"type": "Point", "coordinates": [-79.21861427760777, 33.000842522494096]}}, {"type": "Feature", "properties": {"spacing_m": 500, "index": 54, "depth_m": 10, "type": "isobath_sample_point"}, "geometry": {"type": "Point", "coordinates": [-79.21349697307079, 33.00149467879654]}}, {"type": "Feature", "properties": {"spacing_m": 500, "index": 55, "depth_m": 10, "type": "isobath_sample_point"}, "geometry": {"type": "Point", "coordinates": [-79.20914291567577, 33.004132555654145]}}, {"type": "Feature", "properties": {"spacing_m": 500, "index": 56, "depth_m": 10, "type": "isobath_sample_point"}, "geometry": {"type": "Point", "coordinates": [-79.20478885828076, 33.00677043251174]}}, {"type": "Feature", "properties": {"spacing_m": 500, "index": 57, "depth_m": 10, "type": "isobath_sample_point"}, "geometry": {"type": "Point", "coordinates": [-79.20043480088574, 33.00940830936935]}}, {"type": "Feature", "properties": {"spacing_m": 500, "index": 58, "depth_m": 10, "type": "isobath_sample_point"}, "geometry": {"type": "Point", "coordinates": [-79.19608074349074, 33.012046186226954]}}, {"type": "Feature", "properties": {"spacing_m": 500, "index": 59, "depth_m": 10, "type": "isobath_sample_point"}, "geometry": {"type": "Point", "coordinates": [-79.19133361591071, 33.013983634620146]}}, {"type": "Feature", "properties": {"spacing_m": 500, "index": 60, "depth_m": 10, "type": "isobath_sample_point"}, "geometry": {"type": "Point", "coordinates": [-79.18613369364903, 33.01511422893068]}}, {"type": "Feature", "properties": {"spacing_m": 500, "index": 61, "depth_m": 10, "type": "isobath_sample_point"}, "geometry": {"type": "Point", "coordinates": [-79.18122549856649, 33.01361896838139]}}, {"type": "Feature", "properties": {"spacing_m": 500, "index": 62, "depth_m": 10, "type": "isobath_sample_point"}, "geometry": {"type": "Point", "coordinates": [-79.17636396445769, 33.01170370944512]}}, {"type": "Feature", "properties": {"spacing_m": 500, "index": 63, "depth_m": 10, "type": "isobath_sample_point"}, "geometry": {"type": "Point", "coordinates": [-79.1715024303489, 33.009788450508864]}}, {"type": "Feature", "properties": {"spacing_m": 500, "index": 64, "depth_m": 10, "type": "isobath_sample_point"}, "geometry": {"type": "Point", "coordinates": [-79.1666408962401, 33.00787319157261]}}, {"type": "Feature", "properties": {"spacing_m": 500, "index": 65, "depth_m": 10, "type": "isobath_sample_point"}, "geometry": {"type": "Point", "coordinates": [-79.1617793621313, 33.00595793263634]}}, {"type": "Feature", "properties": {"spacing_m": 500, "index": 66, "depth_m": 10, "type": "isobath_sample_point"}, "geometry": {"type": "Point", "coordinates": [-79.1569178280225, 33.004042673700084]}}, {"type": "Feature", "properties": {"spacing_m": 500, "index": 67, "depth_m": 10, "type": "isobath_sample_point"}, "geometry": {"type": "Point", "coordinates": [-79.15205629391372, 33.00212741476383]}}, {"type": "Feature", "properties": {"spacing_m": 500, "index": 68, "depth_m": 10, "type": "isobath_sample_point"}, "geometry": {"type": "Point", "coordinates": [-79.14719475980492, 33.00021215582756]}}, {"type": "Feature", "properties": {"spacing_m": 500, "index": 69, "depth_m": 10, "type": "isobath_sample_point"}, "geometry": {"type": "Point", "coordinates": [-79.14233322569612, 32.998296896891304]}}, {"type": "Feature", "properties": {"spacing_m": 500, "index": 70, "depth_m": 10, "type": "isobath_sample_point"}, "geometry": {"type": "Point", "coordinates": [-79.13747169158732, 32.99638163795505]}}, {"type": "Feature", "properties": {"spacing_m": 500, "index": 71, "depth_m": 10, "type": "isobath_sample_point"}, "geometry": {"type": "Point", "coordinates": [-79.13261015747852, 32.99446637901878]}}, {"type": "Feature", "properties": {"spacing_m": 500, "index": 72, "depth_m": 10, "type": "isobath_sample_point"}, "geometry": {"type": "Point", "coordinates": [-79.12774862336973, 32.992551120082524]}}, {"type": "Feature", "properties": {"spacing_m": 500, "index": 73, "depth_m": 10, "type": "isobath_sample_point"}, "geometry": {"type": "Point", "coordinates": [-79.12245176316658, 32.99212735416782]}}, {"type": "Feature", "properties": {"spacing_m": 500, "index": 74, "depth_m": 10, "type": "isobath_sample_point"}, "geometry": {"type": "Point", "coordinates": [-79.11708588454884, 32.991940055777285]}}, {"type": "Feature", "properties": {"spacing_m": 500, "index": 75, "depth_m": 10, "type": "isobath_sample_point"}, "geometry": {"type": "Point", "coordinates": [-79.11227331802328, 32.99327534981297]}}, {"type": "Feature", "properties": {"spacing_m": 500, "index": 76, "depth_m": 10, "type": "isobath_sample_point"}, "geometry": {"type": "Point", "coordinates": [-79.10794434685879, 32.995941391259514]}}, {"type": "Feature", "properties": {"spacing_m": 500, "index": 77, "depth_m": 10, "type": "isobath_sample_point"}, "geometry": {"type": "Point", "coordinates": [-79.10468366686187, 32.99939112681075]}}, {"type": "Feature", "properties": {"spacing_m": 500, "index": 78, "depth_m": 10, "type": "isobath_sample_point"}, "geometry": {"type": "Point", "coordinates": [-79.1021100130114, 33.003344861980324]}}, {"type": "Feature", "properties": {"spacing_m": 500, "index": 79, "depth_m": 10, "type": "isobath_sample_point"}, "geometry": {"type": "Point", "coordinates": [-79.09953635916092, 33.0072985971499]}}, {"type": "Feature", "properties": {"spacing_m": 500, "index": 80, "depth_m": 10, "type": "isobath_sample_point"}, "geometry": {"type": "Point", "coordinates": [-79.09730191311087, 33.011374921366524]}}, {"type": "Feature", "properties": {"spacing_m": 500, "index": 81, "depth_m": 10, "type": "isobath_sample_point"}, "geometry": {"type": "Point", "coordinates": [-79.09564339429807, 33.01565938457964]}}, {"type": "Feature", "properties": {"spacing_m": 500, "index": 82, "depth_m": 10, "type": "isobath_sample_point"}, "geometry": {"type": "Point", "coordinates": [-79.09398487548528, 33.01994384779277]}}, {"type": "Feature", "properties": {"spacing_m": 500, "index": 83, "depth_m": 10, "type": "isobath_sample_point"}, "geometry": {"type": "Point", "coordinates": [-79.09232635667249, 33.02422831100589]}}, {"type": "Feature", "properties": {"spacing_m": 500, "index": 84, "depth_m": 10, "type": "isobath_sample_point"}, "geometry": {"type": "Point", "coordinates": [-79.09104541589561, 33.02857894647843]}}, {"type": "Feature", "properties": {"spacing_m": 500, "index": 85, "depth_m": 10, "type": "isobath_sample_point"}, "geometry": {"type": "Point", "coordinates": [-79.09051861174214, 33.033061747806855]}}, {"type": "Feature", "properties": {"spacing_m": 500, "index": 86, "depth_m": 10, "type": "isobath_sample_point"}, "geometry": {"type": "Point", "coordinates": [-79.08999180758869, 33.037544549135276]}}, {"type": "Feature", "properties": {"spacing_m": 500, "index": 87, "depth_m": 10, "type": "isobath_sample_point"}, "geometry": {"type": "Point", "coordinates": [-79.08997151812041, 33.042032294721636]}}, {"type": "Feature", "properties": {"spacing_m": 500, "index": 88, "depth_m": 10, "type": "isobath_sample_point"}, "geometry": {"type": "Point", "coordinates": [-79.09037376011618, 33.046524164777836]}}, {"type": "Feature", "properties": {"spacing_m": 500, "index": 89, "depth_m": 10, "type": "isobath_sample_point"}, "geometry": {"type": "Point", "coordinates": [-79.09077600211195, 33.05101603483404]}}, {"type": "Feature", "properties": {"spacing_m": 500, "index": 90, "depth_m": 10, "type": "isobath_sample_point"}, "geometry": {"type": "Point", "coordinates": [-79.09117824410772, 33.05550790489024]}}, {"type": "Feature", "properties": {"spacing_m": 500, "index": 91, "depth_m": 10, "type": "isobath_sample_point"}, "geometry": {"type": "Point", "coordinates": [-79.09158048610348, 33.05999977494645]}}, {"type": "Feature", "properties": {"spacing_m": 500, "index": 92, "depth_m": 10, "type": "isobath_sample_point"}, "geometry": {"type": "Point", "coordinates": [-79.09198272809925, 33.06449164500265]}}, {"type": "Feature", "properties": {"spacing_m": 500, "index": 93, "depth_m": 10, "type": "isobath_sample_point"}, "geometry": {"type": "Point", "coordinates": [-79.09229617246895, 33.068977160010014]}}, {"type": "Feature", "properties": {"spacing_m": 500, "index": 94, "depth_m": 10, "type": "isobath_sample_point"}, "geometry": {"type": "Point", "coordinates": [-79.09099031307058, 33.0733467850439]}}, {"type": "Feature", "properties": {"spacing_m": 500, "index": 95, "depth_m": 10, "type": "isobath_sample_point"}, "geometry": {"type": "Point", "coordinates": [-79.0896844536722, 33.07771641007779]}}, {"type": "Feature", "properties": {"spacing_m": 500, "index": 96, "depth_m": 10, "type": "isobath_sample_point"}, "geometry": {"type": "Point", "coordinates": [-79.08837859427382, 33.08208603511168]}}, {"type": "Feature", "properties": {"spacing_m": 500, "index": 97, "depth_m": 10, "type": "isobath_sample_point"}, "geometry": {"type": "Point", "coordinates": [-79.08707273487545, 33.08645566014557]}}, {"type": "Feature", "properties": {"spacing_m": 500, "index": 98, "depth_m": 10, "type": "isobath_sample_point"}, "geometry": {"type": "Point", "coordinates": [-79.08576687547706, 33.090825285179456]}}, {"type": "Feature", "properties": {"spacing_m": 500, "index": 99, "depth_m": 10, "type": "isobath_sample_point"}, "geometry": {"type": "Point", "coordinates": [-79.08446101607869, 33.095194910213344]}}, {"type": "Feature", "properties": {"spacing_m": 500, "index": 100, "depth_m": 10, "type": "isobath_sample_point"}, "geometry": {"type": "Point", "coordinates": [-79.0831551566803, 33.09956453524723]}}, {"type": "Feature", "properties": {"spacing_m": 500, "index": 101, "depth_m": 10, "type": "isobath_sample_point"}, "geometry": {"type": "Point", "coordinates": [-79.08184929728193, 33.10393416028112]}}, {"type": "Feature", "properties": {"spacing_m": 500, "index": 102, "depth_m": 10, "type": "isobath_sample_point"}, "geometry": {"type": "Point", "coordinates": [-79.08054343788355, 33.10830378531501]}}, {"type": "Feature", "properties": {"spacing_m": 500, "index": 103, "depth_m": 10, "type": "isobath_sample_point"}, "geometry": {"type": "Point", "coordinates": [-79.07923757848518, 33.1126734103489]}}, {"type": "Feature", "properties": {"spacing_m": 500, "index": 104, "depth_m": 10, "type": "isobath_sample_point"}, "geometry": {"type": "Point", "coordinates": [-79.07775976046281, 33.117002478080295]}}, {"type": "Feature", "properties": {"spacing_m": 500, "index": 105, "depth_m": 10, "type": "isobath_sample_point"}, "geometry": {"type": "Point", "coordinates": [-79.07456700222178, 33.12035233398109]}}, {"type": "Feature", "properties": {"spacing_m": 500, "index": 106, "depth_m": 10, "type": "isobath_sample_point"}, "geometry": {"type": "Point", "coordinates": [-79.07023006072676, 33.12301649781629]}}, {"type": "Feature", "properties": {"spacing_m": 500, "index": 107, "depth_m": 10, "type": "isobath_sample_point"}, "geometry": {"type": "Point", "coordinates": [-79.06589311923173, 33.12568066165149]}}, {"type": "Feature", "properties": {"spacing_m": 500, "index": 108, "depth_m": 10, "type": "isobath_sample_point"}, "geometry": {"type": "Point", "coordinates": [-79.0623618033201, 33.12894265957866]}}, {"type": "Feature", "properties": {"spacing_m": 500, "index": 109, "depth_m": 10, "type": "isobath_sample_point"}, "geometry": {"type": "Point", "coordinates": [-79.06168120291387, 33.132959559118156]}}, {"type": "Feature", "properties": {"spacing_m": 500, "index": 110, "depth_m": 10, "type": "isobath_sample_point"}, "geometry": {"type": "Point", "coordinates": [-79.06378601142632, 33.137104921411705]}}, {"type": "Feature", "properties": {"spacing_m": 500, "index": 111, "depth_m": 10, "type": "isobath_sample_point"}, "geometry": {"type": "Point", "coordinates": [-79.06768751837845, 33.13763939834925]}}, {"type": "Feature", "properties": {"spacing_m": 500, "index": 112, "depth_m": 10, "type": "isobath_sample_point"}, "geometry": {"type": "Point", "coordinates": [-79.07268467481586, 33.13597191162148]}}, {"type": "Feature", "properties": {"spacing_m": 500, "index": 113, "depth_m": 10, "type": "isobath_sample_point"}, "geometry": {"type": "Point", "coordinates": [-79.07768183125329, 33.134304424893706]}}, {"type": "Feature", "properties": {"spacing_m": 500, "index": 114, "depth_m": 10, "type": "isobath_sample_point"}, "geometry": {"type": "Point", "coordinates": [-79.08228279826582, 33.134068384048035]}}, {"type": "Feature", "properties": {"spacing_m": 500, "index": 115, "depth_m": 10, "type": "isobath_sample_point"}, "geometry": {"type": "Point", "coordinates": [-79.08589448403201, 33.13740665002975]}}, {"type": "Feature", "properties": {"spacing_m": 500, "index": 116, "depth_m": 10, "type": "isobath_sample_point"}, "geometry": {"type": "Point", "coordinates": [-79.08859539789432, 33.141123722983366]}}, {"type": "Feature", "properties": {"spacing_m": 500, "index": 117, "depth_m": 10, "type": "isobath_sample_point"}, "geometry": {"type": "Point", "coordinates": [-79.08958962136438, 33.14555064020939]}}, {"type": "Feature", "properties": {"spacing_m": 500, "index": 118, "depth_m": 10, "type": "isobath_sample_point"}, "geometry": {"type": "Point", "coordinates": [-79.09058384483444, 33.14997755743542]}}, {"type": "Feature", "properties": {"spacing_m": 500, "index": 119, "depth_m": 10, "type": "isobath_sample_point"}, "geometry": {"type": "Point", "coordinates": [-79.0906624043158, 33.154421968726155]}}, {"type": "Feature", "properties": {"spacing_m": 500, "index": 120, "depth_m": 10, "type": "isobath_sample_point"}, "geometry": {"type": "Point", "coordinates": [-79.08991025903367, 33.15888225090736]}}, {"type": "Feature", "properties": {"spacing_m": 500, "index": 121, "depth_m": 10, "type": "isobath_sample_point"}, "geometry": {"type": "Point", "coordinates": [-79.08915811375154, 33.163342533088574]}}, {"type": "Feature", "properties": {"spacing_m": 500, "index": 122, "depth_m": 10, "type": "isobath_sample_point"}, "geometry": {"type": "Point", "coordinates": [-79.08840596846942, 33.16780281526978]}}, {"type": "Feature", "properties": {"spacing_m": 500, "index": 123, "depth_m": 10, "type": "isobath_sample_point"}, "geometry": {"type": "Point", "coordinates": [-79.08765382318728, 33.17226309745099]}}, {"type": "Feature", "properties": {"spacing_m": 500, "index": 124, "depth_m": 10, "type": "isobath_sample_point"}, "geometry": {"type": "Point", "coordinates": [-79.08877496651574, 33.17662039453524]}}, {"type": "Feature", "properties": {"spacing_m": 500, "index": 125, "depth_m": 10, "type": "isobath_sample_point"}, "geometry": {"type": "Point", "coordinates": [-79.09191705887599, 33.180235789724314]}}, {"type": "Feature", "properties": {"spacing_m": 500, "index": 126, "depth_m": 10, "type": "isobath_sample_point"}, "geometry": {"type": "Point", "coordinates": [-79.09526207871579, 33.183764701105765]}}, {"type": "Feature", "properties": {"spacing_m": 500, "index": 127, "depth_m": 10, "type": "isobath_sample_point"}, "geometry": {"type": "Point", "coordinates": [-79.09860709855558, 33.187293612487224]}}, {"type": "Feature", "properties": {"spacing_m": 500, "index": 128, "depth_m": 10, "type": "isobath_sample_point"}, "geometry": {"type": "Point", "coordinates": [-79.10123788749078, 33.1911174720715]}}, {"type": "Feature", "properties": {"spacing_m": 500, "index": 129, "depth_m": 10, "type": "isobath_sample_point"}, "geometry": {"type": "Point", "coordinates": [-79.10254895250577, 33.195486323752824]}}, {"type": "Feature", "properties": {"spacing_m": 500, "index": 130, "depth_m": 10, "type": "isobath_sample_point"}, "geometry": {"type": "Point", "coordinates": [-79.10313330568916, 33.19991168169803]}}, {"type": "Feature", "properties": {"spacing_m": 500, "index": 131, "depth_m": 10, "type": "isobath_sample_point"}, "geometry": {"type": "Point", "coordinates": [-79.10280656732628, 33.2044078825511]}}, {"type": "Feature", "properties": {"spacing_m": 500, "index": 132, "depth_m": 10, "type": "isobath_sample_point"}, "geometry": {"type": "Point", "coordinates": [-79.10247982896342, 33.20890408340417]}}, {"type": "Feature", "properties": {"spacing_m": 500, "index": 133, "depth_m": 10, "type": "isobath_sample_point"}, "geometry": {"type": "Point", "coordinates": [-79.10215309060055, 33.21340028425724]}}, {"type": "Feature", "properties": {"spacing_m": 500, "index": 134, "depth_m": 10, "type": "isobath_sample_point"}, "geometry": {"type": "Point", "coordinates": [-79.101039908627, 33.21779380931433]}}, {"type": "Feature", "properties": {"spacing_m": 500, "index": 135, "depth_m": 10, "type": "isobath_sample_point"}, "geometry": {"type": "Point", "coordinates": [-79.0997132473041, 33.222159463126964]}}, {"type": "Feature", "properties": {"spacing_m": 500, "index": 136, "depth_m": 10, "type": "isobath_sample_point"}, "geometry": {"type": "Point", "coordinates": [-79.0983865859812, 33.2265251169396]}}, {"type": "Feature", "properties": {"spacing_m": 500, "index": 137, "depth_m": 10, "type": "isobath_sample_point"}, "geometry": {"type": "Point", "coordinates": [-79.0970599246583, 33.23089077075223]}}, {"type": "Feature", "properties": {"spacing_m": 500, "index": 138, "depth_m": 10, "type": "isobath_sample_point"}, "geometry": {"type": "Point", "coordinates": [-79.0957332633354, 33.235256424564874]}}, {"type": "Feature", "properties": {"spacing_m": 500, "index": 139, "depth_m": 10, "type": "isobath_sample_point"}, "geometry": {"type": "Point", "coordinates": [-79.09593721585304, 33.239750684203976]}}, {"type": "Feature", "properties": {"spacing_m": 500, "index": 140, "depth_m": 10, "type": "isobath_sample_point"}, "geometry": {"type": "Point", "coordinates": [-79.0964910733131, 33.244172487111456]}}, {"type": "Feature", "properties": {"spacing_m": 500, "index": 141, "depth_m": 10, "type": "isobath_sample_point"}, "geometry": {"type": "Point", "coordinates": [-79.09937792077287, 33.24797534622415]}}, {"type": "Feature", "properties": {"spacing_m": 500, "index": 142, "depth_m": 10, "type": "isobath_sample_point"}, "geometry": {"type": "Point", "coordinates": [-79.10241643107305, 33.251589739359694]}}, {"type": "Feature", "properties": {"spacing_m": 500, "index": 143, "depth_m": 10, "type": "isobath_sample_point"}, "geometry": {"type": "Point", "coordinates": [-79.10771641672883, 33.2523938781078]}}, {"type": "Feature", "properties": {"spacing_m": 500, "index": 144, "depth_m": 10, "type": "isobath_sample_point"}, "geometry": {"type": "Point", "coordinates": [-79.1130164023846, 33.25319801685591]}}, {"type": "Feature", "properties": {"spacing_m": 500, "index": 145, "depth_m": 10, "type": "isobath_sample_point"}, "geometry": {"type": "Point", "coordinates": [-79.11831638804038, 33.25400215560401]}}, {"type": "Feature", "properties": {"spacing_m": 500, "index": 146, "depth_m": 10, "type": "isobath_sample_point"}, "geometry": {"type": "Point", "coordinates": [-79.12325958135814, 33.25522111832918]}}, {"type": "Feature", "properties": {"spacing_m": 500, "index": 147, "depth_m": 10, "type": "isobath_sample_point"}, "geometry": {"type": "Point", "coordinates": [-79.1258570155261, 33.25916737375672]}}, {"type": "Feature", "properties": {"spacing_m": 500, "index": 148, "depth_m": 10, "type": "isobath_sample_point"}, "geometry": {"type": "Point", "coordinates": [-79.12549782696307, 33.26333235896326]}}, {"type": "Feature", "properties": {"spacing_m": 500, "index": 149, "depth_m": 10, "type": "isobath_sample_point"}, "geometry": {"type": "Point", "coordinates": [-79.12376906511486, 33.267598664659175]}}, {"type": "Feature", "properties": {"spacing_m": 500, "index": 150, "depth_m": 10, "type": "isobath_sample_point"}, "geometry": {"type": "Point", "coordinates": [-79.12204030326664, 33.27186497035509]}}, {"type": "Feature", "properties": {"spacing_m": 500, "index": 151, "depth_m": 10, "type": "isobath_sample_point"}, "geometry": {"type": "Point", "coordinates": [-79.12031154141843, 33.276131276051004]}}, {"type": "Feature", "properties": {"spacing_m": 500, "index": 152, "depth_m": 10, "type": "isobath_sample_point"}, "geometry": {"type": "Point", "coordinates": [-79.11874144638574, 33.28042056367743]}}, {"type": "Feature", "properties": {"spacing_m": 500, "index": 153, "depth_m": 10, "type": "isobath_sample_point"}, "geometry": {"type": "Point", "coordinates": [-79.11865301722659, 33.28492446166231]}}, {"type": "Feature", "properties": {"spacing_m": 500, "index": 154, "depth_m": 10, "type": "isobath_sample_point"}, "geometry": {"type": "Point", "coordinates": [-79.11856458806744, 33.28942835964718]}}, {"type": "Feature", "properties": {"spacing_m": 500, "index": 155, "depth_m": 10, "type": "isobath_sample_point"}, "geometry": {"type": "Point", "coordinates": [-79.1184761589083, 33.29393225763206]}}, {"type": "Feature", "properties": {"spacing_m": 500, "index": 156, "depth_m": 10, "type": "isobath_sample_point"}, "geometry": {"type": "Point", "coordinates": [-79.11838772974914, 33.29843615561693]}}, {"type": "Feature", "properties": {"spacing_m": 500, "index": 157, "depth_m": 10, "type": "isobath_sample_point"}, "geometry": {"type": "Point", "coordinates": [-79.11800626465894, 33.30290009891617]}}, {"type": "Feature", "properties": {"spacing_m": 500, "index": 158, "depth_m": 10, "type": "isobath_sample_point"}, "geometry": {"type": "Point", "coordinates": [-79.11637730472452, 33.30719394954399]}}, {"type": "Feature", "properties": {"spacing_m": 500, "index": 159, "depth_m": 10, "type": "isobath_sample_point"}, "geometry": {"type": "Point", "coordinates": [-79.11409676614291, 33.31111030673276]}}, {"type": "Feature", "properties": {"spacing_m": 500, "index": 160, "depth_m": 10, "type": "isobath_sample_point"}, "geometry": {"type": "Point", "coordinates": [-79.10985582425668, 33.31389090020588]}}, {"type": "Feature", "properties": {"spacing_m": 500, "index": 161, "depth_m": 10, "type": "isobath_sample_point"}, "geometry": {"type": "Point", "coordinates": [-79.10561488237047, 33.316671493678996]}}, {"type": "Feature", "properties": {"spacing_m": 500, "index": 162, "depth_m": 10, "type": "isobath_sample_point"}, "geometry": {"type": "Point", "coordinates": [-79.10137394048425, 33.319452087152115]}}, {"type": "Feature", "properties": {"spacing_m": 500, "index": 163, "depth_m": 10, "type": "isobath_sample_point"}, "geometry": {"type": "Point", "coordinates": [-79.09713299859803, 33.322232680625234]}}, {"type": "Feature", "properties": {"spacing_m": 500, "index": 164, "depth_m": 10, "type": "isobath_sample_point"}, "geometry": {"type": "Point", "coordinates": [-79.09289205671182, 33.32501327409835]}}, {"type": "Feature", "properties": {"spacing_m": 500, "index": 165, "depth_m": 10, "type": "isobath_sample_point"}, "geometry": {"type": "Point", "coordinates": [-79.08907279972999, 33.32809278403992]}}, {"type": "Feature", "properties": {"spacing_m": 500, "index": 166, "depth_m": 10, "type": "isobath_sample_point"}, "geometry": {"type": "Point", "coordinates": [-79.08648207289315, 33.33204315250279]}}, {"type": "Feature", "properties": {"spacing_m": 500, "index": 167, "depth_m": 10, "type": "isobath_sample_point"}, "geometry": {"type": "Point", "coordinates": [-79.0838913460563, 33.33599352096567]}}, {"type": "Feature", "properties": {"spacing_m": 500, "index": 168, "depth_m": 10, "type": "isobath_sample_point"}, "geometry": {"type": "Point", "coordinates": [-79.0814935738384, 33.33999285675811]}}, {"type": "Feature", "properties": {"spacing_m": 500, "index": 169, "depth_m": 10, "type": "isobath_sample_point"}, "geometry": {"type": "Point", "coordinates": [-79.08101691982283, 33.3444797270218]}}, {"type": "Feature", "properties": {"spacing_m": 500, "index": 170, "depth_m": 10, "type": "isobath_sample_point"}, "geometry": {"type": "Point", "coordinates": [-79.08082205956379, 33.34896108735905]}}, {"type": "Feature", "properties": {"spacing_m": 500, "index": 171, "depth_m": 10, "type": "isobath_sample_point"}, "geometry": {"type": "Point", "coordinates": [-79.08154964895628, 33.35342441099533]}}, {"type": "Feature", "properties": {"spacing_m": 500, "index": 172, "depth_m": 10, "type": "isobath_sample_point"}, "geometry": {"type": "Point", "coordinates": [-79.08227723834877, 33.35788773463162]}}, {"type": "Feature", "properties": {"spacing_m": 500, "index": 173, "depth_m": 10, "type": "isobath_sample_point"}, "geometry": {"type": "Point", "coordinates": [-79.08300482774126, 33.3623510582679]}}, {"type": "Feature", "properties": {"spacing_m": 500, "index": 174, "depth_m": 10, "type": "isobath_sample_point"}, "geometry": {"type": "Point", "coordinates": [-79.08373241713376, 33.36681438190418]}}, {"type": "Feature", "properties": {"spacing_m": 500, "index": 175, "depth_m": 10, "type": "isobath_sample_point"}, "geometry": {"type": "Point", "coordinates": [-79.08446000652624, 33.371277705540464]}}, {"type": "Feature", "properties": {"spacing_m": 500, "index": 176, "depth_m": 10, "type": "isobath_sample_point"}, "geometry": {"type": "Point", "coordinates": [-79.08381404615811, 33.375663226191676]}}, {"type": "Feature", "properties": {"spacing_m": 500, "index": 177, "depth_m": 10, "type": "isobath_sample_point"}, "geometry": {"type": "Point", "coordinates": [-79.08237102285823, 33.38000359822349]}}, {"type": "Feature", "properties": {"spacing_m": 500, "index": 178, "depth_m": 10, "type": "isobath_sample_point"}, "geometry": {"type": "Point", "coordinates": [-79.08092799955834, 33.3843439702553]}}, {"type": "Feature", "properties": {"spacing_m": 500, "index": 179, "depth_m": 10, "type": "isobath_sample_point"}, "geometry": {"type": "Point", "coordinates": [-79.07948497625846, 33.388684342287114]}}, {"type": "Feature", "properties": {"spacing_m": 500, "index": 180, "depth_m": 10, "type": "isobath_sample_point"}, "geometry": {"type": "Point", "coordinates": [-79.07804195295857, 33.393024714318926]}}, {"type": "Feature", "properties": {"spacing_m": 500, "index": 181, "depth_m": 10, "type": "isobath_sample_point"}, "geometry": {"type": "Point", "coordinates": [-79.0765989296587, 33.39736508635074]}}, {"type": "Feature", "properties": {"spacing_m": 500, "index": 182, "depth_m": 10, "type": "isobath_sample_point"}, "geometry": {"type": "Point", "coordinates": [-79.07515590635882, 33.40170545838255]}}, {"type": "Feature", "properties": {"spacing_m": 500, "index": 183, "depth_m": 10, "type": "isobath_sample_point"}, "geometry": {"type": "Point", "coordinates": [-79.07243888215247, 33.405580709141475]}}, {"type": "Feature", "properties": {"spacing_m": 500, "index": 184, "depth_m": 10, "type": "isobath_sample_point"}, "geometry": {"type": "Point", "coordinates": [-79.06960036560936, 33.40941160461774]}}, {"type": "Feature", "properties": {"spacing_m": 500, "index": 185, "depth_m": 10, "type": "isobath_sample_point"}, "geometry": {"type": "Point", "coordinates": [-79.06590696997908, 33.41263834356955]}}, {"type": "Feature", "properties": {"spacing_m": 500, "index": 186, "depth_m": 10, "type": "isobath_sample_point"}, "geometry": {"type": "Point", "coordinates": [-79.061847928178, 33.41560667460959]}}, {"type": "Feature", "properties": {"spacing_m": 500, "index": 187, "depth_m": 10, "type": "isobath_sample_point"}, "geometry": {"type": "Point", "coordinates": [-79.05695527849612, 33.41704957767894]}}, {"type": "Feature", "properties": {"spacing_m": 500, "index": 188, "depth_m": 10, "type": "isobath_sample_point"}, "geometry": {"type": "Point", "coordinates": [-79.05160859128303, 33.41766163261714]}}, {"type": "Feature", "properties": {"spacing_m": 500, "index": 189, "depth_m": 10, "type": "isobath_sample_point"}, "geometry": {"type": "Point", "coordinates": [-79.04626190406994, 33.41827368755535]}}, {"type": "Feature", "properties": {"spacing_m": 500, "index": 190, "depth_m": 10, "type": "isobath_sample_point"}, "geometry": {"type": "Point", "coordinates": [-79.04091521685685, 33.41888574249356]}}, {"type": "Feature", "properties": {"spacing_m": 500, "index": 191, "depth_m": 10, "type": "isobath_sample_point"}, "geometry": {"type": "Point", "coordinates": [-79.03556852964375, 33.41949779743176]}}, {"type": "Feature", "properties": {"spacing_m": 500, "index": 192, "depth_m": 10, "type": "isobath_sample_point"}, "geometry": {"type": "Point", "coordinates": [-79.03052200046515, 33.420609551158655]}}, {"type": "Feature", "properties": {"spacing_m": 500, "index": 193, "depth_m": 10, "type": "isobath_sample_point"}, "geometry": {"type": "Point", "coordinates": [-79.0267362132277, 33.423820169978065]}}, {"type": "Feature", "properties": {"spacing_m": 500, "index": 194, "depth_m": 10, "type": "isobath_sample_point"}, "geometry": {"type": "Point", "coordinates": [-79.02295042599023, 33.427030788797474]}}, {"type": "Feature", "properties": {"spacing_m": 500, "index": 195, "depth_m": 10, "type": "isobath_sample_point"}, "geometry": {"type": "Point", "coordinates": [-79.01916463875277, 33.43024140761689]}}, {"type": "Feature", "properties": {"spacing_m": 500, "index": 196, "depth_m": 10, "type": "isobath_sample_point"}, "geometry": {"type": "Point", "coordinates": [-79.01537885151531, 33.4334520264363]}}, {"type": "Feature", "properties": {"spacing_m": 500, "index": 197, "depth_m": 10, "type": "isobath_sample_point"}, "geometry": {"type": "Point", "coordinates": [-79.01159306427785, 33.436662645255716]}}, {"type": "Feature", "properties": {"spacing_m": 500, "index": 198, "depth_m": 10, "type": "isobath_sample_point"}, "geometry": {"type": "Point", "coordinates": [-79.00688348143818, 33.438633556351284]}}, {"type": "Feature", "properties": {"spacing_m": 500, "index": 199, "depth_m": 10, "type": "isobath_sample_point"}, "geometry": {"type": "Point", "coordinates": [-79.00175742153095, 33.44004556693227]}}, {"type": "Feature", "properties": {"spacing_m": 500, "index": 200, "depth_m": 10, "type": "isobath_sample_point"}, "geometry": {"type": "Point", "coordinates": [-78.99663136162373, 33.441457577513255]}}, {"type": "Feature", "properties": {"spacing_m": 500, "index": 201, "depth_m": 10, "type": "isobath_sample_point"}, "geometry": {"type": "Point", "coordinates": [-78.99150530171651, 33.44286958809424]}}, {"type": "Feature", "properties": {"spacing_m": 500, "index": 202, "depth_m": 10, "type": "isobath_sample_point"}, "geometry": {"type": "Point", "coordinates": [-78.98690024083385, 33.44497229168488]}}, {"type": "Feature", "properties": {"spacing_m": 500, "index": 203, "depth_m": 10, "type": "isobath_sample_point"}, "geometry": {"type": "Point", "coordinates": [-78.98337486226107, 33.44832137443292]}}, {"type": "Feature", "properties": {"spacing_m": 500, "index": 204, "depth_m": 10, "type": "isobath_sample_point"}, "geometry": {"type": "Point", "coordinates": [-78.98196185782699, 33.452668864550596]}}, {"type": "Feature", "properties": {"spacing_m": 500, "index": 205, "depth_m": 10, "type": "isobath_sample_point"}, "geometry": {"type": "Point", "coordinates": [-78.98018026228029, 33.456854101277266]}}, {"type": "Feature", "properties": {"spacing_m": 500, "index": 206, "depth_m": 10, "type": "isobath_sample_point"}, "geometry": {"type": "Point", "coordinates": [-78.97645857882515, 33.45992981831614]}}, {"type": "Feature", "properties": {"spacing_m": 500, "index": 207, "depth_m": 10, "type": "isobath_sample_point"}, "geometry": {"type": "Point", "coordinates": [-78.9710808263728, 33.46033278323875]}}, {"type": "Feature", "properties": {"spacing_m": 500, "index": 208, "depth_m": 10, "type": "isobath_sample_point"}, "geometry": {"type": "Point", "coordinates": [-78.96570307392045, 33.460735748161355]}}, {"type": "Feature", "properties": {"spacing_m": 500, "index": 209, "depth_m": 10, "type": "isobath_sample_point"}, "geometry": {"type": "Point", "coordinates": [-78.9603253214681, 33.46113871308396]}}, {"type": "Feature", "properties": {"spacing_m": 500, "index": 210, "depth_m": 10, "type": "isobath_sample_point"}, "geometry": {"type": "Point", "coordinates": [-78.95494756901576, 33.46154167800657]}}, {"type": "Feature", "properties": {"spacing_m": 500, "index": 211, "depth_m": 10, "type": "isobath_sample_point"}, "geometry": {"type": "Point", "coordinates": [-78.94956981656341, 33.461944642929176]}}, {"type": "Feature", "properties": {"spacing_m": 500, "index": 212, "depth_m": 10, "type": "isobath_sample_point"}, "geometry": {"type": "Point", "coordinates": [-78.94419206411106, 33.46234760785178]}}, {"type": "Feature", "properties": {"spacing_m": 500, "index": 213, "depth_m": 10, "type": "isobath_sample_point"}, "geometry": {"type": "Point", "coordinates": [-78.94256254507911, 33.46639453014682]}}, {"type": "Feature", "properties": {"spacing_m": 500, "index": 214, "depth_m": 10, "type": "isobath_sample_point"}, "geometry": {"type": "Point", "coordinates": [-78.94126873595438, 33.47076782288206]}}, {"type": "Feature", "properties": {"spacing_m": 500, "index": 215, "depth_m": 10, "type": "isobath_sample_point"}, "geometry": {"type": "Point", "coordinates": [-78.94114986081507, 33.47516694039846]}}, {"type": "Feature", "properties": {"spacing_m": 500, "index": 216, "depth_m": 10, "type": "isobath_sample_point"}, "geometry": {"type": "Point", "coordinates": [-78.94216598569055, 33.479591004956454]}}, {"type": "Feature", "properties": {"spacing_m": 500, "index": 217, "depth_m": 10, "type": "isobath_sample_point"}, "geometry": {"type": "Point", "coordinates": [-78.94318211056603, 33.48401506951444]}}, {"type": "Feature", "properties": {"spacing_m": 500, "index": 218, "depth_m": 10, "type": "isobath_sample_point"}, "geometry": {"type": "Point", "coordinates": [-78.9441982354415, 33.488439134072436]}}, {"type": "Feature", "properties": {"spacing_m": 500, "index": 219, "depth_m": 10, "type": "isobath_sample_point"}, "geometry": {"type": "Point", "coordinates": [-78.94521436031698, 33.49286319863043]}}, {"type": "Feature", "properties": {"spacing_m": 500, "index": 220, "depth_m": 10, "type": "isobath_sample_point"}, "geometry": {"type": "Point", "coordinates": [-78.94623048519246, 33.49728726318842]}}, {"type": "Feature", "properties": {"spacing_m": 500, "index": 221, "depth_m": 10, "type": "isobath_sample_point"}, "geometry": {"type": "Point", "coordinates": [-78.94640103883108, 33.50178026286707]}}, {"type": "Feature", "properties": {"spacing_m": 500, "index": 222, "depth_m": 10, "type": "isobath_sample_point"}, "geometry": {"type": "Point", "coordinates": [-78.9464313413468, 33.506284696506185]}}, {"type": "Feature", "properties": {"spacing_m": 500, "index": 223, "depth_m": 10, "type": "isobath_sample_point"}, "geometry": {"type": "Point", "coordinates": [-78.9464616438625, 33.51078913014529]}}, {"type": "Feature", "properties": {"spacing_m": 500, "index": 224, "depth_m": 10, "type": "isobath_sample_point"}, "geometry": {"type": "Point", "coordinates": [-78.94583527687934, 33.51504055853557]}}, {"type": "Feature", "properties": {"spacing_m": 500, "index": 225, "depth_m": 10, "type": "isobath_sample_point"}, "geometry": {"type": "Point", "coordinates": [-78.94170084078642, 33.51794037869748]}}, {"type": "Feature", "properties": {"spacing_m": 500, "index": 226, "depth_m": 10, "type": "isobath_sample_point"}, "geometry": {"type": "Point", "coordinates": [-78.93695097096271, 33.519537992016524]}}, {"type": "Feature", "properties": {"spacing_m": 500, "index": 227, "depth_m": 10, "type": "isobath_sample_point"}, "geometry": {"type": "Point", "coordinates": [-78.93155497738124, 33.519768460935495]}}, {"type": "Feature", "properties": {"spacing_m": 500, "index": 228, "depth_m": 10, "type": "isobath_sample_point"}, "geometry": {"type": "Point", "coordinates": [-78.92615898379977, 33.519998929854474]}}, {"type": "Feature", "properties": {"spacing_m": 500, "index": 229, "depth_m": 10, "type": "isobath_sample_point"}, "geometry": {"type": "Point", "coordinates": [-78.9207629902183, 33.52022939877345]}}, {"type": "Feature", "properties": {"spacing_m": 500, "index": 230, "depth_m": 10, "type": "isobath_sample_point"}, "geometry": {"type": "Point", "coordinates": [-78.91536699663683, 33.52045986769243]}}, {"type": "Feature", "properties": {"spacing_m": 500, "index": 231, "depth_m": 10, "type": "isobath_sample_point"}, "geometry": {"type": "Point", "coordinates": [-78.91135528853526, 33.5232470620702]}}, {"type": "Feature", "properties": {"spacing_m": 500, "index": 232, "depth_m": 10, "type": "isobath_sample_point"}, "geometry": {"type": "Point", "coordinates": [-78.9075787790571, 33.526468659840255]}}, {"type": "Feature", "properties": {"spacing_m": 500, "index": 233, "depth_m": 10, "type": "isobath_sample_point"}, "geometry": {"type": "Point", "coordinates": [-78.90659224046456, 33.53072163879744]}}, {"type": "Feature", "properties": {"spacing_m": 500, "index": 234, "depth_m": 10, "type": "isobath_sample_point"}, "geometry": {"type": "Point", "coordinates": [-78.90626353499937, 33.53521780190945]}}, {"type": "Feature", "properties": {"spacing_m": 500, "index": 235, "depth_m": 10, "type": "isobath_sample_point"}, "geometry": {"type": "Point", "coordinates": [-78.90709321654838, 33.5396640500349]}}, {"type": "Feature", "properties": {"spacing_m": 500, "index": 236, "depth_m": 10, "type": "isobath_sample_point"}, "geometry": {"type": "Point", "coordinates": [-78.90797650441775, 33.544107988259846]}}, {"type": "Feature", "properties": {"spacing_m": 500, "index": 237, "depth_m": 10, "type": "isobath_sample_point"}, "geometry": {"type": "Point", "coordinates": [-78.90885979228712, 33.54855192648479]}}, {"type": "Feature", "properties": {"spacing_m": 500, "index": 238, "depth_m": 10, "type": "isobath_sample_point"}, "geometry": {"type": "Point", "coordinates": [-78.9093944986614, 33.55299774621725]}}, {"type": "Feature", "properties": {"spacing_m": 500, "index": 239, "depth_m": 10, "type": "isobath_sample_point"}, "geometry": {"type": "Point", "coordinates": [-78.90858022886793, 33.557450847199114]}}, {"type": "Feature", "properties": {"spacing_m": 500, "index": 240, "depth_m": 10, "type": "isobath_sample_point"}, "geometry": {"type": "Point", "coordinates": [-78.90727208655495, 33.561779115084434]}}, {"type": "Feature", "properties": {"spacing_m": 500, "index": 241, "depth_m": 10, "type": "isobath_sample_point"}, "geometry": {"type": "Point", "coordinates": [-78.90497910262404, 33.56585845065645]}}, {"type": "Feature", "properties": {"spacing_m": 500, "index": 242, "depth_m": 10, "type": "isobath_sample_point"}, "geometry": {"type": "Point", "coordinates": [-78.90268611869313, 33.56993778622846]}}, {"type": "Feature", "properties": {"spacing_m": 500, "index": 243, "depth_m": 10, "type": "isobath_sample_point"}, "geometry": {"type": "Point", "coordinates": [-78.90039313476223, 33.57401712180047]}}, {"type": "Feature", "properties": {"spacing_m": 500, "index": 244, "depth_m": 10, "type": "isobath_sample_point"}, "geometry": {"type": "Point", "coordinates": [-78.89810015083131, 33.57809645737248]}}, {"type": "Feature", "properties": {"spacing_m": 500, "index": 245, "depth_m": 10, "type": "isobath_sample_point"}, "geometry": {"type": "Point", "coordinates": [-78.8958071669004, 33.5821757929445]}}, {"type": "Feature", "properties": {"spacing_m": 500, "index": 246, "depth_m": 10, "type": "isobath_sample_point"}, "geometry": {"type": "Point", "coordinates": [-78.8935141829695, 33.586255128516505]}}, {"type": "Feature", "properties": {"spacing_m": 500, "index": 247, "depth_m": 10, "type": "isobath_sample_point"}, "geometry": {"type": "Point", "coordinates": [-78.89122119903858, 33.59033446408852]}}, {"type": "Feature", "properties": {"spacing_m": 500, "index": 248, "depth_m": 10, "type": "isobath_sample_point"}, "geometry": {"type": "Point", "coordinates": [-78.88861163102942, 33.59424893516248]}}, {"type": "Feature", "properties": {"spacing_m": 500, "index": 249, "depth_m": 10, "type": "isobath_sample_point"}, "geometry": {"type": "Point", "coordinates": [-78.88521056892914, 33.59775122733991]}}, {"type": "Feature", "properties": {"spacing_m": 500, "index": 250, "depth_m": 10, "type": "isobath_sample_point"}, "geometry": {"type": "Point", "coordinates": [-78.88180950682886, 33.60125351951734]}}, {"type": "Feature", "properties": {"spacing_m": 500, "index": 251, "depth_m": 10, "type": "isobath_sample_point"}, "geometry": {"type": "Point", "coordinates": [-78.87840844472858, 33.604755811694766]}}, {"type": "Feature", "properties": {"spacing_m": 500, "index": 252, "depth_m": 10, "type": "isobath_sample_point"}, "geometry": {"type": "Point", "coordinates": [-78.8750073826283, 33.608258103872195]}}, {"type": "Feature", "properties": {"spacing_m": 500, "index": 253, "depth_m": 10, "type": "isobath_sample_point"}, "geometry": {"type": "Point", "coordinates": [-78.87143455319178, 33.611631113775154]}}, {"type": "Feature", "properties": {"spacing_m": 500, "index": 254, "depth_m": 10, "type": "isobath_sample_point"}, "geometry": {"type": "Point", "coordinates": [-78.86758579722863, 33.61479644502556]}}, {"type": "Feature", "properties": {"spacing_m": 500, "index": 255, "depth_m": 10, "type": "isobath_sample_point"}, "geometry": {"type": "Point", "coordinates": [-78.8637370412655, 33.61796177627596]}}, {"type": "Feature", "properties": {"spacing_m": 500, "index": 256, "depth_m": 10, "type": "isobath_sample_point"}, "geometry": {"type": "Point", "coordinates": [-78.85988828530236, 33.62112710752637]}}, {"type": "Feature", "properties": {"spacing_m": 500, "index": 257, "depth_m": 10, "type": "isobath_sample_point"}, "geometry": {"type": "Point", "coordinates": [-78.85603952933923, 33.62429243877678]}}, {"type": "Feature", "properties": {"spacing_m": 500, "index": 258, "depth_m": 10, "type": "isobath_sample_point"}, "geometry": {"type": "Point", "coordinates": [-78.8521907733761, 33.62745777002718]}}, {"type": "Feature", "properties": {"spacing_m": 500, "index": 259, "depth_m": 10, "type": "isobath_sample_point"}, "geometry": {"type": "Point", "coordinates": [-78.84834201741296, 33.630623101277585]}}, {"type": "Feature", "properties": {"spacing_m": 500, "index": 260, "depth_m": 10, "type": "isobath_sample_point"}, "geometry": {"type": "Point", "coordinates": [-78.84449326144981, 33.63378843252799]}}, {"type": "Feature", "properties": {"spacing_m": 500, "index": 261, "depth_m": 10, "type": "isobath_sample_point"}, "geometry": {"type": "Point", "coordinates": [-78.84113149092813, 33.63730819091478]}}, {"type": "Feature", "properties": {"spacing_m": 500, "index": 262, "depth_m": 10, "type": "isobath_sample_point"}, "geometry": {"type": "Point", "coordinates": [-78.83788627430911, 33.640912777024205]}}, {"type": "Feature", "properties": {"spacing_m": 500, "index": 263, "depth_m": 10, "type": "isobath_sample_point"}, "geometry": {"type": "Point", "coordinates": [-78.8346410576901, 33.64451736313364]}}, {"type": "Feature", "properties": {"spacing_m": 500, "index": 264, "depth_m": 10, "type": "isobath_sample_point"}, "geometry": {"type": "Point", "coordinates": [-78.83139584107109, 33.64812194924306]}}, {"type": "Feature", "properties": {"spacing_m": 500, "index": 265, "depth_m": 10, "type": "isobath_sample_point"}, "geometry": {"type": "Point", "coordinates": [-78.82815062445208, 33.65172653535249]}}, {"type": "Feature", "properties": {"spacing_m": 500, "index": 266, "depth_m": 10, "type": "isobath_sample_point"}, "geometry": {"type": "Point", "coordinates": [-78.82490540783306, 33.65533112146192]}}, {"type": "Feature", "properties": {"spacing_m": 500, "index": 267, "depth_m": 10, "type": "isobath_sample_point"}, "geometry": {"type": "Point", "coordinates": [-78.82166019121405, 33.658935707571345]}}, {"type": "Feature", "properties": {"spacing_m": 500, "index": 268, "depth_m": 10, "type": "isobath_sample_point"}, "geometry": {"type": "Point", "coordinates": [-78.81841497459503, 33.66254029368078]}}, {"type": "Feature", "properties": {"spacing_m": 500, "index": 269, "depth_m": 10, "type": "isobath_sample_point"}, "geometry": {"type": "Point", "coordinates": [-78.81516975797602, 33.6661448797902]}}, {"type": "Feature", "properties": {"spacing_m": 500, "index": 270, "depth_m": 10, "type": "isobath_sample_point"}, "geometry": {"type": "Point", "coordinates": [-78.81153147662637, 33.669384229984175]}}, {"type": "Feature", "properties": {"spacing_m": 500, "index": 271, "depth_m": 10, "type": "isobath_sample_point"}, "geometry": {"type": "Point", "coordinates": [-78.80686866720238, 33.67167158825421]}}, {"type": "Feature", "properties": {"spacing_m": 500, "index": 272, "depth_m": 10, "type": "isobath_sample_point"}, "geometry": {"type": "Point", "coordinates": [-78.80220585777839, 33.67395894652425]}}, {"type": "Feature", "properties": {"spacing_m": 500, "index": 273, "depth_m": 10, "type": "isobath_sample_point"}, "geometry": {"type": "Point", "coordinates": [-78.79682500452596, 33.67431731659903]}}, {"type": "Feature", "properties": {"spacing_m": 500, "index": 274, "depth_m": 10, "type": "isobath_sample_point"}, "geometry": {"type": "Point", "coordinates": [-78.791424774093, 33.674623630864694]}}, {"type": "Feature", "properties": {"spacing_m": 500, "index": 275, "depth_m": 10, "type": "isobath_sample_point"}, "geometry": {"type": "Point", "coordinates": [-78.78602454366006, 33.67492994513036]}}, {"type": "Feature", "properties": {"spacing_m": 500, "index": 276, "depth_m": 10, "type": "isobath_sample_point"}, "geometry": {"type": "Point", "coordinates": [-78.78175433563965, 33.677551246354646]}}, {"type": "Feature", "properties": {"spacing_m": 500, "index": 277, "depth_m": 10, "type": "isobath_sample_point"}, "geometry": {"type": "Point", "coordinates": [-78.77762746317143, 33.68046618771419]}}, {"type": "Feature", "properties": {"spacing_m": 500, "index": 278, "depth_m": 10, "type": "isobath_sample_point"}, "geometry": {"type": "Point", "coordinates": [-78.77350059070321, 33.68338112907372]}}, {"type": "Feature", "properties": {"spacing_m": 500, "index": 279, "depth_m": 10, "type": "isobath_sample_point"}, "geometry": {"type": "Point", "coordinates": [-78.76997777398846, 33.686789667326586]}}, {"type": "Feature", "properties": {"spacing_m": 500, "index": 280, "depth_m": 10, "type": "isobath_sample_point"}, "geometry": {"type": "Point", "coordinates": [-78.7665545135277, 33.69027955677491]}}, {"type": "Feature", "properties": {"spacing_m": 500, "index": 281, "depth_m": 10, "type": "isobath_sample_point"}, "geometry": {"type": "Point", "coordinates": [-78.76313125306692, 33.693769446223236]}}, {"type": "Feature", "properties": {"spacing_m": 500, "index": 282, "depth_m": 10, "type": "isobath_sample_point"}, "geometry": {"type": "Point", "coordinates": [-78.75970799260615, 33.69725933567155]}}, {"type": "Feature", "properties": {"spacing_m": 500, "index": 283, "depth_m": 10, "type": "isobath_sample_point"}, "geometry": {"type": "Point", "coordinates": [-78.75628473214539, 33.70074922511988]}}, {"type": "Feature", "properties": {"spacing_m": 500, "index": 284, "depth_m": 10, "type": "isobath_sample_point"}, "geometry": {"type": "Point", "coordinates": [-78.75286147168461, 33.704239114568196]}}, {"type": "Feature", "properties": {"spacing_m": 500, "index": 285, "depth_m": 10, "type": "isobath_sample_point"}, "geometry": {"type": "Point", "coordinates": [-78.74943821122385, 33.70772900401652]}}, {"type": "Feature", "properties": {"spacing_m": 500, "index": 286, "depth_m": 10, "type": "isobath_sample_point"}, "geometry": {"type": "Point", "coordinates": [-78.74601495076307, 33.71121889346484]}}, {"type": "Feature", "properties": {"spacing_m": 500, "index": 287, "depth_m": 10, "type": "isobath_sample_point"}, "geometry": {"type": "Point", "coordinates": [-78.74261904687886, 33.7147243400742]}}, {"type": "Feature", "properties": {"spacing_m": 500, "index": 288, "depth_m": 10, "type": "isobath_sample_point"}, "geometry": {"type": "Point", "coordinates": [-78.73995682067591, 33.71864701512615]}}, {"type": "Feature", "properties": {"spacing_m": 500, "index": 289, "depth_m": 10, "type": "isobath_sample_point"}, "geometry": {"type": "Point", "coordinates": [-78.73729459447298, 33.72256969017811]}}, {"type": "Feature", "properties": {"spacing_m": 500, "index": 290, "depth_m": 10, "type": "isobath_sample_point"}, "geometry": {"type": "Point", "coordinates": [-78.73463236827004, 33.726492365230065]}}, {"type": "Feature", "properties": {"spacing_m": 500, "index": 291, "depth_m": 10, "type": "isobath_sample_point"}, "geometry": {"type": "Point", "coordinates": [-78.73285997460115, 33.73073530702861]}}, {"type": "Feature", "properties": {"spacing_m": 500, "index": 292, "depth_m": 10, "type": "isobath_sample_point"}, "geometry": {"type": "Point", "coordinates": [-78.73124541673626, 33.73503505677415]}}, {"type": "Feature", "properties": {"spacing_m": 500, "index": 293, "depth_m": 10, "type": "isobath_sample_point"}, "geometry": {"type": "Point", "coordinates": [-78.72963085887135, 33.73933480651969]}}, {"type": "Feature", "properties": {"spacing_m": 500, "index": 294, "depth_m": 10, "type": "isobath_sample_point"}, "geometry": {"type": "Point", "coordinates": [-78.72801630100643, 33.743634556265235]}}, {"type": "Feature", "properties": {"spacing_m": 500, "index": 295, "depth_m": 10, "type": "isobath_sample_point"}, "geometry": {"type": "Point", "coordinates": [-78.72639319333406, 33.74793016958232]}}, {"type": "Feature", "properties": {"spacing_m": 500, "index": 296, "depth_m": 10, "type": "isobath_sample_point"}, "geometry": {"type": "Point", "coordinates": [-78.72269454253019, 33.751221627461064]}}, {"type": "Feature", "properties": {"spacing_m": 500, "index": 297, "depth_m": 10, "type": "isobath_sample_point"}, "geometry": {"type": "Point", "coordinates": [-78.71899589172632, 33.75451308533981]}}, {"type": "Feature", "properties": {"spacing_m": 500, "index": 298, "depth_m": 10, "type": "isobath_sample_point"}, "geometry": {"type": "Point", "coordinates": [-78.71529724092245, 33.757804543218555]}}, {"type": "Feature", "properties": {"spacing_m": 500, "index": 299, "depth_m": 10, "type": "isobath_sample_point"}, "geometry": {"type": "Point", "coordinates": [-78.71069518271325, 33.76010275676289]}}, {"type": "Feature", "properties": {"spacing_m": 500, "index": 300, "depth_m": 10, "type": "isobath_sample_point"}, "geometry": {"type": "Point", "coordinates": [-78.70587704246405, 33.76216340056767]}}, {"type": "Feature", "properties": {"spacing_m": 500, "index": 301, "depth_m": 10, "type": "isobath_sample_point"}, "geometry": {"type": "Point", "coordinates": [-78.70105890221485, 33.76422404437246]}}, {"type": "Feature", "properties": {"spacing_m": 500, "index": 302, "depth_m": 10, "type": "isobath_sample_point"}, "geometry": {"type": "Point", "coordinates": [-78.69624076196565, 33.766284688177244]}}, {"type": "Feature", "properties": {"spacing_m": 500, "index": 303, "depth_m": 10, "type": "isobath_sample_point"}, "geometry": {"type": "Point", "coordinates": [-78.69115239354322, 33.76761797575034]}}, {"type": "Feature", "properties": {"spacing_m": 500, "index": 304, "depth_m": 10, "type": "isobath_sample_point"}, "geometry": {"type": "Point", "coordinates": [-78.6857748267293, 33.768172846144694]}}, {"type": "Feature", "properties": {"spacing_m": 500, "index": 305, "depth_m": 10, "type": "isobath_sample_point"}, "geometry": {"type": "Point", "coordinates": [-78.68039725991538, 33.76872771653904]}}, {"type": "Feature", "properties": {"spacing_m": 500, "index": 306, "depth_m": 10, "type": "isobath_sample_point"}, "geometry": {"type": "Point", "coordinates": [-78.67501969310146, 33.769282586933386]}}, {"type": "Feature", "properties": {"spacing_m": 500, "index": 307, "depth_m": 10, "type": "isobath_sample_point"}, "geometry": {"type": "Point", "coordinates": [-78.66964212628754, 33.76983745732774]}}, {"type": "Feature", "properties": {"spacing_m": 500, "index": 308, "depth_m": 10, "type": "isobath_sample_point"}, "geometry": {"type": "Point", "coordinates": [-78.66426455947362, 33.770392327722085]}}, {"type": "Feature", "properties": {"spacing_m": 500, "index": 309, "depth_m": 10, "type": "isobath_sample_point"}, "geometry": {"type": "Point", "coordinates": [-78.6588869926597, 33.77094719811643]}}, {"type": "Feature", "properties": {"spacing_m": 500, "index": 310, "depth_m": 10, "type": "isobath_sample_point"}, "geometry": {"type": "Point", "coordinates": [-78.65350942584578, 33.771502068510785]}}, {"type": "Feature", "properties": {"spacing_m": 500, "index": 311, "depth_m": 10, "type": "isobath_sample_point"}, "geometry": {"type": "Point", "coordinates": [-78.64813185903186, 33.77205693890513]}}, {"type": "Feature", "properties": {"spacing_m": 500, "index": 312, "depth_m": 10, "type": "isobath_sample_point"}, "geometry": {"type": "Point", "coordinates": [-78.64275429221796, 33.77261180929948]}}, {"type": "Feature", "properties": {"spacing_m": 500, "index": 313, "depth_m": 10, "type": "isobath_sample_point"}, "geometry": {"type": "Point", "coordinates": [-78.63737672540404, 33.77316667969382]}}, {"type": "Feature", "properties": {"spacing_m": 500, "index": 314, "depth_m": 10, "type": "isobath_sample_point"}, "geometry": {"type": "Point", "coordinates": [-78.63199915859012, 33.773721550088176]}}, {"type": "Feature", "properties": {"spacing_m": 500, "index": 315, "depth_m": 10, "type": "isobath_sample_point"}, "geometry": {"type": "Point", "coordinates": [-78.626640935391, 33.77434872439319]}}, {"type": "Feature", "properties": {"spacing_m": 500, "index": 316, "depth_m": 10, "type": "isobath_sample_point"}, "geometry": {"type": "Point", "coordinates": [-78.62148864953652, 33.77574566564843]}}, {"type": "Feature", "properties": {"spacing_m": 500, "index": 317, "depth_m": 10, "type": "isobath_sample_point"}, "geometry": {"type": "Point", "coordinates": [-78.61633636368202, 33.77714260690367]}}, {"type": "Feature", "properties": {"spacing_m": 500, "index": 318, "depth_m": 10, "type": "isobath_sample_point"}, "geometry": {"type": "Point", "coordinates": [-78.61118407782753, 33.77853954815891]}}, {"type": "Feature", "properties": {"spacing_m": 500, "index": 319, "depth_m": 10, "type": "isobath_sample_point"}, "geometry": {"type": "Point", "coordinates": [-78.60603179197305, 33.77993648941415]}}, {"type": "Feature", "properties": {"spacing_m": 500, "index": 320, "depth_m": 10, "type": "isobath_sample_point"}, "geometry": {"type": "Point", "coordinates": [-78.60087950611856, 33.78133343066939]}}, {"type": "Feature", "properties": {"spacing_m": 500, "index": 321, "depth_m": 10, "type": "isobath_sample_point"}, "geometry": {"type": "Point", "coordinates": [-78.59572722026408, 33.78273037192463]}}, {"type": "Feature", "properties": {"spacing_m": 500, "index": 322, "depth_m": 10, "type": "isobath_sample_point"}, "geometry": {"type": "Point", "coordinates": [-78.59057493440959, 33.78412731317987]}}, {"type": "Feature", "properties": {"spacing_m": 500, "index": 323, "depth_m": 10, "type": "isobath_sample_point"}, "geometry": {"type": "Point", "coordinates": [-78.5854226485551, 33.78552425443511]}}, {"type": "Feature", "properties": {"spacing_m": 500, "index": 324, "depth_m": 10, "type": "isobath_sample_point"}, "geometry": {"type": "Point", "coordinates": [-78.58027036270062, 33.786921195690354]}}, {"type": "Feature", "properties": {"spacing_m": 500, "index": 325, "depth_m": 10, "type": "isobath_sample_point"}, "geometry": {"type": "Point", "coordinates": [-78.57520897298102, 33.78851033800017]}}, {"type": "Feature", "properties": {"spacing_m": 500, "index": 326, "depth_m": 10, "type": "isobath_sample_point"}, "geometry": {"type": "Point", "coordinates": [-78.57029498827096, 33.790411170112]}}, {"type": "Feature", "properties": {"spacing_m": 500, "index": 327, "depth_m": 10, "type": "isobath_sample_point"}, "geometry": {"type": "Point", "coordinates": [-78.56538100356092, 33.79231200222383]}}, {"type": "Feature", "properties": {"spacing_m": 500, "index": 328, "depth_m": 10, "type": "isobath_sample_point"}, "geometry": {"type": "Point", "coordinates": [-78.56046701885086, 33.79421283433565]}}, {"type": "Feature", "properties": {"spacing_m": 500, "index": 329, "depth_m": 10, "type": "isobath_sample_point"}, "geometry": {"type": "Point", "coordinates": [-78.5555530341408, 33.79611366644748]}}, {"type": "Feature", "properties": {"spacing_m": 500, "index": 330, "depth_m": 10, "type": "isobath_sample_point"}, "geometry": {"type": "Point", "coordinates": [-78.55084993614417, 33.79829394426907]}}, {"type": "Feature", "properties": {"spacing_m": 500, "index": 331, "depth_m": 10, "type": "isobath_sample_point"}, "geometry": {"type": "Point", "coordinates": [-78.54665346554854, 33.801145553401]}}, {"type": "Feature", "properties": {"spacing_m": 500, "index": 332, "depth_m": 10, "type": "isobath_sample_point"}, "geometry": {"type": "Point", "coordinates": [-78.54245699495291, 33.80399716253293]}}, {"type": "Feature", "properties": {"spacing_m": 500, "index": 333, "depth_m": 10, "type": "isobath_sample_point"}, "geometry": {"type": "Point", "coordinates": [-78.53826052435728, 33.80684877166486]}}, {"type": "Feature", "properties": {"spacing_m": 500, "index": 334, "depth_m": 10, "type": "isobath_sample_point"}, "geometry": {"type": "Point", "coordinates": [-78.53406405376164, 33.80970038079679]}}, {"type": "Feature", "properties": {"spacing_m": 500, "index": 335, "depth_m": 10, "type": "isobath_sample_point"}, "geometry": {"type": "Point", "coordinates": [-78.52986758316601, 33.812551989928714]}}, {"type": "Feature", "properties": {"spacing_m": 500, "index": 336, "depth_m": 10, "type": "isobath_sample_point"}, "geometry": {"type": "Point", "coordinates": [-78.52552338718843, 33.815230490438594]}}, {"type": "Feature", "properties": {"spacing_m": 500, "index": 337, "depth_m": 10, "type": "isobath_sample_point"}, "geometry": {"type": "Point", "coordinates": [-78.52088794469984, 33.8175677003623]}}, {"type": "Feature", "properties": {"spacing_m": 500, "index": 338, "depth_m": 10, "type": "isobath_sample_point"}, "geometry": {"type": "Point", "coordinates": [-78.51625250221126, 33.819904910286006]}}, {"type": "Feature", "properties": {"spacing_m": 500, "index": 339, "depth_m": 10, "type": "isobath_sample_point"}, "geometry": {"type": "Point", "coordinates": [-78.51161705972267, 33.82224212020971]}}, {"type": "Feature", "properties": {"spacing_m": 500, "index": 340, "depth_m": 10, "type": "isobath_sample_point"}, "geometry": {"type": "Point", "coordinates": [-78.50698161723409, 33.82457933013342]}}, {"type": "Feature", "properties": {"spacing_m": 500, "index": 341, "depth_m": 10, "type": "isobath_sample_point"}, "geometry": {"type": "Point", "coordinates": [-78.5023461747455, 33.82691654005713]}}, {"type": "Feature", "properties": {"spacing_m": 500, "index": 342, "depth_m": 10, "type": "isobath_sample_point"}, "geometry": {"type": "Point", "coordinates": [-78.49771073225692, 33.82925374998083]}}, {"type": "Feature", "properties": {"spacing_m": 500, "index": 343, "depth_m": 10, "type": "isobath_sample_point"}, "geometry": {"type": "Point", "coordinates": [-78.49307528976833, 33.83159095990454]}}, {"type": "Feature", "properties": {"spacing_m": 500, "index": 344, "depth_m": 10, "type": "isobath_sample_point"}, "geometry": {"type": "Point", "coordinates": [-78.48843984727975, 33.83392816982824]}}, {"type": "Feature", "properties": {"spacing_m": 500, "index": 345, "depth_m": 10, "type": "isobath_sample_point"}, "geometry": {"type": "Point", "coordinates": [-78.48380440479116, 33.83626537975195]}}, {"type": "Feature", "properties": {"spacing_m": 500, "index": 346, "depth_m": 10, "type": "isobath_sample_point"}, "geometry": {"type": "Point", "coordinates": [-78.47916896230258, 33.83860258967566]}}, {"type": "Feature", "properties": {"spacing_m": 500, "index": 347, "depth_m": 10, "type": "isobath_sample_point"}, "geometry": {"type": "Point", "coordinates": [-78.47453351981399, 33.84093979959936]}}, {"type": "Feature", "properties": {"spacing_m": 500, "index": 348, "depth_m": 10, "type": "isobath_sample_point"}, "geometry": {"type": "Point", "coordinates": [-78.46946449449534, 33.84237456420112]}}, {"type": "Feature", "properties": {"spacing_m": 500, "index": 349, "depth_m": 10, "type": "isobath_sample_point"}, "geometry": {"type": "Point", "coordinates": [-78.46416322832373, 33.84332595017991]}}, {"type": "Feature", "properties": {"spacing_m": 500, "index": 350, "depth_m": 10, "type": "isobath_sample_point"}, "geometry": {"type": "Point", "coordinates": [-78.4588619621521, 33.844277336158704]}}, {"type": "Feature", "properties": {"spacing_m": 500, "index": 351, "depth_m": 10, "type": "isobath_sample_point"}, "geometry": {"type": "Point", "coordinates": [-78.45356069598047, 33.84522872213749]}}, {"type": "Feature", "properties": {"spacing_m": 500, "index": 352, "depth_m": 10, "type": "isobath_sample_point"}, "geometry": {"type": "Point", "coordinates": [-78.44825942980884, 33.846180108116286]}}, {"type": "Feature", "properties": {"spacing_m": 500, "index": 353, "depth_m": 10, "type": "isobath_sample_point"}, "geometry": {"type": "Point", "coordinates": [-78.44295816363721, 33.84713149409507]}}, {"type": "Feature", "properties": {"spacing_m": 500, "index": 354, "depth_m": 10, "type": "isobath_sample_point"}, "geometry": {"type": "Point", "coordinates": [-78.4376568974656, 33.84808288007387]}}, {"type": "Feature", "properties": {"spacing_m": 500, "index": 355, "depth_m": 10, "type": "isobath_sample_point"}, "geometry": {"type": "Point", "coordinates": [-78.43235563129397, 33.849034266052655]}}, {"type": "Feature", "properties": {"spacing_m": 500, "index": 356, "depth_m": 10, "type": "isobath_sample_point"}, "geometry": {"type": "Point", "coordinates": [-78.42705436512234, 33.84998565203145]}}, {"type": "Feature", "properties": {"spacing_m": 500, "index": 357, "depth_m": 10, "type": "isobath_sample_point"}, "geometry": {"type": "Point", "coordinates": [-78.4218296784533, 33.85113171616542]}}, {"type": "Feature", "properties": {"spacing_m": 500, "index": 358, "depth_m": 10, "type": "isobath_sample_point"}, "geometry": {"type": "Point", "coordinates": [-78.41687731189525, 33.85297006446214]}}, {"type": "Feature", "properties": {"spacing_m": 500, "index": 359, "depth_m": 10, "type": "isobath_sample_point"}, "geometry": {"type": "Point", "coordinates": [-78.41192494533719, 33.85480841275887]}}, {"type": "Feature", "properties": {"spacing_m": 500, "index": 360, "depth_m": 10, "type": "isobath_sample_point"}, "geometry": {"type": "Point", "coordinates": [-78.40697257877913, 33.8566467610556]}}, {"type": "Feature", "properties": {"spacing_m": 500, "index": 361, "depth_m": 10, "type": "isobath_sample_point"}, "geometry": {"type": "Point", "coordinates": [-78.40202021222107, 33.85848510935232]}}, {"type": "Feature", "properties": {"spacing_m": 500, "index": 362, "depth_m": 10, "type": "isobath_sample_point"}, "geometry": {"type": "Point", "coordinates": [-78.39706784566303, 33.86032345764905]}}, {"type": "Feature", "properties": {"spacing_m": 500, "index": 363, "depth_m": 10, "type": "isobath_sample_point"}, "geometry": {"type": "Point", "coordinates": [-78.39211547910497, 33.862161805945775]}}, {"type": "Feature", "properties": {"spacing_m": 500, "index": 364, "depth_m": 10, "type": "isobath_sample_point"}, "geometry": {"type": "Point", "coordinates": [-78.38716311254692, 33.864000154242504]}}, {"type": "Feature", "properties": {"spacing_m": 500, "index": 365, "depth_m": 10, "type": "isobath_sample_point"}, "geometry": {"type": "Point", "coordinates": [-78.38221074598886, 33.86583850253923]}}, {"type": "Feature", "properties": {"spacing_m": 500, "index": 366, "depth_m": 10, "type": "isobath_sample_point"}, "geometry": {"type": "Point", "coordinates": [-78.3772583794308, 33.867676850835956]}}, {"type": "Feature", "properties": {"spacing_m": 500, "index": 367, "depth_m": 10, "type": "isobath_sample_point"}, "geometry": {"type": "Point", "coordinates": [-78.37230601287276, 33.869515199132685]}}, {"type": "Feature", "properties": {"spacing_m": 500, "index": 368, "depth_m": 10, "type": "isobath_sample_point"}, "geometry": {"type": "Point", "coordinates": [-78.3673536463147, 33.871353547429415]}}, {"type": "Feature", "properties": {"spacing_m": 500, "index": 369, "depth_m": 10, "type": "isobath_sample_point"}, "geometry": {"type": "Point", "coordinates": [-78.36240127975664, 33.87319189572614]}}, {"type": "Feature", "properties": {"spacing_m": 500, "index": 370, "depth_m": 10, "type": "isobath_sample_point"}, "geometry": {"type": "Point", "coordinates": [-78.35744891319858, 33.87503024402287]}}, {"type": "Feature", "properties": {"spacing_m": 500, "index": 371, "depth_m": 10, "type": "isobath_sample_point"}, "geometry": {"type": "Point", "coordinates": [-78.35213903846963, 33.87539828713811]}}, {"type": "Feature", "properties": {"spacing_m": 500, "index": 372, "depth_m": 10, "type": "isobath_sample_point"}, "geometry": {"type": "Point", "coordinates": [-78.3467149698974, 33.87529669119855]}}, {"type": "Feature", "properties": {"spacing_m": 500, "index": 373, "depth_m": 10, "type": "isobath_sample_point"}, "geometry": {"type": "Point", "coordinates": [-78.34129090132517, 33.875195095258995]}}, {"type": "Feature", "properties": {"spacing_m": 500, "index": 374, "depth_m": 10, "type": "isobath_sample_point"}, "geometry": {"type": "Point", "coordinates": [-78.33586683275294, 33.87509349931943]}}, {"type": "Feature", "properties": {"spacing_m": 500, "index": 375, "depth_m": 10, "type": "isobath_sample_point"}, "geometry": {"type": "Point", "coordinates": [-78.33044276418072, 33.87499190337987]}}, {"type": "Feature", "properties": {"spacing_m": 500, "index": 376, "depth_m": 10, "type": "isobath_sample_point"}, "geometry": {"type": "Point", "coordinates": [-78.32501869560848, 33.87489030744031]}}, {"type": "Feature", "properties": {"spacing_m": 500, "index": 377, "depth_m": 10, "type": "isobath_sample_point"}, "geometry": {"type": "Point", "coordinates": [-78.31959462703625, 33.87478871150075]}}, {"type": "Feature", "properties": {"spacing_m": 500, "index": 378, "depth_m": 10, "type": "isobath_sample_point"}, "geometry": {"type": "Point", "coordinates": [-78.31419144472852, 33.87480281973344]}}, {"type": "Feature", "properties": {"spacing_m": 500, "index": 379, "depth_m": 10, "type": "isobath_sample_point"}, "geometry": {"type": "Point", "coordinates": [-78.30904183213534, 33.876221634582116]}}, {"type": "Feature", "properties": {"spacing_m": 500, "index": 380, "depth_m": 10, "type": "isobath_sample_point"}, "geometry": {"type": "Point", "coordinates": [-78.30389221954216, 33.87764044943079]}}, {"type": "Feature", "properties": {"spacing_m": 500, "index": 381, "depth_m": 10, "type": "isobath_sample_point"}, "geometry": {"type": "Point", "coordinates": [-78.29874260694898, 33.87905926427947]}}, {"type": "Feature", "properties": {"spacing_m": 500, "index": 382, "depth_m": 10, "type": "isobath_sample_point"}, "geometry": {"type": "Point", "coordinates": [-78.29359299435579, 33.880478079128146]}}, {"type": "Feature", "properties": {"spacing_m": 500, "index": 383, "depth_m": 10, "type": "isobath_sample_point"}, "geometry": {"type": "Point", "coordinates": [-78.2884433817626, 33.88189689397682]}}, {"type": "Feature", "properties": {"spacing_m": 500, "index": 384, "depth_m": 10, "type": "isobath_sample_point"}, "geometry": {"type": "Point", "coordinates": [-78.28329376916942, 33.88331570882549]}}, {"type": "Feature", "properties": {"spacing_m": 500, "index": 385, "depth_m": 10, "type": "isobath_sample_point"}, "geometry": {"type": "Point", "coordinates": [-78.27814415657623, 33.88473452367417]}}, {"type": "Feature", "properties": {"spacing_m": 500, "index": 386, "depth_m": 10, "type": "isobath_sample_point"}, "geometry": {"type": "Point", "coordinates": [-78.27299454398305, 33.886153338522846]}}, {"type": "Feature", "properties": {"spacing_m": 500, "index": 387, "depth_m": 10, "type": "isobath_sample_point"}, "geometry": {"type": "Point", "coordinates": [-78.2675746067663, 33.88605310633306]}}, {"type": "Feature", "properties": {"spacing_m": 500, "index": 388, "depth_m": 10, "type": "isobath_sample_point"}, "geometry": {"type": "Point", "coordinates": [-78.26215051867119, 33.885929548930044]}}, {"type": "Feature", "properties": {"spacing_m": 500, "index": 389, "depth_m": 10, "type": "isobath_sample_point"}, "geometry": {"type": "Point", "coordinates": [-78.25672643057608, 33.88580599152702]}}, {"type": "Feature", "properties": {"spacing_m": 500, "index": 390, "depth_m": 10, "type": "isobath_sample_point"}, "geometry": {"type": "Point", "coordinates": [-78.25130234248098, 33.88568243412401]}}, {"type": "Feature", "properties": {"spacing_m": 500, "index": 391, "depth_m": 10, "type": "isobath_sample_point"}, "geometry": {"type": "Point", "coordinates": [-78.24587825438587, 33.885558876720985]}}, {"type": "Feature", "properties": {"spacing_m": 500, "index": 392, "depth_m": 10, "type": "isobath_sample_point"}, "geometry": {"type": "Point", "coordinates": [-78.24045416629076, 33.88543531931797]}}, {"type": "Feature", "properties": {"spacing_m": 500, "index": 393, "depth_m": 10, "type": "isobath_sample_point"}, "geometry": {"type": "Point", "coordinates": [-78.23514902466368, 33.8845475608684]}}, {"type": "Feature", "properties": {"spacing_m": 500, "index": 394, "depth_m": 10, "type": "isobath_sample_point"}, "geometry": {"type": "Point", "coordinates": [-78.22986503238354, 33.88352392320069]}}, {"type": "Feature", "properties": {"spacing_m": 500, "index": 395, "depth_m": 10, "type": "isobath_sample_point"}, "geometry": {"type": "Point", "coordinates": [-78.22458104010342, 33.882500285532984]}}, {"type": "Feature", "properties": {"spacing_m": 500, "index": 396, "depth_m": 10, "type": "isobath_sample_point"}, "geometry": {"type": "Point", "coordinates": [-78.21929704782329, 33.88147664786528]}}, {"type": "Feature", "properties": {"spacing_m": 500, "index": 397, "depth_m": 10, "type": "isobath_sample_point"}, "geometry": {"type": "Point", "coordinates": [-78.21400634179129, 33.8806465802141]}}, {"type": "Feature", "properties": {"spacing_m": 500, "index": 398, "depth_m": 10, "type": "isobath_sample_point"}, "geometry": {"type": "Point", "coordinates": [-78.20866014226117, 33.88141649384826]}}, {"type": "Feature", "properties": {"spacing_m": 500, "index": 399, "depth_m": 10, "type": "isobath_sample_point"}, "geometry": {"type": "Point", "coordinates": [-78.20331394273106, 33.88218640748243]}}, {"type": "Feature", "properties": {"spacing_m": 500, "index": 400, "depth_m": 10, "type": "isobath_sample_point"}, "geometry": {"type": "Point", "coordinates": [-78.19796774320095, 33.882956321116595]}}, {"type": "Feature", "properties": {"spacing_m": 500, "index": 401, "depth_m": 10, "type": "isobath_sample_point"}, "geometry": {"type": "Point", "coordinates": [-78.19262154367082, 33.88372623475076]}}, {"type": "Feature", "properties": {"spacing_m": 500, "index": 402, "depth_m": 10, "type": "isobath_sample_point"}, "geometry": {"type": "Point", "coordinates": [-78.18727534414072, 33.884496148384926]}}, {"type": "Feature", "properties": {"spacing_m": 500, "index": 403, "depth_m": 10, "type": "isobath_sample_point"}, "geometry": {"type": "Point", "coordinates": [-78.18192914461059, 33.885266062019085]}}, {"type": "Feature", "properties": {"spacing_m": 500, "index": 404, "depth_m": 10, "type": "isobath_sample_point"}, "geometry": {"type": "Point", "coordinates": [-78.17658294508048, 33.88603597565325]}}, {"type": "Feature", "properties": {"spacing_m": 500, "index": 405, "depth_m": 10, "type": "isobath_sample_point"}, "geometry": {"type": "Point", "coordinates": [-78.17123674555037, 33.886805889287416]}}, {"type": "Feature", "properties": {"spacing_m": 500, "index": 406, "depth_m": 10, "type": "isobath_sample_point"}, "geometry": {"type": "Point", "coordinates": [-78.16589054602025, 33.88757580292158]}}, {"type": "Feature", "properties": {"spacing_m": 500, "index": 407, "depth_m": 10, "type": "isobath_sample_point"}, "geometry": {"type": "Point", "coordinates": [-78.16054434649014, 33.88834571655575]}}, {"type": "Feature", "properties": {"spacing_m": 500, "index": 408, "depth_m": 10, "type": "isobath_sample_point"}, "geometry": {"type": "Point", "coordinates": [-78.15512101843213, 33.888276997529104]}}, {"type": "Feature", "properties": {"spacing_m": 500, "index": 409, "depth_m": 10, "type": "isobath_sample_point"}, "geometry": {"type": "Point", "coordinates": [-78.14969580329553, 33.88818775995006]}}, {"type": "Feature", "properties": {"spacing_m": 500, "index": 410, "depth_m": 10, "type": "isobath_sample_point"}, "geometry": {"type": "Point", "coordinates": [-78.14427058815893, 33.88809852237101]}}, {"type": "Feature", "properties": {"spacing_m": 500, "index": 411, "depth_m": 10, "type": "isobath_sample_point"}, "geometry": {"type": "Point", "coordinates": [-78.13884537302233, 33.88800928479196]}}, {"type": "Feature", "properties": {"spacing_m": 500, "index": 412, "depth_m": 10, "type": "isobath_sample_point"}, "geometry": {"type": "Point", "coordinates": [-78.1335566905466, 33.88735004503637]}}, {"type": "Feature", "properties": {"spacing_m": 500, "index": 413, "depth_m": 10, "type": "isobath_sample_point"}, "geometry": {"type": "Point", "coordinates": [-78.12850248257284, 33.8857119114717]}}, {"type": "Feature", "properties": {"spacing_m": 500, "index": 414, "depth_m": 10, "type": "isobath_sample_point"}, "geometry": {"type": "Point", "coordinates": [-78.12344827459907, 33.88407377790703]}}, {"type": "Feature", "properties": {"spacing_m": 500, "index": 415, "depth_m": 10, "type": "isobath_sample_point"}, "geometry": {"type": "Point", "coordinates": [-78.11839406662531, 33.88243564434235]}}, {"type": "Feature", "properties": {"spacing_m": 500, "index": 416, "depth_m": 10, "type": "isobath_sample_point"}, "geometry": {"type": "Point", "coordinates": [-78.11333985865156, 33.880797510777676]}}, {"type": "Feature", "properties": {"spacing_m": 500, "index": 417, "depth_m": 10, "type": "isobath_sample_point"}, "geometry": {"type": "Point", "coordinates": [-78.10828565067779, 33.879159377213]}}, {"type": "Feature", "properties": {"spacing_m": 500, "index": 418, "depth_m": 10, "type": "isobath_sample_point"}, "geometry": {"type": "Point", "coordinates": [-78.10323144270403, 33.877521243648324]}}, {"type": "Feature", "properties": {"spacing_m": 500, "index": 419, "depth_m": 10, "type": "isobath_sample_point"}, "geometry": {"type": "Point", "coordinates": [-78.09817723473026, 33.875883110083656]}}, {"type": "Feature", "properties": {"spacing_m": 500, "index": 420, "depth_m": 10, "type": "isobath_sample_point"}, "geometry": {"type": "Point", "coordinates": [-78.0931230267565, 33.87424497651898]}}, {"type": "Feature", "properties": {"spacing_m": 500, "index": 421, "depth_m": 10, "type": "isobath_sample_point"}, "geometry": {"type": "Point", "coordinates": [-78.08806881878273, 33.872606842954305]}}, {"type": "Feature", "properties": {"spacing_m": 500, "index": 422, "depth_m": 10, "type": "isobath_sample_point"}, "geometry": {"type": "Point", "coordinates": [-78.08301461080897, 33.87096870938963]}}, {"type": "Feature", "properties": {"spacing_m": 500, "index": 423, "depth_m": 10, "type": "isobath_sample_point"}, "geometry": {"type": "Point", "coordinates": [-78.07894124199096, 33.868178567249345]}}, {"type": "Feature", "properties": {"spacing_m": 500, "index": 424, "depth_m": 10, "type": "isobath_sample_point"}, "geometry": {"type": "Point", "coordinates": [-78.07539401643288, 33.864770462883676]}}, {"type": "Feature", "properties": {"spacing_m": 500, "index": 425, "depth_m": 10, "type": "isobath_sample_point"}, "geometry": {"type": "Point", "coordinates": [-78.07215987674937, 33.86118578760516]}}, {"type": "Feature", "properties": {"spacing_m": 500, "index": 426, "depth_m": 10, "type": "isobath_sample_point"}, "geometry": {"type": "Point", "coordinates": [-78.06965070273388, 33.857192253734844]}}, {"type": "Feature", "properties": {"spacing_m": 500, "index": 427, "depth_m": 10, "type": "isobath_sample_point"}, "geometry": {"type": "Point", "coordinates": [-78.06714152871841, 33.85319871986454]}}, {"type": "Feature", "properties": {"spacing_m": 500, "index": 428, "depth_m": 10, "type": "isobath_sample_point"}, "geometry": {"type": "Point", "coordinates": [-78.06463235470292, 33.84920518599422]}}, {"type": "Feature", "properties": {"spacing_m": 500, "index": 429, "depth_m": 10, "type": "isobath_sample_point"}, "geometry": {"type": "Point", "coordinates": [-78.06212318068744, 33.845211652123915]}}, {"type": "Feature", "properties": {"spacing_m": 500, "index": 430, "depth_m": 10, "type": "isobath_sample_point"}, "geometry": {"type": "Point", "coordinates": [-78.05896870820145, 33.84170193352324]}}, {"type": "Feature", "properties": {"spacing_m": 500, "index": 431, "depth_m": 10, "type": "isobath_sample_point"}, "geometry": {"type": "Point", "coordinates": [-78.05444228383702, 33.83922084167176]}}, {"type": "Feature", "properties": {"spacing_m": 500, "index": 432, "depth_m": 10, "type": "isobath_sample_point"}, "geometry": {"type": "Point", "coordinates": [-78.04955771238559, 33.83742629284795]}}, {"type": "Feature", "properties": {"spacing_m": 500, "index": 433, "depth_m": 10, "type": "isobath_sample_point"}, "geometry": {"type": "Point", "coordinates": [-78.04428335480267, 33.83637893689701]}}, {"type": "Feature", "properties": {"spacing_m": 500, "index": 434, "depth_m": 10, "type": "isobath_sample_point"}, "geometry": {"type": "Point", "coordinates": [-78.03900899721975, 33.83533158094608]}}, {"type": "Feature", "properties": {"spacing_m": 500, "index": 435, "depth_m": 10, "type": "isobath_sample_point"}, "geometry": {"type": "Point", "coordinates": [-78.0341396292662, 33.833649714789175]}}, {"type": "Feature", "properties": {"spacing_m": 500, "index": 436, "depth_m": 10, "type": "isobath_sample_point"}, "geometry": {"type": "Point", "coordinates": [-78.03013520378589, 33.8306127155941]}}, {"type": "Feature", "properties": {"spacing_m": 500, "index": 437, "depth_m": 10, "type": "isobath_sample_point"}, "geometry": {"type": "Point", "coordinates": [-78.02613077830559, 33.82757571639902]}}, {"type": "Feature", "properties": {"spacing_m": 500, "index": 438, "depth_m": 10, "type": "isobath_sample_point"}, "geometry": {"type": "Point", "coordinates": [-78.02212635282527, 33.82453871720394]}}, {"type": "Feature", "properties": {"spacing_m": 500, "index": 439, "depth_m": 10, "type": "isobath_sample_point"}, "geometry": {"type": "Point", "coordinates": [-78.01812192734496, 33.82150171800887]}}, {"type": "Feature", "properties": {"spacing_m": 500, "index": 440, "depth_m": 10, "type": "isobath_sample_point"}, "geometry": {"type": "Point", "coordinates": [-78.01411750186465, 33.81846471881379]}}, {"type": "Feature", "properties": {"spacing_m": 500, "index": 441, "depth_m": 10, "type": "isobath_sample_point"}, "geometry": {"type": "Point", "coordinates": [-78.01011307638434, 33.81542771961872]}}, {"type": "Feature", "properties": {"spacing_m": 500, "index": 442, "depth_m": 10, "type": "isobath_sample_point"}, "geometry": {"type": "Point", "coordinates": [-78.00610865090403, 33.81239072042364]}}, {"type": "Feature", "properties": {"spacing_m": 500, "index": 443, "depth_m": 10, "type": "isobath_sample_point"}, "geometry": {"type": "Point", "coordinates": [-78.00256439084235, 33.80904795973942]}}, {"type": "Feature", "properties": {"spacing_m": 500, "index": 444, "depth_m": 10, "type": "isobath_sample_point"}, "geometry": {"type": "Point", "coordinates": [-77.99987472899515, 33.805137352771865]}}, {"type": "Feature", "properties": {"spacing_m": 500, "index": 445, "depth_m": 10, "type": "isobath_sample_point"}, "geometry": {"type": "Point", "coordinates": [-77.99718506714795, 33.801226745804314]}}, {"type": "Feature", "properties": {"spacing_m": 500, "index": 446, "depth_m": 10, "type": "isobath_sample_point"}, "geometry": {"type": "Point", "coordinates": [-77.99449540530075, 33.79731613883676]}}, {"type": "Feature", "properties": {"spacing_m": 500, "index": 447, "depth_m": 10, "type": "isobath_sample_point"}, "geometry": {"type": "Point", "coordinates": [-77.99180574345355, 33.79340553186921]}}, {"type": "Feature", "properties": {"spacing_m": 500, "index": 448, "depth_m": 10, "type": "isobath_sample_point"}, "geometry": {"type": "Point", "coordinates": [-77.98911608160635, 33.78949492490166]}}, {"type": "Feature", "properties": {"spacing_m": 500, "index": 449, "depth_m": 10, "type": "isobath_sample_point"}, "geometry": {"type": "Point", "coordinates": [-77.98642641975916, 33.78558431793411]}}, {"type": "Feature", "properties": {"spacing_m": 500, "index": 450, "depth_m": 10, "type": "isobath_sample_point"}, "geometry": {"type": "Point", "coordinates": [-77.98373675791194, 33.78167371096656]}}, {"type": "Feature", "properties": {"spacing_m": 500, "index": 451, "depth_m": 10, "type": "isobath_sample_point"}, "geometry": {"type": "Point", "coordinates": [-77.98104709606474, 33.77776310399901]}}, {"type": "Feature", "properties": {"spacing_m": 500, "index": 452, "depth_m": 10, "type": "isobath_sample_point"}, "geometry": {"type": "Point", "coordinates": [-77.97835743421754, 33.773852497031456]}}, {"type": "Feature", "properties": {"spacing_m": 500, "index": 453, "depth_m": 10, "type": "isobath_sample_point"}, "geometry": {"type": "Point", "coordinates": [-77.97566777237034, 33.769941890063905]}}, {"type": "Feature", "properties": {"spacing_m": 500, "index": 454, "depth_m": 10, "type": "isobath_sample_point"}, "geometry": {"type": "Point", "coordinates": [-77.97297811052314, 33.76603128309635]}}, {"type": "Feature", "properties": {"spacing_m": 500, "index": 455, "depth_m": 10, "type": "isobath_sample_point"}, "geometry": {"type": "Point", "coordinates": [-77.97028844867594, 33.7621206761288]}}, {"type": "Feature", "properties": {"spacing_m": 500, "index": 456, "depth_m": 10, "type": "isobath_sample_point"}, "geometry": {"type": "Point", "coordinates": [-77.96759878682875, 33.75821006916125]}}, {"type": "Feature", "properties": {"spacing_m": 500, "index": 457, "depth_m": 10, "type": "isobath_sample_point"}, "geometry": {"type": "Point", "coordinates": [-77.96490912498155, 33.7542994621937]}}, {"type": "Feature", "properties": {"spacing_m": 500, "index": 458, "depth_m": 10, "type": "isobath_sample_point"}, "geometry": {"type": "Point", "coordinates": [-77.96271449280728, 33.75021282890979]}}, {"type": "Feature", "properties": {"spacing_m": 500, "index": 459, "depth_m": 10, "type": "isobath_sample_point"}, "geometry": {"type": "Point", "coordinates": [-77.96116728684662, 33.74589597901921]}}, {"type": "Feature", "properties": {"spacing_m": 500, "index": 460, "depth_m": 10, "type": "isobath_sample_point"}, "geometry": {"type": "Point", "coordinates": [-77.95962008088594, 33.74157912912864]}}, {"type": "Feature", "properties": {"spacing_m": 500, "index": 461, "depth_m": 10, "type": "isobath_sample_point"}, "geometry": {"type": "Point", "coordinates": [-77.95807287492528, 33.73726227923806]}}, {"type": "Feature", "properties": {"spacing_m": 500, "index": 462, "depth_m": 10, "type": "isobath_sample_point"}, "geometry": {"type": "Point", "coordinates": [-77.95652566896462, 33.73294542934749]}}, {"type": "Feature", "properties": {"spacing_m": 500, "index": 463, "depth_m": 10, "type": "isobath_sample_point"}, "geometry": {"type": "Point", "coordinates": [-77.95497846300394, 33.72862857945691]}}, {"type": "Feature", "properties": {"spacing_m": 500, "index": 464, "depth_m": 10, "type": "isobath_sample_point"}, "geometry": {"type": "Point", "coordinates": [-77.95301680625097, 33.724439003377476]}}, {"type": "Feature", "properties": {"spacing_m": 500, "index": 465, "depth_m": 10, "type": "isobath_sample_point"}, "geometry": {"type": "Point", "coordinates": [-77.95082408166363, 33.72032038598473]}}, {"type": "Feature", "properties": {"spacing_m": 500, "index": 466, "depth_m": 10, "type": "isobath_sample_point"}, "geometry": {"type": "Point", "coordinates": [-77.94863135707628, 33.71620176859197]}}, {"type": "Feature", "properties": {"spacing_m": 500, "index": 467, "depth_m": 10, "type": "isobath_sample_point"}, "geometry": {"type": "Point", "coordinates": [-77.94643863248893, 33.71208315119922]}}, {"type": "Feature", "properties": {"spacing_m": 500, "index": 468, "depth_m": 10, "type": "isobath_sample_point"}, "geometry": {"type": "Point", "coordinates": [-77.94424590790157, 33.70796453380646]}}, {"type": "Feature", "properties": {"spacing_m": 500, "index": 469, "depth_m": 10, "type": "isobath_sample_point"}, "geometry": {"type": "Point", "coordinates": [-77.94205318331423, 33.703845916413705]}}, {"type": "Feature", "properties": {"spacing_m": 500, "index": 470, "depth_m": 10, "type": "isobath_sample_point"}, "geometry": {"type": "Point", "coordinates": [-77.93986045872688, 33.69972729902095]}}, {"type": "Feature", "properties": {"spacing_m": 500, "index": 471, "depth_m": 10, "type": "isobath_sample_point"}, "geometry": {"type": "Point", "coordinates": [-77.93766773413954, 33.6956086816282]}}, {"type": "Feature", "properties": {"spacing_m": 500, "index": 472, "depth_m": 10, "type": "isobath_sample_point"}, "geometry": {"type": "Point", "coordinates": [-77.93547500955218, 33.691490064235445]}}, {"type": "Feature", "properties": {"spacing_m": 500, "index": 473, "depth_m": 10, "type": "isobath_sample_point"}, "geometry": {"type": "Point", "coordinates": [-77.93328228496483, 33.68737144684269]}}, {"type": "Feature", "properties": {"spacing_m": 500, "index": 474, "depth_m": 10, "type": "isobath_sample_point"}, "geometry": {"type": "Point", "coordinates": [-77.93108956037749, 33.683252829449934]}}, {"type": "Feature", "properties": {"spacing_m": 500, "index": 475, "depth_m": 10, "type": "isobath_sample_point"}, "geometry": {"type": "Point", "coordinates": [-77.9294592278614, 33.678984088735504]}}, {"type": "Feature", "properties": {"spacing_m": 500, "index": 476, "depth_m": 10, "type": "isobath_sample_point"}, "geometry": {"type": "Point", "coordinates": [-77.92836126221441, 33.674573239540486]}}, {"type": "Feature", "properties": {"spacing_m": 500, "index": 477, "depth_m": 10, "type": "isobath_sample_point"}, "geometry": {"type": "Point", "coordinates": [-77.92726329656742, 33.670162390345475]}}, {"type": "Feature", "properties": {"spacing_m": 500, "index": 478, "depth_m": 10, "type": "isobath_sample_point"}, "geometry": {"type": "Point", "coordinates": [-77.92616533092041, 33.66575154115046]}}, {"type": "Feature", "properties": {"spacing_m": 500, "index": 479, "depth_m": 10, "type": "isobath_sample_point"}, "geometry": {"type": "Point", "coordinates": [-77.92506736527342, 33.661340691955445]}}, {"type": "Feature", "properties": {"spacing_m": 500, "index": 480, "depth_m": 10, "type": "isobath_sample_point"}, "geometry": {"type": "Point", "coordinates": [-77.92225950004432, 33.65757516152874]}}, {"type": "Feature", "properties": {"spacing_m": 500, "index": 481, "depth_m": 10, "type": "isobath_sample_point"}, "geometry": {"type": "Point", "coordinates": [-77.91899850311206, 33.653980643713304]}}, {"type": "Feature", "properties": {"spacing_m": 500, "index": 482, "depth_m": 10, "type": "isobath_sample_point"}, "geometry": {"type": "Point", "coordinates": [-77.91573750617982, 33.65038612589787]}}, {"type": "Feature", "properties": {"spacing_m": 500, "index": 483, "depth_m": 10, "type": "isobath_sample_point"}, "geometry": {"type": "Point", "coordinates": [-77.91247650924758, 33.64679160808243]}}, {"type": "Feature", "properties": {"spacing_m": 500, "index": 484, "depth_m": 10, "type": "isobath_sample_point"}, "geometry": {"type": "Point", "coordinates": [-77.90921551231533, 33.643197090266995]}}, {"type": "Feature", "properties": {"spacing_m": 500, "index": 485, "depth_m": 10, "type": "isobath_sample_point"}, "geometry": {"type": "Point", "coordinates": [-77.90595451538309, 33.63960257245156]}}, {"type": "Feature", "properties": {"spacing_m": 500, "index": 486, "depth_m": 10, "type": "isobath_sample_point"}, "geometry": {"type": "Point", "coordinates": [-77.90269351845083, 33.63600805463612]}}, {"type": "Feature", "properties": {"spacing_m": 500, "index": 487, "depth_m": 10, "type": "isobath_sample_point"}, "geometry": {"type": "Point", "coordinates": [-77.89943252151859, 33.63241353682068]}}, {"type": "Feature", "properties": {"spacing_m": 500, "index": 488, "depth_m": 10, "type": "isobath_sample_point"}, "geometry": {"type": "Point", "coordinates": [-77.89617152458635, 33.62881901900524]}}, {"type": "Feature", "properties": {"spacing_m": 500, "index": 489, "depth_m": 10, "type": "isobath_sample_point"}, "geometry": {"type": "Point", "coordinates": [-77.89235214050453, 33.62569323708652]}}, {"type": "Feature", "properties": {"spacing_m": 500, "index": 490, "depth_m": 10, "type": "isobath_sample_point"}, "geometry": {"type": "Point", "coordinates": [-77.88801136207398, 33.62300513760333]}}, {"type": "Feature", "properties": {"spacing_m": 500, "index": 491, "depth_m": 10, "type": "isobath_sample_point"}, "geometry": {"type": "Point", "coordinates": [-77.88337699927933, 33.620767269801476]}}, {"type": "Feature", "properties": {"spacing_m": 500, "index": 492, "depth_m": 10, "type": "isobath_sample_point"}, "geometry": {"type": "Point", "coordinates": [-77.87830636742358, 33.619198450412675]}}, {"type": "Feature", "properties": {"spacing_m": 500, "index": 493, "depth_m": 10, "type": "isobath_sample_point"}, "geometry": {"type": "Point", "coordinates": [-77.8732357355678, 33.617629631023874]}}, {"type": "Feature", "properties": {"spacing_m": 500, "index": 494, "depth_m": 10, "type": "isobath_sample_point"}, "geometry": {"type": "Point", "coordinates": [-77.8678663381928, 33.61717165428897]}}, {"type": "Feature", "properties": {"spacing_m": 500, "index": 495, "depth_m": 10, "type": "isobath_sample_point"}, "geometry": {"type": "Point", "coordinates": [-77.86247687862208, 33.616788270976954]}}, {"type": "Feature", "properties": {"spacing_m": 500, "index": 496, "depth_m": 10, "type": "isobath_sample_point"}, "geometry": {"type": "Point", "coordinates": [-77.85708741905134, 33.61640488766495]}}, {"type": "Feature", "properties": {"spacing_m": 500, "index": 497, "depth_m": 10, "type": "isobath_sample_point"}, "geometry": {"type": "Point", "coordinates": [-77.85169795948062, 33.616021504352936]}}, {"type": "Feature", "properties": {"spacing_m": 500, "index": 498, "depth_m": 10, "type": "isobath_sample_point"}, "geometry": {"type": "Point", "coordinates": [-77.8463084999099, 33.615638121040924]}}, {"type": "Feature", "properties": {"spacing_m": 500, "index": 499, "depth_m": 10, "type": "isobath_sample_point"}, "geometry": {"type": "Point", "coordinates": [-77.84091904033917, 33.61525473772891]}}, {"type": "Feature", "properties": {"spacing_m": 500, "index": 500, "depth_m": 10, "type": "isobath_sample_point"}, "geometry": {"type": "Point", "coordinates": [-77.83552958076845, 33.614871354416906]}}, {"type": "Feature", "properties": {"spacing_m": 500, "index": 501, "depth_m": 10, "type": "isobath_sample_point"}, "geometry": {"type": "Point", "coordinates": [-77.83016252342185, 33.61436623103701]}}, {"type": "Feature", "properties": {"spacing_m": 500, "index": 502, "depth_m": 10, "type": "isobath_sample_point"}, "geometry": {"type": "Point", "coordinates": [-77.82488184679298, 33.61339169022865]}}, {"type": "Feature", "properties": {"spacing_m": 500, "index": 503, "depth_m": 10, "type": "isobath_sample_point"}, "geometry": {"type": "Point", "coordinates": [-77.81960117016409, 33.61241714942029]}}, {"type": "Feature", "properties": {"spacing_m": 500, "index": 504, "depth_m": 10, "type": "isobath_sample_point"}, "geometry": {"type": "Point", "coordinates": [-77.81432049353522, 33.61144260861193]}}, {"type": "Feature", "properties": {"spacing_m": 500, "index": 505, "depth_m": 10, "type": "isobath_sample_point"}, "geometry": {"type": "Point", "coordinates": [-77.80903981690633, 33.61046806780357]}}, {"type": "Feature", "properties": {"spacing_m": 500, "index": 506, "depth_m": 10, "type": "isobath_sample_point"}, "geometry": {"type": "Point", "coordinates": [-77.80375914027746, 33.609493526995216]}}, {"type": "Feature", "properties": {"spacing_m": 500, "index": 507, "depth_m": 10, "type": "isobath_sample_point"}, "geometry": {"type": "Point", "coordinates": [-77.79847846364858, 33.60851898618686]}}, {"type": "Feature", "properties": {"spacing_m": 500, "index": 508, "depth_m": 10, "type": "isobath_sample_point"}, "geometry": {"type": "Point", "coordinates": [-77.79318446836766, 33.60763986305355]}}, {"type": "Feature", "properties": {"spacing_m": 500, "index": 509, "depth_m": 10, "type": "isobath_sample_point"}, "geometry": {"type": "Point", "coordinates": [-77.78777642875187, 33.60757777795449]}}, {"type": "Feature", "properties": {"spacing_m": 500, "index": 510, "depth_m": 10, "type": "isobath_sample_point"}, "geometry": {"type": "Point", "coordinates": [-77.78236838913607, 33.60751569285543]}}, {"type": "Feature", "properties": {"spacing_m": 500, "index": 511, "depth_m": 10, "type": "isobath_sample_point"}, "geometry": {"type": "Point", "coordinates": [-77.77696512348425, 33.607483327443546]}}, {"type": "Feature", "properties": {"spacing_m": 500, "index": 512, "depth_m": 10, "type": "isobath_sample_point"}, "geometry": {"type": "Point", "coordinates": [-77.77176701219666, 33.60872812364562]}}, {"type": "Feature", "properties": {"spacing_m": 500, "index": 513, "depth_m": 10, "type": "isobath_sample_point"}, "geometry": {"type": "Point", "coordinates": [-77.76656890090909, 33.60997291984769]}}, {"type": "Feature", "properties": {"spacing_m": 500, "index": 514, "depth_m": 10, "type": "isobath_sample_point"}, "geometry": {"type": "Point", "coordinates": [-77.76137078962151, 33.61121771604977]}}, {"type": "Feature", "properties": {"spacing_m": 500, "index": 515, "depth_m": 10, "type": "isobath_sample_point"}, "geometry": {"type": "Point", "coordinates": [-77.75617267833393, 33.612462512251845]}}, {"type": "Feature", "properties": {"spacing_m": 500, "index": 516, "depth_m": 10, "type": "isobath_sample_point"}, "geometry": {"type": "Point", "coordinates": [-77.75131683933353, 33.614159936803986]}}, {"type": "Feature", "properties": {"spacing_m": 500, "index": 517, "depth_m": 10, "type": "isobath_sample_point"}, "geometry": {"type": "Point", "coordinates": [-77.74772336687766, 33.61752674245311]}}, {"type": "Feature", "properties": {"spacing_m": 500, "index": 518, "depth_m": 10, "type": "isobath_sample_point"}, "geometry": {"type": "Point", "coordinates": [-77.74692526623232, 33.62158657877463]}}, {"type": "Feature", "properties": {"spacing_m": 500, "index": 519, "depth_m": 10, "type": "isobath_sample_point"}, "geometry": {"type": "Point", "coordinates": [-77.74908740604825, 33.62564013442117]}}, {"type": "Feature", "properties": {"spacing_m": 500, "index": 520, "depth_m": 10, "type": "isobath_sample_point"}, "geometry": {"type": "Point", "coordinates": [-77.75183048663534, 33.62952269766771]}}, {"type": "Feature", "properties": {"spacing_m": 500, "index": 521, "depth_m": 10, "type": "isobath_sample_point"}, "geometry": {"type": "Point", "coordinates": [-77.75457356722245, 33.63340526091425]}}, {"type": "Feature", "properties": {"spacing_m": 500, "index": 522, "depth_m": 10, "type": "isobath_sample_point"}, "geometry": {"type": "Point", "coordinates": [-77.75731664780956, 33.6372878241608]}}, {"type": "Feature", "properties": {"spacing_m": 500, "index": 523, "depth_m": 10, "type": "isobath_sample_point"}, "geometry": {"type": "Point", "coordinates": [-77.76005972839666, 33.64117038740734]}}, {"type": "Feature", "properties": {"spacing_m": 500, "index": 524, "depth_m": 10, "type": "isobath_sample_point"}, "geometry": {"type": "Point", "coordinates": [-77.76428504155685, 33.64390828678577]}}, {"type": "Feature", "properties": {"spacing_m": 500, "index": 525, "depth_m": 10, "type": "isobath_sample_point"}, "geometry": {"type": "Point", "coordinates": [-77.76873207893131, 33.646474958179226]}}, {"type": "Feature", "properties": {"spacing_m": 500, "index": 526, "depth_m": 10, "type": "isobath_sample_point"}, "geometry": {"type": "Point", "coordinates": [-77.77317911630577, 33.649041629572686]}}, {"type": "Feature", "properties": {"spacing_m": 500, "index": 527, "depth_m": 10, "type": "isobath_sample_point"}, "geometry": {"type": "Point", "coordinates": [-77.77762615368023, 33.65160830096614]}}, {"type": "Feature", "properties": {"spacing_m": 500, "index": 528, "depth_m": 10, "type": "isobath_sample_point"}, "geometry": {"type": "Point", "coordinates": [-77.78207319105469, 33.65417497235959]}}, {"type": "Feature", "properties": {"spacing_m": 500, "index": 529, "depth_m": 10, "type": "isobath_sample_point"}, "geometry": {"type": "Point", "coordinates": [-77.78652022842915, 33.656741643753044]}}, {"type": "Feature", "properties": {"spacing_m": 500, "index": 530, "depth_m": 10, "type": "isobath_sample_point"}, "geometry": {"type": "Point", "coordinates": [-77.79096726580362, 33.659308315146504]}}, {"type": "Feature", "properties": {"spacing_m": 500, "index": 531, "depth_m": 10, "type": "isobath_sample_point"}, "geometry": {"type": "Point", "coordinates": [-77.79541430317808, 33.66187498653996]}}, {"type": "Feature", "properties": {"spacing_m": 500, "index": 532, "depth_m": 10, "type": "isobath_sample_point"}, "geometry": {"type": "Point", "coordinates": [-77.79986134055254, 33.66444165793341]}}, {"type": "Feature", "properties": {"spacing_m": 500, "index": 533, "depth_m": 10, "type": "isobath_sample_point"}, "geometry": {"type": "Point", "coordinates": [-77.80477019159088, 33.666005160989066]}}, {"type": "Feature", "properties": {"spacing_m": 500, "index": 534, "depth_m": 10, "type": "isobath_sample_point"}, "geometry": {"type": "Point", "coordinates": [-77.81014022288157, 33.66656687162633]}}, {"type": "Feature", "properties": {"spacing_m": 500, "index": 535, "depth_m": 10, "type": "isobath_sample_point"}, "geometry": {"type": "Point", "coordinates": [-77.81551025417225, 33.6671285822636]}}, {"type": "Feature", "properties": {"spacing_m": 500, "index": 536, "depth_m": 10, "type": "isobath_sample_point"}, "geometry": {"type": "Point", "coordinates": [-77.82088028546293, 33.66769029290087]}}, {"type": "Feature", "properties": {"spacing_m": 500, "index": 537, "depth_m": 10, "type": "isobath_sample_point"}, "geometry": {"type": "Point", "coordinates": [-77.82597223822536, 33.669066351776976]}}, {"type": "Feature", "properties": {"spacing_m": 500, "index": 538, "depth_m": 10, "type": "isobath_sample_point"}, "geometry": {"type": "Point", "coordinates": [-77.83089432496307, 33.67093986041644]}}, {"type": "Feature", "properties": {"spacing_m": 500, "index": 539, "depth_m": 10, "type": "isobath_sample_point"}, "geometry": {"type": "Point", "coordinates": [-77.83408570167484, 33.67452429165437]}}, {"type": "Feature", "properties": {"spacing_m": 500, "index": 540, "depth_m": 10, "type": "isobath_sample_point"}, "geometry": {"type": "Point", "coordinates": [-77.83714227443271, 33.678241985615486]}}, {"type": "Feature", "properties": {"spacing_m": 500, "index": 541, "depth_m": 10, "type": "isobath_sample_point"}, "geometry": {"type": "Point", "coordinates": [-77.84019884719059, 33.6819596795766]}}, {"type": "Feature", "properties": {"spacing_m": 500, "index": 542, "depth_m": 10, "type": "isobath_sample_point"}, "geometry": {"type": "Point", "coordinates": [-77.84325541994846, 33.685677373537715]}}, {"type": "Feature", "properties": {"spacing_m": 500, "index": 543, "depth_m": 10, "type": "isobath_sample_point"}, "geometry": {"type": "Point", "coordinates": [-77.84631199270633, 33.68939506749882]}}, {"type": "Feature", "properties": {"spacing_m": 500, "index": 544, "depth_m": 10, "type": "isobath_sample_point"}, "geometry": {"type": "Point", "coordinates": [-77.85023214892723, 33.69227787085377]}}, {"type": "Feature", "properties": {"spacing_m": 500, "index": 545, "depth_m": 10, "type": "isobath_sample_point"}, "geometry": {"type": "Point", "coordinates": [-77.85510675865277, 33.69423793274926]}}, {"type": "Feature", "properties": {"spacing_m": 500, "index": 546, "depth_m": 10, "type": "isobath_sample_point"}, "geometry": {"type": "Point", "coordinates": [-77.8599813683783, 33.69619799464474]}}, {"type": "Feature", "properties": {"spacing_m": 500, "index": 547, "depth_m": 10, "type": "isobath_sample_point"}, "geometry": {"type": "Point", "coordinates": [-77.86474241884639, 33.698262816131]}}, {"type": "Feature", "properties": {"spacing_m": 500, "index": 548, "depth_m": 10, "type": "isobath_sample_point"}, "geometry": {"type": "Point", "coordinates": [-77.86758670515957, 33.702095872395944]}}, {"type": "Feature", "properties": {"spacing_m": 500, "index": 549, "depth_m": 10, "type": "isobath_sample_point"}, "geometry": {"type": "Point", "coordinates": [-77.87043099147273, 33.70592892866089]}}, {"type": "Feature", "properties": {"spacing_m": 500, "index": 550, "depth_m": 10, "type": "isobath_sample_point"}, "geometry": {"type": "Point", "coordinates": [-77.87327527778591, 33.709761984925834]}}, {"type": "Feature", "properties": {"spacing_m": 500, "index": 551, "depth_m": 10, "type": "isobath_sample_point"}, "geometry": {"type": "Point", "coordinates": [-77.87611956409908, 33.71359504119077]}}, {"type": "Feature", "properties": {"spacing_m": 500, "index": 552, "depth_m": 10, "type": "isobath_sample_point"}, "geometry": {"type": "Point", "coordinates": [-77.87896385041225, 33.717428097455716]}}, {"type": "Feature", "properties": {"spacing_m": 500, "index": 553, "depth_m": 10, "type": "isobath_sample_point"}, "geometry": {"type": "Point", "coordinates": [-77.88145310802784, 33.72137662961564]}}, {"type": "Feature", "properties": {"spacing_m": 500, "index": 554, "depth_m": 10, "type": "isobath_sample_point"}, "geometry": {"type": "Point", "coordinates": [-77.88248815438367, 33.725798155502154]}}, {"type": "Feature", "properties": {"spacing_m": 500, "index": 555, "depth_m": 10, "type": "isobath_sample_point"}, "geometry": {"type": "Point", "coordinates": [-77.88352320073948, 33.73021968138866]}}, {"type": "Feature", "properties": {"spacing_m": 500, "index": 556, "depth_m": 10, "type": "isobath_sample_point"}, "geometry": {"type": "Point", "coordinates": [-77.8845582470953, 33.734641207275175]}}, {"type": "Feature", "properties": {"spacing_m": 500, "index": 557, "depth_m": 10, "type": "isobath_sample_point"}, "geometry": {"type": "Point", "coordinates": [-77.88559329345112, 33.73906273316169]}}, {"type": "Feature", "properties": {"spacing_m": 500, "index": 558, "depth_m": 10, "type": "isobath_sample_point"}, "geometry": {"type": "Point", "coordinates": [-77.88662833980693, 33.743484259048195]}}, {"type": "Feature", "properties": {"spacing_m": 500, "index": 559, "depth_m": 10, "type": "isobath_sample_point"}, "geometry": {"type": "Point", "coordinates": [-77.88766338616276, 33.74790578493471]}}, {"type": "Feature", "properties": {"spacing_m": 500, "index": 560, "depth_m": 10, "type": "isobath_sample_point"}, "geometry": {"type": "Point", "coordinates": [-77.88869843251858, 33.752327310821215]}}, {"type": "Feature", "properties": {"spacing_m": 500, "index": 561, "depth_m": 10, "type": "isobath_sample_point"}, "geometry": {"type": "Point", "coordinates": [-77.88973347887439, 33.75674883670773]}}, {"type": "Feature", "properties": {"spacing_m": 500, "index": 562, "depth_m": 10, "type": "isobath_sample_point"}, "geometry": {"type": "Point", "coordinates": [-77.89076852523021, 33.761170362594235]}}, {"type": "Feature", "properties": {"spacing_m": 500, "index": 563, "depth_m": 10, "type": "isobath_sample_point"}, "geometry": {"type": "Point", "coordinates": [-77.89180357158602, 33.76559188848075]}}, {"type": "Feature", "properties": {"spacing_m": 500, "index": 564, "depth_m": 10, "type": "isobath_sample_point"}, "geometry": {"type": "Point", "coordinates": [-77.89283861794185, 33.77001341436726]}}, {"type": "Feature", "properties": {"spacing_m": 500, "index": 565, "depth_m": 10, "type": "isobath_sample_point"}, "geometry": {"type": "Point", "coordinates": [-77.89387366429767, 33.77443494025377]}}, {"type": "Feature", "properties": {"spacing_m": 500, "index": 566, "depth_m": 10, "type": "isobath_sample_point"}, "geometry": {"type": "Point", "coordinates": [-77.89456340502788, 33.77888881158081]}}, {"type": "Feature", "properties": {"spacing_m": 500, "index": 567, "depth_m": 10, "type": "isobath_sample_point"}, "geometry": {"type": "Point", "coordinates": [-77.89473738911224, 33.78339099482253]}}, {"type": "Feature", "properties": {"spacing_m": 500, "index": 568, "depth_m": 10, "type": "isobath_sample_point"}, "geometry": {"type": "Point", "coordinates": [-77.89491137319659, 33.787893178064245]}}, {"type": "Feature", "properties": {"spacing_m": 500, "index": 569, "depth_m": 10, "type": "isobath_sample_point"}, "geometry": {"type": "Point", "coordinates": [-77.89508535728095, 33.792395361305964]}}, {"type": "Feature", "properties": {"spacing_m": 500, "index": 570, "depth_m": 10, "type": "isobath_sample_point"}, "geometry": {"type": "Point", "coordinates": [-77.8952593413653, 33.796897544547676]}}, {"type": "Feature", "properties": {"spacing_m": 500, "index": 571, "depth_m": 10, "type": "isobath_sample_point"}, "geometry": {"type": "Point", "coordinates": [-77.89543332544966, 33.80139972778939]}}, {"type": "Feature", "properties": {"spacing_m": 500, "index": 572, "depth_m": 10, "type": "isobath_sample_point"}, "geometry": {"type": "Point", "coordinates": [-77.89560730953401, 33.80590191103111]}}, {"type": "Feature", "properties": {"spacing_m": 500, "index": 573, "depth_m": 10, "type": "isobath_sample_point"}, "geometry": {"type": "Point", "coordinates": [-77.89694403884334, 33.81025818403471]}}, {"type": "Feature", "properties": {"spacing_m": 500, "index": 574, "depth_m": 10, "type": "isobath_sample_point"}, "geometry": {"type": "Point", "coordinates": [-77.89837819944813, 33.814602230607946]}}, {"type": "Feature", "properties": {"spacing_m": 500, "index": 575, "depth_m": 10, "type": "isobath_sample_point"}, "geometry": {"type": "Point", "coordinates": [-77.89981236005292, 33.81894627718119]}}, {"type": "Feature", "properties": {"spacing_m": 500, "index": 576, "depth_m": 10, "type": "isobath_sample_point"}, "geometry": {"type": "Point", "coordinates": [-77.9011645298489, 33.823302599070416]}}, {"type": "Feature", "properties": {"spacing_m": 500, "index": 577, "depth_m": 10, "type": "isobath_sample_point"}, "geometry": {"type": "Point", "coordinates": [-77.90164548521898, 33.82778935548663]}}, {"type": "Feature", "properties": {"spacing_m": 500, "index": 578, "depth_m": 10, "type": "isobath_sample_point"}, "geometry": {"type": "Point", "coordinates": [-77.90212644058907, 33.83227611190285]}}, {"type": "Feature", "properties": {"spacing_m": 500, "index": 579, "depth_m": 10, "type": "isobath_sample_point"}, "geometry": {"type": "Point", "coordinates": [-77.90260739595915, 33.83676286831907]}}, {"type": "Feature", "properties": {"spacing_m": 500, "index": 580, "depth_m": 10, "type": "isobath_sample_point"}, "geometry": {"type": "Point", "coordinates": [-77.90308835132923, 33.84124962473529]}}, {"type": "Feature", "properties": {"spacing_m": 500, "index": 581, "depth_m": 10, "type": "isobath_sample_point"}, "geometry": {"type": "Point", "coordinates": [-77.90356930669931, 33.845736381151504]}}, {"type": "Feature", "properties": {"spacing_m": 500, "index": 582, "depth_m": 10, "type": "isobath_sample_point"}, "geometry": {"type": "Point", "coordinates": [-77.9040502620694, 33.850223137567724]}}, {"type": "Feature", "properties": {"spacing_m": 500, "index": 583, "depth_m": 10, "type": "isobath_sample_point"}, "geometry": {"type": "Point", "coordinates": [-77.90453121743948, 33.854709893983944]}}, {"type": "Feature", "properties": {"spacing_m": 500, "index": 584, "depth_m": 10, "type": "isobath_sample_point"}, "geometry": {"type": "Point", "coordinates": [-77.90501217280956, 33.859196650400165]}}, {"type": "Feature", "properties": {"spacing_m": 500, "index": 585, "depth_m": 10, "type": "isobath_sample_point"}, "geometry": {"type": "Point", "coordinates": [-77.906010463842, 33.86361625875217]}}, {"type": "Feature", "properties": {"spacing_m": 500, "index": 586, "depth_m": 10, "type": "isobath_sample_point"}, "geometry": {"type": "Point", "coordinates": [-77.90720196213744, 33.86801078958749]}}, {"type": "Feature", "properties": {"spacing_m": 500, "index": 587, "depth_m": 10, "type": "isobath_sample_point"}, "geometry": {"type": "Point", "coordinates": [-77.90839346043288, 33.87240532042281]}}, {"type": "Feature", "properties": {"spacing_m": 500, "index": 588, "depth_m": 10, "type": "isobath_sample_point"}, "geometry": {"type": "Point", "coordinates": [-77.90958495872833, 33.876799851258134]}}, {"type": "Feature", "properties": {"spacing_m": 500, "index": 589, "depth_m": 10, "type": "isobath_sample_point"}, "geometry": {"type": "Point", "coordinates": [-77.91077645702377, 33.881194382093454]}}, {"type": "Feature", "properties": {"spacing_m": 500, "index": 590, "depth_m": 10, "type": "isobath_sample_point"}, "geometry": {"type": "Point", "coordinates": [-77.91190866319822, 33.88559291381707]}}, {"type": "Feature", "properties": {"spacing_m": 500, "index": 591, "depth_m": 10, "type": "isobath_sample_point"}, "geometry": {"type": "Point", "coordinates": [-77.91158743749713, 33.890089519593]}}, {"type": "Feature", "properties": {"spacing_m": 500, "index": 592, "depth_m": 10, "type": "isobath_sample_point"}, "geometry": {"type": "Point", "coordinates": [-77.91126621179605, 33.894586125368924]}}, {"type": "Feature", "properties": {"spacing_m": 500, "index": 593, "depth_m": 10, "type": "isobath_sample_point"}, "geometry": {"type": "Point", "coordinates": [-77.91094498609495, 33.89908273114486]}}, {"type": "Feature", "properties": {"spacing_m": 500, "index": 594, "depth_m": 10, "type": "isobath_sample_point"}, "geometry": {"type": "Point", "coordinates": [-77.91003348560601, 33.90346578445842]}}, {"type": "Feature", "properties": {"spacing_m": 500, "index": 595, "depth_m": 10, "type": "isobath_sample_point"}, "geometry": {"type": "Point", "coordinates": [-77.90793804422609, 33.90762108045244]}}, {"type": "Feature", "properties": {"spacing_m": 500, "index": 596, "depth_m": 10, "type": "isobath_sample_point"}, "geometry": {"type": "Point", "coordinates": [-77.90584260284615, 33.911776376446454]}}, {"type": "Feature", "properties": {"spacing_m": 500, "index": 597, "depth_m": 10, "type": "isobath_sample_point"}, "geometry": {"type": "Point", "coordinates": [-77.90374716146621, 33.91593167244047]}}, {"type": "Feature", "properties": {"spacing_m": 500, "index": 598, "depth_m": 10, "type": "isobath_sample_point"}, "geometry": {"type": "Point", "coordinates": [-77.90165172008629, 33.9200869684345]}}, {"type": "Feature", "properties": {"spacing_m": 500, "index": 599, "depth_m": 10, "type": "isobath_sample_point"}, "geometry": {"type": "Point", "coordinates": [-77.89985146113017, 33.924319913665435]}}, {"type": "Feature", "properties": {"spacing_m": 500, "index": 600, "depth_m": 10, "type": "isobath_sample_point"}, "geometry": {"type": "Point", "coordinates": [-77.89868131577778, 33.92871861348256]}}, {"type": "Feature", "properties": {"spacing_m": 500, "index": 601, "depth_m": 10, "type": "isobath_sample_point"}, "geometry": {"type": "Point", "coordinates": [-77.89751117042539, 33.93311731329968]}}, {"type": "Feature", "properties": {"spacing_m": 500, "index": 602, "depth_m": 10, "type": "isobath_sample_point"}, "geometry": {"type": "Point", "coordinates": [-77.896341025073, 33.937516013116806]}}, {"type": "Feature", "properties": {"spacing_m": 500, "index": 603, "depth_m": 10, "type": "isobath_sample_point"}, "geometry": {"type": "Point", "coordinates": [-77.89517087972061, 33.94191471293393]}}, {"type": "Feature", "properties": {"spacing_m": 500, "index": 604, "depth_m": 10, "type": "isobath_sample_point"}, "geometry": {"type": "Point", "coordinates": [-77.89400073436822, 33.94631341275105]}}, {"type": "Feature", "properties": {"spacing_m": 500, "index": 605, "depth_m": 10, "type": "isobath_sample_point"}, "geometry": {"type": "Point", "coordinates": [-77.89283058901583, 33.950712112568176]}}, {"type": "Feature", "properties": {"spacing_m": 500, "index": 606, "depth_m": 10, "type": "isobath_sample_point"}, "geometry": {"type": "Point", "coordinates": [-77.89166044366344, 33.9551108123853]}}, {"type": "Feature", "properties": {"spacing_m": 500, "index": 607, "depth_m": 10, "type": "isobath_sample_point"}, "geometry": {"type": "Point", "coordinates": [-77.89049029831105, 33.95950951220242]}}, {"type": "Feature", "properties": {"spacing_m": 500, "index": 608, "depth_m": 10, "type": "isobath_sample_point"}, "geometry": {"type": "Point", "coordinates": [-77.88932015295866, 33.96390821201954]}}, {"type": "Feature", "properties": {"spacing_m": 500, "index": 609, "depth_m": 10, "type": "isobath_sample_point"}, "geometry": {"type": "Point", "coordinates": [-77.88815000760627, 33.96830691183666]}}, {"type": "Feature", "properties": {"spacing_m": 500, "index": 610, "depth_m": 10, "type": "isobath_sample_point"}, "geometry": {"type": "Point", "coordinates": [-77.88697986225388, 33.97270561165379]}}, {"type": "Feature", "properties": {"spacing_m": 500, "index": 611, "depth_m": 10, "type": "isobath_sample_point"}, "geometry": {"type": "Point", "coordinates": [-77.88580971690149, 33.97710431147091]}}, {"type": "Feature", "properties": {"spacing_m": 500, "index": 612, "depth_m": 10, "type": "isobath_sample_point"}, "geometry": {"type": "Point", "coordinates": [-77.8846395715491, 33.981503011288034]}}, {"type": "Feature", "properties": {"spacing_m": 500, "index": 613, "depth_m": 10, "type": "isobath_sample_point"}, "geometry": {"type": "Point", "coordinates": [-77.88346942619671, 33.98590171110516]}}, {"type": "Feature", "properties": {"spacing_m": 500, "index": 614, "depth_m": 10, "type": "isobath_sample_point"}, "geometry": {"type": "Point", "coordinates": [-77.88229928084432, 33.99030041092228]}}, {"type": "Feature", "properties": {"spacing_m": 500, "index": 615, "depth_m": 10, "type": "isobath_sample_point"}, "geometry": {"type": "Point", "coordinates": [-77.88107681033966, 33.99468733679612]}}, {"type": "Feature", "properties": {"spacing_m": 500, "index": 616, "depth_m": 10, "type": "isobath_sample_point"}, "geometry": {"type": "Point", "coordinates": [-77.87940008092271, 33.998972047608234]}}, {"type": "Feature", "properties": {"spacing_m": 500, "index": 617, "depth_m": 10, "type": "isobath_sample_point"}, "geometry": {"type": "Point", "coordinates": [-77.87772335150575, 34.00325675842035]}}, {"type": "Feature", "properties": {"spacing_m": 500, "index": 618, "depth_m": 10, "type": "isobath_sample_point"}, "geometry": {"type": "Point", "coordinates": [-77.87604662208881, 34.007541469232464]}}, {"type": "Feature", "properties": {"spacing_m": 500, "index": 619, "depth_m": 10, "type": "isobath_sample_point"}, "geometry": {"type": "Point", "coordinates": [-77.87436989267185, 34.01182618004458]}}, {"type": "Feature", "properties": {"spacing_m": 500, "index": 620, "depth_m": 10, "type": "isobath_sample_point"}, "geometry": {"type": "Point", "coordinates": [-77.87269316325491, 34.016110890856694]}}, {"type": "Feature", "properties": {"spacing_m": 500, "index": 621, "depth_m": 10, "type": "isobath_sample_point"}, "geometry": {"type": "Point", "coordinates": [-77.87101643383795, 34.02039560166882]}}, {"type": "Feature", "properties": {"spacing_m": 500, "index": 622, "depth_m": 10, "type": "isobath_sample_point"}, "geometry": {"type": "Point", "coordinates": [-77.869339704421, 34.02468031248093]}}, {"type": "Feature", "properties": {"spacing_m": 500, "index": 623, "depth_m": 10, "type": "isobath_sample_point"}, "geometry": {"type": "Point", "coordinates": [-77.86745561449145, 34.02890043273225]}}, {"type": "Feature", "properties": {"spacing_m": 500, "index": 624, "depth_m": 10, "type": "isobath_sample_point"}, "geometry": {"type": "Point", "coordinates": [-77.86530671386174, 34.03303806730965]}}, {"type": "Feature", "properties": {"spacing_m": 500, "index": 625, "depth_m": 10, "type": "isobath_sample_point"}, "geometry": {"type": "Point", "coordinates": [-77.86315781323202, 34.037175701887044]}}, {"type": "Feature", "properties": {"spacing_m": 500, "index": 626, "depth_m": 10, "type": "isobath_sample_point"}, "geometry": {"type": "Point", "coordinates": [-77.86100891260232, 34.041313336464434]}}, {"type": "Feature", "properties": {"spacing_m": 500, "index": 627, "depth_m": 10, "type": "isobath_sample_point"}, "geometry": {"type": "Point", "coordinates": [-77.8588600119726, 34.04545097104183]}}, {"type": "Feature", "properties": {"spacing_m": 500, "index": 628, "depth_m": 10, "type": "isobath_sample_point"}, "geometry": {"type": "Point", "coordinates": [-77.85671111134288, 34.04958860561923]}}, {"type": "Feature", "properties": {"spacing_m": 500, "index": 629, "depth_m": 10, "type": "isobath_sample_point"}, "geometry": {"type": "Point", "coordinates": [-77.85456221071317, 34.05372624019662]}}, {"type": "Feature", "properties": {"spacing_m": 500, "index": 630, "depth_m": 10, "type": "isobath_sample_point"}, "geometry": {"type": "Point", "coordinates": [-77.85241331008345, 34.057863874774014]}}, {"type": "Feature", "properties": {"spacing_m": 500, "index": 631, "depth_m": 10, "type": "isobath_sample_point"}, "geometry": {"type": "Point", "coordinates": [-77.85052544038341, 34.06207804267306]}}, {"type": "Feature", "properties": {"spacing_m": 500, "index": 632, "depth_m": 10, "type": "isobath_sample_point"}, "geometry": {"type": "Point", "coordinates": [-77.8490580273302, 34.066415486935675]}}, {"type": "Feature", "properties": {"spacing_m": 500, "index": 633, "depth_m": 10, "type": "isobath_sample_point"}, "geometry": {"type": "Point", "coordinates": [-77.847590614277, 34.07075293119829]}}, {"type": "Feature", "properties": {"spacing_m": 500, "index": 634, "depth_m": 10, "type": "isobath_sample_point"}, "geometry": {"type": "Point", "coordinates": [-77.84612320122379, 34.07509037546091]}}, {"type": "Feature", "properties": {"spacing_m": 500, "index": 635, "depth_m": 10, "type": "isobath_sample_point"}, "geometry": {"type": "Point", "coordinates": [-77.84465578817057, 34.07942781972353]}}, {"type": "Feature", "properties": {"spacing_m": 500, "index": 636, "depth_m": 10, "type": "isobath_sample_point"}, "geometry": {"type": "Point", "coordinates": [-77.84318837511736, 34.08376526398615]}}, {"type": "Feature", "properties": {"spacing_m": 500, "index": 637, "depth_m": 10, "type": "isobath_sample_point"}, "geometry": {"type": "Point", "coordinates": [-77.84172096206416, 34.08810270824877]}}, {"type": "Feature", "properties": {"spacing_m": 500, "index": 638, "depth_m": 10, "type": "isobath_sample_point"}, "geometry": {"type": "Point", "coordinates": [-77.84025354901095, 34.09244015251139]}}, {"type": "Feature", "properties": {"spacing_m": 500, "index": 639, "depth_m": 10, "type": "isobath_sample_point"}, "geometry": {"type": "Point", "coordinates": [-77.83878613595775, 34.096777596774004]}}, {"type": "Feature", "properties": {"spacing_m": 500, "index": 640, "depth_m": 10, "type": "isobath_sample_point"}, "geometry": {"type": "Point", "coordinates": [-77.83731872290454, 34.10111504103662]}}, {"type": "Feature", "properties": {"spacing_m": 500, "index": 641, "depth_m": 10, "type": "isobath_sample_point"}, "geometry": {"type": "Point", "coordinates": [-77.83531337583194, 34.105294749836546]}}, {"type": "Feature", "properties": {"spacing_m": 500, "index": 642, "depth_m": 10, "type": "isobath_sample_point"}, "geometry": {"type": "Point", "coordinates": [-77.83315342683805, 34.10942912555711]}}, {"type": "Feature", "properties": {"spacing_m": 500, "index": 643, "depth_m": 10, "type": "isobath_sample_point"}, "geometry": {"type": "Point", "coordinates": [-77.83099347784415, 34.113563501277675]}}, {"type": "Feature", "properties": {"spacing_m": 500, "index": 644, "depth_m": 10, "type": "isobath_sample_point"}, "geometry": {"type": "Point", "coordinates": [-77.82883352885025, 34.117697876998236]}}, {"type": "Feature", "properties": {"spacing_m": 500, "index": 645, "depth_m": 10, "type": "isobath_sample_point"}, "geometry": {"type": "Point", "coordinates": [-77.82667357985635, 34.1218322527188]}}, {"type": "Feature", "properties": {"spacing_m": 500, "index": 646, "depth_m": 10, "type": "isobath_sample_point"}, "geometry": {"type": "Point", "coordinates": [-77.82451363086246, 34.125966628439365]}}, {"type": "Feature", "properties": {"spacing_m": 500, "index": 647, "depth_m": 10, "type": "isobath_sample_point"}, "geometry": {"type": "Point", "coordinates": [-77.82235368186855, 34.130101004159926]}}, {"type": "Feature", "properties": {"spacing_m": 500, "index": 648, "depth_m": 10, "type": "isobath_sample_point"}, "geometry": {"type": "Point", "coordinates": [-77.82019373287466, 34.13423537988049]}}, {"type": "Feature", "properties": {"spacing_m": 500, "index": 649, "depth_m": 10, "type": "isobath_sample_point"}, "geometry": {"type": "Point", "coordinates": [-77.81784876765371, 34.13829306713797]}}, {"type": "Feature", "properties": {"spacing_m": 500, "index": 650, "depth_m": 10, "type": "isobath_sample_point"}, "geometry": {"type": "Point", "coordinates": [-77.81513085074661, 34.14219616745965]}}, {"type": "Feature", "properties": {"spacing_m": 500, "index": 651, "depth_m": 10, "type": "isobath_sample_point"}, "geometry": {"type": "Point", "coordinates": [-77.81241293383951, 34.14609926778133]}}, {"type": "Feature", "properties": {"spacing_m": 500, "index": 652, "depth_m": 10, "type": "isobath_sample_point"}, "geometry": {"type": "Point", "coordinates": [-77.80969501693241, 34.150002368103]}}, {"type": "Feature", "properties": {"spacing_m": 500, "index": 653, "depth_m": 10, "type": "isobath_sample_point"}, "geometry": {"type": "Point", "coordinates": [-77.8069771000253, 34.15390546842468]}}, {"type": "Feature", "properties": {"spacing_m": 500, "index": 654, "depth_m": 10, "type": "isobath_sample_point"}, "geometry": {"type": "Point", "coordinates": [-77.8042591831182, 34.15780856874636]}}, {"type": "Feature", "properties": {"spacing_m": 500, "index": 655, "depth_m": 10, "type": "isobath_sample_point"}, "geometry": {"type": "Point", "coordinates": [-77.8015412662111, 34.16171166906804]}}, {"type": "Feature", "properties": {"spacing_m": 500, "index": 656, "depth_m": 10, "type": "isobath_sample_point"}, "geometry": {"type": "Point", "coordinates": [-77.798823349304, 34.16561476938971]}}, {"type": "Feature", "properties": {"spacing_m": 500, "index": 657, "depth_m": 10, "type": "isobath_sample_point"}, "geometry": {"type": "Point", "coordinates": [-77.7961054323969, 34.16951786971139]}}, {"type": "Feature", "properties": {"spacing_m": 500, "index": 658, "depth_m": 10, "type": "isobath_sample_point"}, "geometry": {"type": "Point", "coordinates": [-77.7933875154898, 34.17342097003307]}}, {"type": "Feature", "properties": {"spacing_m": 500, "index": 659, "depth_m": 10, "type": "isobath_sample_point"}, "geometry": {"type": "Point", "coordinates": [-77.7906695985827, 34.17732407035475]}}, {"type": "Feature", "properties": {"spacing_m": 500, "index": 660, "depth_m": 10, "type": "isobath_sample_point"}, "geometry": {"type": "Point", "coordinates": [-77.7879516816756, 34.18122717067642]}}, {"type": "Feature", "properties": {"spacing_m": 500, "index": 661, "depth_m": 10, "type": "isobath_sample_point"}, "geometry": {"type": "Point", "coordinates": [-77.78523376476849, 34.1851302709981]}}, {"type": "Feature", "properties": {"spacing_m": 500, "index": 662, "depth_m": 10, "type": "isobath_sample_point"}, "geometry": {"type": "Point", "coordinates": [-77.78251584786139, 34.18903337131978]}}, {"type": "Feature", "properties": {"spacing_m": 500, "index": 663, "depth_m": 10, "type": "isobath_sample_point"}, "geometry": {"type": "Point", "coordinates": [-77.77979793095429, 34.19293647164146]}}, {"type": "Feature", "properties": {"spacing_m": 500, "index": 664, "depth_m": 10, "type": "isobath_sample_point"}, "geometry": {"type": "Point", "coordinates": [-77.77708001404719, 34.19683957196313]}}, {"type": "Feature", "properties": {"spacing_m": 500, "index": 665, "depth_m": 10, "type": "isobath_sample_point"}, "geometry": {"type": "Point", "coordinates": [-77.77436209714008, 34.20074267228481]}}, {"type": "Feature", "properties": {"spacing_m": 500, "index": 666, "depth_m": 10, "type": "isobath_sample_point"}, "geometry": {"type": "Point", "coordinates": [-77.77164418023298, 34.20464577260649]}}, {"type": "Feature", "properties": {"spacing_m": 500, "index": 667, "depth_m": 10, "type": "isobath_sample_point"}, "geometry": {"type": "Point", "coordinates": [-77.76892626332588, 34.20854887292817]}}, {"type": "Feature", "properties": {"spacing_m": 500, "index": 668, "depth_m": 10, "type": "isobath_sample_point"}, "geometry": {"type": "Point", "coordinates": [-77.76587833314083, 34.212268888990685]}}, {"type": "Feature", "properties": {"spacing_m": 500, "index": 669, "depth_m": 10, "type": "isobath_sample_point"}, "geometry": {"type": "Point", "coordinates": [-77.76252755092392, 34.2158208892684]}}, {"type": "Feature", "properties": {"spacing_m": 500, "index": 670, "depth_m": 10, "type": "isobath_sample_point"}, "geometry": {"type": "Point", "coordinates": [-77.75917676870701, 34.219372889546115]}}, {"type": "Feature", "properties": {"spacing_m": 500, "index": 671, "depth_m": 10, "type": "isobath_sample_point"}, "geometry": {"type": "Point", "coordinates": [-77.75582598649011, 34.22292488982383]}}, {"type": "Feature", "properties": {"spacing_m": 500, "index": 672, "depth_m": 10, "type": "isobath_sample_point"}, "geometry": {"type": "Point", "coordinates": [-77.7524752042732, 34.226476890101544]}}, {"type": "Feature", "properties": {"spacing_m": 500, "index": 673, "depth_m": 10, "type": "isobath_sample_point"}, "geometry": {"type": "Point", "coordinates": [-77.74912442205628, 34.23002889037926]}}, {"type": "Feature", "properties": {"spacing_m": 500, "index": 674, "depth_m": 10, "type": "isobath_sample_point"}, "geometry": {"type": "Point", "coordinates": [-77.74577363983937, 34.23358089065698]}}, {"type": "Feature", "properties": {"spacing_m": 500, "index": 675, "depth_m": 10, "type": "isobath_sample_point"}, "geometry": {"type": "Point", "coordinates": [-77.74242285762247, 34.237132890934696]}}, {"type": "Feature", "properties": {"spacing_m": 500, "index": 676, "depth_m": 10, "type": "isobath_sample_point"}, "geometry": {"type": "Point", "coordinates": [-77.73907207540556, 34.24068489121241]}}, {"type": "Feature", "properties": {"spacing_m": 500, "index": 677, "depth_m": 10, "type": "isobath_sample_point"}, "geometry": {"type": "Point", "coordinates": [-77.73572129318865, 34.244236891490125]}}, {"type": "Feature", "properties": {"spacing_m": 500, "index": 678, "depth_m": 10, "type": "isobath_sample_point"}, "geometry": {"type": "Point", "coordinates": [-77.73237051097173, 34.24778889176784]}}, {"type": "Feature", "properties": {"spacing_m": 500, "index": 679, "depth_m": 10, "type": "isobath_sample_point"}, "geometry": {"type": "Point", "coordinates": [-77.72901972875484, 34.251340892045555]}}, {"type": "Feature", "properties": {"spacing_m": 500, "index": 680, "depth_m": 10, "type": "isobath_sample_point"}, "geometry": {"type": "Point", "coordinates": [-77.72566894653792, 34.25489289232328]}}, {"type": "Feature", "properties": {"spacing_m": 500, "index": 681, "depth_m": 10, "type": "isobath_sample_point"}, "geometry": {"type": "Point", "coordinates": [-77.72231816432101, 34.25844489260099]}}, {"type": "Feature", "properties": {"spacing_m": 500, "index": 682, "depth_m": 10, "type": "isobath_sample_point"}, "geometry": {"type": "Point", "coordinates": [-77.7189673821041, 34.261996892878706]}}, {"type": "Feature", "properties": {"spacing_m": 500, "index": 683, "depth_m": 10, "type": "isobath_sample_point"}, "geometry": {"type": "Point", "coordinates": [-77.71525006807364, 34.26529015640793]}}, {"type": "Feature", "properties": {"spacing_m": 500, "index": 684, "depth_m": 10, "type": "isobath_sample_point"}, "geometry": {"type": "Point", "coordinates": [-77.71150732560953, 34.26856546987117]}}, {"type": "Feature", "properties": {"spacing_m": 500, "index": 685, "depth_m": 10, "type": "isobath_sample_point"}, "geometry": {"type": "Point", "coordinates": [-77.70776458314542, 34.271840783334405]}}, {"type": "Feature", "properties": {"spacing_m": 500, "index": 686, "depth_m": 10, "type": "isobath_sample_point"}, "geometry": {"type": "Point", "coordinates": [-77.7040218406813, 34.27511609679764]}}, {"type": "Feature", "properties": {"spacing_m": 500, "index": 687, "depth_m": 10, "type": "isobath_sample_point"}, "geometry": {"type": "Point", "coordinates": [-77.7002790982172, 34.27839141026087]}}, {"type": "Feature", "properties": {"spacing_m": 500, "index": 688, "depth_m": 10, "type": "isobath_sample_point"}, "geometry": {"type": "Point", "coordinates": [-77.69653635575308, 34.281666723724115]}}, {"type": "Feature", "properties": {"spacing_m": 500, "index": 689, "depth_m": 10, "type": "isobath_sample_point"}, "geometry": {"type": "Point", "coordinates": [-77.69279361328897, 34.28494203718735]}}, {"type": "Feature", "properties": {"spacing_m": 500, "index": 690, "depth_m": 10, "type": "isobath_sample_point"}, "geometry": {"type": "Point", "coordinates": [-77.68905087082486, 34.288217350650584]}}, {"type": "Feature", "properties": {"spacing_m": 500, "index": 691, "depth_m": 10, "type": "isobath_sample_point"}, "geometry": {"type": "Point", "coordinates": [-77.68530812836075, 34.29149266411382]}}, {"type": "Feature", "properties": {"spacing_m": 500, "index": 692, "depth_m": 10, "type": "isobath_sample_point"}, "geometry": {"type": "Point", "coordinates": [-77.68156538589663, 34.29476797757706]}}, {"type": "Feature", "properties": {"spacing_m": 500, "index": 693, "depth_m": 10, "type": "isobath_sample_point"}, "geometry": {"type": "Point", "coordinates": [-77.67782264343252, 34.298043291040294]}}, {"type": "Feature", "properties": {"spacing_m": 500, "index": 694, "depth_m": 10, "type": "isobath_sample_point"}, "geometry": {"type": "Point", "coordinates": [-77.67407990096841, 34.30131860450353]}}, {"type": "Feature", "properties": {"spacing_m": 500, "index": 695, "depth_m": 10, "type": "isobath_sample_point"}, "geometry": {"type": "Point", "coordinates": [-77.6703371585043, 34.30459391796677]}}, {"type": "Feature", "properties": {"spacing_m": 500, "index": 696, "depth_m": 10, "type": "isobath_sample_point"}, "geometry": {"type": "Point", "coordinates": [-77.66659441604018, 34.307869231430004]}}, {"type": "Feature", "properties": {"spacing_m": 500, "index": 697, "depth_m": 10, "type": "isobath_sample_point"}, "geometry": {"type": "Point", "coordinates": [-77.66253619819405, 34.31084764207304]}}, {"type": "Feature", "properties": {"spacing_m": 500, "index": 698, "depth_m": 10, "type": "isobath_sample_point"}, "geometry": {"type": "Point", "coordinates": [-77.65811159943355, 34.313481241257136]}}, {"type": "Feature", "properties": {"spacing_m": 500, "index": 699, "depth_m": 10, "type": "isobath_sample_point"}, "geometry": {"type": "Point", "coordinates": [-77.65368700067306, 34.31611484044123]}}, {"type": "Feature", "properties": {"spacing_m": 500, "index": 700, "depth_m": 10, "type": "isobath_sample_point"}, "geometry": {"type": "Point", "coordinates": [-77.64926240191257, 34.31874843962533]}}, {"type": "Feature", "properties": {"spacing_m": 500, "index": 701, "depth_m": 10, "type": "isobath_sample_point"}, "geometry": {"type": "Point", "coordinates": [-77.64483780315207, 34.321382038809425]}}, {"type": "Feature", "properties": {"spacing_m": 500, "index": 702, "depth_m": 10, "type": "isobath_sample_point"}, "geometry": {"type": "Point", "coordinates": [-77.64041320439158, 34.32401563799352]}}, {"type": "Feature", "properties": {"spacing_m": 500, "index": 703, "depth_m": 10, "type": "isobath_sample_point"}, "geometry": {"type": "Point", "coordinates": [-77.63652202052431, 34.3271557737293]}}, {"type": "Feature", "properties": {"spacing_m": 500, "index": 704, "depth_m": 10, "type": "isobath_sample_point"}, "geometry": {"type": "Point", "coordinates": [-77.63275397966497, 34.330412847397255]}}, {"type": "Feature", "properties": {"spacing_m": 500, "index": 705, "depth_m": 10, "type": "isobath_sample_point"}, "geometry": {"type": "Point", "coordinates": [-77.62898593880563, 34.33366992106521]}}, {"type": "Feature", "properties": {"spacing_m": 500, "index": 706, "depth_m": 10, "type": "isobath_sample_point"}, "geometry": {"type": "Point", "coordinates": [-77.62521789794629, 34.336926994733155]}}, {"type": "Feature", "properties": {"spacing_m": 500, "index": 707, "depth_m": 10, "type": "isobath_sample_point"}, "geometry": {"type": "Point", "coordinates": [-77.62126880226212, 34.34002242748087]}}, {"type": "Feature", "properties": {"spacing_m": 500, "index": 708, "depth_m": 10, "type": "isobath_sample_point"}, "geometry": {"type": "Point", "coordinates": [-77.6170356553746, 34.34286426688772]}}, {"type": "Feature", "properties": {"spacing_m": 500, "index": 709, "depth_m": 10, "type": "isobath_sample_point"}, "geometry": {"type": "Point", "coordinates": [-77.61280250848705, 34.34570610629458]}}, {"type": "Feature", "properties": {"spacing_m": 500, "index": 710, "depth_m": 10, "type": "isobath_sample_point"}, "geometry": {"type": "Point", "coordinates": [-77.60856936159952, 34.34854794570144]}}, {"type": "Feature", "properties": {"spacing_m": 500, "index": 711, "depth_m": 10, "type": "isobath_sample_point"}, "geometry": {"type": "Point", "coordinates": [-77.60433621471199, 34.351389785108296]}}, {"type": "Feature", "properties": {"spacing_m": 500, "index": 712, "depth_m": 10, "type": "isobath_sample_point"}, "geometry": {"type": "Point", "coordinates": [-77.60010306782446, 34.35423162451515]}}, {"type": "Feature", "properties": {"spacing_m": 500, "index": 713, "depth_m": 10, "type": "isobath_sample_point"}, "geometry": {"type": "Point", "coordinates": [-77.59586992093692, 34.357073463922006]}}, {"type": "Feature", "properties": {"spacing_m": 500, "index": 714, "depth_m": 10, "type": "isobath_sample_point"}, "geometry": {"type": "Point", "coordinates": [-77.59163677404939, 34.35991530332886]}}, {"type": "Feature", "properties": {"spacing_m": 500, "index": 715, "depth_m": 10, "type": "isobath_sample_point"}, "geometry": {"type": "Point", "coordinates": [-77.58694636571242, 34.36219613395443]}}, {"type": "Feature", "properties": {"spacing_m": 500, "index": 716, "depth_m": 10, "type": "isobath_sample_point"}, "geometry": {"type": "Point", "coordinates": [-77.58215800545464, 34.36435678850177]}}, {"type": "Feature", "properties": {"spacing_m": 500, "index": 717, "depth_m": 10, "type": "isobath_sample_point"}, "geometry": {"type": "Point", "coordinates": [-77.57736964519688, 34.366517443049126]}}, {"type": "Feature", "properties": {"spacing_m": 500, "index": 718, "depth_m": 10, "type": "isobath_sample_point"}, "geometry": {"type": "Point", "coordinates": [-77.57258128493912, 34.36867809759648]}}, {"type": "Feature", "properties": {"spacing_m": 500, "index": 719, "depth_m": 10, "type": "isobath_sample_point"}, "geometry": {"type": "Point", "coordinates": [-77.56779292468134, 34.37083875214383]}}, {"type": "Feature", "properties": {"spacing_m": 500, "index": 720, "depth_m": 10, "type": "isobath_sample_point"}, "geometry": {"type": "Point", "coordinates": [-77.56300456442358, 34.37299940669118]}}, {"type": "Feature", "properties": {"spacing_m": 500, "index": 721, "depth_m": 10, "type": "isobath_sample_point"}, "geometry": {"type": "Point", "coordinates": [-77.558954714339, 34.37584920193739]}}, {"type": "Feature", "properties": {"spacing_m": 500, "index": 722, "depth_m": 10, "type": "isobath_sample_point"}, "geometry": {"type": "Point", "coordinates": [-77.55577340385459, 34.37950947483004]}}, {"type": "Feature", "properties": {"spacing_m": 500, "index": 723, "depth_m": 10, "type": "isobath_sample_point"}, "geometry": {"type": "Point", "coordinates": [-77.55259209337017, 34.38316974772268]}}, {"type": "Feature", "properties": {"spacing_m": 500, "index": 724, "depth_m": 10, "type": "isobath_sample_point"}, "geometry": {"type": "Point", "coordinates": [-77.54941078288576, 34.38683002061532]}}, {"type": "Feature", "properties": {"spacing_m": 500, "index": 725, "depth_m": 10, "type": "isobath_sample_point"}, "geometry": {"type": "Point", "coordinates": [-77.54622947240134, 34.390490293507966]}}, {"type": "Feature", "properties": {"spacing_m": 500, "index": 726, "depth_m": 10, "type": "isobath_sample_point"}, "geometry": {"type": "Point", "coordinates": [-77.54292809337184, 34.394056191493775]}}, {"type": "Feature", "properties": {"spacing_m": 500, "index": 727, "depth_m": 10, "type": "isobath_sample_point"}, "geometry": {"type": "Point", "coordinates": [-77.53864962735935, 34.396854090725725]}}, {"type": "Feature", "properties": {"spacing_m": 500, "index": 728, "depth_m": 10, "type": "isobath_sample_point"}, "geometry": {"type": "Point", "coordinates": [-77.53437116134685, 34.399651989957675]}}, {"type": "Feature", "properties": {"spacing_m": 500, "index": 729, "depth_m": 10, "type": "isobath_sample_point"}, "geometry": {"type": "Point", "coordinates": [-77.53009269533437, 34.402449889189626]}}, {"type": "Feature", "properties": {"spacing_m": 500, "index": 730, "depth_m": 10, "type": "isobath_sample_point"}, "geometry": {"type": "Point", "coordinates": [-77.52581422932188, 34.40524778842157]}}, {"type": "Feature", "properties": {"spacing_m": 500, "index": 731, "depth_m": 10, "type": "isobath_sample_point"}, "geometry": {"type": "Point", "coordinates": [-77.52167646448297, 34.408175592060374]}}, {"type": "Feature", "properties": {"spacing_m": 500, "index": 732, "depth_m": 10, "type": "isobath_sample_point"}, "geometry": {"type": "Point", "coordinates": [-77.51783393425546, 34.41137597535222]}}, {"type": "Feature", "properties": {"spacing_m": 500, "index": 733, "depth_m": 10, "type": "isobath_sample_point"}, "geometry": {"type": "Point", "coordinates": [-77.51399140402798, 34.41457635864408]}}, {"type": "Feature", "properties": {"spacing_m": 500, "index": 734, "depth_m": 10, "type": "isobath_sample_point"}, "geometry": {"type": "Point", "coordinates": [-77.51014887380047, 34.41777674193593]}}, {"type": "Feature", "properties": {"spacing_m": 500, "index": 735, "depth_m": 10, "type": "isobath_sample_point"}, "geometry": {"type": "Point", "coordinates": [-77.50630634357299, 34.420977125227786]}}, {"type": "Feature", "properties": {"spacing_m": 500, "index": 736, "depth_m": 10, "type": "isobath_sample_point"}, "geometry": {"type": "Point", "coordinates": [-77.50246381334549, 34.42417750851964]}}, {"type": "Feature", "properties": {"spacing_m": 500, "index": 737, "depth_m": 10, "type": "isobath_sample_point"}, "geometry": {"type": "Point", "coordinates": [-77.49853041808683, 34.4272769111544]}}, {"type": "Feature", "properties": {"spacing_m": 500, "index": 738, "depth_m": 10, "type": "isobath_sample_point"}, "geometry": {"type": "Point", "coordinates": [-77.49370063762173, 34.42938013774656]}}, {"type": "Feature", "properties": {"spacing_m": 500, "index": 739, "depth_m": 10, "type": "isobath_sample_point"}, "geometry": {"type": "Point", "coordinates": [-77.48887085715664, 34.43148336433873]}}, {"type": "Feature", "properties": {"spacing_m": 500, "index": 740, "depth_m": 10, "type": "isobath_sample_point"}, "geometry": {"type": "Point", "coordinates": [-77.48404107669154, 34.433586590930894]}}, {"type": "Feature", "properties": {"spacing_m": 500, "index": 741, "depth_m": 10, "type": "isobath_sample_point"}, "geometry": {"type": "Point", "coordinates": [-77.47921129622644, 34.435689817523055]}}, {"type": "Feature", "properties": {"spacing_m": 500, "index": 742, "depth_m": 10, "type": "isobath_sample_point"}, "geometry": {"type": "Point", "coordinates": [-77.47438151576135, 34.437793044115224]}}, {"type": "Feature", "properties": {"spacing_m": 500, "index": 743, "depth_m": 10, "type": "isobath_sample_point"}, "geometry": {"type": "Point", "coordinates": [-77.46955173529625, 34.439896270707386]}}, {"type": "Feature", "properties": {"spacing_m": 500, "index": 744, "depth_m": 10, "type": "isobath_sample_point"}, "geometry": {"type": "Point", "coordinates": [-77.46472195483115, 34.441999497299555]}}, {"type": "Feature", "properties": {"spacing_m": 500, "index": 745, "depth_m": 10, "type": "isobath_sample_point"}, "geometry": {"type": "Point", "coordinates": [-77.45989217436605, 34.44410272389172]}}, {"type": "Feature", "properties": {"spacing_m": 500, "index": 746, "depth_m": 10, "type": "isobath_sample_point"}, "geometry": {"type": "Point", "coordinates": [-77.45506239390096, 34.44620595048388]}}, {"type": "Feature", "properties": {"spacing_m": 500, "index": 747, "depth_m": 10, "type": "isobath_sample_point"}, "geometry": {"type": "Point", "coordinates": [-77.4504301193785, 34.448562023267236]}}, {"type": "Feature", "properties": {"spacing_m": 500, "index": 748, "depth_m": 10, "type": "isobath_sample_point"}, "geometry": {"type": "Point", "coordinates": [-77.44611576555619, 34.45132509665554]}}, {"type": "Feature", "properties": {"spacing_m": 500, "index": 749, "depth_m": 10, "type": "isobath_sample_point"}, "geometry": {"type": "Point", "coordinates": [-77.44180141173388, 34.45408817004384]}}, {"type": "Feature", "properties": {"spacing_m": 500, "index": 750, "depth_m": 10, "type": "isobath_sample_point"}, "geometry": {"type": "Point", "coordinates": [-77.43748705791158, 34.45685124343214]}}, {"type": "Feature", "properties": {"spacing_m": 500, "index": 751, "depth_m": 10, "type": "isobath_sample_point"}, "geometry": {"type": "Point", "coordinates": [-77.43317270408927, 34.45961431682044]}}, {"type": "Feature", "properties": {"spacing_m": 500, "index": 752, "depth_m": 10, "type": "isobath_sample_point"}, "geometry": {"type": "Point", "coordinates": [-77.42830204763636, 34.46141844764859]}}, {"type": "Feature", "properties": {"spacing_m": 500, "index": 753, "depth_m": 10, "type": "isobath_sample_point"}, "geometry": {"type": "Point", "coordinates": [-77.4229841662709, 34.4624516617508]}}, {"type": "Feature", "properties": {"spacing_m": 500, "index": 754, "depth_m": 10, "type": "isobath_sample_point"}, "geometry": {"type": "Point", "coordinates": [-77.41766628490542, 34.46348487585301]}}, {"type": "Feature", "properties": {"spacing_m": 500, "index": 755, "depth_m": 10, "type": "isobath_sample_point"}, "geometry": {"type": "Point", "coordinates": [-77.41234840353995, 34.46451808995523]}}, {"type": "Feature", "properties": {"spacing_m": 500, "index": 756, "depth_m": 10, "type": "isobath_sample_point"}, "geometry": {"type": "Point", "coordinates": [-77.40703052217448, 34.46555130405744]}}, {"type": "Feature", "properties": {"spacing_m": 500, "index": 757, "depth_m": 10, "type": "isobath_sample_point"}, "geometry": {"type": "Point", "coordinates": [-77.40171264080901, 34.46658451815966]}}, {"type": "Feature", "properties": {"spacing_m": 500, "index": 758, "depth_m": 10, "type": "isobath_sample_point"}, "geometry": {"type": "Point", "coordinates": [-77.39639475944354, 34.467617732261864]}}, {"type": "Feature", "properties": {"spacing_m": 500, "index": 759, "depth_m": 10, "type": "isobath_sample_point"}, "geometry": {"type": "Point", "coordinates": [-77.39107687807807, 34.46865094636408]}}, {"type": "Feature", "properties": {"spacing_m": 500, "index": 760, "depth_m": 10, "type": "isobath_sample_point"}, "geometry": {"type": "Point", "coordinates": [-77.3857589967126, 34.469684160466294]}}, {"type": "Feature", "properties": {"spacing_m": 500, "index": 761, "depth_m": 10, "type": "isobath_sample_point"}, "geometry": {"type": "Point", "coordinates": [-77.38056717060567, 34.47095090955399]}}, {"type": "Feature", "properties": {"spacing_m": 500, "index": 762, "depth_m": 10, "type": "isobath_sample_point"}, "geometry": {"type": "Point", "coordinates": [-77.37607801915628, 34.473519461659016]}}, {"type": "Feature", "properties": {"spacing_m": 500, "index": 763, "depth_m": 10, "type": "isobath_sample_point"}, "geometry": {"type": "Point", "coordinates": [-77.37158886770688, 34.47608801376404]}}, {"type": "Feature", "properties": {"spacing_m": 500, "index": 764, "depth_m": 10, "type": "isobath_sample_point"}, "geometry": {"type": "Point", "coordinates": [-77.36709971625748, 34.47865656586907]}}, {"type": "Feature", "properties": {"spacing_m": 500, "index": 765, "depth_m": 10, "type": "isobath_sample_point"}, "geometry": {"type": "Point", "coordinates": [-77.36261056480808, 34.4812251179741]}}, {"type": "Feature", "properties": {"spacing_m": 500, "index": 766, "depth_m": 10, "type": "isobath_sample_point"}, "geometry": {"type": "Point", "coordinates": [-77.35812141335867, 34.48379367007913]}}, {"type": "Feature", "properties": {"spacing_m": 500, "index": 767, "depth_m": 10, "type": "isobath_sample_point"}, "geometry": {"type": "Point", "coordinates": [-77.35363226190928, 34.486362222184155]}}, {"type": "Feature", "properties": {"spacing_m": 500, "index": 768, "depth_m": 10, "type": "isobath_sample_point"}, "geometry": {"type": "Point", "coordinates": [-77.34914311045988, 34.48893077428918]}}, {"type": "Feature", "properties": {"spacing_m": 500, "index": 769, "depth_m": 10, "type": "isobath_sample_point"}, "geometry": {"type": "Point", "coordinates": [-77.34465395901049, 34.49149932639421]}}, {"type": "Feature", "properties": {"spacing_m": 500, "index": 770, "depth_m": 10, "type": "isobath_sample_point"}, "geometry": {"type": "Point", "coordinates": [-77.34010626768489, 34.49398378885852]}}, {"type": "Feature", "properties": {"spacing_m": 500, "index": 771, "depth_m": 10, "type": "isobath_sample_point"}, "geometry": {"type": "Point", "coordinates": [-77.33514409675608, 34.49587287184504]}}, {"type": "Feature", "properties": {"spacing_m": 500, "index": 772, "depth_m": 10, "type": "isobath_sample_point"}, "geometry": {"type": "Point", "coordinates": [-77.33018192582728, 34.49776195483155]}}, {"type": "Feature", "properties": {"spacing_m": 500, "index": 773, "depth_m": 10, "type": "isobath_sample_point"}, "geometry": {"type": "Point", "coordinates": [-77.32521975489847, 34.49965103781807]}}, {"type": "Feature", "properties": {"spacing_m": 500, "index": 774, "depth_m": 10, "type": "isobath_sample_point"}, "geometry": {"type": "Point", "coordinates": [-77.32025758396966, 34.50154012080458]}}, {"type": "Feature", "properties": {"spacing_m": 500, "index": 775, "depth_m": 10, "type": "isobath_sample_point"}, "geometry": {"type": "Point", "coordinates": [-77.31529541304086, 34.50342920379109]}}, {"type": "Feature", "properties": {"spacing_m": 500, "index": 776, "depth_m": 10, "type": "isobath_sample_point"}, "geometry": {"type": "Point", "coordinates": [-77.31033324211205, 34.50531828677761]}}, {"type": "Feature", "properties": {"spacing_m": 500, "index": 777, "depth_m": 10, "type": "isobath_sample_point"}, "geometry": {"type": "Point", "coordinates": [-77.30537107118325, 34.507207369764124]}}, {"type": "Feature", "properties": {"spacing_m": 500, "index": 778, "depth_m": 10, "type": "isobath_sample_point"}, "geometry": {"type": "Point", "coordinates": [-77.30040890025444, 34.50909645275064]}}, {"type": "Feature", "properties": {"spacing_m": 500, "index": 779, "depth_m": 10, "type": "isobath_sample_point"}, "geometry": {"type": "Point", "coordinates": [-77.29544672932563, 34.510985535737156]}}, {"type": "Feature", "properties": {"spacing_m": 500, "index": 780, "depth_m": 10, "type": "isobath_sample_point"}, "geometry": {"type": "Point", "coordinates": [-77.29048455839683, 34.51287461872367]}}, {"type": "Feature", "properties": {"spacing_m": 500, "index": 781, "depth_m": 10, "type": "isobath_sample_point"}, "geometry": {"type": "Point", "coordinates": [-77.28552238746802, 34.51476370171019]}}, {"type": "Feature", "properties": {"spacing_m": 500, "index": 782, "depth_m": 10, "type": "isobath_sample_point"}, "geometry": {"type": "Point", "coordinates": [-77.28150968336993, 34.51781609809092]}}, {"type": "Feature", "properties": {"spacing_m": 500, "index": 783, "depth_m": 10, "type": "isobath_sample_point"}, "geometry": {"type": "Point", "coordinates": [-77.27751764835968, 34.52089381881783]}}, {"type": "Feature", "properties": {"spacing_m": 500, "index": 784, "depth_m": 10, "type": "isobath_sample_point"}, "geometry": {"type": "Point", "coordinates": [-77.27352561334942, 34.52397153954475]}}, {"type": "Feature", "properties": {"spacing_m": 500, "index": 785, "depth_m": 10, "type": "isobath_sample_point"}, "geometry": {"type": "Point", "coordinates": [-77.26953357833916, 34.527049260271674]}}, {"type": "Feature", "properties": {"spacing_m": 500, "index": 786, "depth_m": 10, "type": "isobath_sample_point"}, "geometry": {"type": "Point", "coordinates": [-77.26622831016348, 34.530618517464625]}}, {"type": "Feature", "properties": {"spacing_m": 500, "index": 787, "depth_m": 10, "type": "isobath_sample_point"}, "geometry": {"type": "Point", "coordinates": [-77.26309076612151, 34.53430781907992]}}, {"type": "Feature", "properties": {"spacing_m": 500, "index": 788, "depth_m": 10, "type": "isobath_sample_point"}, "geometry": {"type": "Point", "coordinates": [-77.25995322207952, 34.53799712069522]}}, {"type": "Feature", "properties": {"spacing_m": 500, "index": 789, "depth_m": 10, "type": "isobath_sample_point"}, "geometry": {"type": "Point", "coordinates": [-77.25681567803753, 34.54168642231052]}}, {"type": "Feature", "properties": {"spacing_m": 500, "index": 790, "depth_m": 10, "type": "isobath_sample_point"}, "geometry": {"type": "Point", "coordinates": [-77.25367813399554, 34.545375723925815]}}, {"type": "Feature", "properties": {"spacing_m": 500, "index": 791, "depth_m": 10, "type": "isobath_sample_point"}, "geometry": {"type": "Point", "coordinates": [-77.25054058995354, 34.54906502554111]}}, {"type": "Feature", "properties": {"spacing_m": 500, "index": 792, "depth_m": 10, "type": "isobath_sample_point"}, "geometry": {"type": "Point", "coordinates": [-77.24723576486598, 34.55263275706452]}}, {"type": "Feature", "properties": {"spacing_m": 500, "index": 793, "depth_m": 10, "type": "isobath_sample_point"}, "geometry": {"type": "Point", "coordinates": [-77.24317846536508, 34.55565363414155]}}, {"type": "Feature", "properties": {"spacing_m": 500, "index": 794, "depth_m": 10, "type": "isobath_sample_point"}, "geometry": {"type": "Point", "coordinates": [-77.23912116586418, 34.55867451121857]}}, {"type": "Feature", "properties": {"spacing_m": 500, "index": 795, "depth_m": 10, "type": "isobath_sample_point"}, "geometry": {"type": "Point", "coordinates": [-77.23506386636328, 34.5616953882956]}}, {"type": "Feature", "properties": {"spacing_m": 500, "index": 796, "depth_m": 10, "type": "isobath_sample_point"}, "geometry": {"type": "Point", "coordinates": [-77.23097762172054, 34.56468581730773]}}, {"type": "Feature", "properties": {"spacing_m": 500, "index": 797, "depth_m": 10, "type": "isobath_sample_point"}, "geometry": {"type": "Point", "coordinates": [-77.22643789361241, 34.56719921656287]}}, {"type": "Feature", "properties": {"spacing_m": 500, "index": 798, "depth_m": 10, "type": "isobath_sample_point"}, "geometry": {"type": "Point", "coordinates": [-77.2218981655043, 34.569712615818005]}}, {"type": "Feature", "properties": {"spacing_m": 500, "index": 799, "depth_m": 10, "type": "isobath_sample_point"}, "geometry": {"type": "Point", "coordinates": [-77.21735843739617, 34.57222601507314]}}, {"type": "Feature", "properties": {"spacing_m": 500, "index": 800, "depth_m": 10, "type": "isobath_sample_point"}, "geometry": {"type": "Point", "coordinates": [-77.21281870928806, 34.57473941432828]}}, {"type": "Feature", "properties": {"spacing_m": 500, "index": 801, "depth_m": 10, "type": "isobath_sample_point"}, "geometry": {"type": "Point", "coordinates": [-77.20827898117993, 34.577252813583414]}}, {"type": "Feature", "properties": {"spacing_m": 500, "index": 802, "depth_m": 10, "type": "isobath_sample_point"}, "geometry": {"type": "Point", "coordinates": [-77.20396676861587, 34.58001109193747]}}, {"type": "Feature", "properties": {"spacing_m": 500, "index": 803, "depth_m": 10, "type": "isobath_sample_point"}, "geometry": {"type": "Point", "coordinates": [-77.19983841558457, 34.58296726163514]}}, {"type": "Feature", "properties": {"spacing_m": 500, "index": 804, "depth_m": 10, "type": "isobath_sample_point"}, "geometry": {"type": "Point", "coordinates": [-77.19571006255325, 34.58592343133281]}}, {"type": "Feature", "properties": {"spacing_m": 500, "index": 805, "depth_m": 10, "type": "isobath_sample_point"}, "geometry": {"type": "Point", "coordinates": [-77.19158170952194, 34.58887960103047]}}, {"type": "Feature", "properties": {"spacing_m": 500, "index": 806, "depth_m": 10, "type": "isobath_sample_point"}, "geometry": {"type": "Point", "coordinates": [-77.18745335649062, 34.59183577072814]}}, {"type": "Feature", "properties": {"spacing_m": 500, "index": 807, "depth_m": 10, "type": "isobath_sample_point"}, "geometry": {"type": "Point", "coordinates": [-77.18303050407083, 34.594418416667494]}}, {"type": "Feature", "properties": {"spacing_m": 500, "index": 808, "depth_m": 10, "type": "isobath_sample_point"}, "geometry": {"type": "Point", "coordinates": [-77.1780666040671, 34.59631483324654]}}, {"type": "Feature", "properties": {"spacing_m": 500, "index": 809, "depth_m": 10, "type": "isobath_sample_point"}, "geometry": {"type": "Point", "coordinates": [-77.17310270406337, 34.598211249825574]}}, {"type": "Feature", "properties": {"spacing_m": 500, "index": 810, "depth_m": 10, "type": "isobath_sample_point"}, "geometry": {"type": "Point", "coordinates": [-77.16813880405964, 34.60010766640462]}}, {"type": "Feature", "properties": {"spacing_m": 500, "index": 811, "depth_m": 10, "type": "isobath_sample_point"}, "geometry": {"type": "Point", "coordinates": [-77.16317490405591, 34.602004082983655]}}, {"type": "Feature", "properties": {"spacing_m": 500, "index": 812, "depth_m": 10, "type": "isobath_sample_point"}, "geometry": {"type": "Point", "coordinates": [-77.15821100405218, 34.60390049956269]}}, {"type": "Feature", "properties": {"spacing_m": 500, "index": 813, "depth_m": 10, "type": "isobath_sample_point"}, "geometry": {"type": "Point", "coordinates": [-77.15324710404845, 34.605796916141735]}}, {"type": "Feature", "properties": {"spacing_m": 500, "index": 814, "depth_m": 10, "type": "isobath_sample_point"}, "geometry": {"type": "Point", "coordinates": [-77.14828320404472, 34.60769333272077]}}, {"type": "Feature", "properties": {"spacing_m": 500, "index": 815, "depth_m": 10, "type": "isobath_sample_point"}, "geometry": {"type": "Point", "coordinates": [-77.14331930404099, 34.60958974929981]}}, {"type": "Feature", "properties": {"spacing_m": 500, "index": 816, "depth_m": 10, "type": "isobath_sample_point"}, "geometry": {"type": "Point", "coordinates": [-77.13829116289867, 34.61134973446254]}}, {"type": "Feature", "properties": {"spacing_m": 500, "index": 817, "depth_m": 10, "type": "isobath_sample_point"}, "geometry": {"type": "Point", "coordinates": [-77.13306756831066, 34.6126946275051]}}, {"type": "Feature", "properties": {"spacing_m": 500, "index": 818, "depth_m": 10, "type": "isobath_sample_point"}, "geometry": {"type": "Point", "coordinates": [-77.12784397372265, 34.61403952054766]}}, {"type": "Feature", "properties": {"spacing_m": 500, "index": 819, "depth_m": 10, "type": "isobath_sample_point"}, "geometry": {"type": "Point", "coordinates": [-77.12260963730134, 34.61534603516767]}}, {"type": "Feature", "properties": {"spacing_m": 500, "index": 820, "depth_m": 10, "type": "isobath_sample_point"}, "geometry": {"type": "Point", "coordinates": [-77.11719666254626, 34.61601431074036]}}, {"type": "Feature", "properties": {"spacing_m": 500, "index": 821, "depth_m": 10, "type": "isobath_sample_point"}, "geometry": {"type": "Point", "coordinates": [-77.11178368779117, 34.616682586313054]}}, {"type": "Feature", "properties": {"spacing_m": 500, "index": 822, "depth_m": 10, "type": "isobath_sample_point"}, "geometry": {"type": "Point", "coordinates": [-77.1063707130361, 34.61735086188574]}}, {"type": "Feature", "properties": {"spacing_m": 500, "index": 823, "depth_m": 10, "type": "isobath_sample_point"}, "geometry": {"type": "Point", "coordinates": [-77.10095773828101, 34.61801913745843]}}, {"type": "Feature", "properties": {"spacing_m": 500, "index": 824, "depth_m": 10, "type": "isobath_sample_point"}, "geometry": {"type": "Point", "coordinates": [-77.09554476352594, 34.618687413031125]}}, {"type": "Feature", "properties": {"spacing_m": 500, "index": 825, "depth_m": 10, "type": "isobath_sample_point"}, "geometry": {"type": "Point", "coordinates": [-77.09013178877085, 34.61935568860381]}}, {"type": "Feature", "properties": {"spacing_m": 500, "index": 826, "depth_m": 10, "type": "isobath_sample_point"}, "geometry": {"type": "Point", "coordinates": [-77.08471881401577, 34.620023964176504]}}, {"type": "Feature", "properties": {"spacing_m": 500, "index": 827, "depth_m": 10, "type": "isobath_sample_point"}, "geometry": {"type": "Point", "coordinates": [-77.07951589745046, 34.62121481973451]}}, {"type": "Feature", "properties": {"spacing_m": 500, "index": 828, "depth_m": 10, "type": "isobath_sample_point"}, "geometry": {"type": "Point", "coordinates": [-77.07468777129114, 34.62333807390586]}}, {"type": "Feature", "properties": {"spacing_m": 500, "index": 829, "depth_m": 10, "type": "isobath_sample_point"}, "geometry": {"type": "Point", "coordinates": [-77.06985964513181, 34.62546132807721]}}, {"type": "Feature", "properties": {"spacing_m": 500, "index": 830, "depth_m": 10, "type": "isobath_sample_point"}, "geometry": {"type": "Point", "coordinates": [-77.06503151897249, 34.62758458224856]}}, {"type": "Feature", "properties": {"spacing_m": 500, "index": 831, "depth_m": 10, "type": "isobath_sample_point"}, "geometry": {"type": "Point", "coordinates": [-77.06020339281316, 34.629707836419904]}}, {"type": "Feature", "properties": {"spacing_m": 500, "index": 832, "depth_m": 10, "type": "isobath_sample_point"}, "geometry": {"type": "Point", "coordinates": [-77.05537526665384, 34.631831090591255]}}, {"type": "Feature", "properties": {"spacing_m": 500, "index": 833, "depth_m": 10, "type": "isobath_sample_point"}, "geometry": {"type": "Point", "coordinates": [-77.05054714049453, 34.6339543447626]}}, {"type": "Feature", "properties": {"spacing_m": 500, "index": 834, "depth_m": 10, "type": "isobath_sample_point"}, "geometry": {"type": "Point", "coordinates": [-77.0457190143352, 34.63607759893395]}}, {"type": "Feature", "properties": {"spacing_m": 500, "index": 835, "depth_m": 10, "type": "isobath_sample_point"}, "geometry": {"type": "Point", "coordinates": [-77.04089088817588, 34.638200853105296]}}, {"type": "Feature", "properties": {"spacing_m": 500, "index": 836, "depth_m": 10, "type": "isobath_sample_point"}, "geometry": {"type": "Point", "coordinates": [-77.03606276201656, 34.64032410727665]}}, {"type": "Feature", "properties": {"spacing_m": 500, "index": 837, "depth_m": 10, "type": "isobath_sample_point"}, "geometry": {"type": "Point", "coordinates": [-77.03123324732479, 34.642444544488164]}}, {"type": "Feature", "properties": {"spacing_m": 500, "index": 838, "depth_m": 10, "type": "isobath_sample_point"}, "geometry": {"type": "Point", "coordinates": [-77.02596877988066, 34.64368257924496]}}, {"type": "Feature", "properties": {"spacing_m": 500, "index": 839, "depth_m": 10, "type": "isobath_sample_point"}, "geometry": {"type": "Point", "coordinates": [-77.02070431243652, 34.64492061400176]}}, {"type": "Feature", "properties": {"spacing_m": 500, "index": 840, "depth_m": 10, "type": "isobath_sample_point"}, "geometry": {"type": "Point", "coordinates": [-77.01543984499239, 34.646158648758565]}}, {"type": "Feature", "properties": {"spacing_m": 500, "index": 841, "depth_m": 10, "type": "isobath_sample_point"}, "geometry": {"type": "Point", "coordinates": [-77.01016668381159, 34.64735817198425]}}, {"type": "Feature", "properties": {"spacing_m": 500, "index": 842, "depth_m": 10, "type": "isobath_sample_point"}, "geometry": {"type": "Point", "coordinates": [-77.00471253564774, 34.64775595873036]}}, {"type": "Feature", "properties": {"spacing_m": 500, "index": 843, "depth_m": 10, "type": "isobath_sample_point"}, "geometry": {"type": "Point", "coordinates": [-76.9992583874839, 34.648153745476456]}}, {"type": "Feature", "properties": {"spacing_m": 500, "index": 844, "depth_m": 10, "type": "isobath_sample_point"}, "geometry": {"type": "Point", "coordinates": [-76.99380423932006, 34.648551532222555]}}, {"type": "Feature", "properties": {"spacing_m": 500, "index": 845, "depth_m": 10, "type": "isobath_sample_point"}, "geometry": {"type": "Point", "coordinates": [-76.98835470980102, 34.64873384975143]}}, {"type": "Feature", "properties": {"spacing_m": 500, "index": 846, "depth_m": 10, "type": "isobath_sample_point"}, "geometry": {"type": "Point", "coordinates": [-76.98292098809807, 34.64817870036112]}}, {"type": "Feature", "properties": {"spacing_m": 500, "index": 847, "depth_m": 10, "type": "isobath_sample_point"}, "geometry": {"type": "Point", "coordinates": [-76.97748726639512, 34.64762355097081]}}, {"type": "Feature", "properties": {"spacing_m": 500, "index": 848, "depth_m": 10, "type": "isobath_sample_point"}, "geometry": {"type": "Point", "coordinates": [-76.97205354469217, 34.647068401580505]}}, {"type": "Feature", "properties": {"spacing_m": 500, "index": 849, "depth_m": 10, "type": "isobath_sample_point"}, "geometry": {"type": "Point", "coordinates": [-76.96661982298922, 34.646513252190196]}}, {"type": "Feature", "properties": {"spacing_m": 500, "index": 850, "depth_m": 10, "type": "isobath_sample_point"}, "geometry": {"type": "Point", "coordinates": [-76.96118610128627, 34.645958102799895]}}, {"type": "Feature", "properties": {"spacing_m": 500, "index": 851, "depth_m": 10, "type": "isobath_sample_point"}, "geometry": {"type": "Point", "coordinates": [-76.95575237958332, 34.64540295340959]}}, {"type": "Feature", "properties": {"spacing_m": 500, "index": 852, "depth_m": 10, "type": "isobath_sample_point"}, "geometry": {"type": "Point", "coordinates": [-76.95041888953878, 34.645543506453784]}}, {"type": "Feature", "properties": {"spacing_m": 500, "index": 853, "depth_m": 10, "type": "isobath_sample_point"}, "geometry": {"type": "Point", "coordinates": [-76.9452937973556, 34.647130537604845]}}, {"type": "Feature", "properties": {"spacing_m": 500, "index": 854, "depth_m": 10, "type": "isobath_sample_point"}, "geometry": {"type": "Point", "coordinates": [-76.94016870517243, 34.64871756875591]}}, {"type": "Feature", "properties": {"spacing_m": 500, "index": 855, "depth_m": 10, "type": "isobath_sample_point"}, "geometry": {"type": "Point", "coordinates": [-76.93504361298926, 34.650304599906974]}}, {"type": "Feature", "properties": {"spacing_m": 500, "index": 856, "depth_m": 10, "type": "isobath_sample_point"}, "geometry": {"type": "Point", "coordinates": [-76.92991852080608, 34.65189163105804]}}, {"type": "Feature", "properties": {"spacing_m": 500, "index": 857, "depth_m": 10, "type": "isobath_sample_point"}, "geometry": {"type": "Point", "coordinates": [-76.9247934286229, 34.6534786622091]}}, {"type": "Feature", "properties": {"spacing_m": 500, "index": 858, "depth_m": 10, "type": "isobath_sample_point"}, "geometry": {"type": "Point", "coordinates": [-76.91966833643973, 34.65506569336017]}}, {"type": "Feature", "properties": {"spacing_m": 500, "index": 859, "depth_m": 10, "type": "isobath_sample_point"}, "geometry": {"type": "Point", "coordinates": [-76.91454324425656, 34.65665272451123]}}, {"type": "Feature", "properties": {"spacing_m": 500, "index": 860, "depth_m": 10, "type": "isobath_sample_point"}, "geometry": {"type": "Point", "coordinates": [-76.90941815207339, 34.6582397556623]}}, {"type": "Feature", "properties": {"spacing_m": 500, "index": 861, "depth_m": 10, "type": "isobath_sample_point"}, "geometry": {"type": "Point", "coordinates": [-76.90429305989021, 34.65982678681336]}}, {"type": "Feature", "properties": {"spacing_m": 500, "index": 862, "depth_m": 10, "type": "isobath_sample_point"}, "geometry": {"type": "Point", "coordinates": [-76.89916796770703, 34.66141381796442]}}, {"type": "Feature", "properties": {"spacing_m": 500, "index": 863, "depth_m": 10, "type": "isobath_sample_point"}, "geometry": {"type": "Point", "coordinates": [-76.89404287552387, 34.66300084911549]}}, {"type": "Feature", "properties": {"spacing_m": 500, "index": 864, "depth_m": 10, "type": "isobath_sample_point"}, "geometry": {"type": "Point", "coordinates": [-76.88891778334069, 34.66458788026655]}}, {"type": "Feature", "properties": {"spacing_m": 500, "index": 865, "depth_m": 10, "type": "isobath_sample_point"}, "geometry": {"type": "Point", "coordinates": [-76.88379269115751, 34.66617491141762]}}, {"type": "Feature", "properties": {"spacing_m": 500, "index": 866, "depth_m": 10, "type": "isobath_sample_point"}, "geometry": {"type": "Point", "coordinates": [-76.87866759897433, 34.66776194256868]}}, {"type": "Feature", "properties": {"spacing_m": 500, "index": 867, "depth_m": 10, "type": "isobath_sample_point"}, "geometry": {"type": "Point", "coordinates": [-76.87354250679117, 34.66934897371975]}}, {"type": "Feature", "properties": {"spacing_m": 500, "index": 868, "depth_m": 10, "type": "isobath_sample_point"}, "geometry": {"type": "Point", "coordinates": [-76.86841741460799, 34.67093600487081]}}, {"type": "Feature", "properties": {"spacing_m": 500, "index": 869, "depth_m": 10, "type": "isobath_sample_point"}, "geometry": {"type": "Point", "coordinates": [-76.86321465154293, 34.67226681827477]}}, {"type": "Feature", "properties": {"spacing_m": 500, "index": 870, "depth_m": 10, "type": "isobath_sample_point"}, "geometry": {"type": "Point", "coordinates": [-76.85778121926212, 34.672836708854675]}}, {"type": "Feature", "properties": {"spacing_m": 500, "index": 871, "depth_m": 10, "type": "isobath_sample_point"}, "geometry": {"type": "Point", "coordinates": [-76.8523477869813, 34.67340659943458]}}, {"type": "Feature", "properties": {"spacing_m": 500, "index": 872, "depth_m": 10, "type": "isobath_sample_point"}, "geometry": {"type": "Point", "coordinates": [-76.84691435470049, 34.67397649001448]}}, {"type": "Feature", "properties": {"spacing_m": 500, "index": 873, "depth_m": 10, "type": "isobath_sample_point"}, "geometry": {"type": "Point", "coordinates": [-76.84148092241968, 34.67454638059438]}}, {"type": "Feature", "properties": {"spacing_m": 500, "index": 874, "depth_m": 10, "type": "isobath_sample_point"}, "geometry": {"type": "Point", "coordinates": [-76.83604749013885, 34.67511627117428]}}, {"type": "Feature", "properties": {"spacing_m": 500, "index": 875, "depth_m": 10, "type": "isobath_sample_point"}, "geometry": {"type": "Point", "coordinates": [-76.83061405785804, 34.675686161754186]}}, {"type": "Feature", "properties": {"spacing_m": 500, "index": 876, "depth_m": 10, "type": "isobath_sample_point"}, "geometry": {"type": "Point", "coordinates": [-76.82518062557723, 34.67625605233409]}}, {"type": "Feature", "properties": {"spacing_m": 500, "index": 877, "depth_m": 10, "type": "isobath_sample_point"}, "geometry": {"type": "Point", "coordinates": [-76.81974719329642, 34.676825942913986]}}, {"type": "Feature", "properties": {"spacing_m": 500, "index": 878, "depth_m": 10, "type": "isobath_sample_point"}, "geometry": {"type": "Point", "coordinates": [-76.8143137610156, 34.67739583349389]}}, {"type": "Feature", "properties": {"spacing_m": 500, "index": 879, "depth_m": 10, "type": "isobath_sample_point"}, "geometry": {"type": "Point", "coordinates": [-76.80888032873479, 34.67796572407379]}}, {"type": "Feature", "properties": {"spacing_m": 500, "index": 880, "depth_m": 10, "type": "isobath_sample_point"}, "geometry": {"type": "Point", "coordinates": [-76.80344689645398, 34.67853561465369]}}, {"type": "Feature", "properties": {"spacing_m": 500, "index": 881, "depth_m": 10, "type": "isobath_sample_point"}, "geometry": {"type": "Point", "coordinates": [-76.79801346417315, 34.67910550523359]}}, {"type": "Feature", "properties": {"spacing_m": 500, "index": 882, "depth_m": 10, "type": "isobath_sample_point"}, "geometry": {"type": "Point", "coordinates": [-76.79258003189234, 34.6796753958135]}}, {"type": "Feature", "properties": {"spacing_m": 500, "index": 883, "depth_m": 10, "type": "isobath_sample_point"}, "geometry": {"type": "Point", "coordinates": [-76.78714659961153, 34.6802452863934]}}, {"type": "Feature", "properties": {"spacing_m": 500, "index": 884, "depth_m": 10, "type": "isobath_sample_point"}, "geometry": {"type": "Point", "coordinates": [-76.78171316733071, 34.6808151769733]}}, {"type": "Feature", "properties": {"spacing_m": 500, "index": 885, "depth_m": 10, "type": "isobath_sample_point"}, "geometry": {"type": "Point", "coordinates": [-76.7762797350499, 34.6813850675532]}}, {"type": "Feature", "properties": {"spacing_m": 500, "index": 886, "depth_m": 10, "type": "isobath_sample_point"}, "geometry": {"type": "Point", "coordinates": [-76.77083526057437, 34.68160974428019]}}, {"type": "Feature", "properties": {"spacing_m": 500, "index": 887, "depth_m": 10, "type": "isobath_sample_point"}, "geometry": {"type": "Point", "coordinates": [-76.76537284932165, 34.681273660748786]}}, {"type": "Feature", "properties": {"spacing_m": 500, "index": 888, "depth_m": 10, "type": "isobath_sample_point"}, "geometry": {"type": "Point", "coordinates": [-76.75991043806893, 34.68093757721738]}}, {"type": "Feature", "properties": {"spacing_m": 500, "index": 889, "depth_m": 10, "type": "isobath_sample_point"}, "geometry": {"type": "Point", "coordinates": [-76.7544480268162, 34.68060149368598]}}, {"type": "Feature", "properties": {"spacing_m": 500, "index": 890, "depth_m": 10, "type": "isobath_sample_point"}, "geometry": {"type": "Point", "coordinates": [-76.74898561556348, 34.68026541015457]}}, {"type": "Feature", "properties": {"spacing_m": 500, "index": 891, "depth_m": 10, "type": "isobath_sample_point"}, "geometry": {"type": "Point", "coordinates": [-76.74352320431076, 34.67992932662316]}}, {"type": "Feature", "properties": {"spacing_m": 500, "index": 892, "depth_m": 10, "type": "isobath_sample_point"}, "geometry": {"type": "Point", "coordinates": [-76.73806079305804, 34.67959324309176]}}, {"type": "Feature", "properties": {"spacing_m": 500, "index": 893, "depth_m": 10, "type": "isobath_sample_point"}, "geometry": {"type": "Point", "coordinates": [-76.73259838180533, 34.67925715956035]}}, {"type": "Feature", "properties": {"spacing_m": 500, "index": 894, "depth_m": 10, "type": "isobath_sample_point"}, "geometry": {"type": "Point", "coordinates": [-76.72731040439355, 34.67816775138811]}}, {"type": "Feature", "properties": {"spacing_m": 500, "index": 895, "depth_m": 10, "type": "isobath_sample_point"}, "geometry": {"type": "Point", "coordinates": [-76.72207959804007, 34.6768314394802]}}, {"type": "Feature", "properties": {"spacing_m": 500, "index": 896, "depth_m": 10, "type": "isobath_sample_point"}, "geometry": {"type": "Point", "coordinates": [-76.7168487916866, 34.6754951275723]}}, {"type": "Feature", "properties": {"spacing_m": 500, "index": 897, "depth_m": 10, "type": "isobath_sample_point"}, "geometry": {"type": "Point", "coordinates": [-76.71161798533312, 34.67415881566439]}}, {"type": "Feature", "properties": {"spacing_m": 500, "index": 898, "depth_m": 10, "type": "isobath_sample_point"}, "geometry": {"type": "Point", "coordinates": [-76.70638717897964, 34.672822503756485]}}, {"type": "Feature", "properties": {"spacing_m": 500, "index": 899, "depth_m": 10, "type": "isobath_sample_point"}, "geometry": {"type": "Point", "coordinates": [-76.70141214378565, 34.67094132394587]}}, {"type": "Feature", "properties": {"spacing_m": 500, "index": 900, "depth_m": 10, "type": "isobath_sample_point"}, "geometry": {"type": "Point", "coordinates": [-76.69644399689032, 34.669045470030255]}}, {"type": "Feature", "properties": {"spacing_m": 500, "index": 901, "depth_m": 10, "type": "isobath_sample_point"}, "geometry": {"type": "Point", "coordinates": [-76.691475849995, 34.667149616114635]}}, {"type": "Feature", "properties": {"spacing_m": 500, "index": 902, "depth_m": 10, "type": "isobath_sample_point"}, "geometry": {"type": "Point", "coordinates": [-76.68650770309968, 34.66525376219902]}}, {"type": "Feature", "properties": {"spacing_m": 500, "index": 903, "depth_m": 10, "type": "isobath_sample_point"}, "geometry": {"type": "Point", "coordinates": [-76.68153955620436, 34.6633579082834]}}, {"type": "Feature", "properties": {"spacing_m": 500, "index": 904, "depth_m": 10, "type": "isobath_sample_point"}, "geometry": {"type": "Point", "coordinates": [-76.67627564812297, 34.66212919247714]}}, {"type": "Feature", "properties": {"spacing_m": 500, "index": 905, "depth_m": 10, "type": "isobath_sample_point"}, "geometry": {"type": "Point", "coordinates": [-76.67099343549388, 34.66094176559557]}}, {"type": "Feature", "properties": {"spacing_m": 500, "index": 906, "depth_m": 10, "type": "isobath_sample_point"}, "geometry": {"type": "Point", "coordinates": [-76.6657112228648, 34.659754338713995]}}, {"type": "Feature", "properties": {"spacing_m": 500, "index": 907, "depth_m": 10, "type": "isobath_sample_point"}, "geometry": {"type": "Point", "coordinates": [-76.66042901023573, 34.65856691183242]}}, {"type": "Feature", "properties": {"spacing_m": 500, "index": 908, "depth_m": 10, "type": "isobath_sample_point"}, "geometry": {"type": "Point", "coordinates": [-76.65514679760665, 34.65737948495085]}}, {"type": "Feature", "properties": {"spacing_m": 500, "index": 909, "depth_m": 10, "type": "isobath_sample_point"}, "geometry": {"type": "Point", "coordinates": [-76.64986458497756, 34.65619205806928]}}, {"type": "Feature", "properties": {"spacing_m": 500, "index": 910, "depth_m": 10, "type": "isobath_sample_point"}, "geometry": {"type": "Point", "coordinates": [-76.64458237234848, 34.65500463118771]}}, {"type": "Feature", "properties": {"spacing_m": 500, "index": 911, "depth_m": 10, "type": "isobath_sample_point"}, "geometry": {"type": "Point", "coordinates": [-76.6393001597194, 34.65381720430614]}}, {"type": "Feature", "properties": {"spacing_m": 500, "index": 912, "depth_m": 10, "type": "isobath_sample_point"}, "geometry": {"type": "Point", "coordinates": [-76.63401794709033, 34.652629777424565]}}, {"type": "Feature", "properties": {"spacing_m": 500, "index": 913, "depth_m": 10, "type": "isobath_sample_point"}, "geometry": {"type": "Point", "coordinates": [-76.62873573446124, 34.65144235054299]}}, {"type": "Feature", "properties": {"spacing_m": 500, "index": 914, "depth_m": 10, "type": "isobath_sample_point"}, "geometry": {"type": "Point", "coordinates": [-76.62345352183216, 34.65025492366142]}}, {"type": "Feature", "properties": {"spacing_m": 500, "index": 915, "depth_m": 10, "type": "isobath_sample_point"}, "geometry": {"type": "Point", "coordinates": [-76.61817130920308, 34.64906749677985]}}, {"type": "Feature", "properties": {"spacing_m": 500, "index": 916, "depth_m": 10, "type": "isobath_sample_point"}, "geometry": {"type": "Point", "coordinates": [-76.61288909657401, 34.64788006989828]}}, {"type": "Feature", "properties": {"spacing_m": 500, "index": 917, "depth_m": 10, "type": "isobath_sample_point"}, "geometry": {"type": "Point", "coordinates": [-76.60760688394492, 34.646692643016706]}}, {"type": "Feature", "properties": {"spacing_m": 500, "index": 918, "depth_m": 10, "type": "isobath_sample_point"}, "geometry": {"type": "Point", "coordinates": [-76.60232467131584, 34.645505216135135]}}, {"type": "Feature", "properties": {"spacing_m": 500, "index": 919, "depth_m": 10, "type": "isobath_sample_point"}, "geometry": {"type": "Point", "coordinates": [-76.59704245868676, 34.64431778925356]}}, {"type": "Feature", "properties": {"spacing_m": 500, "index": 920, "depth_m": 10, "type": "isobath_sample_point"}, "geometry": {"type": "Point", "coordinates": [-76.59197258738183, 34.64268027254816]}}, {"type": "Feature", "properties": {"spacing_m": 500, "index": 921, "depth_m": 10, "type": "isobath_sample_point"}, "geometry": {"type": "Point", "coordinates": [-76.58709728967362, 34.640630327427246]}}, {"type": "Feature", "properties": {"spacing_m": 500, "index": 922, "depth_m": 10, "type": "isobath_sample_point"}, "geometry": {"type": "Point", "coordinates": [-76.58303686108856, 34.63779796153688]}}, {"type": "Feature", "properties": {"spacing_m": 500, "index": 923, "depth_m": 10, "type": "isobath_sample_point"}, "geometry": {"type": "Point", "coordinates": [-76.58045852970649, 34.63390310469513]}}, {"type": "Feature", "properties": {"spacing_m": 500, "index": 924, "depth_m": 10, "type": "isobath_sample_point"}, "geometry": {"type": "Point", "coordinates": [-76.57906618598601, 34.62954674930518]}}, {"type": "Feature", "properties": {"spacing_m": 500, "index": 925, "depth_m": 10, "type": "isobath_sample_point"}, "geometry": {"type": "Point", "coordinates": [-76.57767384226554, 34.625190393915226]}}, {"type": "Feature", "properties": {"spacing_m": 500, "index": 926, "depth_m": 10, "type": "isobath_sample_point"}, "geometry": {"type": "Point", "coordinates": [-76.57628149854506, 34.620834038525274]}}, {"type": "Feature", "properties": {"spacing_m": 500, "index": 927, "depth_m": 10, "type": "isobath_sample_point"}, "geometry": {"type": "Point", "coordinates": [-76.57488915482459, 34.616477683135315]}}, {"type": "Feature", "properties": {"spacing_m": 500, "index": 928, "depth_m": 10, "type": "isobath_sample_point"}, "geometry": {"type": "Point", "coordinates": [-76.57289070434068, 34.61231043341271]}}, {"type": "Feature", "properties": {"spacing_m": 500, "index": 929, "depth_m": 10, "type": "isobath_sample_point"}, "geometry": {"type": "Point", "coordinates": [-76.57042589495293, 34.60828868794291]}}, {"type": "Feature", "properties": {"spacing_m": 500, "index": 930, "depth_m": 10, "type": "isobath_sample_point"}, "geometry": {"type": "Point", "coordinates": [-76.56796108556519, 34.60426694247312]}}, {"type": "Feature", "properties": {"spacing_m": 500, "index": 931, "depth_m": 10, "type": "isobath_sample_point"}, "geometry": {"type": "Point", "coordinates": [-76.56549627617744, 34.60024519700332]}}, {"type": "Feature", "properties": {"spacing_m": 500, "index": 932, "depth_m": 10, "type": "isobath_sample_point"}, "geometry": {"type": "Point", "coordinates": [-76.56303146678968, 34.59622345153352]}}, {"type": "Feature", "properties": {"spacing_m": 500, "index": 933, "depth_m": 10, "type": "isobath_sample_point"}, "geometry": {"type": "Point", "coordinates": [-76.56056665740194, 34.59220170606372]}}, {"type": "Feature", "properties": {"spacing_m": 500, "index": 934, "depth_m": 10, "type": "isobath_sample_point"}, "geometry": {"type": "Point", "coordinates": [-76.55843609575159, 34.58807231105644]}}, {"type": "Feature", "properties": {"spacing_m": 500, "index": 935, "depth_m": 10, "type": "isobath_sample_point"}, "geometry": {"type": "Point", "coordinates": [-76.55692916397251, 34.58374206662017]}}, {"type": "Feature", "properties": {"spacing_m": 500, "index": 936, "depth_m": 10, "type": "isobath_sample_point"}, "geometry": {"type": "Point", "coordinates": [-76.55542223219344, 34.57941182218389]}}, {"type": "Feature", "properties": {"spacing_m": 500, "index": 937, "depth_m": 10, "type": "isobath_sample_point"}, "geometry": {"type": "Point", "coordinates": [-76.55391530041435, 34.57508157774762]}}, {"type": "Feature", "properties": {"spacing_m": 500, "index": 938, "depth_m": 10, "type": "isobath_sample_point"}, "geometry": {"type": "Point", "coordinates": [-76.55240836863527, 34.57075133331135]}}, {"type": "Feature", "properties": {"spacing_m": 500, "index": 939, "depth_m": 10, "type": "isobath_sample_point"}, "geometry": {"type": "Point", "coordinates": [-76.5509014368562, 34.566421088875074]}}, {"type": "Feature", "properties": {"spacing_m": 500, "index": 940, "depth_m": 10, "type": "isobath_sample_point"}, "geometry": {"type": "Point", "coordinates": [-76.54939450507712, 34.5620908444388]}}, {"type": "Feature", "properties": {"spacing_m": 500, "index": 941, "depth_m": 10, "type": "isobath_sample_point"}, "geometry": {"type": "Point", "coordinates": [-76.54703586722594, 34.558072794438694]}}, {"type": "Feature", "properties": {"spacing_m": 500, "index": 942, "depth_m": 10, "type": "isobath_sample_point"}, "geometry": {"type": "Point", "coordinates": [-76.54414038013319, 34.55425152752114]}}, {"type": "Feature", "properties": {"spacing_m": 500, "index": 943, "depth_m": 10, "type": "isobath_sample_point"}, "geometry": {"type": "Point", "coordinates": [-76.54124489304043, 34.550430260603584]}}, {"type": "Feature", "properties": {"spacing_m": 500, "index": 944, "depth_m": 10, "type": "isobath_sample_point"}, "geometry": {"type": "Point", "coordinates": [-76.53834940594767, 34.54660899368602]}}, {"type": "Feature", "properties": {"spacing_m": 500, "index": 945, "depth_m": 10, "type": "isobath_sample_point"}, "geometry": {"type": "Point", "coordinates": [-76.53545391885491, 34.542787726768466]}}, {"type": "Feature", "properties": {"spacing_m": 500, "index": 946, "depth_m": 10, "type": "isobath_sample_point"}, "geometry": {"type": "Point", "coordinates": [-76.53255843176215, 34.53896645985091]}}, {"type": "Feature", "properties": {"spacing_m": 500, "index": 947, "depth_m": 10, "type": "isobath_sample_point"}, "geometry": {"type": "Point", "coordinates": [-76.5296629446694, 34.53514519293335]}}, {"type": "Feature", "properties": {"spacing_m": 500, "index": 948, "depth_m": 10, "type": "isobath_sample_point"}, "geometry": {"type": "Point", "coordinates": [-76.52676745757664, 34.531323926015794]}}, {"type": "Feature", "properties": {"spacing_m": 500, "index": 949, "depth_m": 10, "type": "isobath_sample_point"}, "geometry": {"type": "Point", "coordinates": [-76.52387197048388, 34.52750265909824]}}, {"type": "Feature", "properties": {"spacing_m": 500, "index": 950, "depth_m": 10, "type": "isobath_sample_point"}, "geometry": {"type": "Point", "coordinates": [-76.52097648339112, 34.52368139218068]}}, {"type": "Feature", "properties": {"spacing_m": 500, "index": 951, "depth_m": 10, "type": "isobath_sample_point"}, "geometry": {"type": "Point", "coordinates": [-76.51899933990022, 34.51950269444418]}}, {"type": "Feature", "properties": {"spacing_m": 500, "index": 952, "depth_m": 10, "type": "isobath_sample_point"}, "geometry": {"type": "Point", "coordinates": [-76.51725195962538, 34.51523456998948]}}, {"type": "Feature", "properties": {"spacing_m": 500, "index": 953, "depth_m": 10, "type": "isobath_sample_point"}, "geometry": {"type": "Point", "coordinates": [-76.51550457935056, 34.510966445534784]}}, {"type": "Feature", "properties": {"spacing_m": 500, "index": 954, "depth_m": 10, "type": "isobath_sample_point"}, "geometry": {"type": "Point", "coordinates": [-76.51375719907574, 34.506698321080094]}}, {"type": "Feature", "properties": {"spacing_m": 500, "index": 955, "depth_m": 10, "type": "isobath_sample_point"}, "geometry": {"type": "Point", "coordinates": [-76.5120098188009, 34.5024301966254]}}, {"type": "Feature", "properties": {"spacing_m": 500, "index": 956, "depth_m": 10, "type": "isobath_sample_point"}, "geometry": {"type": "Point", "coordinates": [-76.51026243852608, 34.4981620721707]}}, {"type": "Feature", "properties": {"spacing_m": 500, "index": 957, "depth_m": 10, "type": "isobath_sample_point"}, "geometry": {"type": "Point", "coordinates": [-76.50851505825126, 34.493893947716]}}, {"type": "Feature", "properties": {"spacing_m": 500, "index": 958, "depth_m": 10, "type": "isobath_sample_point"}, "geometry": {"type": "Point", "coordinates": [-76.50676767797644, 34.489625823261306]}}, {"type": "Feature", "properties": {"spacing_m": 500, "index": 959, "depth_m": 10, "type": "isobath_sample_point"}, "geometry": {"type": "Point", "coordinates": [-76.5050202977016, 34.48535769880661]}}, {"type": "Feature", "properties": {"spacing_m": 500, "index": 960, "depth_m": 10, "type": "isobath_sample_point"}, "geometry": {"type": "Point", "coordinates": [-76.50320675673754, 34.481120181245764]}}, {"type": "Feature", "properties": {"spacing_m": 500, "index": 961, "depth_m": 10, "type": "isobath_sample_point"}, "geometry": {"type": "Point", "coordinates": [-76.49969917128949, 34.47766635321851]}}, {"type": "Feature", "properties": {"spacing_m": 500, "index": 962, "depth_m": 10, "type": "isobath_sample_point"}, "geometry": {"type": "Point", "coordinates": [-76.49619158584144, 34.47421252519125]}}, {"type": "Feature", "properties": {"spacing_m": 500, "index": 963, "depth_m": 10, "type": "isobath_sample_point"}, "geometry": {"type": "Point", "coordinates": [-76.49268400039338, 34.470758697163994]}}, {"type": "Feature", "properties": {"spacing_m": 500, "index": 964, "depth_m": 10, "type": "isobath_sample_point"}, "geometry": {"type": "Point", "coordinates": [-76.48917641494533, 34.46730486913674]}}, {"type": "Feature", "properties": {"spacing_m": 500, "index": 965, "depth_m": 10, "type": "isobath_sample_point"}, "geometry": {"type": "Point", "coordinates": [-76.48566882949727, 34.463851041109486]}}, {"type": "Feature", "properties": {"spacing_m": 500, "index": 966, "depth_m": 10, "type": "isobath_sample_point"}, "geometry": {"type": "Point", "coordinates": [-76.48108862993791, 34.46142470059711]}}, {"type": "Feature", "properties": {"spacing_m": 500, "index": 967, "depth_m": 10, "type": "isobath_sample_point"}, "geometry": {"type": "Point", "coordinates": [-76.47631962431322, 34.459495386743065]}}, {"type": "Feature", "properties": {"spacing_m": 500, "index": 968, "depth_m": 10, "type": "isobath_sample_point"}, "geometry": {"type": "Point", "coordinates": [-76.47090706732203, 34.460107101665]}}, {"type": "Feature", "properties": {"spacing_m": 500, "index": 969, "depth_m": 10, "type": "isobath_sample_point"}, "geometry": {"type": "Point", "coordinates": [-76.4670679629779, 34.46267842192828]}}, {"type": "Feature", "properties": {"spacing_m": 500, "index": 970, "depth_m": 10, "type": "isobath_sample_point"}, "geometry": {"type": "Point", "coordinates": [-76.46427141862708, 34.46654816457206]}}, {"type": "Feature", "properties": {"spacing_m": 500, "index": 971, "depth_m": 10, "type": "isobath_sample_point"}, "geometry": {"type": "Point", "coordinates": [-76.46147487427626, 34.47041790721583]}}, {"type": "Feature", "properties": {"spacing_m": 500, "index": 972, "depth_m": 10, "type": "isobath_sample_point"}, "geometry": {"type": "Point", "coordinates": [-76.45867832992545, 34.474287649859605]}}, {"type": "Feature", "properties": {"spacing_m": 500, "index": 973, "depth_m": 10, "type": "isobath_sample_point"}, "geometry": {"type": "Point", "coordinates": [-76.45651693472932, 34.478328155808285]}}, {"type": "Feature", "properties": {"spacing_m": 500, "index": 974, "depth_m": 10, "type": "isobath_sample_point"}, "geometry": {"type": "Point", "coordinates": [-76.45600877805545, 34.48281314392586]}}, {"type": "Feature", "properties": {"spacing_m": 500, "index": 975, "depth_m": 10, "type": "isobath_sample_point"}, "geometry": {"type": "Point", "coordinates": [-76.45550062138157, 34.487298132043435]}}, {"type": "Feature", "properties": {"spacing_m": 500, "index": 976, "depth_m": 10, "type": "isobath_sample_point"}, "geometry": {"type": "Point", "coordinates": [-76.45499246470771, 34.49178312016101]}}, {"type": "Feature", "properties": {"spacing_m": 500, "index": 977, "depth_m": 10, "type": "isobath_sample_point"}, "geometry": {"type": "Point", "coordinates": [-76.4559879197152, 34.49607126768749]}}, {"type": "Feature", "properties": {"spacing_m": 500, "index": 978, "depth_m": 10, "type": "isobath_sample_point"}, "geometry": {"type": "Point", "coordinates": [-76.45815783712642, 34.50020566416465]}}, {"type": "Feature", "properties": {"spacing_m": 500, "index": 979, "depth_m": 10, "type": "isobath_sample_point"}, "geometry": {"type": "Point", "coordinates": [-76.46032775453764, 34.504340060641816]}}, {"type": "Feature", "properties": {"spacing_m": 500, "index": 980, "depth_m": 10, "type": "isobath_sample_point"}, "geometry": {"type": "Point", "coordinates": [-76.46249767194887, 34.50847445711898]}}, {"type": "Feature", "properties": {"spacing_m": 500, "index": 981, "depth_m": 10, "type": "isobath_sample_point"}, "geometry": {"type": "Point", "coordinates": [-76.46466758936009, 34.51260885359614]}}, {"type": "Feature", "properties": {"spacing_m": 500, "index": 982, "depth_m": 10, "type": "isobath_sample_point"}, "geometry": {"type": "Point", "coordinates": [-76.46683750677131, 34.516743250073304]}}, {"type": "Feature", "properties": {"spacing_m": 500, "index": 983, "depth_m": 10, "type": "isobath_sample_point"}, "geometry": {"type": "Point", "coordinates": [-76.46900742418254, 34.52087764655047]}}, {"type": "Feature", "properties": {"spacing_m": 500, "index": 984, "depth_m": 10, "type": "isobath_sample_point"}, "geometry": {"type": "Point", "coordinates": [-76.47087166719754, 34.5251039116713]}}, {"type": "Feature", "properties": {"spacing_m": 500, "index": 985, "depth_m": 10, "type": "isobath_sample_point"}, "geometry": {"type": "Point", "coordinates": [-76.47243845708934, 34.529419574580515]}}, {"type": "Feature", "properties": {"spacing_m": 500, "index": 986, "depth_m": 10, "type": "isobath_sample_point"}, "geometry": {"type": "Point", "coordinates": [-76.47400524698115, 34.53373523748972]}}, {"type": "Feature", "properties": {"spacing_m": 500, "index": 987, "depth_m": 10, "type": "isobath_sample_point"}, "geometry": {"type": "Point", "coordinates": [-76.47557203687295, 34.53805090039893]}}, {"type": "Feature", "properties": {"spacing_m": 500, "index": 988, "depth_m": 10, "type": "isobath_sample_point"}, "geometry": {"type": "Point", "coordinates": [-76.47713882676474, 34.54236656330814]}}, {"type": "Feature", "properties": {"spacing_m": 500, "index": 989, "depth_m": 10, "type": "isobath_sample_point"}, "geometry": {"type": "Point", "coordinates": [-76.47870561665655, 34.54668222621735]}}, {"type": "Feature", "properties": {"spacing_m": 500, "index": 990, "depth_m": 10, "type": "isobath_sample_point"}, "geometry": {"type": "Point", "coordinates": [-76.48027240654835, 34.550997889126556]}}, {"type": "Feature", "properties": {"spacing_m": 500, "index": 991, "depth_m": 10, "type": "isobath_sample_point"}, "geometry": {"type": "Point", "coordinates": [-76.48183919644015, 34.55531355203577]}}, {"type": "Feature", "properties": {"spacing_m": 500, "index": 992, "depth_m": 10, "type": "isobath_sample_point"}, "geometry": {"type": "Point", "coordinates": [-76.48340598633196, 34.55962921494498]}}, {"type": "Feature", "properties": {"spacing_m": 500, "index": 993, "depth_m": 10, "type": "isobath_sample_point"}, "geometry": {"type": "Point", "coordinates": [-76.48410826994355, 34.56408326672737]}}, {"type": "Feature", "properties": {"spacing_m": 500, "index": 994, "depth_m": 10, "type": "isobath_sample_point"}, "geometry": {"type": "Point", "coordinates": [-76.48461760678337, 34.56856820514061]}}, {"type": "Feature", "properties": {"spacing_m": 500, "index": 995, "depth_m": 10, "type": "isobath_sample_point"}, "geometry": {"type": "Point", "coordinates": [-76.4851269436232, 34.573053143553835]}}, {"type": "Feature", "properties": {"spacing_m": 500, "index": 996, "depth_m": 10, "type": "isobath_sample_point"}, "geometry": {"type": "Point", "coordinates": [-76.48563628046303, 34.57753808196707]}}, {"type": "Feature", "properties": {"spacing_m": 500, "index": 997, "depth_m": 10, "type": "isobath_sample_point"}, "geometry": {"type": "Point", "coordinates": [-76.48614561730285, 34.5820230203803]}}, {"type": "Feature", "properties": {"spacing_m": 500, "index": 998, "depth_m": 10, "type": "isobath_sample_point"}, "geometry": {"type": "Point", "coordinates": [-76.48629738713743, 34.586495720692795]}}, {"type": "Feature", "properties": {"spacing_m": 500, "index": 999, "depth_m": 10, "type": "isobath_sample_point"}, "geometry": {"type": "Point", "coordinates": [-76.48533721278257, 34.590930363564866]}}, {"type": "Feature", "properties": {"spacing_m": 500, "index": 1000, "depth_m": 10, "type": "isobath_sample_point"}, "geometry": {"type": "Point", "coordinates": [-76.4843770384277, 34.59536500643693]}}, {"type": "Feature", "properties": {"spacing_m": 500, "index": 1001, "depth_m": 10, "type": "isobath_sample_point"}, "geometry": {"type": "Point", "coordinates": [-76.48341686407284, 34.599799649309]}}, {"type": "Feature", "properties": {"spacing_m": 500, "index": 1002, "depth_m": 10, "type": "isobath_sample_point"}, "geometry": {"type": "Point", "coordinates": [-76.48245668971796, 34.60423429218106]}}, {"type": "Feature", "properties": {"spacing_m": 500, "index": 1003, "depth_m": 10, "type": "isobath_sample_point"}, "geometry": {"type": "Point", "coordinates": [-76.4814965153631, 34.60866893505313]}}, {"type": "Feature", "properties": {"spacing_m": 500, "index": 1004, "depth_m": 10, "type": "isobath_sample_point"}, "geometry": {"type": "Point", "coordinates": [-76.48053634100823, 34.613103577925195]}}, {"type": "Feature", "properties": {"spacing_m": 500, "index": 1005, "depth_m": 10, "type": "isobath_sample_point"}, "geometry": {"type": "Point", "coordinates": [-76.47957616665337, 34.617538220797265]}}, {"type": "Feature", "properties": {"spacing_m": 500, "index": 1006, "depth_m": 10, "type": "isobath_sample_point"}, "geometry": {"type": "Point", "coordinates": [-76.4786159922985, 34.621972863669335]}}, {"type": "Feature", "properties": {"spacing_m": 500, "index": 1007, "depth_m": 10, "type": "isobath_sample_point"}, "geometry": {"type": "Point", "coordinates": [-76.47765581794363, 34.6264075065414]}}, {"type": "Feature", "properties": {"spacing_m": 500, "index": 1008, "depth_m": 10, "type": "isobath_sample_point"}, "geometry": {"type": "Point", "coordinates": [-76.47669564358877, 34.63084214941347]}}, {"type": "Feature", "properties": {"spacing_m": 500, "index": 1009, "depth_m": 10, "type": "isobath_sample_point"}, "geometry": {"type": "Point", "coordinates": [-76.4757354692339, 34.63527679228553]}}, {"type": "Feature", "properties": {"spacing_m": 500, "index": 1010, "depth_m": 10, "type": "isobath_sample_point"}, "geometry": {"type": "Point", "coordinates": [-76.47396012604504, 34.63953612613974]}}, {"type": "Feature", "properties": {"spacing_m": 500, "index": 1011, "depth_m": 10, "type": "isobath_sample_point"}, "geometry": {"type": "Point", "coordinates": [-76.47215823398949, 34.64378975043347]}}, {"type": "Feature", "properties": {"spacing_m": 500, "index": 1012, "depth_m": 10, "type": "isobath_sample_point"}, "geometry": {"type": "Point", "coordinates": [-76.47035634193394, 34.64804337472721]}}, {"type": "Feature", "properties": {"spacing_m": 500, "index": 1013, "depth_m": 10, "type": "isobath_sample_point"}, "geometry": {"type": "Point", "coordinates": [-76.46855444987838, 34.65229699902095]}}, {"type": "Feature", "properties": {"spacing_m": 500, "index": 1014, "depth_m": 10, "type": "isobath_sample_point"}, "geometry": {"type": "Point", "coordinates": [-76.46675255782283, 34.656550623314686]}}, {"type": "Feature", "properties": {"spacing_m": 500, "index": 1015, "depth_m": 10, "type": "isobath_sample_point"}, "geometry": {"type": "Point", "coordinates": [-76.46495066576728, 34.660804247608425]}}, {"type": "Feature", "properties": {"spacing_m": 500, "index": 1016, "depth_m": 10, "type": "isobath_sample_point"}, "geometry": {"type": "Point", "coordinates": [-76.46308067923643, 34.665034500224536]}}, {"type": "Feature", "properties": {"spacing_m": 500, "index": 1017, "depth_m": 10, "type": "isobath_sample_point"}, "geometry": {"type": "Point", "coordinates": [-76.46066840831304, 34.66907862766755]}}, {"type": "Feature", "properties": {"spacing_m": 500, "index": 1018, "depth_m": 10, "type": "isobath_sample_point"}, "geometry": {"type": "Point", "coordinates": [-76.45825613738965, 34.67312275511056]}}, {"type": "Feature", "properties": {"spacing_m": 500, "index": 1019, "depth_m": 10, "type": "isobath_sample_point"}, "geometry": {"type": "Point", "coordinates": [-76.45584386646627, 34.67716688255357]}}, {"type": "Feature", "properties": {"spacing_m": 500, "index": 1020, "depth_m": 10, "type": "isobath_sample_point"}, "geometry": {"type": "Point", "coordinates": [-76.45343159554288, 34.68121100999659]}}, {"type": "Feature", "properties": {"spacing_m": 500, "index": 1021, "depth_m": 10, "type": "isobath_sample_point"}, "geometry": {"type": "Point", "coordinates": [-76.45101932461948, 34.6852551374396]}}, {"type": "Feature", "properties": {"spacing_m": 500, "index": 1022, "depth_m": 10, "type": "isobath_sample_point"}, "geometry": {"type": "Point", "coordinates": [-76.44789642156029, 34.68895425270056]}}, {"type": "Feature", "properties": {"spacing_m": 500, "index": 1023, "depth_m": 10, "type": "isobath_sample_point"}, "geometry": {"type": "Point", "coordinates": [-76.44474395379899, 34.69263901428701]}}, {"type": "Feature", "properties": {"spacing_m": 500, "index": 1024, "depth_m": 10, "type": "isobath_sample_point"}, "geometry": {"type": "Point", "coordinates": [-76.4415914860377, 34.69632377587345]}}, {"type": "Feature", "properties": {"spacing_m": 500, "index": 1025, "depth_m": 10, "type": "isobath_sample_point"}, "geometry": {"type": "Point", "coordinates": [-76.4384390182764, 34.7000085374599]}}, {"type": "Feature", "properties": {"spacing_m": 500, "index": 1026, "depth_m": 10, "type": "isobath_sample_point"}, "geometry": {"type": "Point", "coordinates": [-76.4352865505151, 34.70369329904634]}}, {"type": "Feature", "properties": {"spacing_m": 500, "index": 1027, "depth_m": 10, "type": "isobath_sample_point"}, "geometry": {"type": "Point", "coordinates": [-76.4321340827538, 34.707378060632784]}}, {"type": "Feature", "properties": {"spacing_m": 500, "index": 1028, "depth_m": 10, "type": "isobath_sample_point"}, "geometry": {"type": "Point", "coordinates": [-76.42898161499251, 34.71106282221923]}}, {"type": "Feature", "properties": {"spacing_m": 500, "index": 1029, "depth_m": 10, "type": "isobath_sample_point"}, "geometry": {"type": "Point", "coordinates": [-76.42582914723123, 34.714747583805675]}}, {"type": "Feature", "properties": {"spacing_m": 500, "index": 1030, "depth_m": 10, "type": "isobath_sample_point"}, "geometry": {"type": "Point", "coordinates": [-76.42267667946993, 34.718432345392124]}}, {"type": "Feature", "properties": {"spacing_m": 500, "index": 1031, "depth_m": 10, "type": "isobath_sample_point"}, "geometry": {"type": "Point", "coordinates": [-76.41952421170863, 34.722117106978565]}}, {"type": "Feature", "properties": {"spacing_m": 500, "index": 1032, "depth_m": 10, "type": "isobath_sample_point"}, "geometry": {"type": "Point", "coordinates": [-76.41637174394734, 34.725801868565014]}}, {"type": "Feature", "properties": {"spacing_m": 500, "index": 1033, "depth_m": 10, "type": "isobath_sample_point"}, "geometry": {"type": "Point", "coordinates": [-76.41321927618604, 34.729486630151456]}}, {"type": "Feature", "properties": {"spacing_m": 500, "index": 1034, "depth_m": 10, "type": "isobath_sample_point"}, "geometry": {"type": "Point", "coordinates": [-76.41006680842474, 34.733171391737905]}}, {"type": "Feature", "properties": {"spacing_m": 500, "index": 1035, "depth_m": 10, "type": "isobath_sample_point"}, "geometry": {"type": "Point", "coordinates": [-76.40691434066345, 34.73685615332435]}}, {"type": "Feature", "properties": {"spacing_m": 500, "index": 1036, "depth_m": 10, "type": "isobath_sample_point"}, "geometry": {"type": "Point", "coordinates": [-76.40376187290215, 34.74054091491079]}}, {"type": "Feature", "properties": {"spacing_m": 500, "index": 1037, "depth_m": 10, "type": "isobath_sample_point"}, "geometry": {"type": "Point", "coordinates": [-76.40060940514086, 34.74422567649724]}}, {"type": "Feature", "properties": {"spacing_m": 500, "index": 1038, "depth_m": 10, "type": "isobath_sample_point"}, "geometry": {"type": "Point", "coordinates": [-76.39745693737956, 34.74791043808368]}}, {"type": "Feature", "properties": {"spacing_m": 500, "index": 1039, "depth_m": 10, "type": "isobath_sample_point"}, "geometry": {"type": "Point", "coordinates": [-76.39430446961826, 34.75159519967013]}}, {"type": "Feature", "properties": {"spacing_m": 500, "index": 1040, "depth_m": 10, "type": "isobath_sample_point"}, "geometry": {"type": "Point", "coordinates": [-76.39115200185697, 34.75527996125657]}}, {"type": "Feature", "properties": {"spacing_m": 500, "index": 1041, "depth_m": 10, "type": "isobath_sample_point"}, "geometry": {"type": "Point", "coordinates": [-76.38799953409567, 34.75896472284302]}}, {"type": "Feature", "properties": {"spacing_m": 500, "index": 1042, "depth_m": 10, "type": "isobath_sample_point"}, "geometry": {"type": "Point", "coordinates": [-76.38484706633437, 34.76264948442946]}}, {"type": "Feature", "properties": {"spacing_m": 500, "index": 1043, "depth_m": 10, "type": "isobath_sample_point"}, "geometry": {"type": "Point", "coordinates": [-76.38169459857308, 34.7663342460159]}}, {"type": "Feature", "properties": {"spacing_m": 500, "index": 1044, "depth_m": 10, "type": "isobath_sample_point"}, "geometry": {"type": "Point", "coordinates": [-76.37818966066561, 34.76979611042573]}}, {"type": "Feature", "properties": {"spacing_m": 500, "index": 1045, "depth_m": 10, "type": "isobath_sample_point"}, "geometry": {"type": "Point", "coordinates": [-76.37462685152687, 34.77322137788062]}}, {"type": "Feature", "properties": {"spacing_m": 500, "index": 1046, "depth_m": 10, "type": "isobath_sample_point"}, "geometry": {"type": "Point", "coordinates": [-76.37106404238813, 34.776646645335504]}}, {"type": "Feature", "properties": {"spacing_m": 500, "index": 1047, "depth_m": 10, "type": "isobath_sample_point"}, "geometry": {"type": "Point", "coordinates": [-76.36750123324938, 34.78007191279039]}}, {"type": "Feature", "properties": {"spacing_m": 500, "index": 1048, "depth_m": 10, "type": "isobath_sample_point"}, "geometry": {"type": "Point", "coordinates": [-76.36393842411066, 34.78349718024528]}}, {"type": "Feature", "properties": {"spacing_m": 500, "index": 1049, "depth_m": 10, "type": "isobath_sample_point"}, "geometry": {"type": "Point", "coordinates": [-76.36037561497191, 34.78692244770016]}}, {"type": "Feature", "properties": {"spacing_m": 500, "index": 1050, "depth_m": 10, "type": "isobath_sample_point"}, "geometry": {"type": "Point", "coordinates": [-76.35681280583317, 34.79034771515504]}}, {"type": "Feature", "properties": {"spacing_m": 500, "index": 1051, "depth_m": 10, "type": "isobath_sample_point"}, "geometry": {"type": "Point", "coordinates": [-76.35324999669443, 34.79377298260993]}}, {"type": "Feature", "properties": {"spacing_m": 500, "index": 1052, "depth_m": 10, "type": "isobath_sample_point"}, "geometry": {"type": "Point", "coordinates": [-76.3496871875557, 34.79719825006482]}}, {"type": "Feature", "properties": {"spacing_m": 500, "index": 1053, "depth_m": 10, "type": "isobath_sample_point"}, "geometry": {"type": "Point", "coordinates": [-76.34612437841696, 34.8006235175197]}}, {"type": "Feature", "properties": {"spacing_m": 500, "index": 1054, "depth_m": 10, "type": "isobath_sample_point"}, "geometry": {"type": "Point", "coordinates": [-76.34256156927822, 34.80404878497459]}}, {"type": "Feature", "properties": {"spacing_m": 500, "index": 1055, "depth_m": 10, "type": "isobath_sample_point"}, "geometry": {"type": "Point", "coordinates": [-76.33899876013948, 34.80747405242948]}}, {"type": "Feature", "properties": {"spacing_m": 500, "index": 1056, "depth_m": 10, "type": "isobath_sample_point"}, "geometry": {"type": "Point", "coordinates": [-76.33543595100075, 34.81089931988436]}}, {"type": "Feature", "properties": {"spacing_m": 500, "index": 1057, "depth_m": 10, "type": "isobath_sample_point"}, "geometry": {"type": "Point", "coordinates": [-76.331873141862, 34.81432458733924]}}, {"type": "Feature", "properties": {"spacing_m": 500, "index": 1058, "depth_m": 10, "type": "isobath_sample_point"}, "geometry": {"type": "Point", "coordinates": [-76.32831033272326, 34.81774985479413]}}, {"type": "Feature", "properties": {"spacing_m": 500, "index": 1059, "depth_m": 10, "type": "isobath_sample_point"}, "geometry": {"type": "Point", "coordinates": [-76.32474752358452, 34.82117512224902]}}, {"type": "Feature", "properties": {"spacing_m": 500, "index": 1060, "depth_m": 10, "type": "isobath_sample_point"}, "geometry": {"type": "Point", "coordinates": [-76.32118471444579, 34.8246003897039]}}, {"type": "Feature", "properties": {"spacing_m": 500, "index": 1061, "depth_m": 10, "type": "isobath_sample_point"}, "geometry": {"type": "Point", "coordinates": [-76.31762190530705, 34.82802565715879]}}, {"type": "Feature", "properties": {"spacing_m": 500, "index": 1062, "depth_m": 10, "type": "isobath_sample_point"}, "geometry": {"type": "Point", "coordinates": [-76.31405909616831, 34.83145092461368]}}, {"type": "Feature", "properties": {"spacing_m": 500, "index": 1063, "depth_m": 10, "type": "isobath_sample_point"}, "geometry": {"type": "Point", "coordinates": [-76.31049628702957, 34.83487619206856]}}, {"type": "Feature", "properties": {"spacing_m": 500, "index": 1064, "depth_m": 10, "type": "isobath_sample_point"}, "geometry": {"type": "Point", "coordinates": [-76.30693347789084, 34.83830145952344]}}, {"type": "Feature", "properties": {"spacing_m": 500, "index": 1065, "depth_m": 10, "type": "isobath_sample_point"}, "geometry": {"type": "Point", "coordinates": [-76.3033706687521, 34.84172672697833]}}, {"type": "Feature", "properties": {"spacing_m": 500, "index": 1066, "depth_m": 10, "type": "isobath_sample_point"}, "geometry": {"type": "Point", "coordinates": [-76.29927403335813, 34.84468543059211]}}, {"type": "Feature", "properties": {"spacing_m": 500, "index": 1067, "depth_m": 10, "type": "isobath_sample_point"}, "geometry": {"type": "Point", "coordinates": [-76.29487538900676, 34.84738017855018]}}, {"type": "Feature", "properties": {"spacing_m": 500, "index": 1068, "depth_m": 10, "type": "isobath_sample_point"}, "geometry": {"type": "Point", "coordinates": [-76.2904767446554, 34.85007492650826]}}, {"type": "Feature", "properties": {"spacing_m": 500, "index": 1069, "depth_m": 10, "type": "isobath_sample_point"}, "geometry": {"type": "Point", "coordinates": [-76.28607810030401, 34.85276967446634]}}, {"type": "Feature", "properties": {"spacing_m": 500, "index": 1070, "depth_m": 10, "type": "isobath_sample_point"}, "geometry": {"type": "Point", "coordinates": [-76.28167945595264, 34.85546442242442]}}, {"type": "Feature", "properties": {"spacing_m": 500, "index": 1071, "depth_m": 10, "type": "isobath_sample_point"}, "geometry": {"type": "Point", "coordinates": [-76.27728081160126, 34.85815917038249]}}, {"type": "Feature", "properties": {"spacing_m": 500, "index": 1072, "depth_m": 10, "type": "isobath_sample_point"}, "geometry": {"type": "Point", "coordinates": [-76.27288216724989, 34.86085391834057]}}, {"type": "Feature", "properties": {"spacing_m": 500, "index": 1073, "depth_m": 10, "type": "isobath_sample_point"}, "geometry": {"type": "Point", "coordinates": [-76.26848352289852, 34.86354866629865]}}, {"type": "Feature", "properties": {"spacing_m": 500, "index": 1074, "depth_m": 10, "type": "isobath_sample_point"}, "geometry": {"type": "Point", "coordinates": [-76.26415192197855, 34.86630599117013]}}, {"type": "Feature", "properties": {"spacing_m": 500, "index": 1075, "depth_m": 10, "type": "isobath_sample_point"}, "geometry": {"type": "Point", "coordinates": [-76.26034490643488, 34.86955295287815]}}, {"type": "Feature", "properties": {"spacing_m": 500, "index": 1076, "depth_m": 10, "type": "isobath_sample_point"}, "geometry": {"type": "Point", "coordinates": [-76.25653789089121, 34.87279991458618]}}, {"type": "Feature", "properties": {"spacing_m": 500, "index": 1077, "depth_m": 10, "type": "isobath_sample_point"}, "geometry": {"type": "Point", "coordinates": [-76.25273087534755, 34.876046876294204]}}, {"type": "Feature", "properties": {"spacing_m": 500, "index": 1078, "depth_m": 10, "type": "isobath_sample_point"}, "geometry": {"type": "Point", "coordinates": [-76.24892385980388, 34.87929383800223]}}, {"type": "Feature", "properties": {"spacing_m": 500, "index": 1079, "depth_m": 10, "type": "isobath_sample_point"}, "geometry": {"type": "Point", "coordinates": [-76.24511684426022, 34.88254079971026]}}, {"type": "Feature", "properties": {"spacing_m": 500, "index": 1080, "depth_m": 10, "type": "isobath_sample_point"}, "geometry": {"type": "Point", "coordinates": [-76.24130982871655, 34.885787761418285]}}, {"type": "Feature", "properties": {"spacing_m": 500, "index": 1081, "depth_m": 10, "type": "isobath_sample_point"}, "geometry": {"type": "Point", "coordinates": [-76.2375028131729, 34.889034723126315]}}, {"type": "Feature", "properties": {"spacing_m": 500, "index": 1082, "depth_m": 10, "type": "isobath_sample_point"}, "geometry": {"type": "Point", "coordinates": [-76.23369579762922, 34.892281684834344]}}, {"type": "Feature", "properties": {"spacing_m": 500, "index": 1083, "depth_m": 10, "type": "isobath_sample_point"}, "geometry": {"type": "Point", "coordinates": [-76.22988878208555, 34.89552864654237]}}, {"type": "Feature", "properties": {"spacing_m": 500, "index": 1084, "depth_m": 10, "type": "isobath_sample_point"}, "geometry": {"type": "Point", "coordinates": [-76.2260817665419, 34.898775608250396]}}, {"type": "Feature", "properties": {"spacing_m": 500, "index": 1085, "depth_m": 10, "type": "isobath_sample_point"}, "geometry": {"type": "Point", "coordinates": [-76.22227475099822, 34.902022569958426]}}, {"type": "Feature", "properties": {"spacing_m": 500, "index": 1086, "depth_m": 10, "type": "isobath_sample_point"}, "geometry": {"type": "Point", "coordinates": [-76.21846773545457, 34.90526953166645]}}, {"type": "Feature", "properties": {"spacing_m": 500, "index": 1087, "depth_m": 10, "type": "isobath_sample_point"}, "geometry": {"type": "Point", "coordinates": [-76.2146607199109, 34.90851649337448]}}, {"type": "Feature", "properties": {"spacing_m": 500, "index": 1088, "depth_m": 10, "type": "isobath_sample_point"}, "geometry": {"type": "Point", "coordinates": [-76.21085370436724, 34.9117634550825]}}, {"type": "Feature", "properties": {"spacing_m": 500, "index": 1089, "depth_m": 10, "type": "isobath_sample_point"}, "geometry": {"type": "Point", "coordinates": [-76.20704668882357, 34.91501041679053]}}, {"type": "Feature", "properties": {"spacing_m": 500, "index": 1090, "depth_m": 10, "type": "isobath_sample_point"}, "geometry": {"type": "Point", "coordinates": [-76.2032396732799, 34.91825737849856]}}, {"type": "Feature", "properties": {"spacing_m": 500, "index": 1091, "depth_m": 10, "type": "isobath_sample_point"}, "geometry": {"type": "Point", "coordinates": [-76.19943265773624, 34.92150434020658]}}, {"type": "Feature", "properties": {"spacing_m": 500, "index": 1092, "depth_m": 10, "type": "isobath_sample_point"}, "geometry": {"type": "Point", "coordinates": [-76.19562564219257, 34.92475130191461]}}, {"type": "Feature", "properties": {"spacing_m": 500, "index": 1093, "depth_m": 10, "type": "isobath_sample_point"}, "geometry": {"type": "Point", "coordinates": [-76.19181862664891, 34.92799826362264]}}, {"type": "Feature", "properties": {"spacing_m": 500, "index": 1094, "depth_m": 10, "type": "isobath_sample_point"}, "geometry": {"type": "Point", "coordinates": [-76.18801161110524, 34.93124522533066]}}, {"type": "Feature", "properties": {"spacing_m": 500, "index": 1095, "depth_m": 10, "type": "isobath_sample_point"}, "geometry": {"type": "Point", "coordinates": [-76.18420459556157, 34.93449218703869]}}, {"type": "Feature", "properties": {"spacing_m": 500, "index": 1096, "depth_m": 10, "type": "isobath_sample_point"}, "geometry": {"type": "Point", "coordinates": [-76.18039758001791, 34.93773914874672]}}, {"type": "Feature", "properties": {"spacing_m": 500, "index": 1097, "depth_m": 10, "type": "isobath_sample_point"}, "geometry": {"type": "Point", "coordinates": [-76.17659056447424, 34.940986110454745]}}, {"type": "Feature", "properties": {"spacing_m": 500, "index": 1098, "depth_m": 10, "type": "isobath_sample_point"}, "geometry": {"type": "Point", "coordinates": [-76.1727082698075, 34.944165410947974]}}, {"type": "Feature", "properties": {"spacing_m": 500, "index": 1099, "depth_m": 10, "type": "isobath_sample_point"}, "geometry": {"type": "Point", "coordinates": [-76.16839526685885, 34.94695758889803]}}, {"type": "Feature", "properties": {"spacing_m": 500, "index": 1100, "depth_m": 10, "type": "isobath_sample_point"}, "geometry": {"type": "Point", "coordinates": [-76.1640822639102, 34.94974976684808]}}, {"type": "Feature", "properties": {"spacing_m": 500, "index": 1101, "depth_m": 10, "type": "isobath_sample_point"}, "geometry": {"type": "Point", "coordinates": [-76.15976926096155, 34.952541944798135]}}, {"type": "Feature", "properties": {"spacing_m": 500, "index": 1102, "depth_m": 10, "type": "isobath_sample_point"}, "geometry": {"type": "Point", "coordinates": [-76.15545625801292, 34.955334122748184]}}, {"type": "Feature", "properties": {"spacing_m": 500, "index": 1103, "depth_m": 10, "type": "isobath_sample_point"}, "geometry": {"type": "Point", "coordinates": [-76.15114325506427, 34.95812630069823]}}, {"type": "Feature", "properties": {"spacing_m": 500, "index": 1104, "depth_m": 10, "type": "isobath_sample_point"}, "geometry": {"type": "Point", "coordinates": [-76.14683025211562, 34.96091847864829]}}, {"type": "Feature", "properties": {"spacing_m": 500, "index": 1105, "depth_m": 10, "type": "isobath_sample_point"}, "geometry": {"type": "Point", "coordinates": [-76.14251724916699, 34.96371065659834]}}, {"type": "Feature", "properties": {"spacing_m": 500, "index": 1106, "depth_m": 10, "type": "isobath_sample_point"}, "geometry": {"type": "Point", "coordinates": [-76.13820424621834, 34.96650283454839]}}, {"type": "Feature", "properties": {"spacing_m": 500, "index": 1107, "depth_m": 10, "type": "isobath_sample_point"}, "geometry": {"type": "Point", "coordinates": [-76.13389124326969, 34.96929501249844]}}, {"type": "Feature", "properties": {"spacing_m": 500, "index": 1108, "depth_m": 10, "type": "isobath_sample_point"}, "geometry": {"type": "Point", "coordinates": [-76.12957824032104, 34.97208719044849]}}, {"type": "Feature", "properties": {"spacing_m": 500, "index": 1109, "depth_m": 10, "type": "isobath_sample_point"}, "geometry": {"type": "Point", "coordinates": [-76.1252652373724, 34.97487936839855]}}, {"type": "Feature", "properties": {"spacing_m": 500, "index": 1110, "depth_m": 10, "type": "isobath_sample_point"}, "geometry": {"type": "Point", "coordinates": [-76.12107971989012, 34.97779423339786]}}, {"type": "Feature", "properties": {"spacing_m": 500, "index": 1111, "depth_m": 10, "type": "isobath_sample_point"}, "geometry": {"type": "Point", "coordinates": [-76.11704661725075, 34.98085577650782]}}, {"type": "Feature", "properties": {"spacing_m": 500, "index": 1112, "depth_m": 10, "type": "isobath_sample_point"}, "geometry": {"type": "Point", "coordinates": [-76.11301351461137, 34.98391731961778]}}, {"type": "Feature", "properties": {"spacing_m": 500, "index": 1113, "depth_m": 10, "type": "isobath_sample_point"}, "geometry": {"type": "Point", "coordinates": [-76.108980411972, 34.98697886272774]}}, {"type": "Feature", "properties": {"spacing_m": 500, "index": 1114, "depth_m": 10, "type": "isobath_sample_point"}, "geometry": {"type": "Point", "coordinates": [-76.10494730933263, 34.990040405837696]}}, {"type": "Feature", "properties": {"spacing_m": 500, "index": 1115, "depth_m": 10, "type": "isobath_sample_point"}, "geometry": {"type": "Point", "coordinates": [-76.10091420669326, 34.99310194894766]}}, {"type": "Feature", "properties": {"spacing_m": 500, "index": 1116, "depth_m": 10, "type": "isobath_sample_point"}, "geometry": {"type": "Point", "coordinates": [-76.09688110405389, 34.99616349205762]}}, {"type": "Feature", "properties": {"spacing_m": 500, "index": 1117, "depth_m": 10, "type": "isobath_sample_point"}, "geometry": {"type": "Point", "coordinates": [-76.09284800141451, 34.999225035167576]}}, {"type": "Feature", "properties": {"spacing_m": 500, "index": 1118, "depth_m": 10, "type": "isobath_sample_point"}, "geometry": {"type": "Point", "coordinates": [-76.08866013670318, 35.00210948073531]}}, {"type": "Feature", "properties": {"spacing_m": 500, "index": 1119, "depth_m": 10, "type": "isobath_sample_point"}, "geometry": {"type": "Point", "coordinates": [-76.08381477059358, 35.00424153341906]}}, {"type": "Feature", "properties": {"spacing_m": 500, "index": 1120, "depth_m": 10, "type": "isobath_sample_point"}, "geometry": {"type": "Point", "coordinates": [-76.07896940448397, 35.00637358610282]}}, {"type": "Feature", "properties": {"spacing_m": 500, "index": 1121, "depth_m": 10, "type": "isobath_sample_point"}, "geometry": {"type": "Point", "coordinates": [-76.07412403837435, 35.00850563878658]}}, {"type": "Feature", "properties": {"spacing_m": 500, "index": 1122, "depth_m": 10, "type": "isobath_sample_point"}, "geometry": {"type": "Point", "coordinates": [-76.06927867226474, 35.010637691470336]}}, {"type": "Feature", "properties": {"spacing_m": 500, "index": 1123, "depth_m": 10, "type": "isobath_sample_point"}, "geometry": {"type": "Point", "coordinates": [-76.06443330615512, 35.01276974415409]}}, {"type": "Feature", "properties": {"spacing_m": 500, "index": 1124, "depth_m": 10, "type": "isobath_sample_point"}, "geometry": {"type": "Point", "coordinates": [-76.05958794004552, 35.014901796837854]}}, {"type": "Feature", "properties": {"spacing_m": 500, "index": 1125, "depth_m": 10, "type": "isobath_sample_point"}, "geometry": {"type": "Point", "coordinates": [-76.05474257393591, 35.01703384952161]}}, {"type": "Feature", "properties": {"spacing_m": 500, "index": 1126, "depth_m": 10, "type": "isobath_sample_point"}, "geometry": {"type": "Point", "coordinates": [-76.04989720782629, 35.019165902205366]}}, {"type": "Feature", "properties": {"spacing_m": 500, "index": 1127, "depth_m": 10, "type": "isobath_sample_point"}, "geometry": {"type": "Point", "coordinates": [-76.04505184171668, 35.02129795488913]}}, {"type": "Feature", "properties": {"spacing_m": 500, "index": 1128, "depth_m": 10, "type": "isobath_sample_point"}, "geometry": {"type": "Point", "coordinates": [-76.04020647560708, 35.023430007572884]}}, {"type": "Feature", "properties": {"spacing_m": 500, "index": 1129, "depth_m": 10, "type": "isobath_sample_point"}, "geometry": {"type": "Point", "coordinates": [-76.03536110949746, 35.02556206025664]}}, {"type": "Feature", "properties": {"spacing_m": 500, "index": 1130, "depth_m": 10, "type": "isobath_sample_point"}, "geometry": {"type": "Point", "coordinates": [-76.03051574338785, 35.0276941129404]}}, {"type": "Feature", "properties": {"spacing_m": 500, "index": 1131, "depth_m": 10, "type": "isobath_sample_point"}, "geometry": {"type": "Point", "coordinates": [-76.02567037727825, 35.02982616562416]}}, {"type": "Feature", "properties": {"spacing_m": 500, "index": 1132, "depth_m": 10, "type": "isobath_sample_point"}, "geometry": {"type": "Point", "coordinates": [-76.02082501116863, 35.03195821830791]}}, {"type": "Feature", "properties": {"spacing_m": 500, "index": 1133, "depth_m": 10, "type": "isobath_sample_point"}, "geometry": {"type": "Point", "coordinates": [-76.01597964505902, 35.034090270991676]}}, {"type": "Feature", "properties": {"spacing_m": 500, "index": 1134, "depth_m": 10, "type": "isobath_sample_point"}, "geometry": {"type": "Point", "coordinates": [-76.01113427894941, 35.03622232367543]}}, {"type": "Feature", "properties": {"spacing_m": 500, "index": 1135, "depth_m": 10, "type": "isobath_sample_point"}, "geometry": {"type": "Point", "coordinates": [-76.00628891283979, 35.03835437635919]}}, {"type": "Feature", "properties": {"spacing_m": 500, "index": 1136, "depth_m": 10, "type": "isobath_sample_point"}, "geometry": {"type": "Point", "coordinates": [-76.00144354673019, 35.04048642904295]}}, {"type": "Feature", "properties": {"spacing_m": 500, "index": 1137, "depth_m": 10, "type": "isobath_sample_point"}, "geometry": {"type": "Point", "coordinates": [-75.99659818062058, 35.042618481726706]}}, {"type": "Feature", "properties": {"spacing_m": 500, "index": 1138, "depth_m": 10, "type": "isobath_sample_point"}, "geometry": {"type": "Point", "coordinates": [-75.99221076045211, 35.04523544325421]}}, {"type": "Feature", "properties": {"spacing_m": 500, "index": 1139, "depth_m": 10, "type": "isobath_sample_point"}, "geometry": {"type": "Point", "coordinates": [-75.98847641570501, 35.04854393192281]}}, {"type": "Feature", "properties": {"spacing_m": 500, "index": 1140, "depth_m": 10, "type": "isobath_sample_point"}, "geometry": {"type": "Point", "coordinates": [-75.9847420709579, 35.051852420591416]}}, {"type": "Feature", "properties": {"spacing_m": 500, "index": 1141, "depth_m": 10, "type": "isobath_sample_point"}, "geometry": {"type": "Point", "coordinates": [-75.98100772621082, 35.05516090926002]}}, {"type": "Feature", "properties": {"spacing_m": 500, "index": 1142, "depth_m": 10, "type": "isobath_sample_point"}, "geometry": {"type": "Point", "coordinates": [-75.97727338146372, 35.058469397928626]}}, {"type": "Feature", "properties": {"spacing_m": 500, "index": 1143, "depth_m": 10, "type": "isobath_sample_point"}, "geometry": {"type": "Point", "coordinates": [-75.97353903671663, 35.06177788659723]}}, {"type": "Feature", "properties": {"spacing_m": 500, "index": 1144, "depth_m": 10, "type": "isobath_sample_point"}, "geometry": {"type": "Point", "coordinates": [-75.96980469196953, 35.06508637526583]}}, {"type": "Feature", "properties": {"spacing_m": 500, "index": 1145, "depth_m": 10, "type": "isobath_sample_point"}, "geometry": {"type": "Point", "coordinates": [-75.96607034722244, 35.06839486393444]}}, {"type": "Feature", "properties": {"spacing_m": 500, "index": 1146, "depth_m": 10, "type": "isobath_sample_point"}, "geometry": {"type": "Point", "coordinates": [-75.96207348251193, 35.07148155211117]}}, {"type": "Feature", "properties": {"spacing_m": 500, "index": 1147, "depth_m": 10, "type": "isobath_sample_point"}, "geometry": {"type": "Point", "coordinates": [-75.95790291359118, 35.07442147933776]}}, {"type": "Feature", "properties": {"spacing_m": 500, "index": 1148, "depth_m": 10, "type": "isobath_sample_point"}, "geometry": {"type": "Point", "coordinates": [-75.95373234467046, 35.07736140656435]}}, {"type": "Feature", "properties": {"spacing_m": 500, "index": 1149, "depth_m": 10, "type": "isobath_sample_point"}, "geometry": {"type": "Point", "coordinates": [-75.94956177574973, 35.080301333790935]}}, {"type": "Feature", "properties": {"spacing_m": 500, "index": 1150, "depth_m": 10, "type": "isobath_sample_point"}, "geometry": {"type": "Point", "coordinates": [-75.94539120682899, 35.08324126101753]}}, {"type": "Feature", "properties": {"spacing_m": 500, "index": 1151, "depth_m": 10, "type": "isobath_sample_point"}, "geometry": {"type": "Point", "coordinates": [-75.94122063790826, 35.08618118824411]}}, {"type": "Feature", "properties": {"spacing_m": 500, "index": 1152, "depth_m": 10, "type": "isobath_sample_point"}, "geometry": {"type": "Point", "coordinates": [-75.93705006898753, 35.089121115470704]}}, {"type": "Feature", "properties": {"spacing_m": 500, "index": 1153, "depth_m": 10, "type": "isobath_sample_point"}, "geometry": {"type": "Point", "coordinates": [-75.9328795000668, 35.09206104269729]}}, {"type": "Feature", "properties": {"spacing_m": 500, "index": 1154, "depth_m": 10, "type": "isobath_sample_point"}, "geometry": {"type": "Point", "coordinates": [-75.92870893114606, 35.09500096992388]}}, {"type": "Feature", "properties": {"spacing_m": 500, "index": 1155, "depth_m": 10, "type": "isobath_sample_point"}, "geometry": {"type": "Point", "coordinates": [-75.92453446807151, 35.09793662555269]}}, {"type": "Feature", "properties": {"spacing_m": 500, "index": 1156, "depth_m": 10, "type": "isobath_sample_point"}, "geometry": {"type": "Point", "coordinates": [-75.91989141461657, 35.100358272306984]}}, {"type": "Feature", "properties": {"spacing_m": 500, "index": 1157, "depth_m": 10, "type": "isobath_sample_point"}, "geometry": {"type": "Point", "coordinates": [-75.91524836116164, 35.10277991906128]}}, {"type": "Feature", "properties": {"spacing_m": 500, "index": 1158, "depth_m": 10, "type": "isobath_sample_point"}, "geometry": {"type": "Point", "coordinates": [-75.91060530770672, 35.10520156581556]}}, {"type": "Feature", "properties": {"spacing_m": 500, "index": 1159, "depth_m": 10, "type": "isobath_sample_point"}, "geometry": {"type": "Point", "coordinates": [-75.90596225425179, 35.107623212569855]}}, {"type": "Feature", "properties": {"spacing_m": 500, "index": 1160, "depth_m": 10, "type": "isobath_sample_point"}, "geometry": {"type": "Point", "coordinates": [-75.90131920079686, 35.11004485932414]}}, {"type": "Feature", "properties": {"spacing_m": 500, "index": 1161, "depth_m": 10, "type": "isobath_sample_point"}, "geometry": {"type": "Point", "coordinates": [-75.89667614734192, 35.112466506078434]}}, {"type": "Feature", "properties": {"spacing_m": 500, "index": 1162, "depth_m": 10, "type": "isobath_sample_point"}, "geometry": {"type": "Point", "coordinates": [-75.892033093887, 35.11488815283272]}}, {"type": "Feature", "properties": {"spacing_m": 500, "index": 1163, "depth_m": 10, "type": "isobath_sample_point"}, "geometry": {"type": "Point", "coordinates": [-75.88739004043207, 35.11730979958701]}}, {"type": "Feature", "properties": {"spacing_m": 500, "index": 1164, "depth_m": 10, "type": "isobath_sample_point"}, "geometry": {"type": "Point", "coordinates": [-75.88274698697714, 35.119731446341305]}}, {"type": "Feature", "properties": {"spacing_m": 500, "index": 1165, "depth_m": 10, "type": "isobath_sample_point"}, "geometry": {"type": "Point", "coordinates": [-75.8781039335222, 35.12215309309559]}}, {"type": "Feature", "properties": {"spacing_m": 500, "index": 1166, "depth_m": 10, "type": "isobath_sample_point"}, "geometry": {"type": "Point", "coordinates": [-75.87346088006727, 35.12457473984988]}}, {"type": "Feature", "properties": {"spacing_m": 500, "index": 1167, "depth_m": 10, "type": "isobath_sample_point"}, "geometry": {"type": "Point", "coordinates": [-75.86920195463422, 35.127424490849904]}}, {"type": "Feature", "properties": {"spacing_m": 500, "index": 1168, "depth_m": 10, "type": "isobath_sample_point"}, "geometry": {"type": "Point", "coordinates": [-75.86499403085391, 35.130331082337555]}}, {"type": "Feature", "properties": {"spacing_m": 500, "index": 1169, "depth_m": 10, "type": "isobath_sample_point"}, "geometry": {"type": "Point", "coordinates": [-75.8607861070736, 35.13323767382521]}}, {"type": "Feature", "properties": {"spacing_m": 500, "index": 1170, "depth_m": 10, "type": "isobath_sample_point"}, "geometry": {"type": "Point", "coordinates": [-75.85657818329327, 35.13614426531286]}}, {"type": "Feature", "properties": {"spacing_m": 500, "index": 1171, "depth_m": 10, "type": "isobath_sample_point"}, "geometry": {"type": "Point", "coordinates": [-75.85237025951295, 35.13905085680051]}}, {"type": "Feature", "properties": {"spacing_m": 500, "index": 1172, "depth_m": 10, "type": "isobath_sample_point"}, "geometry": {"type": "Point", "coordinates": [-75.84816233573264, 35.14195744828816]}}, {"type": "Feature", "properties": {"spacing_m": 500, "index": 1173, "depth_m": 10, "type": "isobath_sample_point"}, "geometry": {"type": "Point", "coordinates": [-75.84352459628464, 35.144187841465126]}}, {"type": "Feature", "properties": {"spacing_m": 500, "index": 1174, "depth_m": 10, "type": "isobath_sample_point"}, "geometry": {"type": "Point", "coordinates": [-75.83819525961758, 35.145330194101994]}}, {"type": "Feature", "properties": {"spacing_m": 500, "index": 1175, "depth_m": 10, "type": "isobath_sample_point"}, "geometry": {"type": "Point", "coordinates": [-75.83286592295052, 35.14647254673886]}}, {"type": "Feature", "properties": {"spacing_m": 500, "index": 1176, "depth_m": 10, "type": "isobath_sample_point"}, "geometry": {"type": "Point", "coordinates": [-75.82753658628346, 35.14761489937573]}}, {"type": "Feature", "properties": {"spacing_m": 500, "index": 1177, "depth_m": 10, "type": "isobath_sample_point"}, "geometry": {"type": "Point", "coordinates": [-75.8222072496164, 35.1487572520126]}}, {"type": "Feature", "properties": {"spacing_m": 500, "index": 1178, "depth_m": 10, "type": "isobath_sample_point"}, "geometry": {"type": "Point", "coordinates": [-75.81687791294934, 35.14989960464947]}}, {"type": "Feature", "properties": {"spacing_m": 500, "index": 1179, "depth_m": 10, "type": "isobath_sample_point"}, "geometry": {"type": "Point", "coordinates": [-75.81154857628229, 35.15104195728634]}}, {"type": "Feature", "properties": {"spacing_m": 500, "index": 1180, "depth_m": 10, "type": "isobath_sample_point"}, "geometry": {"type": "Point", "coordinates": [-75.80621923961523, 35.15218430992321]}}, {"type": "Feature", "properties": {"spacing_m": 500, "index": 1181, "depth_m": 10, "type": "isobath_sample_point"}, "geometry": {"type": "Point", "coordinates": [-75.80088990294817, 35.153326662560076]}}, {"type": "Feature", "properties": {"spacing_m": 500, "index": 1182, "depth_m": 10, "type": "isobath_sample_point"}, "geometry": {"type": "Point", "coordinates": [-75.79556056628111, 35.154469015196945]}}, {"type": "Feature", "properties": {"spacing_m": 500, "index": 1183, "depth_m": 10, "type": "isobath_sample_point"}, "geometry": {"type": "Point", "coordinates": [-75.79023122961405, 35.155611367833814]}}, {"type": "Feature", "properties": {"spacing_m": 500, "index": 1184, "depth_m": 10, "type": "isobath_sample_point"}, "geometry": {"type": "Point", "coordinates": [-75.78490189294699, 35.15675372047068]}}, {"type": "Feature", "properties": {"spacing_m": 500, "index": 1185, "depth_m": 10, "type": "isobath_sample_point"}, "geometry": {"type": "Point", "coordinates": [-75.77957255627993, 35.15789607310755]}}, {"type": "Feature", "properties": {"spacing_m": 500, "index": 1186, "depth_m": 10, "type": "isobath_sample_point"}, "geometry": {"type": "Point", "coordinates": [-75.77424321961287, 35.15903842574442]}}, {"type": "Feature", "properties": {"spacing_m": 500, "index": 1187, "depth_m": 10, "type": "isobath_sample_point"}, "geometry": {"type": "Point", "coordinates": [-75.76891388294581, 35.16018077838129]}}, {"type": "Feature", "properties": {"spacing_m": 500, "index": 1188, "depth_m": 10, "type": "isobath_sample_point"}, "geometry": {"type": "Point", "coordinates": [-75.76358454627875, 35.16132313101816]}}, {"type": "Feature", "properties": {"spacing_m": 500, "index": 1189, "depth_m": 10, "type": "isobath_sample_point"}, "geometry": {"type": "Point", "coordinates": [-75.75825520961169, 35.162465483655026]}}, {"type": "Feature", "properties": {"spacing_m": 500, "index": 1190, "depth_m": 10, "type": "isobath_sample_point"}, "geometry": {"type": "Point", "coordinates": [-75.75292587294464, 35.163607836291895]}}, {"type": "Feature", "properties": {"spacing_m": 500, "index": 1191, "depth_m": 10, "type": "isobath_sample_point"}, "geometry": {"type": "Point", "coordinates": [-75.74759653627758, 35.164750188928764]}}, {"type": "Feature", "properties": {"spacing_m": 500, "index": 1192, "depth_m": 10, "type": "isobath_sample_point"}, "geometry": {"type": "Point", "coordinates": [-75.74226719961052, 35.16589254156563]}}, {"type": "Feature", "properties": {"spacing_m": 500, "index": 1193, "depth_m": 10, "type": "isobath_sample_point"}, "geometry": {"type": "Point", "coordinates": [-75.73719868554458, 35.16756368801333]}}, {"type": "Feature", "properties": {"spacing_m": 500, "index": 1194, "depth_m": 10, "type": "isobath_sample_point"}, "geometry": {"type": "Point", "coordinates": [-75.73239477961268, 35.1697713030913]}}, {"type": "Feature", "properties": {"spacing_m": 500, "index": 1195, "depth_m": 10, "type": "isobath_sample_point"}, "geometry": {"type": "Point", "coordinates": [-75.72759087368075, 35.17197891816927]}}, {"type": "Feature", "properties": {"spacing_m": 500, "index": 1196, "depth_m": 10, "type": "isobath_sample_point"}, "geometry": {"type": "Point", "coordinates": [-75.72278696774885, 35.17418653324724]}}, {"type": "Feature", "properties": {"spacing_m": 500, "index": 1197, "depth_m": 10, "type": "isobath_sample_point"}, "geometry": {"type": "Point", "coordinates": [-75.71798306181694, 35.17639414832521]}}, {"type": "Feature", "properties": {"spacing_m": 500, "index": 1198, "depth_m": 10, "type": "isobath_sample_point"}, "geometry": {"type": "Point", "coordinates": [-75.71317915588502, 35.17860176340318]}}, {"type": "Feature", "properties": {"spacing_m": 500, "index": 1199, "depth_m": 10, "type": "isobath_sample_point"}, "geometry": {"type": "Point", "coordinates": [-75.70837524995311, 35.18080937848115]}}, {"type": "Feature", "properties": {"spacing_m": 500, "index": 1200, "depth_m": 10, "type": "isobath_sample_point"}, "geometry": {"type": "Point", "coordinates": [-75.7035713440212, 35.183016993559114]}}, {"type": "Feature", "properties": {"spacing_m": 500, "index": 1201, "depth_m": 10, "type": "isobath_sample_point"}, "geometry": {"type": "Point", "coordinates": [-75.69876743808928, 35.185224608637085]}}, {"type": "Feature", "properties": {"spacing_m": 500, "index": 1202, "depth_m": 10, "type": "isobath_sample_point"}, "geometry": {"type": "Point", "coordinates": [-75.69396353215737, 35.18743222371506]}}, {"type": "Feature", "properties": {"spacing_m": 500, "index": 1203, "depth_m": 10, "type": "isobath_sample_point"}, "geometry": {"type": "Point", "coordinates": [-75.68915962622546, 35.18963983879303]}}, {"type": "Feature", "properties": {"spacing_m": 500, "index": 1204, "depth_m": 10, "type": "isobath_sample_point"}, "geometry": {"type": "Point", "coordinates": [-75.68435572029354, 35.191847453871]}}, {"type": "Feature", "properties": {"spacing_m": 500, "index": 1205, "depth_m": 10, "type": "isobath_sample_point"}, "geometry": {"type": "Point", "coordinates": [-75.6794856799968, 35.19392803851418]}}, {"type": "Feature", "properties": {"spacing_m": 500, "index": 1206, "depth_m": 10, "type": "isobath_sample_point"}, "geometry": {"type": "Point", "coordinates": [-75.67420319628285, 35.19521640466778]}}, {"type": "Feature", "properties": {"spacing_m": 500, "index": 1207, "depth_m": 10, "type": "isobath_sample_point"}, "geometry": {"type": "Point", "coordinates": [-75.66892071256889, 35.196504770821385]}}, {"type": "Feature", "properties": {"spacing_m": 500, "index": 1208, "depth_m": 10, "type": "isobath_sample_point"}, "geometry": {"type": "Point", "coordinates": [-75.66363822885495, 35.19779313697499]}}, {"type": "Feature", "properties": {"spacing_m": 500, "index": 1209, "depth_m": 10, "type": "isobath_sample_point"}, "geometry": {"type": "Point", "coordinates": [-75.658355745141, 35.19908150312859]}}, {"type": "Feature", "properties": {"spacing_m": 500, "index": 1210, "depth_m": 10, "type": "isobath_sample_point"}, "geometry": {"type": "Point", "coordinates": [-75.65307326142704, 35.20036986928219]}}, {"type": "Feature", "properties": {"spacing_m": 500, "index": 1211, "depth_m": 10, "type": "isobath_sample_point"}, "geometry": {"type": "Point", "coordinates": [-75.64779077771308, 35.201658235435794]}}, {"type": "Feature", "properties": {"spacing_m": 500, "index": 1212, "depth_m": 10, "type": "isobath_sample_point"}, "geometry": {"type": "Point", "coordinates": [-75.64250829399914, 35.202946601589396]}}, {"type": "Feature", "properties": {"spacing_m": 500, "index": 1213, "depth_m": 10, "type": "isobath_sample_point"}, "geometry": {"type": "Point", "coordinates": [-75.63722581028519, 35.204234967743]}}, {"type": "Feature", "properties": {"spacing_m": 500, "index": 1214, "depth_m": 10, "type": "isobath_sample_point"}, "geometry": {"type": "Point", "coordinates": [-75.63194332657123, 35.2055233338966]}}, {"type": "Feature", "properties": {"spacing_m": 500, "index": 1215, "depth_m": 10, "type": "isobath_sample_point"}, "geometry": {"type": "Point", "coordinates": [-75.62666084285728, 35.2068117000502]}}, {"type": "Feature", "properties": {"spacing_m": 500, "index": 1216, "depth_m": 10, "type": "isobath_sample_point"}, "geometry": {"type": "Point", "coordinates": [-75.62137835914334, 35.208100066203805]}}, {"type": "Feature", "properties": {"spacing_m": 500, "index": 1217, "depth_m": 10, "type": "isobath_sample_point"}, "geometry": {"type": "Point", "coordinates": [-75.61609587542938, 35.209388432357414]}}, {"type": "Feature", "properties": {"spacing_m": 500, "index": 1218, "depth_m": 10, "type": "isobath_sample_point"}, "geometry": {"type": "Point", "coordinates": [-75.61081339171542, 35.21067679851102]}}, {"type": "Feature", "properties": {"spacing_m": 500, "index": 1219, "depth_m": 10, "type": "isobath_sample_point"}, "geometry": {"type": "Point", "coordinates": [-75.60553090800147, 35.21196516466462]}}, {"type": "Feature", "properties": {"spacing_m": 500, "index": 1220, "depth_m": 10, "type": "isobath_sample_point"}, "geometry": {"type": "Point", "coordinates": [-75.60024842428753, 35.21325353081822]}}, {"type": "Feature", "properties": {"spacing_m": 500, "index": 1221, "depth_m": 10, "type": "isobath_sample_point"}, "geometry": {"type": "Point", "coordinates": [-75.59496594057357, 35.214541896971824]}}, {"type": "Feature", "properties": {"spacing_m": 500, "index": 1222, "depth_m": 10, "type": "isobath_sample_point"}, "geometry": {"type": "Point", "coordinates": [-75.58951736926464, 35.21509661478196]}}, {"type": "Feature", "properties": {"spacing_m": 500, "index": 1223, "depth_m": 10, "type": "isobath_sample_point"}, "geometry": {"type": "Point", "coordinates": [-75.58401913596063, 35.21543196376784]}}, {"type": "Feature", "properties": {"spacing_m": 500, "index": 1224, "depth_m": 10, "type": "isobath_sample_point"}, "geometry": {"type": "Point", "coordinates": [-75.57852090265662, 35.21576731275371]}}, {"type": "Feature", "properties": {"spacing_m": 500, "index": 1225, "depth_m": 10, "type": "isobath_sample_point"}, "geometry": {"type": "Point", "coordinates": [-75.57318128783878, 35.214904137480545]}}, {"type": "Feature", "properties": {"spacing_m": 500, "index": 1226, "depth_m": 10, "type": "isobath_sample_point"}, "geometry": {"type": "Point", "coordinates": [-75.56789782764761, 35.21361665679423]}}, {"type": "Feature", "properties": {"spacing_m": 500, "index": 1227, "depth_m": 10, "type": "isobath_sample_point"}, "geometry": {"type": "Point", "coordinates": [-75.56331788769127, 35.21148666449566]}}, {"type": "Feature", "properties": {"spacing_m": 500, "index": 1228, "depth_m": 10, "type": "isobath_sample_point"}, "geometry": {"type": "Point", "coordinates": [-75.55992223124417, 35.2079384150392]}}, {"type": "Feature", "properties": {"spacing_m": 500, "index": 1229, "depth_m": 10, "type": "isobath_sample_point"}, "geometry": {"type": "Point", "coordinates": [-75.55652657479708, 35.20439016558274]}}, {"type": "Feature", "properties": {"spacing_m": 500, "index": 1230, "depth_m": 10, "type": "isobath_sample_point"}, "geometry": {"type": "Point", "coordinates": [-75.55313091834999, 35.20084191612628]}}, {"type": "Feature", "properties": {"spacing_m": 500, "index": 1231, "depth_m": 10, "type": "isobath_sample_point"}, "geometry": {"type": "Point", "coordinates": [-75.5497352619029, 35.19729366666982]}}, {"type": "Feature", "properties": {"spacing_m": 500, "index": 1232, "depth_m": 10, "type": "isobath_sample_point"}, "geometry": {"type": "Point", "coordinates": [-75.5463396054558, 35.19374541721336]}}, {"type": "Feature", "properties": {"spacing_m": 500, "index": 1233, "depth_m": 10, "type": "isobath_sample_point"}, "geometry": {"type": "Point", "coordinates": [-75.54294394900872, 35.1901971677569]}}, {"type": "Feature", "properties": {"spacing_m": 500, "index": 1234, "depth_m": 10, "type": "isobath_sample_point"}, "geometry": {"type": "Point", "coordinates": [-75.53954829256162, 35.18664891830044]}}, {"type": "Feature", "properties": {"spacing_m": 500, "index": 1235, "depth_m": 10, "type": "isobath_sample_point"}, "geometry": {"type": "Point", "coordinates": [-75.53615263611452, 35.18310066884398]}}, {"type": "Feature", "properties": {"spacing_m": 500, "index": 1236, "depth_m": 10, "type": "isobath_sample_point"}, "geometry": {"type": "Point", "coordinates": [-75.53275697966744, 35.17955241938752]}}, {"type": "Feature", "properties": {"spacing_m": 500, "index": 1237, "depth_m": 10, "type": "isobath_sample_point"}, "geometry": {"type": "Point", "coordinates": [-75.52936132322034, 35.17600416993106]}}, {"type": "Feature", "properties": {"spacing_m": 500, "index": 1238, "depth_m": 10, "type": "isobath_sample_point"}, "geometry": {"type": "Point", "coordinates": [-75.52542971988566, 35.17301473408664]}}, {"type": "Feature", "properties": {"spacing_m": 500, "index": 1239, "depth_m": 10, "type": "isobath_sample_point"}, "geometry": {"type": "Point", "coordinates": [-75.52040576787255, 35.17116425309908]}}, {"type": "Feature", "properties": {"spacing_m": 500, "index": 1240, "depth_m": 10, "type": "isobath_sample_point"}, "geometry": {"type": "Point", "coordinates": [-75.51538181585941, 35.169313772111515]}}, {"type": "Feature", "properties": {"spacing_m": 500, "index": 1241, "depth_m": 10, "type": "isobath_sample_point"}, "geometry": {"type": "Point", "coordinates": [-75.51035786384628, 35.16746329112395]}}, {"type": "Feature", "properties": {"spacing_m": 500, "index": 1242, "depth_m": 10, "type": "isobath_sample_point"}, "geometry": {"type": "Point", "coordinates": [-75.50533391183315, 35.16561281013638]}}, {"type": "Feature", "properties": {"spacing_m": 500, "index": 1243, "depth_m": 10, "type": "isobath_sample_point"}, "geometry": {"type": "Point", "coordinates": [-75.50150264070771, 35.16277327115759]}}, {"type": "Feature", "properties": {"spacing_m": 500, "index": 1244, "depth_m": 10, "type": "isobath_sample_point"}, "geometry": {"type": "Point", "coordinates": [-75.50042277041422, 35.15852691151627]}}, {"type": "Feature", "properties": {"spacing_m": 500, "index": 1245, "depth_m": 10, "type": "isobath_sample_point"}, "geometry": {"type": "Point", "coordinates": [-75.5010604574108, 35.15405268227324]}}, {"type": "Feature", "properties": {"spacing_m": 500, "index": 1246, "depth_m": 10, "type": "isobath_sample_point"}, "geometry": {"type": "Point", "coordinates": [-75.50169814440737, 35.149578453030216]}}, {"type": "Feature", "properties": {"spacing_m": 500, "index": 1247, "depth_m": 10, "type": "isobath_sample_point"}, "geometry": {"type": "Point", "coordinates": [-75.5013201625833, 35.14513018424391]}}, {"type": "Feature", "properties": {"spacing_m": 500, "index": 1248, "depth_m": 10, "type": "isobath_sample_point"}, "geometry": {"type": "Point", "coordinates": [-75.50034205315899, 35.14069725469642]}}, {"type": "Feature", "properties": {"spacing_m": 500, "index": 1249, "depth_m": 10, "type": "isobath_sample_point"}, "geometry": {"type": "Point", "coordinates": [-75.4975096604719, 35.13695659964418]}}, {"type": "Feature", "properties": {"spacing_m": 500, "index": 1250, "depth_m": 10, "type": "isobath_sample_point"}, "geometry": {"type": "Point", "coordinates": [-75.4940549355624, 35.13344828488957]}}, {"type": "Feature", "properties": {"spacing_m": 500, "index": 1251, "depth_m": 10, "type": "isobath_sample_point"}, "geometry": {"type": "Point", "coordinates": [-75.4906002106529, 35.129939970134956]}}, {"type": "Feature", "properties": {"spacing_m": 500, "index": 1252, "depth_m": 10, "type": "isobath_sample_point"}, "geometry": {"type": "Point", "coordinates": [-75.48637774426469, 35.12711016417149]}}, {"type": "Feature", "properties": {"spacing_m": 500, "index": 1253, "depth_m": 10, "type": "isobath_sample_point"}, "geometry": {"type": "Point", "coordinates": [-75.48183503681616, 35.12456337844428]}}, {"type": "Feature", "properties": {"spacing_m": 500, "index": 1254, "depth_m": 10, "type": "isobath_sample_point"}, "geometry": {"type": "Point", "coordinates": [-75.47697170501552, 35.12268767332929]}}, {"type": "Feature", "properties": {"spacing_m": 500, "index": 1255, "depth_m": 10, "type": "isobath_sample_point"}, "geometry": {"type": "Point", "coordinates": [-75.4715217815275, 35.122039729942486]}}, {"type": "Feature", "properties": {"spacing_m": 500, "index": 1256, "depth_m": 10, "type": "isobath_sample_point"}, "geometry": {"type": "Point", "coordinates": [-75.46607185803948, 35.12139178655569]}}, {"type": "Feature", "properties": {"spacing_m": 500, "index": 1257, "depth_m": 10, "type": "isobath_sample_point"}, "geometry": {"type": "Point", "coordinates": [-75.46062193455145, 35.12074384316889]}}, {"type": "Feature", "properties": {"spacing_m": 500, "index": 1258, "depth_m": 10, "type": "isobath_sample_point"}, "geometry": {"type": "Point", "coordinates": [-75.45528478832942, 35.12180228591835]}}, {"type": "Feature", "properties": {"spacing_m": 500, "index": 1259, "depth_m": 10, "type": "isobath_sample_point"}, "geometry": {"type": "Point", "coordinates": [-75.44995205603892, 35.1229275140393]}}, {"type": "Feature", "properties": {"spacing_m": 500, "index": 1260, "depth_m": 10, "type": "isobath_sample_point"}, "geometry": {"type": "Point", "coordinates": [-75.44461932374844, 35.12405274216025]}}, {"type": "Feature", "properties": {"spacing_m": 500, "index": 1261, "depth_m": 10, "type": "isobath_sample_point"}, "geometry": {"type": "Point", "coordinates": [-75.43928659145794, 35.1251779702812]}}, {"type": "Feature", "properties": {"spacing_m": 500, "index": 1262, "depth_m": 10, "type": "isobath_sample_point"}, "geometry": {"type": "Point", "coordinates": [-75.43395385916746, 35.12630319840215]}}, {"type": "Feature", "properties": {"spacing_m": 500, "index": 1263, "depth_m": 10, "type": "isobath_sample_point"}, "geometry": {"type": "Point", "coordinates": [-75.42854780265019, 35.12708983237299]}}, {"type": "Feature", "properties": {"spacing_m": 500, "index": 1264, "depth_m": 10, "type": "isobath_sample_point"}, "geometry": {"type": "Point", "coordinates": [-75.42306633040401, 35.12752821412549]}}, {"type": "Feature", "properties": {"spacing_m": 500, "index": 1265, "depth_m": 10, "type": "isobath_sample_point"}, "geometry": {"type": "Point", "coordinates": [-75.41758485815784, 35.127966595878]}}, {"type": "Feature", "properties": {"spacing_m": 500, "index": 1266, "depth_m": 10, "type": "isobath_sample_point"}, "geometry": {"type": "Point", "coordinates": [-75.41210338591166, 35.1284049776305]}}, {"type": "Feature", "properties": {"spacing_m": 500, "index": 1267, "depth_m": 10, "type": "isobath_sample_point"}, "geometry": {"type": "Point", "coordinates": [-75.40662191366549, 35.128843359383005]}}, {"type": "Feature", "properties": {"spacing_m": 500, "index": 1268, "depth_m": 10, "type": "isobath_sample_point"}, "geometry": {"type": "Point", "coordinates": [-75.4013180165731, 35.12966309468824]}}, {"type": "Feature", "properties": {"spacing_m": 500, "index": 1269, "depth_m": 10, "type": "isobath_sample_point"}, "geometry": {"type": "Point", "coordinates": [-75.39686887185312, 35.132318463228096]}}, {"type": "Feature", "properties": {"spacing_m": 500, "index": 1270, "depth_m": 10, "type": "isobath_sample_point"}, "geometry": {"type": "Point", "coordinates": [-75.39241972713313, 35.13497383176795]}}, {"type": "Feature", "properties": {"spacing_m": 500, "index": 1271, "depth_m": 10, "type": "isobath_sample_point"}, "geometry": {"type": "Point", "coordinates": [-75.39189189629546, 35.13916586900124]}}, {"type": "Feature", "properties": {"spacing_m": 500, "index": 1272, "depth_m": 10, "type": "isobath_sample_point"}, "geometry": {"type": "Point", "coordinates": [-75.39214890985681, 35.14366546789712]}}, {"type": "Feature", "properties": {"spacing_m": 500, "index": 1273, "depth_m": 10, "type": "isobath_sample_point"}, "geometry": {"type": "Point", "coordinates": [-75.39254529493375, 35.14813131583062]}}, {"type": "Feature", "properties": {"spacing_m": 500, "index": 1274, "depth_m": 10, "type": "isobath_sample_point"}, "geometry": {"type": "Point", "coordinates": [-75.39532692845734, 35.15201953905893]}}, {"type": "Feature", "properties": {"spacing_m": 500, "index": 1275, "depth_m": 10, "type": "isobath_sample_point"}, "geometry": {"type": "Point", "coordinates": [-75.39810856198092, 35.15590776228724]}}, {"type": "Feature", "properties": {"spacing_m": 500, "index": 1276, "depth_m": 10, "type": "isobath_sample_point"}, "geometry": {"type": "Point", "coordinates": [-75.4008901955045, 35.15979598551555]}}, {"type": "Feature", "properties": {"spacing_m": 500, "index": 1277, "depth_m": 10, "type": "isobath_sample_point"}, "geometry": {"type": "Point", "coordinates": [-75.40457756948054, 35.16303203947967]}}, {"type": "Feature", "properties": {"spacing_m": 500, "index": 1278, "depth_m": 10, "type": "isobath_sample_point"}, "geometry": {"type": "Point", "coordinates": [-75.40894525578004, 35.165778241426885]}}, {"type": "Feature", "properties": {"spacing_m": 500, "index": 1279, "depth_m": 10, "type": "isobath_sample_point"}, "geometry": {"type": "Point", "coordinates": [-75.41331294207956, 35.168524443374096]}}, {"type": "Feature", "properties": {"spacing_m": 500, "index": 1280, "depth_m": 10, "type": "isobath_sample_point"}, "geometry": {"type": "Point", "coordinates": [-75.41827518078519, 35.17046319438573]}}, {"type": "Feature", "properties": {"spacing_m": 500, "index": 1281, "depth_m": 10, "type": "isobath_sample_point"}, "geometry": {"type": "Point", "coordinates": [-75.42329062222963, 35.17232969171412]}}, {"type": "Feature", "properties": {"spacing_m": 500, "index": 1282, "depth_m": 10, "type": "isobath_sample_point"}, "geometry": {"type": "Point", "coordinates": [-75.42830606367406, 35.17419618904251]}}, {"type": "Feature", "properties": {"spacing_m": 500, "index": 1283, "depth_m": 10, "type": "isobath_sample_point"}, "geometry": {"type": "Point", "coordinates": [-75.4333215051185, 35.176062686370905]}}, {"type": "Feature", "properties": {"spacing_m": 500, "index": 1284, "depth_m": 10, "type": "isobath_sample_point"}, "geometry": {"type": "Point", "coordinates": [-75.43833694656293, 35.17792918369929]}}, {"type": "Feature", "properties": {"spacing_m": 500, "index": 1285, "depth_m": 10, "type": "isobath_sample_point"}, "geometry": {"type": "Point", "coordinates": [-75.44335238800737, 35.179795681027684]}}, {"type": "Feature", "properties": {"spacing_m": 500, "index": 1286, "depth_m": 10, "type": "isobath_sample_point"}, "geometry": {"type": "Point", "coordinates": [-75.44793935133531, 35.18207553988478]}}, {"type": "Feature", "properties": {"spacing_m": 500, "index": 1287, "depth_m": 10, "type": "isobath_sample_point"}, "geometry": {"type": "Point", "coordinates": [-75.45101448405683, 35.18581389238849]}}, {"type": "Feature", "properties": {"spacing_m": 500, "index": 1288, "depth_m": 10, "type": "isobath_sample_point"}, "geometry": {"type": "Point", "coordinates": [-75.45408961677835, 35.18955224489219]}}, {"type": "Feature", "properties": {"spacing_m": 500, "index": 1289, "depth_m": 10, "type": "isobath_sample_point"}, "geometry": {"type": "Point", "coordinates": [-75.45716474949987, 35.1932905973959]}}, {"type": "Feature", "properties": {"spacing_m": 500, "index": 1290, "depth_m": 10, "type": "isobath_sample_point"}, "geometry": {"type": "Point", "coordinates": [-75.46023988222139, 35.197028949899604]}}, {"type": "Feature", "properties": {"spacing_m": 500, "index": 1291, "depth_m": 10, "type": "isobath_sample_point"}, "geometry": {"type": "Point", "coordinates": [-75.46331501494289, 35.20076730240331]}}, {"type": "Feature", "properties": {"spacing_m": 500, "index": 1292, "depth_m": 10, "type": "isobath_sample_point"}, "geometry": {"type": "Point", "coordinates": [-75.46639014766441, 35.20450565490702]}}, {"type": "Feature", "properties": {"spacing_m": 500, "index": 1293, "depth_m": 10, "type": "isobath_sample_point"}, "geometry": {"type": "Point", "coordinates": [-75.46875068073032, 35.20853056420473]}}, {"type": "Feature", "properties": {"spacing_m": 500, "index": 1294, "depth_m": 10, "type": "isobath_sample_point"}, "geometry": {"type": "Point", "coordinates": [-75.4704860865294, 35.21280615157655]}}, {"type": "Feature", "properties": {"spacing_m": 500, "index": 1295, "depth_m": 10, "type": "isobath_sample_point"}, "geometry": {"type": "Point", "coordinates": [-75.47222149232849, 35.21708173894837]}}, {"type": "Feature", "properties": {"spacing_m": 500, "index": 1296, "depth_m": 10, "type": "isobath_sample_point"}, "geometry": {"type": "Point", "coordinates": [-75.47395689812757, 35.221357326320195]}}, {"type": "Feature", "properties": {"spacing_m": 500, "index": 1297, "depth_m": 10, "type": "isobath_sample_point"}, "geometry": {"type": "Point", "coordinates": [-75.47569230392666, 35.22563291369202]}}, {"type": "Feature", "properties": {"spacing_m": 500, "index": 1298, "depth_m": 10, "type": "isobath_sample_point"}, "geometry": {"type": "Point", "coordinates": [-75.47742770972575, 35.22990850106384]}}, {"type": "Feature", "properties": {"spacing_m": 500, "index": 1299, "depth_m": 10, "type": "isobath_sample_point"}, "geometry": {"type": "Point", "coordinates": [-75.47916311552483, 35.23418408843567]}}, {"type": "Feature", "properties": {"spacing_m": 500, "index": 1300, "depth_m": 10, "type": "isobath_sample_point"}, "geometry": {"type": "Point", "coordinates": [-75.48025052145483, 35.238586547695654]}}, {"type": "Feature", "properties": {"spacing_m": 500, "index": 1301, "depth_m": 10, "type": "isobath_sample_point"}, "geometry": {"type": "Point", "coordinates": [-75.48107545346664, 35.243040396721575]}}, {"type": "Feature", "properties": {"spacing_m": 500, "index": 1302, "depth_m": 10, "type": "isobath_sample_point"}, "geometry": {"type": "Point", "coordinates": [-75.48190038547847, 35.247494245747504]}}, {"type": "Feature", "properties": {"spacing_m": 500, "index": 1303, "depth_m": 10, "type": "isobath_sample_point"}, "geometry": {"type": "Point", "coordinates": [-75.48272531749028, 35.251948094773425]}}, {"type": "Feature", "properties": {"spacing_m": 500, "index": 1304, "depth_m": 10, "type": "isobath_sample_point"}, "geometry": {"type": "Point", "coordinates": [-75.4835502495021, 35.25640194379935]}}, {"type": "Feature", "properties": {"spacing_m": 500, "index": 1305, "depth_m": 10, "type": "isobath_sample_point"}, "geometry": {"type": "Point", "coordinates": [-75.48437518151391, 35.26085579282527]}}, {"type": "Feature", "properties": {"spacing_m": 500, "index": 1306, "depth_m": 10, "type": "isobath_sample_point"}, "geometry": {"type": "Point", "coordinates": [-75.48520011352574, 35.26530964185119]}}, {"type": "Feature", "properties": {"spacing_m": 500, "index": 1307, "depth_m": 10, "type": "isobath_sample_point"}, "geometry": {"type": "Point", "coordinates": [-75.48602504553754, 35.26976349087712]}}, {"type": "Feature", "properties": {"spacing_m": 500, "index": 1308, "depth_m": 10, "type": "isobath_sample_point"}, "geometry": {"type": "Point", "coordinates": [-75.48656483985218, 35.27423163751548]}}, {"type": "Feature", "properties": {"spacing_m": 500, "index": 1309, "depth_m": 10, "type": "isobath_sample_point"}, "geometry": {"type": "Point", "coordinates": [-75.48641338500576, 35.278734445346316]}}, {"type": "Feature", "properties": {"spacing_m": 500, "index": 1310, "depth_m": 10, "type": "isobath_sample_point"}, "geometry": {"type": "Point", "coordinates": [-75.48626193015936, 35.283237253177155]}}, {"type": "Feature", "properties": {"spacing_m": 500, "index": 1311, "depth_m": 10, "type": "isobath_sample_point"}, "geometry": {"type": "Point", "coordinates": [-75.48611047531294, 35.287740061007995]}}, {"type": "Feature", "properties": {"spacing_m": 500, "index": 1312, "depth_m": 10, "type": "isobath_sample_point"}, "geometry": {"type": "Point", "coordinates": [-75.48595902046652, 35.29224286883884]}}, {"type": "Feature", "properties": {"spacing_m": 500, "index": 1313, "depth_m": 10, "type": "isobath_sample_point"}, "geometry": {"type": "Point", "coordinates": [-75.48580756562012, 35.29674567666968]}}, {"type": "Feature", "properties": {"spacing_m": 500, "index": 1314, "depth_m": 10, "type": "isobath_sample_point"}, "geometry": {"type": "Point", "coordinates": [-75.4856561107737, 35.30124848450052]}}, {"type": "Feature", "properties": {"spacing_m": 500, "index": 1315, "depth_m": 10, "type": "isobath_sample_point"}, "geometry": {"type": "Point", "coordinates": [-75.48550465592729, 35.30575129233136]}}, {"type": "Feature", "properties": {"spacing_m": 500, "index": 1316, "depth_m": 10, "type": "isobath_sample_point"}, "geometry": {"type": "Point", "coordinates": [-75.48485423880362, 35.310198185637645]}}, {"type": "Feature", "properties": {"spacing_m": 500, "index": 1317, "depth_m": 10, "type": "isobath_sample_point"}, "geometry": {"type": "Point", "coordinates": [-75.48351205587784, 35.31456755854271]}}, {"type": "Feature", "properties": {"spacing_m": 500, "index": 1318, "depth_m": 10, "type": "isobath_sample_point"}, "geometry": {"type": "Point", "coordinates": [-75.48216987295206, 35.31893693144778]}}, {"type": "Feature", "properties": {"spacing_m": 500, "index": 1319, "depth_m": 10, "type": "isobath_sample_point"}, "geometry": {"type": "Point", "coordinates": [-75.48082769002626, 35.32330630435284]}}, {"type": "Feature", "properties": {"spacing_m": 500, "index": 1320, "depth_m": 10, "type": "isobath_sample_point"}, "geometry": {"type": "Point", "coordinates": [-75.47948550710048, 35.32767567725791]}}, {"type": "Feature", "properties": {"spacing_m": 500, "index": 1321, "depth_m": 10, "type": "isobath_sample_point"}, "geometry": {"type": "Point", "coordinates": [-75.4781433241747, 35.332045050162975]}}, {"type": "Feature", "properties": {"spacing_m": 500, "index": 1322, "depth_m": 10, "type": "isobath_sample_point"}, "geometry": {"type": "Point", "coordinates": [-75.47680114124891, 35.33641442306804]}}, {"type": "Feature", "properties": {"spacing_m": 500, "index": 1323, "depth_m": 10, "type": "isobath_sample_point"}, "geometry": {"type": "Point", "coordinates": [-75.47545895832313, 35.34078379597311]}}, {"type": "Feature", "properties": {"spacing_m": 500, "index": 1324, "depth_m": 10, "type": "isobath_sample_point"}, "geometry": {"type": "Point", "coordinates": [-75.47432993261324, 35.34518561653071]}}, {"type": "Feature", "properties": {"spacing_m": 500, "index": 1325, "depth_m": 10, "type": "isobath_sample_point"}, "geometry": {"type": "Point", "coordinates": [-75.47365150682897, 35.349656029229386]}}, {"type": "Feature", "properties": {"spacing_m": 500, "index": 1326, "depth_m": 10, "type": "isobath_sample_point"}, "geometry": {"type": "Point", "coordinates": [-75.4729730810447, 35.35412644192806]}}, {"type": "Feature", "properties": {"spacing_m": 500, "index": 1327, "depth_m": 10, "type": "isobath_sample_point"}, "geometry": {"type": "Point", "coordinates": [-75.47229465526043, 35.35859685462673]}}, {"type": "Feature", "properties": {"spacing_m": 500, "index": 1328, "depth_m": 10, "type": "isobath_sample_point"}, "geometry": {"type": "Point", "coordinates": [-75.47161622947617, 35.3630672673254]}}, {"type": "Feature", "properties": {"spacing_m": 500, "index": 1329, "depth_m": 10, "type": "isobath_sample_point"}, "geometry": {"type": "Point", "coordinates": [-75.4709378036919, 35.36753768002407]}}, {"type": "Feature", "properties": {"spacing_m": 500, "index": 1330, "depth_m": 10, "type": "isobath_sample_point"}, "geometry": {"type": "Point", "coordinates": [-75.47025937790762, 35.372008092722744]}}, {"type": "Feature", "properties": {"spacing_m": 500, "index": 1331, "depth_m": 10, "type": "isobath_sample_point"}, "geometry": {"type": "Point", "coordinates": [-75.46958095212337, 35.37647850542142]}}, {"type": "Feature", "properties": {"spacing_m": 500, "index": 1332, "depth_m": 10, "type": "isobath_sample_point"}, "geometry": {"type": "Point", "coordinates": [-75.4689025263391, 35.38094891812008]}}, {"type": "Feature", "properties": {"spacing_m": 500, "index": 1333, "depth_m": 10, "type": "isobath_sample_point"}, "geometry": {"type": "Point", "coordinates": [-75.46822410055482, 35.385419330818756]}}, {"type": "Feature", "properties": {"spacing_m": 500, "index": 1334, "depth_m": 10, "type": "isobath_sample_point"}, "geometry": {"type": "Point", "coordinates": [-75.46754567477056, 35.38988974351743]}}, {"type": "Feature", "properties": {"spacing_m": 500, "index": 1335, "depth_m": 10, "type": "isobath_sample_point"}, "geometry": {"type": "Point", "coordinates": [-75.46686724898629, 35.3943601562161]}}, {"type": "Feature", "properties": {"spacing_m": 500, "index": 1336, "depth_m": 10, "type": "isobath_sample_point"}, "geometry": {"type": "Point", "coordinates": [-75.46618882320202, 35.39883056891477]}}, {"type": "Feature", "properties": {"spacing_m": 500, "index": 1337, "depth_m": 10, "type": "isobath_sample_point"}, "geometry": {"type": "Point", "coordinates": [-75.46551039741776, 35.40330098161344]}}, {"type": "Feature", "properties": {"spacing_m": 500, "index": 1338, "depth_m": 10, "type": "isobath_sample_point"}, "geometry": {"type": "Point", "coordinates": [-75.46483197163349, 35.407771394312114]}}, {"type": "Feature", "properties": {"spacing_m": 500, "index": 1339, "depth_m": 10, "type": "isobath_sample_point"}, "geometry": {"type": "Point", "coordinates": [-75.46415354584921, 35.41224180701079]}}, {"type": "Feature", "properties": {"spacing_m": 500, "index": 1340, "depth_m": 10, "type": "isobath_sample_point"}, "geometry": {"type": "Point", "coordinates": [-75.46384459918178, 35.41672812160718]}}, {"type": "Feature", "properties": {"spacing_m": 500, "index": 1341, "depth_m": 10, "type": "isobath_sample_point"}, "geometry": {"type": "Point", "coordinates": [-75.46394203638125, 35.42123192643345]}}, {"type": "Feature", "properties": {"spacing_m": 500, "index": 1342, "depth_m": 10, "type": "isobath_sample_point"}, "geometry": {"type": "Point", "coordinates": [-75.46403947358071, 35.42573573125972]}}, {"type": "Feature", "properties": {"spacing_m": 500, "index": 1343, "depth_m": 10, "type": "isobath_sample_point"}, "geometry": {"type": "Point", "coordinates": [-75.46413691078018, 35.43023953608599]}}, {"type": "Feature", "properties": {"spacing_m": 500, "index": 1344, "depth_m": 10, "type": "isobath_sample_point"}, "geometry": {"type": "Point", "coordinates": [-75.46423434797964, 35.43474334091226]}}, {"type": "Feature", "properties": {"spacing_m": 500, "index": 1345, "depth_m": 10, "type": "isobath_sample_point"}, "geometry": {"type": "Point", "coordinates": [-75.46433178517911, 35.439247145738534]}}, {"type": "Feature", "properties": {"spacing_m": 500, "index": 1346, "depth_m": 10, "type": "isobath_sample_point"}, "geometry": {"type": "Point", "coordinates": [-75.46442922237857, 35.4437509505648]}}, {"type": "Feature", "properties": {"spacing_m": 500, "index": 1347, "depth_m": 10, "type": "isobath_sample_point"}, "geometry": {"type": "Point", "coordinates": [-75.46452665957804, 35.44825475539107]}}, {"type": "Feature", "properties": {"spacing_m": 500, "index": 1348, "depth_m": 10, "type": "isobath_sample_point"}, "geometry": {"type": "Point", "coordinates": [-75.46450293892977, 35.452753066041794]}}, {"type": "Feature", "properties": {"spacing_m": 500, "index": 1349, "depth_m": 10, "type": "isobath_sample_point"}, "geometry": {"type": "Point", "coordinates": [-75.46379224583667, 35.45722022437941]}}, {"type": "Feature", "properties": {"spacing_m": 500, "index": 1350, "depth_m": 10, "type": "isobath_sample_point"}, "geometry": {"type": "Point", "coordinates": [-75.46308155274356, 35.46168738271703]}}, {"type": "Feature", "properties": {"spacing_m": 500, "index": 1351, "depth_m": 10, "type": "isobath_sample_point"}, "geometry": {"type": "Point", "coordinates": [-75.46237085965046, 35.46615454105465]}}, {"type": "Feature", "properties": {"spacing_m": 500, "index": 1352, "depth_m": 10, "type": "isobath_sample_point"}, "geometry": {"type": "Point", "coordinates": [-75.46166016655735, 35.47062169939227]}}, {"type": "Feature", "properties": {"spacing_m": 500, "index": 1353, "depth_m": 10, "type": "isobath_sample_point"}, "geometry": {"type": "Point", "coordinates": [-75.46094947346425, 35.47508885772989]}}, {"type": "Feature", "properties": {"spacing_m": 500, "index": 1354, "depth_m": 10, "type": "isobath_sample_point"}, "geometry": {"type": "Point", "coordinates": [-75.45970218531171, 35.479458921830144]}}, {"type": "Feature", "properties": {"spacing_m": 500, "index": 1355, "depth_m": 10, "type": "isobath_sample_point"}, "geometry": {"type": "Point", "coordinates": [-75.45802207747705, 35.48375066933727]}}, {"type": "Feature", "properties": {"spacing_m": 500, "index": 1356, "depth_m": 10, "type": "isobath_sample_point"}, "geometry": {"type": "Point", "coordinates": [-75.45634196964241, 35.48804241684439]}}, {"type": "Feature", "properties": {"spacing_m": 500, "index": 1357, "depth_m": 10, "type": "isobath_sample_point"}, "geometry": {"type": "Point", "coordinates": [-75.45466186180776, 35.49233416435151]}}, {"type": "Feature", "properties": {"spacing_m": 500, "index": 1358, "depth_m": 10, "type": "isobath_sample_point"}, "geometry": {"type": "Point", "coordinates": [-75.4529817539731, 35.49662591185863]}}, {"type": "Feature", "properties": {"spacing_m": 500, "index": 1359, "depth_m": 10, "type": "isobath_sample_point"}, "geometry": {"type": "Point", "coordinates": [-75.45039174720311, 35.50057017977644]}}, {"type": "Feature", "properties": {"spacing_m": 500, "index": 1360, "depth_m": 10, "type": "isobath_sample_point"}, "geometry": {"type": "Point", "coordinates": [-75.44741038445747, 35.504364993498385]}}, {"type": "Feature", "properties": {"spacing_m": 500, "index": 1361, "depth_m": 10, "type": "isobath_sample_point"}, "geometry": {"type": "Point", "coordinates": [-75.44442902171183, 35.50815980722034]}}, {"type": "Feature", "properties": {"spacing_m": 500, "index": 1362, "depth_m": 10, "type": "isobath_sample_point"}, "geometry": {"type": "Point", "coordinates": [-75.44144765896618, 35.51195462094229]}}, {"type": "Feature", "properties": {"spacing_m": 500, "index": 1363, "depth_m": 10, "type": "isobath_sample_point"}, "geometry": {"type": "Point", "coordinates": [-75.43846629622054, 35.515749434664244]}}, {"type": "Feature", "properties": {"spacing_m": 500, "index": 1364, "depth_m": 10, "type": "isobath_sample_point"}, "geometry": {"type": "Point", "coordinates": [-75.43571988795239, 35.519638027729904]}}, {"type": "Feature", "properties": {"spacing_m": 500, "index": 1365, "depth_m": 10, "type": "isobath_sample_point"}, "geometry": {"type": "Point", "coordinates": [-75.4338611066192, 35.52388090675049]}}, {"type": "Feature", "properties": {"spacing_m": 500, "index": 1366, "depth_m": 10, "type": "isobath_sample_point"}, "geometry": {"type": "Point", "coordinates": [-75.43200232528604, 35.52812378577108]}}, {"type": "Feature", "properties": {"spacing_m": 500, "index": 1367, "depth_m": 10, "type": "isobath_sample_point"}, "geometry": {"type": "Point", "coordinates": [-75.43074277380893, 35.532432135104806]}}, {"type": "Feature", "properties": {"spacing_m": 500, "index": 1368, "depth_m": 10, "type": "isobath_sample_point"}, "geometry": {"type": "Point", "coordinates": [-75.43116082595687, 35.536923775096625]}}, {"type": "Feature", "properties": {"spacing_m": 500, "index": 1369, "depth_m": 10, "type": "isobath_sample_point"}, "geometry": {"type": "Point", "coordinates": [-75.43247926230238, 35.54120091897262]}}, {"type": "Feature", "properties": {"spacing_m": 500, "index": 1370, "depth_m": 10, "type": "isobath_sample_point"}, "geometry": {"type": "Point", "coordinates": [-75.43510474960351, 35.54516668760022]}}, {"type": "Feature", "properties": {"spacing_m": 500, "index": 1371, "depth_m": 10, "type": "isobath_sample_point"}, "geometry": {"type": "Point", "coordinates": [-75.43773023690464, 35.54913245622782]}}, {"type": "Feature", "properties": {"spacing_m": 500, "index": 1372, "depth_m": 10, "type": "isobath_sample_point"}, "geometry": {"type": "Point", "coordinates": [-75.44035572420579, 35.55309822485541]}}, {"type": "Feature", "properties": {"spacing_m": 500, "index": 1373, "depth_m": 10, "type": "isobath_sample_point"}, "geometry": {"type": "Point", "coordinates": [-75.44270978512462, 35.55714860539857]}}, {"type": "Feature", "properties": {"spacing_m": 500, "index": 1374, "depth_m": 10, "type": "isobath_sample_point"}, "geometry": {"type": "Point", "coordinates": [-75.44401288563265, 35.56152660248652]}}, {"type": "Feature", "properties": {"spacing_m": 500, "index": 1375, "depth_m": 10, "type": "isobath_sample_point"}, "geometry": {"type": "Point", "coordinates": [-75.44531598614067, 35.56590459957447]}}, {"type": "Feature", "properties": {"spacing_m": 500, "index": 1376, "depth_m": 10, "type": "isobath_sample_point"}, "geometry": {"type": "Point", "coordinates": [-75.44618357966047, 35.57032679329196]}}, {"type": "Feature", "properties": {"spacing_m": 500, "index": 1377, "depth_m": 10, "type": "isobath_sample_point"}, "geometry": {"type": "Point", "coordinates": [-75.4462426161737, 35.57483104193724]}}, {"type": "Feature", "properties": {"spacing_m": 500, "index": 1378, "depth_m": 10, "type": "isobath_sample_point"}, "geometry": {"type": "Point", "coordinates": [-75.44630165268694, 35.57933529058252]}}, {"type": "Feature", "properties": {"spacing_m": 500, "index": 1379, "depth_m": 10, "type": "isobath_sample_point"}, "geometry": {"type": "Point", "coordinates": [-75.44636068920018, 35.583839539227796]}}, {"type": "Feature", "properties": {"spacing_m": 500, "index": 1380, "depth_m": 10, "type": "isobath_sample_point"}, "geometry": {"type": "Point", "coordinates": [-75.4464197257134, 35.58834378787307]}}, {"type": "Feature", "properties": {"spacing_m": 500, "index": 1381, "depth_m": 10, "type": "isobath_sample_point"}, "geometry": {"type": "Point", "coordinates": [-75.44647876222663, 35.592848036518355]}}, {"type": "Feature", "properties": {"spacing_m": 500, "index": 1382, "depth_m": 10, "type": "isobath_sample_point"}, "geometry": {"type": "Point", "coordinates": [-75.44653779873987, 35.59735228516363]}}, {"type": "Feature", "properties": {"spacing_m": 500, "index": 1383, "depth_m": 10, "type": "isobath_sample_point"}, "geometry": {"type": "Point", "coordinates": [-75.4465968352531, 35.601856533808906]}}, {"type": "Feature", "properties": {"spacing_m": 500, "index": 1384, "depth_m": 10, "type": "isobath_sample_point"}, "geometry": {"type": "Point", "coordinates": [-75.44667996180699, 35.60635882557383]}}, {"type": "Feature", "properties": {"spacing_m": 500, "index": 1385, "depth_m": 10, "type": "isobath_sample_point"}, "geometry": {"type": "Point", "coordinates": [-75.44771846328841, 35.610783510395]}}, {"type": "Feature", "properties": {"spacing_m": 500, "index": 1386, "depth_m": 10, "type": "isobath_sample_point"}, "geometry": {"type": "Point", "coordinates": [-75.44875696476984, 35.61520819521618]}}, {"type": "Feature", "properties": {"spacing_m": 500, "index": 1387, "depth_m": 10, "type": "isobath_sample_point"}, "geometry": {"type": "Point", "coordinates": [-75.44979546625126, 35.61963288003735]}}, {"type": "Feature", "properties": {"spacing_m": 500, "index": 1388, "depth_m": 10, "type": "isobath_sample_point"}, "geometry": {"type": "Point", "coordinates": [-75.45083396773269, 35.624057564858525]}}, {"type": "Feature", "properties": {"spacing_m": 500, "index": 1389, "depth_m": 10, "type": "isobath_sample_point"}, "geometry": {"type": "Point", "coordinates": [-75.4516666057719, 35.62850400382457]}}, {"type": "Feature", "properties": {"spacing_m": 500, "index": 1390, "depth_m": 10, "type": "isobath_sample_point"}, "geometry": {"type": "Point", "coordinates": [-75.45205397407418, 35.63299749564399]}}, {"type": "Feature", "properties": {"spacing_m": 500, "index": 1391, "depth_m": 10, "type": "isobath_sample_point"}, "geometry": {"type": "Point", "coordinates": [-75.45244134237646, 35.63749098746341]}}, {"type": "Feature", "properties": {"spacing_m": 500, "index": 1392, "depth_m": 10, "type": "isobath_sample_point"}, "geometry": {"type": "Point", "coordinates": [-75.45282871067874, 35.641984479282826]}}, {"type": "Feature", "properties": {"spacing_m": 500, "index": 1393, "depth_m": 10, "type": "isobath_sample_point"}, "geometry": {"type": "Point", "coordinates": [-75.45321607898101, 35.64647797110225]}}, {"type": "Feature", "properties": {"spacing_m": 500, "index": 1394, "depth_m": 10, "type": "isobath_sample_point"}, "geometry": {"type": "Point", "coordinates": [-75.4536034472833, 35.65097146292167]}}, {"type": "Feature", "properties": {"spacing_m": 500, "index": 1395, "depth_m": 10, "type": "isobath_sample_point"}, "geometry": {"type": "Point", "coordinates": [-75.45399081558557, 35.655464954741085]}}, {"type": "Feature", "properties": {"spacing_m": 500, "index": 1396, "depth_m": 10, "type": "isobath_sample_point"}, "geometry": {"type": "Point", "coordinates": [-75.45437818388785, 35.65995844656051]}}, {"type": "Feature", "properties": {"spacing_m": 500, "index": 1397, "depth_m": 10, "type": "isobath_sample_point"}, "geometry": {"type": "Point", "coordinates": [-75.45476555219012, 35.664451938379926]}}, {"type": "Feature", "properties": {"spacing_m": 500, "index": 1398, "depth_m": 10, "type": "isobath_sample_point"}, "geometry": {"type": "Point", "coordinates": [-75.45631567314949, 35.668773723693846]}}, {"type": "Feature", "properties": {"spacing_m": 500, "index": 1399, "depth_m": 10, "type": "isobath_sample_point"}, "geometry": {"type": "Point", "coordinates": [-75.45790081851017, 35.67309033686946]}}, {"type": "Feature", "properties": {"spacing_m": 500, "index": 1400, "depth_m": 10, "type": "isobath_sample_point"}, "geometry": {"type": "Point", "coordinates": [-75.45948596387085, 35.67740695004507]}}, {"type": "Feature", "properties": {"spacing_m": 500, "index": 1401, "depth_m": 10, "type": "isobath_sample_point"}, "geometry": {"type": "Point", "coordinates": [-75.46107110923153, 35.68172356322068]}}, {"type": "Feature", "properties": {"spacing_m": 500, "index": 1402, "depth_m": 10, "type": "isobath_sample_point"}, "geometry": {"type": "Point", "coordinates": [-75.46265625459219, 35.68604017639629]}}, {"type": "Feature", "properties": {"spacing_m": 500, "index": 1403, "depth_m": 10, "type": "isobath_sample_point"}, "geometry": {"type": "Point", "coordinates": [-75.46424139995287, 35.6903567895719]}}, {"type": "Feature", "properties": {"spacing_m": 500, "index": 1404, "depth_m": 10, "type": "isobath_sample_point"}, "geometry": {"type": "Point", "coordinates": [-75.46582654531355, 35.69467340274752]}}, {"type": "Feature", "properties": {"spacing_m": 500, "index": 1405, "depth_m": 10, "type": "isobath_sample_point"}, "geometry": {"type": "Point", "coordinates": [-75.46741169067423, 35.69899001592313]}}, {"type": "Feature", "properties": {"spacing_m": 500, "index": 1406, "depth_m": 10, "type": "isobath_sample_point"}, "geometry": {"type": "Point", "coordinates": [-75.46899683603489, 35.70330662909874]}}, {"type": "Feature", "properties": {"spacing_m": 500, "index": 1407, "depth_m": 10, "type": "isobath_sample_point"}, "geometry": {"type": "Point", "coordinates": [-75.47058198139557, 35.70762324227435]}}, {"type": "Feature", "properties": {"spacing_m": 500, "index": 1408, "depth_m": 10, "type": "isobath_sample_point"}, "geometry": {"type": "Point", "coordinates": [-75.47216712675625, 35.71193985544996]}}, {"type": "Feature", "properties": {"spacing_m": 500, "index": 1409, "depth_m": 10, "type": "isobath_sample_point"}, "geometry": {"type": "Point", "coordinates": [-75.47375227211693, 35.71625646862557]}}, {"type": "Feature", "properties": {"spacing_m": 500, "index": 1410, "depth_m": 10, "type": "isobath_sample_point"}, "geometry": {"type": "Point", "coordinates": [-75.47555045932981, 35.720512480702624]}}, {"type": "Feature", "properties": {"spacing_m": 500, "index": 1411, "depth_m": 10, "type": "isobath_sample_point"}, "geometry": {"type": "Point", "coordinates": [-75.47764003584966, 35.724685605253455]}}, {"type": "Feature", "properties": {"spacing_m": 500, "index": 1412, "depth_m": 10, "type": "isobath_sample_point"}, "geometry": {"type": "Point", "coordinates": [-75.4797296123695, 35.72885872980428]}}, {"type": "Feature", "properties": {"spacing_m": 500, "index": 1413, "depth_m": 10, "type": "isobath_sample_point"}, "geometry": {"type": "Point", "coordinates": [-75.48181918888935, 35.73303185435511]}}, {"type": "Feature", "properties": {"spacing_m": 500, "index": 1414, "depth_m": 10, "type": "isobath_sample_point"}, "geometry": {"type": "Point", "coordinates": [-75.48390876540918, 35.73720497890594]}}, {"type": "Feature", "properties": {"spacing_m": 500, "index": 1415, "depth_m": 10, "type": "isobath_sample_point"}, "geometry": {"type": "Point", "coordinates": [-75.48599834192903, 35.74137810345677]}}, {"type": "Feature", "properties": {"spacing_m": 500, "index": 1416, "depth_m": 10, "type": "isobath_sample_point"}, "geometry": {"type": "Point", "coordinates": [-75.48808791844887, 35.7455512280076]}}, {"type": "Feature", "properties": {"spacing_m": 500, "index": 1417, "depth_m": 10, "type": "isobath_sample_point"}, "geometry": {"type": "Point", "coordinates": [-75.49017749496872, 35.74972435255843]}}, {"type": "Feature", "properties": {"spacing_m": 500, "index": 1418, "depth_m": 10, "type": "isobath_sample_point"}, "geometry": {"type": "Point", "coordinates": [-75.49226707148856, 35.753897477109255]}}, {"type": "Feature", "properties": {"spacing_m": 500, "index": 1419, "depth_m": 10, "type": "isobath_sample_point"}, "geometry": {"type": "Point", "coordinates": [-75.4943566480084, 35.75807060166009]}}, {"type": "Feature", "properties": {"spacing_m": 500, "index": 1420, "depth_m": 10, "type": "isobath_sample_point"}, "geometry": {"type": "Point", "coordinates": [-75.49644622452824, 35.76224372621092]}}, {"type": "Feature", "properties": {"spacing_m": 500, "index": 1421, "depth_m": 10, "type": "isobath_sample_point"}, "geometry": {"type": "Point", "coordinates": [-75.49853580104809, 35.76641685076174]}}, {"type": "Feature", "properties": {"spacing_m": 500, "index": 1422, "depth_m": 10, "type": "isobath_sample_point"}, "geometry": {"type": "Point", "coordinates": [-75.50062537756793, 35.770589975312575]}}, {"type": "Feature", "properties": {"spacing_m": 500, "index": 1423, "depth_m": 10, "type": "isobath_sample_point"}, "geometry": {"type": "Point", "coordinates": [-75.50271495408778, 35.77476309986341]}}, {"type": "Feature", "properties": {"spacing_m": 500, "index": 1424, "depth_m": 10, "type": "isobath_sample_point"}, "geometry": {"type": "Point", "coordinates": [-75.50480453060761, 35.77893622441423]}}, {"type": "Feature", "properties": {"spacing_m": 500, "index": 1425, "depth_m": 10, "type": "isobath_sample_point"}, "geometry": {"type": "Point", "coordinates": [-75.50689410712747, 35.78310934896506]}}, {"type": "Feature", "properties": {"spacing_m": 500, "index": 1426, "depth_m": 10, "type": "isobath_sample_point"}, "geometry": {"type": "Point", "coordinates": [-75.5089836836473, 35.787282473515894]}}, {"type": "Feature", "properties": {"spacing_m": 500, "index": 1427, "depth_m": 10, "type": "isobath_sample_point"}, "geometry": {"type": "Point", "coordinates": [-75.51132897093431, 35.7913575876377]}}, {"type": "Feature", "properties": {"spacing_m": 500, "index": 1428, "depth_m": 10, "type": "isobath_sample_point"}, "geometry": {"type": "Point", "coordinates": [-75.51398850578397, 35.795312254979834]}}, {"type": "Feature", "properties": {"spacing_m": 500, "index": 1429, "depth_m": 10, "type": "isobath_sample_point"}, "geometry": {"type": "Point", "coordinates": [-75.51664804063363, 35.799266922321976]}}, {"type": "Feature", "properties": {"spacing_m": 500, "index": 1430, "depth_m": 10, "type": "isobath_sample_point"}, "geometry": {"type": "Point", "coordinates": [-75.51930757548327, 35.80322158966411]}}, {"type": "Feature", "properties": {"spacing_m": 500, "index": 1431, "depth_m": 10, "type": "isobath_sample_point"}, "geometry": {"type": "Point", "coordinates": [-75.52196711033292, 35.80717625700625]}}, {"type": "Feature", "properties": {"spacing_m": 500, "index": 1432, "depth_m": 10, "type": "isobath_sample_point"}, "geometry": {"type": "Point", "coordinates": [-75.52462664518256, 35.81113092434838]}}, {"type": "Feature", "properties": {"spacing_m": 500, "index": 1433, "depth_m": 10, "type": "isobath_sample_point"}, "geometry": {"type": "Point", "coordinates": [-75.52728618003222, 35.815085591690526]}}, {"type": "Feature", "properties": {"spacing_m": 500, "index": 1434, "depth_m": 10, "type": "isobath_sample_point"}, "geometry": {"type": "Point", "coordinates": [-75.52994571488188, 35.81904025903266]}}, {"type": "Feature", "properties": {"spacing_m": 500, "index": 1435, "depth_m": 10, "type": "isobath_sample_point"}, "geometry": {"type": "Point", "coordinates": [-75.53260524973152, 35.8229949263748]}}, {"type": "Feature", "properties": {"spacing_m": 500, "index": 1436, "depth_m": 10, "type": "isobath_sample_point"}, "geometry": {"type": "Point", "coordinates": [-75.53526478458117, 35.82694959371693]}}, {"type": "Feature", "properties": {"spacing_m": 500, "index": 1437, "depth_m": 10, "type": "isobath_sample_point"}, "geometry": {"type": "Point", "coordinates": [-75.53792431943081, 35.830904261059075]}}, {"type": "Feature", "properties": {"spacing_m": 500, "index": 1438, "depth_m": 10, "type": "isobath_sample_point"}, "geometry": {"type": "Point", "coordinates": [-75.54058385428047, 35.83485892840121]}}, {"type": "Feature", "properties": {"spacing_m": 500, "index": 1439, "depth_m": 10, "type": "isobath_sample_point"}, "geometry": {"type": "Point", "coordinates": [-75.54324338913011, 35.838813595743346]}}, {"type": "Feature", "properties": {"spacing_m": 500, "index": 1440, "depth_m": 10, "type": "isobath_sample_point"}, "geometry": {"type": "Point", "coordinates": [-75.54556527450094, 35.84290396215938]}}, {"type": "Feature", "properties": {"spacing_m": 500, "index": 1441, "depth_m": 10, "type": "isobath_sample_point"}, "geometry": {"type": "Point", "coordinates": [-75.54780555634633, 35.847027124488115]}}, {"type": "Feature", "properties": {"spacing_m": 500, "index": 1442, "depth_m": 10, "type": "isobath_sample_point"}, "geometry": {"type": "Point", "coordinates": [-75.55004583819172, 35.85115028681685]}}, {"type": "Feature", "properties": {"spacing_m": 500, "index": 1443, "depth_m": 10, "type": "isobath_sample_point"}, "geometry": {"type": "Point", "coordinates": [-75.5522861200371, 35.855273449145585]}}, {"type": "Feature", "properties": {"spacing_m": 500, "index": 1444, "depth_m": 10, "type": "isobath_sample_point"}, "geometry": {"type": "Point", "coordinates": [-75.55452640188248, 35.85939661147432]}}, {"type": "Feature", "properties": {"spacing_m": 500, "index": 1445, "depth_m": 10, "type": "isobath_sample_point"}, "geometry": {"type": "Point", "coordinates": [-75.55676668372786, 35.863519773803056]}}, {"type": "Feature", "properties": {"spacing_m": 500, "index": 1446, "depth_m": 10, "type": "isobath_sample_point"}, "geometry": {"type": "Point", "coordinates": [-75.55900696557325, 35.86764293613179]}}, {"type": "Feature", "properties": {"spacing_m": 500, "index": 1447, "depth_m": 10, "type": "isobath_sample_point"}, "geometry": {"type": "Point", "coordinates": [-75.56124724741863, 35.871766098460526]}}, {"type": "Feature", "properties": {"spacing_m": 500, "index": 1448, "depth_m": 10, "type": "isobath_sample_point"}, "geometry": {"type": "Point", "coordinates": [-75.56348752926401, 35.87588926078926]}}, {"type": "Feature", "properties": {"spacing_m": 500, "index": 1449, "depth_m": 10, "type": "isobath_sample_point"}, "geometry": {"type": "Point", "coordinates": [-75.5657278111094, 35.88001242311799]}}, {"type": "Feature", "properties": {"spacing_m": 500, "index": 1450, "depth_m": 10, "type": "isobath_sample_point"}, "geometry": {"type": "Point", "coordinates": [-75.56796809295477, 35.88413558544673]}}, {"type": "Feature", "properties": {"spacing_m": 500, "index": 1451, "depth_m": 10, "type": "isobath_sample_point"}, "geometry": {"type": "Point", "coordinates": [-75.57020837480016, 35.88825874777546]}}, {"type": "Feature", "properties": {"spacing_m": 500, "index": 1452, "depth_m": 10, "type": "isobath_sample_point"}, "geometry": {"type": "Point", "coordinates": [-75.57244865664553, 35.8923819101042]}}, {"type": "Feature", "properties": {"spacing_m": 500, "index": 1453, "depth_m": 10, "type": "isobath_sample_point"}, "geometry": {"type": "Point", "coordinates": [-75.57468893849092, 35.89650507243293]}}, {"type": "Feature", "properties": {"spacing_m": 500, "index": 1454, "depth_m": 10, "type": "isobath_sample_point"}, "geometry": {"type": "Point", "coordinates": [-75.57692922033631, 35.90062823476167]}}, {"type": "Feature", "properties": {"spacing_m": 500, "index": 1455, "depth_m": 10, "type": "isobath_sample_point"}, "geometry": {"type": "Point", "coordinates": [-75.57916950218168, 35.9047513970904]}}, {"type": "Feature", "properties": {"spacing_m": 500, "index": 1456, "depth_m": 10, "type": "isobath_sample_point"}, "geometry": {"type": "Point", "coordinates": [-75.58140978402707, 35.90887455941913]}}, {"type": "Feature", "properties": {"spacing_m": 500, "index": 1457, "depth_m": 10, "type": "isobath_sample_point"}, "geometry": {"type": "Point", "coordinates": [-75.58365006587245, 35.91299772174787]}}, {"type": "Feature", "properties": {"spacing_m": 500, "index": 1458, "depth_m": 10, "type": "isobath_sample_point"}, "geometry": {"type": "Point", "coordinates": [-75.58589034771784, 35.9171208840766]}}, {"type": "Feature", "properties": {"spacing_m": 500, "index": 1459, "depth_m": 10, "type": "isobath_sample_point"}, "geometry": {"type": "Point", "coordinates": [-75.58813062956322, 35.92124404640534]}}, {"type": "Feature", "properties": {"spacing_m": 500, "index": 1460, "depth_m": 10, "type": "isobath_sample_point"}, "geometry": {"type": "Point", "coordinates": [-75.5903709114086, 35.92536720873407]}}, {"type": "Feature", "properties": {"spacing_m": 500, "index": 1461, "depth_m": 10, "type": "isobath_sample_point"}, "geometry": {"type": "Point", "coordinates": [-75.59261119325399, 35.929490371062805]}}, {"type": "Feature", "properties": {"spacing_m": 500, "index": 1462, "depth_m": 10, "type": "isobath_sample_point"}, "geometry": {"type": "Point", "coordinates": [-75.59485147509936, 35.933613533391544]}}, {"type": "Feature", "properties": {"spacing_m": 500, "index": 1463, "depth_m": 10, "type": "isobath_sample_point"}, "geometry": {"type": "Point", "coordinates": [-75.59709175694475, 35.937736695720275]}}, {"type": "Feature", "properties": {"spacing_m": 500, "index": 1464, "depth_m": 10, "type": "isobath_sample_point"}, "geometry": {"type": "Point", "coordinates": [-75.59933203879014, 35.941859858049014]}}, {"type": "Feature", "properties": {"spacing_m": 500, "index": 1465, "depth_m": 10, "type": "isobath_sample_point"}, "geometry": {"type": "Point", "coordinates": [-75.60157232063551, 35.945983020377746]}}, {"type": "Feature", "properties": {"spacing_m": 500, "index": 1466, "depth_m": 10, "type": "isobath_sample_point"}, "geometry": {"type": "Point", "coordinates": [-75.6038126024809, 35.95010618270648]}}, {"type": "Feature", "properties": {"spacing_m": 500, "index": 1467, "depth_m": 10, "type": "isobath_sample_point"}, "geometry": {"type": "Point", "coordinates": [-75.60605288432627, 35.954229345035216]}}, {"type": "Feature", "properties": {"spacing_m": 500, "index": 1468, "depth_m": 10, "type": "isobath_sample_point"}, "geometry": {"type": "Point", "coordinates": [-75.60829316617166, 35.95835250736395]}}, {"type": "Feature", "properties": {"spacing_m": 500, "index": 1469, "depth_m": 10, "type": "isobath_sample_point"}, "geometry": {"type": "Point", "coordinates": [-75.61053344801704, 35.96247566969269]}}, {"type": "Feature", "properties": {"spacing_m": 500, "index": 1470, "depth_m": 10, "type": "isobath_sample_point"}, "geometry": {"type": "Point", "coordinates": [-75.61277372986243, 35.96659883202142]}}, {"type": "Feature", "properties": {"spacing_m": 500, "index": 1471, "depth_m": 10, "type": "isobath_sample_point"}, "geometry": {"type": "Point", "coordinates": [-75.61501401170781, 35.97072199435016]}}, {"type": "Feature", "properties": {"spacing_m": 500, "index": 1472, "depth_m": 10, "type": "isobath_sample_point"}, "geometry": {"type": "Point", "coordinates": [-75.61725429355319, 35.97484515667889]}}, {"type": "Feature", "properties": {"spacing_m": 500, "index": 1473, "depth_m": 10, "type": "isobath_sample_point"}, "geometry": {"type": "Point", "coordinates": [-75.61949457539858, 35.97896831900762]}}, {"type": "Feature", "properties": {"spacing_m": 500, "index": 1474, "depth_m": 10, "type": "isobath_sample_point"}, "geometry": {"type": "Point", "coordinates": [-75.62173485724395, 35.98309148133636]}}, {"type": "Feature", "properties": {"spacing_m": 500, "index": 1475, "depth_m": 10, "type": "isobath_sample_point"}, "geometry": {"type": "Point", "coordinates": [-75.62397513908934, 35.98721464366509]}}, {"type": "Feature", "properties": {"spacing_m": 500, "index": 1476, "depth_m": 10, "type": "isobath_sample_point"}, "geometry": {"type": "Point", "coordinates": [-75.62621542093473, 35.99133780599383]}}, {"type": "Feature", "properties": {"spacing_m": 500, "index": 1477, "depth_m": 10, "type": "isobath_sample_point"}, "geometry": {"type": "Point", "coordinates": [-75.6284557027801, 35.99546096832256]}}, {"type": "Feature", "properties": {"spacing_m": 500, "index": 1478, "depth_m": 10, "type": "isobath_sample_point"}, "geometry": {"type": "Point", "coordinates": [-75.63069598462549, 35.99958413065129]}}, {"type": "Feature", "properties": {"spacing_m": 500, "index": 1479, "depth_m": 10, "type": "isobath_sample_point"}, "geometry": {"type": "Point", "coordinates": [-75.63293626647086, 36.00370729298003]}}, {"type": "Feature", "properties": {"spacing_m": 500, "index": 1480, "depth_m": 10, "type": "isobath_sample_point"}, "geometry": {"type": "Point", "coordinates": [-75.63517654831625, 36.00783045530876]}}, {"type": "Feature", "properties": {"spacing_m": 500, "index": 1481, "depth_m": 10, "type": "isobath_sample_point"}, "geometry": {"type": "Point", "coordinates": [-75.63741683016163, 36.0119536176375]}}, {"type": "Feature", "properties": {"spacing_m": 500, "index": 1482, "depth_m": 10, "type": "isobath_sample_point"}, "geometry": {"type": "Point", "coordinates": [-75.63965711200701, 36.016076779966234]}}, {"type": "Feature", "properties": {"spacing_m": 500, "index": 1483, "depth_m": 10, "type": "isobath_sample_point"}, "geometry": {"type": "Point", "coordinates": [-75.6418973938524, 36.020199942294965]}}, {"type": "Feature", "properties": {"spacing_m": 500, "index": 1484, "depth_m": 10, "type": "isobath_sample_point"}, "geometry": {"type": "Point", "coordinates": [-75.64413767569778, 36.024323104623704]}}, {"type": "Feature", "properties": {"spacing_m": 500, "index": 1485, "depth_m": 10, "type": "isobath_sample_point"}, "geometry": {"type": "Point", "coordinates": [-75.64637795754317, 36.028446266952436]}}, {"type": "Feature", "properties": {"spacing_m": 500, "index": 1486, "depth_m": 10, "type": "isobath_sample_point"}, "geometry": {"type": "Point", "coordinates": [-75.64861823938854, 36.032569429281175]}}, {"type": "Feature", "properties": {"spacing_m": 500, "index": 1487, "depth_m": 10, "type": "isobath_sample_point"}, "geometry": {"type": "Point", "coordinates": [-75.65096091407372, 36.03665333981144]}}, {"type": "Feature", "properties": {"spacing_m": 500, "index": 1488, "depth_m": 10, "type": "isobath_sample_point"}, "geometry": {"type": "Point", "coordinates": [-75.65353207925358, 36.04064965961887]}}, {"type": "Feature", "properties": {"spacing_m": 500, "index": 1489, "depth_m": 10, "type": "isobath_sample_point"}, "geometry": {"type": "Point", "coordinates": [-75.65610324443344, 36.044645979426306]}}, {"type": "Feature", "properties": {"spacing_m": 500, "index": 1490, "depth_m": 10, "type": "isobath_sample_point"}, "geometry": {"type": "Point", "coordinates": [-75.65867440961331, 36.04864229923375]}}, {"type": "Feature", "properties": {"spacing_m": 500, "index": 1491, "depth_m": 10, "type": "isobath_sample_point"}, "geometry": {"type": "Point", "coordinates": [-75.66124557479317, 36.05263861904118]}}, {"type": "Feature", "properties": {"spacing_m": 500, "index": 1492, "depth_m": 10, "type": "isobath_sample_point"}, "geometry": {"type": "Point", "coordinates": [-75.66381673997303, 36.05663493884862]}}, {"type": "Feature", "properties": {"spacing_m": 500, "index": 1493, "depth_m": 10, "type": "isobath_sample_point"}, "geometry": {"type": "Point", "coordinates": [-75.66638790515289, 36.06063125865605]}}, {"type": "Feature", "properties": {"spacing_m": 500, "index": 1494, "depth_m": 10, "type": "isobath_sample_point"}, "geometry": {"type": "Point", "coordinates": [-75.66895907033276, 36.06462757846349]}}, {"type": "Feature", "properties": {"spacing_m": 500, "index": 1495, "depth_m": 10, "type": "isobath_sample_point"}, "geometry": {"type": "Point", "coordinates": [-75.67153023551262, 36.06862389827093]}}, {"type": "Feature", "properties": {"spacing_m": 500, "index": 1496, "depth_m": 10, "type": "isobath_sample_point"}, "geometry": {"type": "Point", "coordinates": [-75.67410140069248, 36.07262021807836]}}, {"type": "Feature", "properties": {"spacing_m": 500, "index": 1497, "depth_m": 10, "type": "isobath_sample_point"}, "geometry": {"type": "Point", "coordinates": [-75.67667256587234, 36.0766165378858]}}, {"type": "Feature", "properties": {"spacing_m": 500, "index": 1498, "depth_m": 10, "type": "isobath_sample_point"}, "geometry": {"type": "Point", "coordinates": [-75.67924373105221, 36.08061285769323]}}, {"type": "Feature", "properties": {"spacing_m": 500, "index": 1499, "depth_m": 10, "type": "isobath_sample_point"}, "geometry": {"type": "Point", "coordinates": [-75.68181489623207, 36.08460917750067]}}, {"type": "Feature", "properties": {"spacing_m": 500, "index": 1500, "depth_m": 10, "type": "isobath_sample_point"}, "geometry": {"type": "Point", "coordinates": [-75.68438606141193, 36.08860549730811]}}, {"type": "Feature", "properties": {"spacing_m": 500, "index": 1501, "depth_m": 10, "type": "isobath_sample_point"}, "geometry": {"type": "Point", "coordinates": [-75.68676288876009, 36.09267748961121]}}, {"type": "Feature", "properties": {"spacing_m": 500, "index": 1502, "depth_m": 10, "type": "isobath_sample_point"}, "geometry": {"type": "Point", "coordinates": [-75.68900970779939, 36.096800105372964]}}, {"type": "Feature", "properties": {"spacing_m": 500, "index": 1503, "depth_m": 10, "type": "isobath_sample_point"}, "geometry": {"type": "Point", "coordinates": [-75.69125652683869, 36.10092272113472]}}, {"type": "Feature", "properties": {"spacing_m": 500, "index": 1504, "depth_m": 10, "type": "isobath_sample_point"}, "geometry": {"type": "Point", "coordinates": [-75.693503345878, 36.10504533689648]}}, {"type": "Feature", "properties": {"spacing_m": 500, "index": 1505, "depth_m": 10, "type": "isobath_sample_point"}, "geometry": {"type": "Point", "coordinates": [-75.6957501649173, 36.10916795265823]}}, {"type": "Feature", "properties": {"spacing_m": 500, "index": 1506, "depth_m": 10, "type": "isobath_sample_point"}, "geometry": {"type": "Point", "coordinates": [-75.6979969839566, 36.11329056841999]}}, {"type": "Feature", "properties": {"spacing_m": 500, "index": 1507, "depth_m": 10, "type": "isobath_sample_point"}, "geometry": {"type": "Point", "coordinates": [-75.7002438029959, 36.11741318418175]}}, {"type": "Feature", "properties": {"spacing_m": 500, "index": 1508, "depth_m": 10, "type": "isobath_sample_point"}, "geometry": {"type": "Point", "coordinates": [-75.70249062203521, 36.12153579994351]}}, {"type": "Feature", "properties": {"spacing_m": 500, "index": 1509, "depth_m": 10, "type": "isobath_sample_point"}, "geometry": {"type": "Point", "coordinates": [-75.70473744107451, 36.12565841570526]}}, {"type": "Feature", "properties": {"spacing_m": 500, "index": 1510, "depth_m": 10, "type": "isobath_sample_point"}, "geometry": {"type": "Point", "coordinates": [-75.70698426011381, 36.12978103146702]}}, {"type": "Feature", "properties": {"spacing_m": 500, "index": 1511, "depth_m": 10, "type": "isobath_sample_point"}, "geometry": {"type": "Point", "coordinates": [-75.70923107915311, 36.13390364722878]}}, {"type": "Feature", "properties": {"spacing_m": 500, "index": 1512, "depth_m": 10, "type": "isobath_sample_point"}, "geometry": {"type": "Point", "coordinates": [-75.71125529240324, 36.13809601540876]}}, {"type": "Feature", "properties": {"spacing_m": 500, "index": 1513, "depth_m": 10, "type": "isobath_sample_point"}, "geometry": {"type": "Point", "coordinates": [-75.71303081473368, 36.14236630965303]}}, {"type": "Feature", "properties": {"spacing_m": 500, "index": 1514, "depth_m": 10, "type": "isobath_sample_point"}, "geometry": {"type": "Point", "coordinates": [-75.71480633706415, 36.14663660389729]}}, {"type": "Feature", "properties": {"spacing_m": 500, "index": 1515, "depth_m": 10, "type": "isobath_sample_point"}, "geometry": {"type": "Point", "coordinates": [-75.71658185939461, 36.150906898141564]}}, {"type": "Feature", "properties": {"spacing_m": 500, "index": 1516, "depth_m": 10, "type": "isobath_sample_point"}, "geometry": {"type": "Point", "coordinates": [-75.71835738172507, 36.15517719238583]}}, {"type": "Feature", "properties": {"spacing_m": 500, "index": 1517, "depth_m": 10, "type": "isobath_sample_point"}, "geometry": {"type": "Point", "coordinates": [-75.72013290405552, 36.15944748663009]}}, {"type": "Feature", "properties": {"spacing_m": 500, "index": 1518, "depth_m": 10, "type": "isobath_sample_point"}, "geometry": {"type": "Point", "coordinates": [-75.72190842638598, 36.163717780874364]}}, {"type": "Feature", "properties": {"spacing_m": 500, "index": 1519, "depth_m": 10, "type": "isobath_sample_point"}, "geometry": {"type": "Point", "coordinates": [-75.72368394871644, 36.16798807511863]}}, {"type": "Feature", "properties": {"spacing_m": 500, "index": 1520, "depth_m": 10, "type": "isobath_sample_point"}, "geometry": {"type": "Point", "coordinates": [-75.7254594710469, 36.17225836936289]}}, {"type": "Feature", "properties": {"spacing_m": 500, "index": 1521, "depth_m": 10, "type": "isobath_sample_point"}, "geometry": {"type": "Point", "coordinates": [-75.7271770875054, 36.1765411612777]}}, {"type": "Feature", "properties": {"spacing_m": 500, "index": 1522, "depth_m": 10, "type": "isobath_sample_point"}, "geometry": {"type": "Point", "coordinates": [-75.72827469120928, 36.18095776889841]}}, {"type": "Feature", "properties": {"spacing_m": 500, "index": 1523, "depth_m": 10, "type": "isobath_sample_point"}, "geometry": {"type": "Point", "coordinates": [-75.72937229491318, 36.18537437651912]}}, {"type": "Feature", "properties": {"spacing_m": 500, "index": 1524, "depth_m": 10, "type": "isobath_sample_point"}, "geometry": {"type": "Point", "coordinates": [-75.73046989861707, 36.18979098413984]}}, {"type": "Feature", "properties": {"spacing_m": 500, "index": 1525, "depth_m": 10, "type": "isobath_sample_point"}, "geometry": {"type": "Point", "coordinates": [-75.73156750232096, 36.19420759176055]}}, {"type": "Feature", "properties": {"spacing_m": 500, "index": 1526, "depth_m": 10, "type": "isobath_sample_point"}, "geometry": {"type": "Point", "coordinates": [-75.73266510602485, 36.198624199381264]}}, {"type": "Feature", "properties": {"spacing_m": 500, "index": 1527, "depth_m": 10, "type": "isobath_sample_point"}, "geometry": {"type": "Point", "coordinates": [-75.73376270972875, 36.20304080700198]}}, {"type": "Feature", "properties": {"spacing_m": 500, "index": 1528, "depth_m": 10, "type": "isobath_sample_point"}, "geometry": {"type": "Point", "coordinates": [-75.73486031343265, 36.207457414622695]}}, {"type": "Feature", "properties": {"spacing_m": 500, "index": 1529, "depth_m": 10, "type": "isobath_sample_point"}, "geometry": {"type": "Point", "coordinates": [-75.73595791713653, 36.21187402224341]}}, {"type": "Feature", "properties": {"spacing_m": 500, "index": 1530, "depth_m": 10, "type": "isobath_sample_point"}, "geometry": {"type": "Point", "coordinates": [-75.73705552084043, 36.216290629864126]}}, {"type": "Feature", "properties": {"spacing_m": 500, "index": 1531, "depth_m": 10, "type": "isobath_sample_point"}, "geometry": {"type": "Point", "coordinates": [-75.73815312454433, 36.22070723748484]}}, {"type": "Feature", "properties": {"spacing_m": 500, "index": 1532, "depth_m": 10, "type": "isobath_sample_point"}, "geometry": {"type": "Point", "coordinates": [-75.73925072824821, 36.22512384510555]}}, {"type": "Feature", "properties": {"spacing_m": 500, "index": 1533, "depth_m": 10, "type": "isobath_sample_point"}, "geometry": {"type": "Point", "coordinates": [-75.7403483319521, 36.22954045272627]}}, {"type": "Feature", "properties": {"spacing_m": 500, "index": 1534, "depth_m": 10, "type": "isobath_sample_point"}, "geometry": {"type": "Point", "coordinates": [-75.741445935656, 36.23395706034698]}}, {"type": "Feature", "properties": {"spacing_m": 500, "index": 1535, "depth_m": 10, "type": "isobath_sample_point"}, "geometry": {"type": "Point", "coordinates": [-75.7425435393599, 36.23837366796769]}}, {"type": "Feature", "properties": {"spacing_m": 500, "index": 1536, "depth_m": 10, "type": "isobath_sample_point"}, "geometry": {"type": "Point", "coordinates": [-75.74364114306378, 36.242790275588405]}}, {"type": "Feature", "properties": {"spacing_m": 500, "index": 1537, "depth_m": 10, "type": "isobath_sample_point"}, "geometry": {"type": "Point", "coordinates": [-75.74473874676768, 36.247206883209124]}}, {"type": "Feature", "properties": {"spacing_m": 500, "index": 1538, "depth_m": 10, "type": "isobath_sample_point"}, "geometry": {"type": "Point", "coordinates": [-75.74583635047158, 36.251623490829836]}}, {"type": "Feature", "properties": {"spacing_m": 500, "index": 1539, "depth_m": 10, "type": "isobath_sample_point"}, "geometry": {"type": "Point", "coordinates": [-75.74693395417546, 36.25604009845055]}}, {"type": "Feature", "properties": {"spacing_m": 500, "index": 1540, "depth_m": 10, "type": "isobath_sample_point"}, "geometry": {"type": "Point", "coordinates": [-75.74803721624062, 36.260455516507406]}}, {"type": "Feature", "properties": {"spacing_m": 500, "index": 1541, "depth_m": 10, "type": "isobath_sample_point"}, "geometry": {"type": "Point", "coordinates": [-75.74975897411665, 36.26474090747123]}}, {"type": "Feature", "properties": {"spacing_m": 500, "index": 1542, "depth_m": 10, "type": "isobath_sample_point"}, "geometry": {"type": "Point", "coordinates": [-75.75148073199267, 36.26902629843506]}}, {"type": "Feature", "properties": {"spacing_m": 500, "index": 1543, "depth_m": 10, "type": "isobath_sample_point"}, "geometry": {"type": "Point", "coordinates": [-75.7532024898687, 36.27331168939888]}}, {"type": "Feature", "properties": {"spacing_m": 500, "index": 1544, "depth_m": 10, "type": "isobath_sample_point"}, "geometry": {"type": "Point", "coordinates": [-75.75492424774473, 36.27759708036271]}}, {"type": "Feature", "properties": {"spacing_m": 500, "index": 1545, "depth_m": 10, "type": "isobath_sample_point"}, "geometry": {"type": "Point", "coordinates": [-75.75664600562075, 36.28188247132653]}}, {"type": "Feature", "properties": {"spacing_m": 500, "index": 1546, "depth_m": 10, "type": "isobath_sample_point"}, "geometry": {"type": "Point", "coordinates": [-75.75836776349679, 36.28616786229036]}}, {"type": "Feature", "properties": {"spacing_m": 500, "index": 1547, "depth_m": 10, "type": "isobath_sample_point"}, "geometry": {"type": "Point", "coordinates": [-75.76008952137282, 36.290453253254185]}}, {"type": "Feature", "properties": {"spacing_m": 500, "index": 1548, "depth_m": 10, "type": "isobath_sample_point"}, "geometry": {"type": "Point", "coordinates": [-75.76181127924885, 36.294738644218015]}}, {"type": "Feature", "properties": {"spacing_m": 500, "index": 1549, "depth_m": 10, "type": "isobath_sample_point"}, "geometry": {"type": "Point", "coordinates": [-75.76353303712487, 36.29902403518184]}}, {"type": "Feature", "properties": {"spacing_m": 500, "index": 1550, "depth_m": 10, "type": "isobath_sample_point"}, "geometry": {"type": "Point", "coordinates": [-75.7652547950009, 36.30330942614567]}}, {"type": "Feature", "properties": {"spacing_m": 500, "index": 1551, "depth_m": 10, "type": "isobath_sample_point"}, "geometry": {"type": "Point", "coordinates": [-75.76697655287693, 36.30759481710949]}}, {"type": "Feature", "properties": {"spacing_m": 500, "index": 1552, "depth_m": 10, "type": "isobath_sample_point"}, "geometry": {"type": "Point", "coordinates": [-75.76869831075297, 36.31188020807332]}}, {"type": "Feature", "properties": {"spacing_m": 500, "index": 1553, "depth_m": 10, "type": "isobath_sample_point"}, "geometry": {"type": "Point", "coordinates": [-75.770420068629, 36.31616559903714]}}, {"type": "Feature", "properties": {"spacing_m": 500, "index": 1554, "depth_m": 10, "type": "isobath_sample_point"}, "geometry": {"type": "Point", "coordinates": [-75.7718875878329, 36.32050422012719]}}, {"type": "Feature", "properties": {"spacing_m": 500, "index": 1555, "depth_m": 10, "type": "isobath_sample_point"}, "geometry": {"type": "Point", "coordinates": [-75.77296882924051, 36.324923716466]}}, {"type": "Feature", "properties": {"spacing_m": 500, "index": 1556, "depth_m": 10, "type": "isobath_sample_point"}, "geometry": {"type": "Point", "coordinates": [-75.77405007064814, 36.329343212804815]}}, {"type": "Feature", "properties": {"spacing_m": 500, "index": 1557, "depth_m": 10, "type": "isobath_sample_point"}, "geometry": {"type": "Point", "coordinates": [-75.77513131205578, 36.33376270914363]}}, {"type": "Feature", "properties": {"spacing_m": 500, "index": 1558, "depth_m": 10, "type": "isobath_sample_point"}, "geometry": {"type": "Point", "coordinates": [-75.7762125534634, 36.33818220548244]}}, {"type": "Feature", "properties": {"spacing_m": 500, "index": 1559, "depth_m": 10, "type": "isobath_sample_point"}, "geometry": {"type": "Point", "coordinates": [-75.77729379487103, 36.34260170182125]}}, {"type": "Feature", "properties": {"spacing_m": 500, "index": 1560, "depth_m": 10, "type": "isobath_sample_point"}, "geometry": {"type": "Point", "coordinates": [-75.77837503627866, 36.347021198160064]}}, {"type": "Feature", "properties": {"spacing_m": 500, "index": 1561, "depth_m": 10, "type": "isobath_sample_point"}, "geometry": {"type": "Point", "coordinates": [-75.77945627768628, 36.351440694498876]}}, {"type": "Feature", "properties": {"spacing_m": 500, "index": 1562, "depth_m": 10, "type": "isobath_sample_point"}, "geometry": {"type": "Point", "coordinates": [-75.78053751909391, 36.35586019083769]}}, {"type": "Feature", "properties": {"spacing_m": 500, "index": 1563, "depth_m": 10, "type": "isobath_sample_point"}, "geometry": {"type": "Point", "coordinates": [-75.78202611648521, 36.36020111711691]}}, {"type": "Feature", "properties": {"spacing_m": 500, "index": 1564, "depth_m": 10, "type": "isobath_sample_point"}, "geometry": {"type": "Point", "coordinates": [-75.78355411919208, 36.36453444297263]}}, {"type": "Feature", "properties": {"spacing_m": 500, "index": 1565, "depth_m": 10, "type": "isobath_sample_point"}, "geometry": {"type": "Point", "coordinates": [-75.78508212189894, 36.36886776882835]}}, {"type": "Feature", "properties": {"spacing_m": 500, "index": 1566, "depth_m": 10, "type": "isobath_sample_point"}, "geometry": {"type": "Point", "coordinates": [-75.78661012460579, 36.37320109468407]}}, {"type": "Feature", "properties": {"spacing_m": 500, "index": 1567, "depth_m": 10, "type": "isobath_sample_point"}, "geometry": {"type": "Point", "coordinates": [-75.78813812731265, 36.377534420539796]}}, {"type": "Feature", "properties": {"spacing_m": 500, "index": 1568, "depth_m": 10, "type": "isobath_sample_point"}, "geometry": {"type": "Point", "coordinates": [-75.78966613001951, 36.381867746395514]}}, {"type": "Feature", "properties": {"spacing_m": 500, "index": 1569, "depth_m": 10, "type": "isobath_sample_point"}, "geometry": {"type": "Point", "coordinates": [-75.79119413272636, 36.38620107225124]}}, {"type": "Feature", "properties": {"spacing_m": 500, "index": 1570, "depth_m": 10, "type": "isobath_sample_point"}, "geometry": {"type": "Point", "coordinates": [-75.79272213543322, 36.39053439810696]}}, {"type": "Feature", "properties": {"spacing_m": 500, "index": 1571, "depth_m": 10, "type": "isobath_sample_point"}, "geometry": {"type": "Point", "coordinates": [-75.79425013814009, 36.39486772396268]}}, {"type": "Feature", "properties": {"spacing_m": 500, "index": 1572, "depth_m": 10, "type": "isobath_sample_point"}, "geometry": {"type": "Point", "coordinates": [-75.79577814084695, 36.3992010498184]}}, {"type": "Feature", "properties": {"spacing_m": 500, "index": 1573, "depth_m": 10, "type": "isobath_sample_point"}, "geometry": {"type": "Point", "coordinates": [-75.7973061435538, 36.40353437567413]}}, {"type": "Feature", "properties": {"spacing_m": 500, "index": 1574, "depth_m": 10, "type": "isobath_sample_point"}, "geometry": {"type": "Point", "coordinates": [-75.79883414626066, 36.407867701529845]}}, {"type": "Feature", "properties": {"spacing_m": 500, "index": 1575, "depth_m": 10, "type": "isobath_sample_point"}, "geometry": {"type": "Point", "coordinates": [-75.80036214896752, 36.41220102738557]}}, {"type": "Feature", "properties": {"spacing_m": 500, "index": 1576, "depth_m": 10, "type": "isobath_sample_point"}, "geometry": {"type": "Point", "coordinates": [-75.80189015167437, 36.41653435324129]}}, {"type": "Feature", "properties": {"spacing_m": 500, "index": 1577, "depth_m": 10, "type": "isobath_sample_point"}, "geometry": {"type": "Point", "coordinates": [-75.80341815438123, 36.420867679097015]}}, {"type": "Feature", "properties": {"spacing_m": 500, "index": 1578, "depth_m": 10, "type": "isobath_sample_point"}, "geometry": {"type": "Point", "coordinates": [-75.8049461570881, 36.42520100495273]}}, {"type": "Feature", "properties": {"spacing_m": 500, "index": 1579, "depth_m": 10, "type": "isobath_sample_point"}, "geometry": {"type": "Point", "coordinates": [-75.80647415979494, 36.42953433080846]}}, {"type": "Feature", "properties": {"spacing_m": 500, "index": 1580, "depth_m": 10, "type": "isobath_sample_point"}, "geometry": {"type": "Point", "coordinates": [-75.80778642431603, 36.43391092034319]}}, {"type": "Feature", "properties": {"spacing_m": 500, "index": 1581, "depth_m": 10, "type": "isobath_sample_point"}, "geometry": {"type": "Point", "coordinates": [-75.80895728933129, 36.43831586583544]}}, {"type": "Feature", "properties": {"spacing_m": 500, "index": 1582, "depth_m": 10, "type": "isobath_sample_point"}, "geometry": {"type": "Point", "coordinates": [-75.81012815434656, 36.4427208113277]}}, {"type": "Feature", "properties": {"spacing_m": 500, "index": 1583, "depth_m": 10, "type": "isobath_sample_point"}, "geometry": {"type": "Point", "coordinates": [-75.81129901936181, 36.44712575681996]}}, {"type": "Feature", "properties": {"spacing_m": 500, "index": 1584, "depth_m": 10, "type": "isobath_sample_point"}, "geometry": {"type": "Point", "coordinates": [-75.81246988437707, 36.45153070231221]}}, {"type": "Feature", "properties": {"spacing_m": 500, "index": 1585, "depth_m": 10, "type": "isobath_sample_point"}, "geometry": {"type": "Point", "coordinates": [-75.81364074939232, 36.45593564780447]}}, {"type": "Feature", "properties": {"spacing_m": 500, "index": 1586, "depth_m": 10, "type": "isobath_sample_point"}, "geometry": {"type": "Point", "coordinates": [-75.81481161440757, 36.46034059329673]}}, {"type": "Feature", "properties": {"spacing_m": 500, "index": 1587, "depth_m": 10, "type": "isobath_sample_point"}, "geometry": {"type": "Point", "coordinates": [-75.81598247942283, 36.46474553878898]}}, {"type": "Feature", "properties": {"spacing_m": 500, "index": 1588, "depth_m": 10, "type": "isobath_sample_point"}, "geometry": {"type": "Point", "coordinates": [-75.81722010985203, 36.469135128698994]}}, {"type": "Feature", "properties": {"spacing_m": 500, "index": 1589, "depth_m": 10, "type": "isobath_sample_point"}, "geometry": {"type": "Point", "coordinates": [-75.8191253308033, 36.473371177418116]}}, {"type": "Feature", "properties": {"spacing_m": 500, "index": 1590, "depth_m": 10, "type": "isobath_sample_point"}, "geometry": {"type": "Point", "coordinates": [-75.82103055175456, 36.47760722613724]}}, {"type": "Feature", "properties": {"spacing_m": 500, "index": 1591, "depth_m": 10, "type": "isobath_sample_point"}, "geometry": {"type": "Point", "coordinates": [-75.82293577270583, 36.48184327485635]}}, {"type": "Feature", "properties": {"spacing_m": 500, "index": 1592, "depth_m": 10, "type": "isobath_sample_point"}, "geometry": {"type": "Point", "coordinates": [-75.82484099365709, 36.486079323575474]}}, {"type": "Feature", "properties": {"spacing_m": 500, "index": 1593, "depth_m": 10, "type": "isobath_sample_point"}, "geometry": {"type": "Point", "coordinates": [-75.82674621460836, 36.490315372294596]}}, {"type": "Feature", "properties": {"spacing_m": 500, "index": 1594, "depth_m": 10, "type": "isobath_sample_point"}, "geometry": {"type": "Point", "coordinates": [-75.82865143555962, 36.49455142101371]}}, {"type": "Feature", "properties": {"spacing_m": 500, "index": 1595, "depth_m": 10, "type": "isobath_sample_point"}, "geometry": {"type": "Point", "coordinates": [-75.8305566565109, 36.49878746973283]}}, {"type": "Feature", "properties": {"spacing_m": 500, "index": 1596, "depth_m": 10, "type": "isobath_sample_point"}, "geometry": {"type": "Point", "coordinates": [-75.83206506557426, 36.50308288257329]}}, {"type": "Feature", "properties": {"spacing_m": 500, "index": 1597, "depth_m": 10, "type": "isobath_sample_point"}, "geometry": {"type": "Point", "coordinates": [-75.8321824317125, 36.50758639916141]}}, {"type": "Feature", "properties": {"spacing_m": 500, "index": 1598, "depth_m": 10, "type": "isobath_sample_point"}, "geometry": {"type": "Point", "coordinates": [-75.83229979785072, 36.512089915749534]}}, {"type": "Feature", "properties": {"spacing_m": 500, "index": 1599, "depth_m": 10, "type": "isobath_sample_point"}, "geometry": {"type": "Point", "coordinates": [-75.83191926346876, 36.51656174955576]}}, {"type": "Feature", "properties": {"spacing_m": 500, "index": 1600, "depth_m": 10, "type": "isobath_sample_point"}, "geometry": {"type": "Point", "coordinates": [-75.83092111079567, 36.52099428260849]}}, {"type": "Feature", "properties": {"spacing_m": 500, "index": 1601, "depth_m": 10, "type": "isobath_sample_point"}, "geometry": {"type": "Point", "coordinates": [-75.82992295812258, 36.52542681566122]}}, {"type": "Feature", "properties": {"spacing_m": 500, "index": 1602, "depth_m": 10, "type": "isobath_sample_point"}, "geometry": {"type": "Point", "coordinates": [-75.8289248054495, 36.52985934871395]}}, {"type": "Feature", "properties": {"spacing_m": 500, "index": 1603, "depth_m": 10, "type": "isobath_sample_point"}, "geometry": {"type": "Point", "coordinates": [-75.82792665277641, 36.53429188176667]}}, {"type": "Feature", "properties": {"spacing_m": 500, "index": 1604, "depth_m": 10, "type": "isobath_sample_point"}, "geometry": {"type": "Point", "coordinates": [-75.82692850010332, 36.5387244148194]}}, {"type": "Feature", "properties": {"spacing_m": 500, "index": 1605, "depth_m": 10, "type": "isobath_sample_point"}, "geometry": {"type": "Point", "coordinates": [-75.82593034743023, 36.54315694787213]}}, {"type": "Feature", "properties": {"spacing_m": 500, "index": 1606, "depth_m": 10, "type": "isobath_sample_point"}, "geometry": {"type": "Point", "coordinates": [-75.82493219475714, 36.547589480924856]}}, {"type": "Feature", "properties": {"spacing_m": 500, "index": 1607, "depth_m": 10, "type": "isobath_sample_point"}, "geometry": {"type": "Point", "coordinates": [-75.82393404208405, 36.55202201397758]}}, {"type": "Feature", "properties": {"spacing_m": 500, "index": 1608, "depth_m": 10, "type": "isobath_sample_point"}, "geometry": {"type": "Point", "coordinates": [-75.823037457423, 36.55645303171648]}}, {"type": "Feature", "properties": {"spacing_m": 500, "index": 1609, "depth_m": 10, "type": "isobath_sample_point"}, "geometry": {"type": "Point", "coordinates": [-75.82424028302746, 36.56085272792658]}}, {"type": "Feature", "properties": {"spacing_m": 500, "index": 1610, "depth_m": 10, "type": "isobath_sample_point"}, "geometry": {"type": "Point", "coordinates": [-75.82544310863193, 36.56525242413669]}}, {"type": "Feature", "properties": {"spacing_m": 500, "index": 1611, "depth_m": 10, "type": "isobath_sample_point"}, "geometry": {"type": "Point", "coordinates": [-75.82664593423641, 36.56965212034679]}}, {"type": "Feature", "properties": {"spacing_m": 500, "index": 1612, "depth_m": 10, "type": "isobath_sample_point"}, "geometry": {"type": "Point", "coordinates": [-75.82784875984088, 36.574051816556896]}}, {"type": "Feature", "properties": {"spacing_m": 500, "index": 1613, "depth_m": 10, "type": "isobath_sample_point"}, "geometry": {"type": "Point", "coordinates": [-75.82905158544534, 36.578451512767]}}, {"type": "Feature", "properties": {"spacing_m": 500, "index": 1614, "depth_m": 10, "type": "isobath_sample_point"}, "geometry": {"type": "Point", "coordinates": [-75.83041883384972, 36.5828164489081]}}, {"type": "Feature", "properties": {"spacing_m": 500, "index": 1615, "depth_m": 10, "type": "isobath_sample_point"}, "geometry": {"type": "Point", "coordinates": [-75.83207344955778, 36.58712063369772]}}, {"type": "Feature", "properties": {"spacing_m": 500, "index": 1616, "depth_m": 10, "type": "isobath_sample_point"}, "geometry": {"type": "Point", "coordinates": [-75.83372806526584, 36.591424818487354]}}, {"type": "Feature", "properties": {"spacing_m": 500, "index": 1617, "depth_m": 10, "type": "isobath_sample_point"}, "geometry": {"type": "Point", "coordinates": [-75.83538268097391, 36.59572900327698]}}, {"type": "Feature", "properties": {"spacing_m": 500, "index": 1618, "depth_m": 10, "type": "isobath_sample_point"}, "geometry": {"type": "Point", "coordinates": [-75.83703729668197, 36.60003318806661]}}, {"type": "Feature", "properties": {"spacing_m": 500, "index": 1619, "depth_m": 10, "type": "isobath_sample_point"}, "geometry": {"type": "Point", "coordinates": [-75.83869191239003, 36.604337372856236]}}, {"type": "Feature", "properties": {"spacing_m": 500, "index": 1620, "depth_m": 10, "type": "isobath_sample_point"}, "geometry": {"type": "Point", "coordinates": [-75.8403465280981, 36.60864155764586]}}, {"type": "Feature", "properties": {"spacing_m": 500, "index": 1621, "depth_m": 10, "type": "isobath_sample_point"}, "geometry": {"type": "Point", "coordinates": [-75.84200114380616, 36.61294574243549]}}, {"type": "Feature", "properties": {"spacing_m": 500, "index": 1622, "depth_m": 10, "type": "isobath_sample_point"}, "geometry": {"type": "Point", "coordinates": [-75.84365575951422, 36.61724992722512]}}, {"type": "Feature", "properties": {"spacing_m": 500, "index": 1623, "depth_m": 10, "type": "isobath_sample_point"}, "geometry": {"type": "Point", "coordinates": [-75.84665018100483, 36.62104870010075]}}, {"type": "Feature", "properties": {"spacing_m": 500, "index": 1624, "depth_m": 10, "type": "isobath_sample_point"}, "geometry": {"type": "Point", "coordinates": [-75.84972552146033, 36.624816948097745]}}, {"type": "Feature", "properties": {"spacing_m": 500, "index": 1625, "depth_m": 10, "type": "isobath_sample_point"}, "geometry": {"type": "Point", "coordinates": [-75.85280086191581, 36.62858519609473]}}, {"type": "Feature", "properties": {"spacing_m": 500, "index": 1626, "depth_m": 10, "type": "isobath_sample_point"}, "geometry": {"type": "Point", "coordinates": [-75.8558762023713, 36.63235344409173]}}, {"type": "Feature", "properties": {"spacing_m": 500, "index": 1627, "depth_m": 10, "type": "isobath_sample_point"}, "geometry": {"type": "Point", "coordinates": [-75.8589515428268, 36.636121692088714]}}, {"type": "Feature", "properties": {"spacing_m": 500, "index": 1628, "depth_m": 10, "type": "isobath_sample_point"}, "geometry": {"type": "Point", "coordinates": [-75.8620268832823, 36.63988994008571]}}, {"type": "Feature", "properties": {"spacing_m": 500, "index": 1629, "depth_m": 10, "type": "isobath_sample_point"}, "geometry": {"type": "Point", "coordinates": [-75.86502949734276, 36.64369287103385]}}, {"type": "Feature", "properties": {"spacing_m": 500, "index": 1630, "depth_m": 10, "type": "isobath_sample_point"}, "geometry": {"type": "Point", "coordinates": [-75.86767380569032, 36.64766667666279]}}, {"type": "Feature", "properties": {"spacing_m": 500, "index": 1631, "depth_m": 10, "type": "isobath_sample_point"}, "geometry": {"type": "Point", "coordinates": [-75.87031811403789, 36.651640482291725]}}, {"type": "Feature", "properties": {"spacing_m": 500, "index": 1632, "depth_m": 10, "type": "isobath_sample_point"}, "geometry": {"type": "Point", "coordinates": [-75.87296242238546, 36.65561428792066]}}, {"type": "Feature", "properties": {"spacing_m": 500, "index": 1633, "depth_m": 10, "type": "isobath_sample_point"}, "geometry": {"type": "Point", "coordinates": [-75.87560673073301, 36.6595880935496]}}, {"type": "Feature", "properties": {"spacing_m": 500, "index": 1634, "depth_m": 10, "type": "isobath_sample_point"}, "geometry": {"type": "Point", "coordinates": [-75.87825103908058, 36.66356189917854]}}, {"type": "Feature", "properties": {"spacing_m": 500, "index": 1635, "depth_m": 10, "type": "isobath_sample_point"}, "geometry": {"type": "Point", "coordinates": [-75.88089534742815, 36.66753570480747]}}, {"type": "Feature", "properties": {"spacing_m": 500, "index": 1636, "depth_m": 10, "type": "isobath_sample_point"}, "geometry": {"type": "Point", "coordinates": [-75.8835396557757, 36.67150951043641]}}, {"type": "Feature", "properties": {"spacing_m": 500, "index": 1637, "depth_m": 10, "type": "isobath_sample_point"}, "geometry": {"type": "Point", "coordinates": [-75.88618396412328, 36.675483316065346]}}, {"type": "Feature", "properties": {"spacing_m": 500, "index": 1638, "depth_m": 10, "type": "isobath_sample_point"}, "geometry": {"type": "Point", "coordinates": [-75.88882827247085, 36.679457121694284]}}, {"type": "Feature", "properties": {"spacing_m": 500, "index": 1639, "depth_m": 10, "type": "isobath_sample_point"}, "geometry": {"type": "Point", "coordinates": [-75.89094734411371, 36.683608068995966]}}, {"type": "Feature", "properties": {"spacing_m": 500, "index": 1640, "depth_m": 10, "type": "isobath_sample_point"}, "geometry": {"type": "Point", "coordinates": [-75.89263463360447, 36.68790463942718]}}, {"type": "Feature", "properties": {"spacing_m": 500, "index": 1641, "depth_m": 10, "type": "isobath_sample_point"}, "geometry": {"type": "Point", "coordinates": [-75.89432192309523, 36.69220120985839]}}, {"type": "Feature", "properties": {"spacing_m": 500, "index": 1642, "depth_m": 10, "type": "isobath_sample_point"}, "geometry": {"type": "Point", "coordinates": [-75.89600921258598, 36.696497780289604]}}, {"type": "Feature", "properties": {"spacing_m": 500, "index": 1643, "depth_m": 10, "type": "isobath_sample_point"}, "geometry": {"type": "Point", "coordinates": [-75.89769650207674, 36.70079435072081]}}, {"type": "Feature", "properties": {"spacing_m": 500, "index": 1644, "depth_m": 10, "type": "isobath_sample_point"}, "geometry": {"type": "Point", "coordinates": [-75.8993837915675, 36.70509092115203]}}, {"type": "Feature", "properties": {"spacing_m": 500, "index": 1645, "depth_m": 10, "type": "isobath_sample_point"}, "geometry": {"type": "Point", "coordinates": [-75.90107108105826, 36.70938749158324]}}, {"type": "Feature", "properties": {"spacing_m": 500, "index": 1646, "depth_m": 10, "type": "isobath_sample_point"}, "geometry": {"type": "Point", "coordinates": [-75.90275837054902, 36.71368406201445]}}, {"type": "Feature", "properties": {"spacing_m": 500, "index": 1647, "depth_m": 10, "type": "isobath_sample_point"}, "geometry": {"type": "Point", "coordinates": [-75.90444566003978, 36.717980632445666]}}, {"type": "Feature", "properties": {"spacing_m": 500, "index": 1648, "depth_m": 10, "type": "isobath_sample_point"}, "geometry": {"type": "Point", "coordinates": [-75.90613294953054, 36.72227720287688]}}, {"type": "Feature", "properties": {"spacing_m": 500, "index": 1649, "depth_m": 10, "type": "isobath_sample_point"}, "geometry": {"type": "Point", "coordinates": [-75.90731054610708, 36.72667818141015]}}, {"type": "Feature", "properties": {"spacing_m": 500, "index": 1650, "depth_m": 10, "type": "isobath_sample_point"}, "geometry": {"type": "Point", "coordinates": [-75.90839902027224, 36.73109741623375]}}, {"type": "Feature", "properties": {"spacing_m": 500, "index": 1651, "depth_m": 10, "type": "isobath_sample_point"}, "geometry": {"type": "Point", "coordinates": [-75.9094874944374, 36.73551665105735]}}, {"type": "Feature", "properties": {"spacing_m": 500, "index": 1652, "depth_m": 10, "type": "isobath_sample_point"}, "geometry": {"type": "Point", "coordinates": [-75.91057596860256, 36.73993588588095]}}, {"type": "Feature", "properties": {"spacing_m": 500, "index": 1653, "depth_m": 10, "type": "isobath_sample_point"}, "geometry": {"type": "Point", "coordinates": [-75.91166444276772, 36.74435512070456]}}, {"type": "Feature", "properties": {"spacing_m": 500, "index": 1654, "depth_m": 10, "type": "isobath_sample_point"}, "geometry": {"type": "Point", "coordinates": [-75.91252532969312, 36.74879080680417]}}, {"type": "Feature", "properties": {"spacing_m": 500, "index": 1655, "depth_m": 10, "type": "isobath_sample_point"}, "geometry": {"type": "Point", "coordinates": [-75.91244116247222, 36.7532948066925]}}, {"type": "Feature", "properties": {"spacing_m": 500, "index": 1656, "depth_m": 10, "type": "isobath_sample_point"}, "geometry": {"type": "Point", "coordinates": [-75.91235699525133, 36.75779880658083]}}, {"type": "Feature", "properties": {"spacing_m": 500, "index": 1657, "depth_m": 10, "type": "isobath_sample_point"}, "geometry": {"type": "Point", "coordinates": [-75.91227282803042, 36.76230280646915]}}, {"type": "Feature", "properties": {"spacing_m": 500, "index": 1658, "depth_m": 10, "type": "isobath_sample_point"}, "geometry": {"type": "Point", "coordinates": [-75.91218866080952, 36.76680680635748]}}, {"type": "Feature", "properties": {"spacing_m": 500, "index": 1659, "depth_m": 10, "type": "isobath_sample_point"}, "geometry": {"type": "Point", "coordinates": [-75.91210449358863, 36.77131080624581]}}, {"type": "Feature", "properties": {"spacing_m": 500, "index": 1660, "depth_m": 10, "type": "isobath_sample_point"}, "geometry": {"type": "Point", "coordinates": [-75.91202032636772, 36.775814806134136]}}, {"type": "Feature", "properties": {"spacing_m": 500, "index": 1661, "depth_m": 10, "type": "isobath_sample_point"}, "geometry": {"type": "Point", "coordinates": [-75.91193615914682, 36.78031880602246]}}, {"type": "Feature", "properties": {"spacing_m": 500, "index": 1662, "depth_m": 10, "type": "isobath_sample_point"}, "geometry": {"type": "Point", "coordinates": [-75.91185199192593, 36.784822805910785]}}, {"type": "Feature", "properties": {"spacing_m": 500, "index": 1663, "depth_m": 10, "type": "isobath_sample_point"}, "geometry": {"type": "Point", "coordinates": [-75.91176782470502, 36.789326805799114]}}, {"type": "Feature", "properties": {"spacing_m": 500, "index": 1664, "depth_m": 10, "type": "isobath_sample_point"}, "geometry": {"type": "Point", "coordinates": [-75.91288411583842, 36.79373543186607]}}, {"type": "Feature", "properties": {"spacing_m": 500, "index": 1665, "depth_m": 10, "type": "isobath_sample_point"}, "geometry": {"type": "Point", "coordinates": [-75.9140729090615, 36.79813829779872]}}, {"type": "Feature", "properties": {"spacing_m": 500, "index": 1666, "depth_m": 10, "type": "isobath_sample_point"}, "geometry": {"type": "Point", "coordinates": [-75.91526170228458, 36.80254116373138]}}, {"type": "Feature", "properties": {"spacing_m": 500, "index": 1667, "depth_m": 10, "type": "isobath_sample_point"}, "geometry": {"type": "Point", "coordinates": [-75.91645049550766, 36.80694402966403]}}, {"type": "Feature", "properties": {"spacing_m": 500, "index": 1668, "depth_m": 10, "type": "isobath_sample_point"}, "geometry": {"type": "Point", "coordinates": [-75.91763928873074, 36.811346895596685]}}, {"type": "Feature", "properties": {"spacing_m": 500, "index": 1669, "depth_m": 10, "type": "isobath_sample_point"}, "geometry": {"type": "Point", "coordinates": [-75.91882808195382, 36.81574976152934]}}, {"type": "Feature", "properties": {"spacing_m": 500, "index": 1670, "depth_m": 10, "type": "isobath_sample_point"}, "geometry": {"type": "Point", "coordinates": [-75.9200168751769, 36.82015262746199]}}, {"type": "Feature", "properties": {"spacing_m": 500, "index": 1671, "depth_m": 10, "type": "isobath_sample_point"}, "geometry": {"type": "Point", "coordinates": [-75.92120566839998, 36.82455549339464]}}, {"type": "Feature", "properties": {"spacing_m": 500, "index": 1672, "depth_m": 10, "type": "isobath_sample_point"}, "geometry": {"type": "Point", "coordinates": [-75.92239446162306, 36.828958359327295]}}, {"type": "Feature", "properties": {"spacing_m": 500, "index": 1673, "depth_m": 10, "type": "isobath_sample_point"}, "geometry": {"type": "Point", "coordinates": [-75.92358325484614, 36.83336122525995]}}, {"type": "Feature", "properties": {"spacing_m": 500, "index": 1674, "depth_m": 10, "type": "isobath_sample_point"}, "geometry": {"type": "Point", "coordinates": [-75.92477204806922, 36.837764091192604]}}, {"type": "Feature", "properties": {"spacing_m": 500, "index": 1675, "depth_m": 10, "type": "isobath_sample_point"}, "geometry": {"type": "Point", "coordinates": [-75.92596084129231, 36.84216695712526]}}, {"type": "Feature", "properties": {"spacing_m": 500, "index": 1676, "depth_m": 10, "type": "isobath_sample_point"}, "geometry": {"type": "Point", "coordinates": [-75.92714963451539, 36.846569823057905]}}, {"type": "Feature", "properties": {"spacing_m": 500, "index": 1677, "depth_m": 10, "type": "isobath_sample_point"}, "geometry": {"type": "Point", "coordinates": [-75.92833842773847, 36.85097268899056]}}, {"type": "Feature", "properties": {"spacing_m": 500, "index": 1678, "depth_m": 10, "type": "isobath_sample_point"}, "geometry": {"type": "Point", "coordinates": [-75.92952722096155, 36.855375554923214]}}, {"type": "Feature", "properties": {"spacing_m": 500, "index": 1679, "depth_m": 10, "type": "isobath_sample_point"}, "geometry": {"type": "Point", "coordinates": [-75.93071601418463, 36.85977842085587]}}, {"type": "Feature", "properties": {"spacing_m": 500, "index": 1680, "depth_m": 10, "type": "isobath_sample_point"}, "geometry": {"type": "Point", "coordinates": [-75.9319048074077, 36.86418128678852]}}, {"type": "Feature", "properties": {"spacing_m": 500, "index": 1681, "depth_m": 10, "type": "isobath_sample_point"}, "geometry": {"type": "Point", "coordinates": [-75.93309360063078, 36.86858415272117]}}, {"type": "Feature", "properties": {"spacing_m": 500, "index": 1682, "depth_m": 10, "type": "isobath_sample_point"}, "geometry": {"type": "Point", "coordinates": [-75.93428239385386, 36.872987018653824]}}, {"type": "Feature", "properties": {"spacing_m": 500, "index": 1683, "depth_m": 10, "type": "isobath_sample_point"}, "geometry": {"type": "Point", "coordinates": [-75.93556687131512, 36.877362596983616]}}, {"type": "Feature", "properties": {"spacing_m": 500, "index": 1684, "depth_m": 10, "type": "isobath_sample_point"}, "geometry": {"type": "Point", "coordinates": [-75.9381299367626, 36.881373542623066]}}, {"type": "Feature", "properties": {"spacing_m": 500, "index": 1685, "depth_m": 10, "type": "isobath_sample_point"}, "geometry": {"type": "Point", "coordinates": [-75.9406930022101, 36.88538448826252]}}, {"type": "Feature", "properties": {"spacing_m": 500, "index": 1686, "depth_m": 10, "type": "isobath_sample_point"}, "geometry": {"type": "Point", "coordinates": [-75.94325606765759, 36.88939543390196]}}, {"type": "Feature", "properties": {"spacing_m": 500, "index": 1687, "depth_m": 10, "type": "isobath_sample_point"}, "geometry": {"type": "Point", "coordinates": [-75.94658778315862, 36.893023894497205]}}, {"type": "Feature", "properties": {"spacing_m": 500, "index": 1688, "depth_m": 10, "type": "isobath_sample_point"}, "geometry": {"type": "Point", "coordinates": [-75.94995727714836, 36.89663355628165]}}, {"type": "Feature", "properties": {"spacing_m": 500, "index": 1689, "depth_m": 10, "type": "isobath_sample_point"}, "geometry": {"type": "Point", "coordinates": [-75.9533267711381, 36.9002432180661]}}, {"type": "Feature", "properties": {"spacing_m": 500, "index": 1690, "depth_m": 10, "type": "isobath_sample_point"}, "geometry": {"type": "Point", "coordinates": [-75.95669626512783, 36.903852879850554]}}, {"type": "Feature", "properties": {"spacing_m": 500, "index": 1691, "depth_m": 10, "type": "isobath_sample_point"}, "geometry": {"type": "Point", "coordinates": [-75.9603661330108, 36.9072391395368]}}, {"type": "Feature", "properties": {"spacing_m": 500, "index": 1692, "depth_m": 10, "type": "isobath_sample_point"}, "geometry": {"type": "Point", "coordinates": [-75.96462982158496, 36.91018374703101]}}, {"type": "Feature", "properties": {"spacing_m": 500, "index": 1693, "depth_m": 10, "type": "isobath_sample_point"}, "geometry": {"type": "Point", "coordinates": [-75.96889351015915, 36.91312835452522]}}, {"type": "Feature", "properties": {"spacing_m": 500, "index": 1694, "depth_m": 10, "type": "isobath_sample_point"}, "geometry": {"type": "Point", "coordinates": [-75.97315719873332, 36.916072962019435]}}, {"type": "Feature", "properties": {"spacing_m": 500, "index": 1695, "depth_m": 10, "type": "isobath_sample_point"}, "geometry": {"type": "Point", "coordinates": [-75.97742088730749, 36.91901756951364]}}, {"type": "Feature", "properties": {"spacing_m": 500, "index": 1696, "depth_m": 10, "type": "isobath_sample_point"}, "geometry": {"type": "Point", "coordinates": [-75.98168457588166, 36.921962177007856]}}, {"type": "Feature", "properties": {"spacing_m": 500, "index": 1697, "depth_m": 10, "type": "isobath_sample_point"}, "geometry": {"type": "Point", "coordinates": [-75.98594826445583, 36.92490678450207]}}, {"type": "Feature", "properties": {"spacing_m": 500, "index": 1698, "depth_m": 10, "type": "isobath_sample_point"}, "geometry": {"type": "Point", "coordinates": [-75.99021195303001, 36.92785139199628]}}, {"type": "Feature", "properties": {"spacing_m": 500, "index": 1699, "depth_m": 10, "type": "isobath_sample_point"}, "geometry": {"type": "Point", "coordinates": [-75.99464124851139, 36.930578059571545]}}, {"type": "Feature", "properties": {"spacing_m": 500, "index": 1700, "depth_m": 10, "type": "isobath_sample_point"}, "geometry": {"type": "Point", "coordinates": [-75.99987800185197, 36.932242106611504]}}, {"type": "Feature", "properties": {"spacing_m": 500, "index": 1701, "depth_m": 10, "type": "isobath_sample_point"}, "geometry": {"type": "Point", "coordinates": [-76.00511475519254, 36.93390615365146]}}, {"type": "Feature", "properties": {"spacing_m": 500, "index": 1702, "depth_m": 10, "type": "isobath_sample_point"}, "geometry": {"type": "Point", "coordinates": [-76.0103515085331, 36.935570200691416]}}, {"type": "Feature", "properties": {"spacing_m": 500, "index": 1703, "depth_m": 10, "type": "isobath_sample_point"}, "geometry": {"type": "Point", "coordinates": [-76.01558826187369, 36.937234247731375]}}, {"type": "Feature", "properties": {"spacing_m": 500, "index": 1704, "depth_m": 10, "type": "isobath_sample_point"}, "geometry": {"type": "Point", "coordinates": [-76.02098135457818, 36.93830957658786]}}, {"type": "Feature", "properties": {"spacing_m": 500, "index": 1705, "depth_m": 10, "type": "isobath_sample_point"}, "geometry": {"type": "Point", "coordinates": [-76.02661266439267, 36.938487864924575]}}, {"type": "Feature", "properties": {"spacing_m": 500, "index": 1706, "depth_m": 10, "type": "isobath_sample_point"}, "geometry": {"type": "Point", "coordinates": [-76.03224397420716, 36.938666153261295]}}, {"type": "Feature", "properties": {"spacing_m": 500, "index": 1707, "depth_m": 10, "type": "isobath_sample_point"}, "geometry": {"type": "Point", "coordinates": [-76.03787528402165, 36.93884444159801]}}, {"type": "Feature", "properties": {"spacing_m": 500, "index": 1708, "depth_m": 10, "type": "isobath_sample_point"}, "geometry": {"type": "Point", "coordinates": [-76.04350659383613, 36.93902272993472]}}, {"type": "Feature", "properties": {"spacing_m": 500, "index": 1709, "depth_m": 10, "type": "isobath_sample_point"}, "geometry": {"type": "Point", "coordinates": [-76.04913790365062, 36.93920101827144]}}, {"type": "Feature", "properties": {"spacing_m": 500, "index": 1710, "depth_m": 10, "type": "isobath_sample_point"}, "geometry": {"type": "Point", "coordinates": [-76.05476921346511, 36.93937930660815]}}, {"type": "Feature", "properties": {"spacing_m": 500, "index": 1711, "depth_m": 10, "type": "isobath_sample_point"}, "geometry": {"type": "Point", "coordinates": [-76.0604005232796, 36.939557594944866]}}, {"type": "Feature", "properties": {"spacing_m": 500, "index": 1712, "depth_m": 10, "type": "isobath_sample_point"}, "geometry": {"type": "Point", "coordinates": [-76.06531900636351, 36.941605590084485]}}, {"type": "Feature", "properties": {"spacing_m": 500, "index": 1713, "depth_m": 10, "type": "isobath_sample_point"}, "geometry": {"type": "Point", "coordinates": [-76.0701172205682, 36.94396904413154]}}, {"type": "Feature", "properties": {"spacing_m": 500, "index": 1714, "depth_m": 10, "type": "isobath_sample_point"}, "geometry": {"type": "Point", "coordinates": [-76.0749154347729, 36.9463324981786]}}, {"type": "Feature", "properties": {"spacing_m": 500, "index": 1715, "depth_m": 10, "type": "isobath_sample_point"}, "geometry": {"type": "Point", "coordinates": [-76.0797136489776, 36.948695952225656]}}, {"type": "Feature", "properties": {"spacing_m": 500, "index": 1716, "depth_m": 10, "type": "isobath_sample_point"}, "geometry": {"type": "Point", "coordinates": [-76.0845118631823, 36.95105940627271]}}, {"type": "Feature", "properties": {"spacing_m": 500, "index": 1717, "depth_m": 10, "type": "isobath_sample_point"}, "geometry": {"type": "Point", "coordinates": [-76.089310077387, 36.95342286031977]}}, {"type": "Feature", "properties": {"spacing_m": 500, "index": 1718, "depth_m": 10, "type": "isobath_sample_point"}, "geometry": {"type": "Point", "coordinates": [-76.09414677965772, 36.95572213664715]}}, {"type": "Feature", "properties": {"spacing_m": 500, "index": 1719, "depth_m": 10, "type": "isobath_sample_point"}, "geometry": {"type": "Point", "coordinates": [-76.09946042316453, 36.957226127471145]}}, {"type": "Feature", "properties": {"spacing_m": 500, "index": 1720, "depth_m": 10, "type": "isobath_sample_point"}, "geometry": {"type": "Point", "coordinates": [-76.10477406667134, 36.95873011829515]}}, {"type": "Feature", "properties": {"spacing_m": 500, "index": 1721, "depth_m": 10, "type": "isobath_sample_point"}, "geometry": {"type": "Point", "coordinates": [-76.11008771017815, 36.96023410911915]}}, {"type": "Feature", "properties": {"spacing_m": 500, "index": 1722, "depth_m": 10, "type": "isobath_sample_point"}, "geometry": {"type": "Point", "coordinates": [-76.11450986180961, 36.96297712474727]}}, {"type": "Feature", "properties": {"spacing_m": 500, "index": 1723, "depth_m": 10, "type": "isobath_sample_point"}, "geometry": {"type": "Point", "coordinates": [-76.11880885279928, 36.965891313096385]}}, {"type": "Feature", "properties": {"spacing_m": 500, "index": 1724, "depth_m": 10, "type": "isobath_sample_point"}, "geometry": {"type": "Point", "coordinates": [-76.12310784378896, 36.9688055014455]}}, {"type": "Feature", "properties": {"spacing_m": 500, "index": 1725, "depth_m": 10, "type": "isobath_sample_point"}, "geometry": {"type": "Point", "coordinates": [-76.12740683477864, 36.97171968979462]}}, {"type": "Feature", "properties": {"spacing_m": 500, "index": 1726, "depth_m": 10, "type": "isobath_sample_point"}, "geometry": {"type": "Point", "coordinates": [-76.13126158581387, 36.97498070343347]}}, {"type": "Feature", "properties": {"spacing_m": 500, "index": 1727, "depth_m": 10, "type": "isobath_sample_point"}, "geometry": {"type": "Point", "coordinates": [-76.13114967708019, 36.977283341479655]}}, {"type": "Feature", "properties": {"spacing_m": 500, "index": 1728, "depth_m": 10, "type": "isobath_sample_point"}, "geometry": {"type": "Point", "coordinates": [-76.12554593138607, 36.97778370812155]}}, {"type": "Feature", "properties": {"spacing_m": 500, "index": 1729, "depth_m": 10, "type": "isobath_sample_point"}, "geometry": {"type": "Point", "coordinates": [-76.11994218569195, 36.97828407476345]}}, {"type": "Feature", "properties": {"spacing_m": 500, "index": 1730, "depth_m": 10, "type": "isobath_sample_point"}, "geometry": {"type": "Point", "coordinates": [-76.11433843999784, 36.978784441405345]}}, {"type": "Feature", "properties": {"spacing_m": 500, "index": 1731, "depth_m": 10, "type": "isobath_sample_point"}, "geometry": {"type": "Point", "coordinates": [-76.10873469430372, 36.97928480804724]}}, {"type": "Feature", "properties": {"spacing_m": 500, "index": 1732, "depth_m": 10, "type": "isobath_sample_point"}, "geometry": {"type": "Point", "coordinates": [-76.10326641745695, 36.97872894535745]}}, {"type": "Feature", "properties": {"spacing_m": 500, "index": 1733, "depth_m": 10, "type": "isobath_sample_point"}, "geometry": {"type": "Point", "coordinates": [-76.09790605761162, 36.977331670752505]}}, {"type": "Feature", "properties": {"spacing_m": 500, "index": 1734, "depth_m": 10, "type": "isobath_sample_point"}, "geometry": {"type": "Point", "coordinates": [-76.0925456977663, 36.975934396147565]}}, {"type": "Feature", "properties": {"spacing_m": 500, "index": 1735, "depth_m": 10, "type": "isobath_sample_point"}, "geometry": {"type": "Point", "coordinates": [-76.08718533792096, 36.97453712154262]}}, {"type": "Feature", "properties": {"spacing_m": 500, "index": 1736, "depth_m": 10, "type": "isobath_sample_point"}, "geometry": {"type": "Point", "coordinates": [-76.08182497807563, 36.97313984693767]}}, {"type": "Feature", "properties": {"spacing_m": 500, "index": 1737, "depth_m": 10, "type": "isobath_sample_point"}, "geometry": {"type": "Point", "coordinates": [-76.07622390979701, 36.972773012356015]}}, {"type": "Feature", "properties": {"spacing_m": 500, "index": 1738, "depth_m": 10, "type": "isobath_sample_point"}, "geometry": {"type": "Point", "coordinates": [-76.07059391967297, 36.97252998825598]}}, {"type": "Feature", "properties": {"spacing_m": 500, "index": 1739, "depth_m": 10, "type": "isobath_sample_point"}, "geometry": {"type": "Point", "coordinates": [-76.06496392954894, 36.972286964155934]}}, {"type": "Feature", "properties": {"spacing_m": 500, "index": 1740, "depth_m": 10, "type": "isobath_sample_point"}, "geometry": {"type": "Point", "coordinates": [-76.0593339394249, 36.9720439400559]}}, {"type": "Feature", "properties": {"spacing_m": 500, "index": 1741, "depth_m": 10, "type": "isobath_sample_point"}, "geometry": {"type": "Point", "coordinates": [-76.05370394930085, 36.97180091595586]}}, {"type": "Feature", "properties": {"spacing_m": 500, "index": 1742, "depth_m": 10, "type": "isobath_sample_point"}, "geometry": {"type": "Point", "coordinates": [-76.04836682538938, 36.97294524600825]}}, {"type": "Feature", "properties": {"spacing_m": 500, "index": 1743, "depth_m": 10, "type": "isobath_sample_point"}, "geometry": {"type": "Point", "coordinates": [-76.04314807996836, 36.97465035392879]}}, {"type": "Feature", "properties": {"spacing_m": 500, "index": 1744, "depth_m": 10, "type": "isobath_sample_point"}, "geometry": {"type": "Point", "coordinates": [-76.03910170251395, 36.977189861870436]}}, {"type": "Feature", "properties": {"spacing_m": 500, "index": 1745, "depth_m": 10, "type": "isobath_sample_point"}, "geometry": {"type": "Point", "coordinates": [-76.03785419942545, 36.9815022709522]}}, {"type": "Feature", "properties": {"spacing_m": 500, "index": 1746, "depth_m": 10, "type": "isobath_sample_point"}, "geometry": {"type": "Point", "coordinates": [-76.04059588385762, 36.9854365182131]}}, {"type": "Feature", "properties": {"spacing_m": 500, "index": 1747, "depth_m": 10, "type": "isobath_sample_point"}, "geometry": {"type": "Point", "coordinates": [-76.04483367103386, 36.98840917777339]}}, {"type": "Feature", "properties": {"spacing_m": 500, "index": 1748, "depth_m": 10, "type": "isobath_sample_point"}, "geometry": {"type": "Point", "coordinates": [-76.0490714582101, 36.99138183733369]}}, {"type": "Feature", "properties": {"spacing_m": 500, "index": 1749, "depth_m": 10, "type": "isobath_sample_point"}, "geometry": {"type": "Point", "coordinates": [-76.05330924538632, 36.99435449689398]}}, {"type": "Feature", "properties": {"spacing_m": 500, "index": 1750, "depth_m": 10, "type": "isobath_sample_point"}, "geometry": {"type": "Point", "coordinates": [-76.05754703256255, 36.99732715645428]}}, {"type": "Feature", "properties": {"spacing_m": 500, "index": 1751, "depth_m": 10, "type": "isobath_sample_point"}, "geometry": {"type": "Point", "coordinates": [-76.06178481973879, 37.000299816014575]}}, {"type": "Feature", "properties": {"spacing_m": 500, "index": 1752, "depth_m": 10, "type": "isobath_sample_point"}, "geometry": {"type": "Point", "coordinates": [-76.06602260691501, 37.00327247557487]}}, {"type": "Feature", "properties": {"spacing_m": 500, "index": 1753, "depth_m": 10, "type": "isobath_sample_point"}, "geometry": {"type": "Point", "coordinates": [-76.07026039409125, 37.00624513513517]}}, {"type": "Feature", "properties": {"spacing_m": 500, "index": 1754, "depth_m": 10, "type": "isobath_sample_point"}, "geometry": {"type": "Point", "coordinates": [-76.07449818126749, 37.00921779469546]}}, {"type": "Feature", "properties": {"spacing_m": 500, "index": 1755, "depth_m": 10, "type": "isobath_sample_point"}, "geometry": {"type": "Point", "coordinates": [-76.07873596844371, 37.01219045425575]}}, {"type": "Feature", "properties": {"spacing_m": 500, "index": 1756, "depth_m": 10, "type": "isobath_sample_point"}, "geometry": {"type": "Point", "coordinates": [-76.08297375561995, 37.01516311381605]}}, {"type": "Feature", "properties": {"spacing_m": 500, "index": 1757, "depth_m": 10, "type": "isobath_sample_point"}, "geometry": {"type": "Point", "coordinates": [-76.08721154279618, 37.01813577337634]}}, {"type": "Feature", "properties": {"spacing_m": 500, "index": 1758, "depth_m": 10, "type": "isobath_sample_point"}, "geometry": {"type": "Point", "coordinates": [-76.09028171983715, 37.02186488984757]}}, {"type": "Feature", "properties": {"spacing_m": 500, "index": 1759, "depth_m": 10, "type": "isobath_sample_point"}, "geometry": {"type": "Point", "coordinates": [-76.09304780630173, 37.02579101678584]}}, {"type": "Feature", "properties": {"spacing_m": 500, "index": 1760, "depth_m": 10, "type": "isobath_sample_point"}, "geometry": {"type": "Point", "coordinates": [-76.09581389276629, 37.029717143724106]}}, {"type": "Feature", "properties": {"spacing_m": 500, "index": 1761, "depth_m": 10, "type": "isobath_sample_point"}, "geometry": {"type": "Point", "coordinates": [-76.09857997923086, 37.033643270662374]}}, {"type": "Feature", "properties": {"spacing_m": 500, "index": 1762, "depth_m": 10, "type": "isobath_sample_point"}, "geometry": {"type": "Point", "coordinates": [-76.10134606569542, 37.03756939760064]}}, {"type": "Feature", "properties": {"spacing_m": 500, "index": 1763, "depth_m": 10, "type": "isobath_sample_point"}, "geometry": {"type": "Point", "coordinates": [-76.10411215216, 37.04149552453891]}}, {"type": "Feature", "properties": {"spacing_m": 500, "index": 1764, "depth_m": 10, "type": "isobath_sample_point"}, "geometry": {"type": "Point", "coordinates": [-76.10712367062686, 37.04529550287588]}}, {"type": "Feature", "properties": {"spacing_m": 500, "index": 1765, "depth_m": 10, "type": "isobath_sample_point"}, "geometry": {"type": "Point", "coordinates": [-76.1104661913595, 37.04892535069824]}}, {"type": "Feature", "properties": {"spacing_m": 500, "index": 1766, "depth_m": 10, "type": "isobath_sample_point"}, "geometry": {"type": "Point", "coordinates": [-76.11380871209215, 37.0525551985206]}}, {"type": "Feature", "properties": {"spacing_m": 500, "index": 1767, "depth_m": 10, "type": "isobath_sample_point"}, "geometry": {"type": "Point", "coordinates": [-76.1171512328248, 37.05618504634296]}}, {"type": "Feature", "properties": {"spacing_m": 500, "index": 1768, "depth_m": 10, "type": "isobath_sample_point"}, "geometry": {"type": "Point", "coordinates": [-76.12049375355744, 37.05981489416532]}}, {"type": "Feature", "properties": {"spacing_m": 500, "index": 1769, "depth_m": 10, "type": "isobath_sample_point"}, "geometry": {"type": "Point", "coordinates": [-76.12383627429008, 37.06344474198768]}}, {"type": "Feature", "properties": {"spacing_m": 500, "index": 1770, "depth_m": 10, "type": "isobath_sample_point"}, "geometry": {"type": "Point", "coordinates": [-76.12717879502273, 37.06707458981004]}}, {"type": "Feature", "properties": {"spacing_m": 500, "index": 1771, "depth_m": 10, "type": "isobath_sample_point"}, "geometry": {"type": "Point", "coordinates": [-76.13052131575536, 37.0707044376324]}}, {"type": "Feature", "properties": {"spacing_m": 500, "index": 1772, "depth_m": 10, "type": "isobath_sample_point"}, "geometry": {"type": "Point", "coordinates": [-76.133863836488, 37.07433428545476]}}, {"type": "Feature", "properties": {"spacing_m": 500, "index": 1773, "depth_m": 10, "type": "isobath_sample_point"}, "geometry": {"type": "Point", "coordinates": [-76.1374097903087, 37.07783418678228]}}, {"type": "Feature", "properties": {"spacing_m": 500, "index": 1774, "depth_m": 10, "type": "isobath_sample_point"}, "geometry": {"type": "Point", "coordinates": [-76.14113225343583, 37.08122133965821]}}, {"type": "Feature", "properties": {"spacing_m": 500, "index": 1775, "depth_m": 10, "type": "isobath_sample_point"}, "geometry": {"type": "Point", "coordinates": [-76.14485471656297, 37.08460849253413]}}, {"type": "Feature", "properties": {"spacing_m": 500, "index": 1776, "depth_m": 10, "type": "isobath_sample_point"}, "geometry": {"type": "Point", "coordinates": [-76.14857717969011, 37.087995645410054]}}, {"type": "Feature", "properties": {"spacing_m": 500, "index": 1777, "depth_m": 10, "type": "isobath_sample_point"}, "geometry": {"type": "Point", "coordinates": [-76.15229964281724, 37.09138279828598]}}, {"type": "Feature", "properties": {"spacing_m": 500, "index": 1778, "depth_m": 10, "type": "isobath_sample_point"}, "geometry": {"type": "Point", "coordinates": [-76.15602210594439, 37.0947699511619]}}, {"type": "Feature", "properties": {"spacing_m": 500, "index": 1779, "depth_m": 10, "type": "isobath_sample_point"}, "geometry": {"type": "Point", "coordinates": [-76.15974456907152, 37.09815710403783]}}, {"type": "Feature", "properties": {"spacing_m": 500, "index": 1780, "depth_m": 10, "type": "isobath_sample_point"}, "geometry": {"type": "Point", "coordinates": [-76.1644047015988, 37.100641703954025]}}, {"type": "Feature", "properties": {"spacing_m": 500, "index": 1781, "depth_m": 10, "type": "isobath_sample_point"}, "geometry": {"type": "Point", "coordinates": [-76.16927143407034, 37.102927441252824]}}, {"type": "Feature", "properties": {"spacing_m": 500, "index": 1782, "depth_m": 10, "type": "isobath_sample_point"}, "geometry": {"type": "Point", "coordinates": [-76.17413816654187, 37.10521317855162]}}, {"type": "Feature", "properties": {"spacing_m": 500, "index": 1783, "depth_m": 10, "type": "isobath_sample_point"}, "geometry": {"type": "Point", "coordinates": [-76.17873422973878, 37.10779223030976]}}, {"type": "Feature", "properties": {"spacing_m": 500, "index": 1784, "depth_m": 10, "type": "isobath_sample_point"}, "geometry": {"type": "Point", "coordinates": [-76.18291544052272, 37.11082084255603]}}, {"type": "Feature", "properties": {"spacing_m": 500, "index": 1785, "depth_m": 10, "type": "isobath_sample_point"}, "geometry": {"type": "Point", "coordinates": [-76.18709665130666, 37.11384945480229]}}, {"type": "Feature", "properties": {"spacing_m": 500, "index": 1786, "depth_m": 10, "type": "isobath_sample_point"}, "geometry": {"type": "Point", "coordinates": [-76.19102310755326, 37.1170701043862]}}, {"type": "Feature", "properties": {"spacing_m": 500, "index": 1787, "depth_m": 10, "type": "isobath_sample_point"}, "geometry": {"type": "Point", "coordinates": [-76.19457571736824, 37.12057256435184]}}, {"type": "Feature", "properties": {"spacing_m": 500, "index": 1788, "depth_m": 10, "type": "isobath_sample_point"}, "geometry": {"type": "Point", "coordinates": [-76.1981283271832, 37.12407502431748]}}, {"type": "Feature", "properties": {"spacing_m": 500, "index": 1789, "depth_m": 10, "type": "isobath_sample_point"}, "geometry": {"type": "Point", "coordinates": [-76.20168093699816, 37.127577484283115]}}, {"type": "Feature", "properties": {"spacing_m": 500, "index": 1790, "depth_m": 10, "type": "isobath_sample_point"}, "geometry": {"type": "Point", "coordinates": [-76.20523354681312, 37.131079944248754]}}, {"type": "Feature", "properties": {"spacing_m": 500, "index": 1791, "depth_m": 10, "type": "isobath_sample_point"}, "geometry": {"type": "Point", "coordinates": [-76.20878615662808, 37.13458240421439]}}, {"type": "Feature", "properties": {"spacing_m": 500, "index": 1792, "depth_m": 10, "type": "isobath_sample_point"}, "geometry": {"type": "Point", "coordinates": [-76.21157524312618, 37.138478850628296]}}, {"type": "Feature", "properties": {"spacing_m": 500, "index": 1793, "depth_m": 10, "type": "isobath_sample_point"}, "geometry": {"type": "Point", "coordinates": [-76.2141255996084, 37.14249848436206]}}, {"type": "Feature", "properties": {"spacing_m": 500, "index": 1794, "depth_m": 10, "type": "isobath_sample_point"}, "geometry": {"type": "Point", "coordinates": [-76.21667595609063, 37.14651811809581]}}, {"type": "Feature", "properties": {"spacing_m": 500, "index": 1795, "depth_m": 10, "type": "isobath_sample_point"}, "geometry": {"type": "Point", "coordinates": [-76.21810443950017, 37.150822086154044]}}, {"type": "Feature", "properties": {"spacing_m": 500, "index": 1796, "depth_m": 10, "type": "isobath_sample_point"}, "geometry": {"type": "Point", "coordinates": [-76.21893431817736, 37.155277768230874]}}, {"type": "Feature", "properties": {"spacing_m": 500, "index": 1797, "depth_m": 10, "type": "isobath_sample_point"}, "geometry": {"type": "Point", "coordinates": [-76.21976419685454, 37.1597334503077]}}, {"type": "Feature", "properties": {"spacing_m": 500, "index": 1798, "depth_m": 10, "type": "isobath_sample_point"}, "geometry": {"type": "Point", "coordinates": [-76.22059407553172, 37.16418913238453]}}, {"type": "Feature", "properties": {"spacing_m": 500, "index": 1799, "depth_m": 10, "type": "isobath_sample_point"}, "geometry": {"type": "Point", "coordinates": [-76.21671036174499, 37.167213357154324]}}, {"type": "Feature", "properties": {"spacing_m": 500, "index": 1800, "depth_m": 10, "type": "isobath_sample_point"}, "geometry": {"type": "Point", "coordinates": [-76.2123691541123, 37.1700986469369]}}, {"type": "Feature", "properties": {"spacing_m": 500, "index": 1801, "depth_m": 10, "type": "isobath_sample_point"}, "geometry": {"type": "Point", "coordinates": [-76.20802794647962, 37.17298393671948]}}, {"type": "Feature", "properties": {"spacing_m": 500, "index": 1802, "depth_m": 10, "type": "isobath_sample_point"}, "geometry": {"type": "Point", "coordinates": [-76.20368673884693, 37.17586922650206]}}, {"type": "Feature", "properties": {"spacing_m": 500, "index": 1803, "depth_m": 10, "type": "isobath_sample_point"}, "geometry": {"type": "Point", "coordinates": [-76.19934553121423, 37.178754516284634]}}, {"type": "Feature", "properties": {"spacing_m": 500, "index": 1804, "depth_m": 10, "type": "isobath_sample_point"}, "geometry": {"type": "Point", "coordinates": [-76.19525029429079, 37.18179474627064]}}, {"type": "Feature", "properties": {"spacing_m": 500, "index": 1805, "depth_m": 10, "type": "isobath_sample_point"}, "geometry": {"type": "Point", "coordinates": [-76.19272972731464, 37.18582688168609]}}, {"type": "Feature", "properties": {"spacing_m": 500, "index": 1806, "depth_m": 10, "type": "isobath_sample_point"}, "geometry": {"type": "Point", "coordinates": [-76.19040840182136, 37.189890567045964]}}, {"type": "Feature", "properties": {"spacing_m": 500, "index": 1807, "depth_m": 10, "type": "isobath_sample_point"}, "geometry": {"type": "Point", "coordinates": [-76.19080192965932, 37.194384150188654]}}, {"type": "Feature", "properties": {"spacing_m": 500, "index": 1808, "depth_m": 10, "type": "isobath_sample_point"}, "geometry": {"type": "Point", "coordinates": [-76.19147968936818, 37.19883430815605]}}, {"type": "Feature", "properties": {"spacing_m": 500, "index": 1809, "depth_m": 10, "type": "isobath_sample_point"}, "geometry": {"type": "Point", "coordinates": [-76.19320217761094, 37.20312485165247]}}, {"type": "Feature", "properties": {"spacing_m": 500, "index": 1810, "depth_m": 10, "type": "isobath_sample_point"}, "geometry": {"type": "Point", "coordinates": [-76.1949246658537, 37.207415395148885]}}, {"type": "Feature", "properties": {"spacing_m": 500, "index": 1811, "depth_m": 10, "type": "isobath_sample_point"}, "geometry": {"type": "Point", "coordinates": [-76.19664715409647, 37.2117059386453]}}, {"type": "Feature", "properties": {"spacing_m": 500, "index": 1812, "depth_m": 10, "type": "isobath_sample_point"}, "geometry": {"type": "Point", "coordinates": [-76.19836964233923, 37.21599648214171]}}, {"type": "Feature", "properties": {"spacing_m": 500, "index": 1813, "depth_m": 10, "type": "isobath_sample_point"}, "geometry": {"type": "Point", "coordinates": [-76.200092130582, 37.22028702563813]}}, {"type": "Feature", "properties": {"spacing_m": 500, "index": 1814, "depth_m": 10, "type": "isobath_sample_point"}, "geometry": {"type": "Point", "coordinates": [-76.20181461882476, 37.224577569134546]}}, {"type": "Feature", "properties": {"spacing_m": 500, "index": 1815, "depth_m": 10, "type": "isobath_sample_point"}, "geometry": {"type": "Point", "coordinates": [-76.2027120845458, 37.228955124548975]}}, {"type": "Feature", "properties": {"spacing_m": 500, "index": 1816, "depth_m": 10, "type": "isobath_sample_point"}, "geometry": {"type": "Point", "coordinates": [-76.20245124912512, 37.233454841481816]}}, {"type": "Feature", "properties": {"spacing_m": 500, "index": 1817, "depth_m": 10, "type": "isobath_sample_point"}, "geometry": {"type": "Point", "coordinates": [-76.20219041370446, 37.237954558414664]}}, {"type": "Feature", "properties": {"spacing_m": 500, "index": 1818, "depth_m": 10, "type": "isobath_sample_point"}, "geometry": {"type": "Point", "coordinates": [-76.2019295782838, 37.242454275347505]}}, {"type": "Feature", "properties": {"spacing_m": 500, "index": 1819, "depth_m": 10, "type": "isobath_sample_point"}, "geometry": {"type": "Point", "coordinates": [-76.20166874286312, 37.246953992280346]}}, {"type": "Feature", "properties": {"spacing_m": 500, "index": 1820, "depth_m": 10, "type": "isobath_sample_point"}, "geometry": {"type": "Point", "coordinates": [-76.20140790744246, 37.25145370921319]}}, {"type": "Feature", "properties": {"spacing_m": 500, "index": 1821, "depth_m": 10, "type": "isobath_sample_point"}, "geometry": {"type": "Point", "coordinates": [-76.2011470720218, 37.255953426146036]}}, {"type": "Feature", "properties": {"spacing_m": 500, "index": 1822, "depth_m": 10, "type": "isobath_sample_point"}, "geometry": {"type": "Point", "coordinates": [-76.20088623660112, 37.26045314307888]}}, {"type": "Feature", "properties": {"spacing_m": 500, "index": 1823, "depth_m": 10, "type": "isobath_sample_point"}, "geometry": {"type": "Point", "coordinates": [-76.20062540118046, 37.26495286001172]}}, {"type": "Feature", "properties": {"spacing_m": 500, "index": 1824, "depth_m": 10, "type": "isobath_sample_point"}, "geometry": {"type": "Point", "coordinates": [-76.20036456575978, 37.269452576944566]}}, {"type": "Feature", "properties": {"spacing_m": 500, "index": 1825, "depth_m": 10, "type": "isobath_sample_point"}, "geometry": {"type": "Point", "coordinates": [-76.20026522945754, 37.273950248468935]}}, {"type": "Feature", "properties": {"spacing_m": 500, "index": 1826, "depth_m": 10, "type": "isobath_sample_point"}, "geometry": {"type": "Point", "coordinates": [-76.20070609471665, 37.278441078266475]}}, {"type": "Feature", "properties": {"spacing_m": 500, "index": 1827, "depth_m": 10, "type": "isobath_sample_point"}, "geometry": {"type": "Point", "coordinates": [-76.20114695997576, 37.282931908064015]}}, {"type": "Feature", "properties": {"spacing_m": 500, "index": 1828, "depth_m": 10, "type": "isobath_sample_point"}, "geometry": {"type": "Point", "coordinates": [-76.20158782523487, 37.28742273786155]}}, {"type": "Feature", "properties": {"spacing_m": 500, "index": 1829, "depth_m": 10, "type": "isobath_sample_point"}, "geometry": {"type": "Point", "coordinates": [-76.20202869049398, 37.29191356765909]}}, {"type": "Feature", "properties": {"spacing_m": 500, "index": 1830, "depth_m": 10, "type": "isobath_sample_point"}, "geometry": {"type": "Point", "coordinates": [-76.20246955575308, 37.29640439745663]}}, {"type": "Feature", "properties": {"spacing_m": 500, "index": 1831, "depth_m": 10, "type": "isobath_sample_point"}, "geometry": {"type": "Point", "coordinates": [-76.20291042101219, 37.300895227254166]}}, {"type": "Feature", "properties": {"spacing_m": 500, "index": 1832, "depth_m": 10, "type": "isobath_sample_point"}, "geometry": {"type": "Point", "coordinates": [-76.2033512862713, 37.305386057051706]}}, {"type": "Feature", "properties": {"spacing_m": 500, "index": 1833, "depth_m": 10, "type": "isobath_sample_point"}, "geometry": {"type": "Point", "coordinates": [-76.20379215153041, 37.309876886849246]}}, {"type": "Feature", "properties": {"spacing_m": 500, "index": 1834, "depth_m": 10, "type": "isobath_sample_point"}, "geometry": {"type": "Point", "coordinates": [-76.20423301678952, 37.314367716646785]}}, {"type": "Feature", "properties": {"spacing_m": 500, "index": 1835, "depth_m": 10, "type": "isobath_sample_point"}, "geometry": {"type": "Point", "coordinates": [-76.20310054188597, 37.318772275442775]}}, {"type": "Feature", "properties": {"spacing_m": 500, "index": 1836, "depth_m": 10, "type": "isobath_sample_point"}, "geometry": {"type": "Point", "coordinates": [-76.20188871692807, 37.32317248323519]}}, {"type": "Feature", "properties": {"spacing_m": 500, "index": 1837, "depth_m": 10, "type": "isobath_sample_point"}, "geometry": {"type": "Point", "coordinates": [-76.20054919201995, 37.327538757554166]}}, {"type": "Feature", "properties": {"spacing_m": 500, "index": 1838, "depth_m": 10, "type": "isobath_sample_point"}, "geometry": {"type": "Point", "coordinates": [-76.19818911431629, 37.33163384225156]}}, {"type": "Feature", "properties": {"spacing_m": 500, "index": 1839, "depth_m": 10, "type": "isobath_sample_point"}, "geometry": {"type": "Point", "coordinates": [-76.19582903661264, 37.33572892694896]}}, {"type": "Feature", "properties": {"spacing_m": 500, "index": 1840, "depth_m": 10, "type": "isobath_sample_point"}, "geometry": {"type": "Point", "coordinates": [-76.19346895890898, 37.33982401164636]}}, {"type": "Feature", "properties": {"spacing_m": 500, "index": 1841, "depth_m": 10, "type": "isobath_sample_point"}, "geometry": {"type": "Point", "coordinates": [-76.19110888120532, 37.343919096343754]}}, {"type": "Feature", "properties": {"spacing_m": 500, "index": 1842, "depth_m": 10, "type": "isobath_sample_point"}, "geometry": {"type": "Point", "coordinates": [-76.18874880350167, 37.34801418104115]}}, {"type": "Feature", "properties": {"spacing_m": 500, "index": 1843, "depth_m": 10, "type": "isobath_sample_point"}, "geometry": {"type": "Point", "coordinates": [-76.18639647739785, 37.35211127957055]}}, {"type": "Feature", "properties": {"spacing_m": 500, "index": 1844, "depth_m": 10, "type": "isobath_sample_point"}, "geometry": {"type": "Point", "coordinates": [-76.18526048429429, 37.356524376134715]}}, {"type": "Feature", "properties": {"spacing_m": 500, "index": 1845, "depth_m": 10, "type": "isobath_sample_point"}, "geometry": {"type": "Point", "coordinates": [-76.18412449119074, 37.36093747269888]}}, {"type": "Feature", "properties": {"spacing_m": 500, "index": 1846, "depth_m": 10, "type": "isobath_sample_point"}, "geometry": {"type": "Point", "coordinates": [-76.18298849808718, 37.36535056926304]}}, {"type": "Feature", "properties": {"spacing_m": 500, "index": 1847, "depth_m": 10, "type": "isobath_sample_point"}, "geometry": {"type": "Point", "coordinates": [-76.18185250498362, 37.36976366582721]}}, {"type": "Feature", "properties": {"spacing_m": 500, "index": 1848, "depth_m": 10, "type": "isobath_sample_point"}, "geometry": {"type": "Point", "coordinates": [-76.18071651188008, 37.37417676239137]}}, {"type": "Feature", "properties": {"spacing_m": 500, "index": 1849, "depth_m": 10, "type": "isobath_sample_point"}, "geometry": {"type": "Point", "coordinates": [-76.17958051877652, 37.378589858955536]}}, {"type": "Feature", "properties": {"spacing_m": 500, "index": 1850, "depth_m": 10, "type": "isobath_sample_point"}, "geometry": {"type": "Point", "coordinates": [-76.17876026263072, 37.38303602311804]}}, {"type": "Feature", "properties": {"spacing_m": 500, "index": 1851, "depth_m": 10, "type": "isobath_sample_point"}, "geometry": {"type": "Point", "coordinates": [-76.17841914290976, 37.38753236794662]}}, {"type": "Feature", "properties": {"spacing_m": 500, "index": 1852, "depth_m": 10, "type": "isobath_sample_point"}, "geometry": {"type": "Point", "coordinates": [-76.1780780231888, 37.39202871277519]}}, {"type": "Feature", "properties": {"spacing_m": 500, "index": 1853, "depth_m": 10, "type": "isobath_sample_point"}, "geometry": {"type": "Point", "coordinates": [-76.17773690346785, 37.396525057603775]}}, {"type": "Feature", "properties": {"spacing_m": 500, "index": 1854, "depth_m": 10, "type": "isobath_sample_point"}, "geometry": {"type": "Point", "coordinates": [-76.17739578374687, 37.401021402432356]}}, {"type": "Feature", "properties": {"spacing_m": 500, "index": 1855, "depth_m": 10, "type": "isobath_sample_point"}, "geometry": {"type": "Point", "coordinates": [-76.17705466402592, 37.40551774726094]}}, {"type": "Feature", "properties": {"spacing_m": 500, "index": 1856, "depth_m": 10, "type": "isobath_sample_point"}, "geometry": {"type": "Point", "coordinates": [-76.17671354430496, 37.41001409208952]}}, {"type": "Feature", "properties": {"spacing_m": 500, "index": 1857, "depth_m": 10, "type": "isobath_sample_point"}, "geometry": {"type": "Point", "coordinates": [-76.17472453956991, 37.41421147497241]}}, {"type": "Feature", "properties": {"spacing_m": 500, "index": 1858, "depth_m": 10, "type": "isobath_sample_point"}, "geometry": {"type": "Point", "coordinates": [-76.17257348455553, 37.418379458433385]}}, {"type": "Feature", "properties": {"spacing_m": 500, "index": 1859, "depth_m": 10, "type": "isobath_sample_point"}, "geometry": {"type": "Point", "coordinates": [-76.17042242954115, 37.42254744189435]}}, {"type": "Feature", "properties": {"spacing_m": 500, "index": 1860, "depth_m": 10, "type": "isobath_sample_point"}, "geometry": {"type": "Point", "coordinates": [-76.16827137452678, 37.426715425355326]}}, {"type": "Feature", "properties": {"spacing_m": 500, "index": 1861, "depth_m": 10, "type": "isobath_sample_point"}, "geometry": {"type": "Point", "coordinates": [-76.1661203195124, 37.4308834088163]}}, {"type": "Feature", "properties": {"spacing_m": 500, "index": 1862, "depth_m": 10, "type": "isobath_sample_point"}, "geometry": {"type": "Point", "coordinates": [-76.16718127347342, 37.435236585634705]}}, {"type": "Feature", "properties": {"spacing_m": 500, "index": 1863, "depth_m": 10, "type": "isobath_sample_point"}, "geometry": {"type": "Point", "coordinates": [-76.1685584575607, 37.43960572357753]}}, {"type": "Feature", "properties": {"spacing_m": 500, "index": 1864, "depth_m": 10, "type": "isobath_sample_point"}, "geometry": {"type": "Point", "coordinates": [-76.17109474103202, 37.4436351547809]}}, {"type": "Feature", "properties": {"spacing_m": 500, "index": 1865, "depth_m": 10, "type": "isobath_sample_point"}, "geometry": {"type": "Point", "coordinates": [-76.17363102450334, 37.44766458598426]}}, {"type": "Feature", "properties": {"spacing_m": 500, "index": 1866, "depth_m": 10, "type": "isobath_sample_point"}, "geometry": {"type": "Point", "coordinates": [-76.17616730797465, 37.45169401718763]}}, {"type": "Feature", "properties": {"spacing_m": 500, "index": 1867, "depth_m": 10, "type": "isobath_sample_point"}, "geometry": {"type": "Point", "coordinates": [-76.17870359144598, 37.45572344839099]}}, {"type": "Feature", "properties": {"spacing_m": 500, "index": 1868, "depth_m": 10, "type": "isobath_sample_point"}, "geometry": {"type": "Point", "coordinates": [-76.1812398749173, 37.45975287959436]}}, {"type": "Feature", "properties": {"spacing_m": 500, "index": 1869, "depth_m": 10, "type": "isobath_sample_point"}, "geometry": {"type": "Point", "coordinates": [-76.18314946307942, 37.46398800509781]}}, {"type": "Feature", "properties": {"spacing_m": 500, "index": 1870, "depth_m": 10, "type": "isobath_sample_point"}, "geometry": {"type": "Point", "coordinates": [-76.18493545164861, 37.46826369853177]}}, {"type": "Feature", "properties": {"spacing_m": 500, "index": 1871, "depth_m": 10, "type": "isobath_sample_point"}, "geometry": {"type": "Point", "coordinates": [-76.18672144021781, 37.47253939196573]}}, {"type": "Feature", "properties": {"spacing_m": 500, "index": 1872, "depth_m": 10, "type": "isobath_sample_point"}, "geometry": {"type": "Point", "coordinates": [-76.18850742878702, 37.47681508539969]}}, {"type": "Feature", "properties": {"spacing_m": 500, "index": 1873, "depth_m": 10, "type": "isobath_sample_point"}, "geometry": {"type": "Point", "coordinates": [-76.19029341735622, 37.48109077883366]}}, {"type": "Feature", "properties": {"spacing_m": 500, "index": 1874, "depth_m": 10, "type": "isobath_sample_point"}, "geometry": {"type": "Point", "coordinates": [-76.19207940592541, 37.48536647226762]}}, {"type": "Feature", "properties": {"spacing_m": 500, "index": 1875, "depth_m": 10, "type": "isobath_sample_point"}, "geometry": {"type": "Point", "coordinates": [-76.1938415331924, 37.48964531149502]}}, {"type": "Feature", "properties": {"spacing_m": 500, "index": 1876, "depth_m": 10, "type": "isobath_sample_point"}, "geometry": {"type": "Point", "coordinates": [-76.19389338091, 37.49414962819744]}}, {"type": "Feature", "properties": {"spacing_m": 500, "index": 1877, "depth_m": 10, "type": "isobath_sample_point"}, "geometry": {"type": "Point", "coordinates": [-76.1939452286276, 37.49865394489987]}}, {"type": "Feature", "properties": {"spacing_m": 500, "index": 1878, "depth_m": 10, "type": "isobath_sample_point"}, "geometry": {"type": "Point", "coordinates": [-76.1939970763452, 37.503158261602294]}}, {"type": "Feature", "properties": {"spacing_m": 500, "index": 1879, "depth_m": 10, "type": "isobath_sample_point"}, "geometry": {"type": "Point", "coordinates": [-76.1940489240628, 37.507662578304725]}}, {"type": "Feature", "properties": {"spacing_m": 500, "index": 1880, "depth_m": 10, "type": "isobath_sample_point"}, "geometry": {"type": "Point", "coordinates": [-76.19410077178038, 37.51216689500715]}}, {"type": "Feature", "properties": {"spacing_m": 500, "index": 1881, "depth_m": 10, "type": "isobath_sample_point"}, "geometry": {"type": "Point", "coordinates": [-76.19465829106014, 37.51662860436878]}}, {"type": "Feature", "properties": {"spacing_m": 500, "index": 1882, "depth_m": 10, "type": "isobath_sample_point"}, "geometry": {"type": "Point", "coordinates": [-76.19580105714218, 37.52104100146566]}}, {"type": "Feature", "properties": {"spacing_m": 500, "index": 1883, "depth_m": 10, "type": "isobath_sample_point"}, "geometry": {"type": "Point", "coordinates": [-76.1969438232242, 37.52545339856254]}}, {"type": "Feature", "properties": {"spacing_m": 500, "index": 1884, "depth_m": 10, "type": "isobath_sample_point"}, "geometry": {"type": "Point", "coordinates": [-76.19808658930623, 37.529865795659425]}}, {"type": "Feature", "properties": {"spacing_m": 500, "index": 1885, "depth_m": 10, "type": "isobath_sample_point"}, "geometry": {"type": "Point", "coordinates": [-76.19922935538827, 37.534278192756304]}}, {"type": "Feature", "properties": {"spacing_m": 500, "index": 1886, "depth_m": 10, "type": "isobath_sample_point"}, "geometry": {"type": "Point", "coordinates": [-76.2003721214703, 37.53869058985318]}}, {"type": "Feature", "properties": {"spacing_m": 500, "index": 1887, "depth_m": 10, "type": "isobath_sample_point"}, "geometry": {"type": "Point", "coordinates": [-76.20151488755234, 37.54310298695006]}}, {"type": "Feature", "properties": {"spacing_m": 500, "index": 1888, "depth_m": 10, "type": "isobath_sample_point"}, "geometry": {"type": "Point", "coordinates": [-76.2012116393499, 37.54757582275719]}}, {"type": "Feature", "properties": {"spacing_m": 500, "index": 1889, "depth_m": 10, "type": "isobath_sample_point"}, "geometry": {"type": "Point", "coordinates": [-76.20065991978288, 37.552059043862]}}, {"type": "Feature", "properties": {"spacing_m": 500, "index": 1890, "depth_m": 10, "type": "isobath_sample_point"}, "geometry": {"type": "Point", "coordinates": [-76.20010820021585, 37.55654226496682]}}, {"type": "Feature", "properties": {"spacing_m": 500, "index": 1891, "depth_m": 10, "type": "isobath_sample_point"}, "geometry": {"type": "Point", "coordinates": [-76.19955648064881, 37.56102548607164]}}, {"type": "Feature", "properties": {"spacing_m": 500, "index": 1892, "depth_m": 10, "type": "isobath_sample_point"}, "geometry": {"type": "Point", "coordinates": [-76.19900476108178, 37.56550870717646]}}, {"type": "Feature", "properties": {"spacing_m": 500, "index": 1893, "depth_m": 10, "type": "isobath_sample_point"}, "geometry": {"type": "Point", "coordinates": [-76.19845304151475, 37.569991928281276]}}, {"type": "Feature", "properties": {"spacing_m": 500, "index": 1894, "depth_m": 10, "type": "isobath_sample_point"}, "geometry": {"type": "Point", "coordinates": [-75.98363758369514, 37.57291666666667]}}, {"type": "Feature", "properties": {"spacing_m": 500, "index": 1895, "depth_m": 10, "type": "isobath_sample_point"}, "geometry": {"type": "Point", "coordinates": [-75.98484512222191, 37.56851506827274]}}, {"type": "Feature", "properties": {"spacing_m": 500, "index": 1896, "depth_m": 10, "type": "isobath_sample_point"}, "geometry": {"type": "Point", "coordinates": [-75.98605266074868, 37.5641134698788]}}, {"type": "Feature", "properties": {"spacing_m": 500, "index": 1897, "depth_m": 10, "type": "isobath_sample_point"}, "geometry": {"type": "Point", "coordinates": [-75.98726019927545, 37.559711871484865]}}, {"type": "Feature", "properties": {"spacing_m": 500, "index": 1898, "depth_m": 10, "type": "isobath_sample_point"}, "geometry": {"type": "Point", "coordinates": [-75.98846773780222, 37.55531027309093]}}, {"type": "Feature", "properties": {"spacing_m": 500, "index": 1899, "depth_m": 10, "type": "isobath_sample_point"}, "geometry": {"type": "Point", "coordinates": [-75.989675276329, 37.55090867469699]}}, {"type": "Feature", "properties": {"spacing_m": 500, "index": 1900, "depth_m": 10, "type": "isobath_sample_point"}, "geometry": {"type": "Point", "coordinates": [-75.99088281485577, 37.54650707630306]}}, {"type": "Feature", "properties": {"spacing_m": 500, "index": 1901, "depth_m": 10, "type": "isobath_sample_point"}, "geometry": {"type": "Point", "coordinates": [-75.99209035338254, 37.542105477909125]}}, {"type": "Feature", "properties": {"spacing_m": 500, "index": 1902, "depth_m": 10, "type": "isobath_sample_point"}, "geometry": {"type": "Point", "coordinates": [-75.99329789190931, 37.537703879515185]}}, {"type": "Feature", "properties": {"spacing_m": 500, "index": 1903, "depth_m": 10, "type": "isobath_sample_point"}, "geometry": {"type": "Point", "coordinates": [-75.99450543043608, 37.53330228112125]}}, {"type": "Feature", "properties": {"spacing_m": 500, "index": 1904, "depth_m": 10, "type": "isobath_sample_point"}, "geometry": {"type": "Point", "coordinates": [-75.99553279637321, 37.52887413985014]}}, {"type": "Feature", "properties": {"spacing_m": 500, "index": 1905, "depth_m": 10, "type": "isobath_sample_point"}, "geometry": {"type": "Point", "coordinates": [-75.99640276985912, 37.52442281165303]}}, {"type": "Feature", "properties": {"spacing_m": 500, "index": 1906, "depth_m": 10, "type": "isobath_sample_point"}, "geometry": {"type": "Point", "coordinates": [-75.99727274334501, 37.51997148345593]}}, {"type": "Feature", "properties": {"spacing_m": 500, "index": 1907, "depth_m": 10, "type": "isobath_sample_point"}, "geometry": {"type": "Point", "coordinates": [-75.99814271683091, 37.51552015525883]}}, {"type": "Feature", "properties": {"spacing_m": 500, "index": 1908, "depth_m": 10, "type": "isobath_sample_point"}, "geometry": {"type": "Point", "coordinates": [-75.9990126903168, 37.51106882706172]}}, {"type": "Feature", "properties": {"spacing_m": 500, "index": 1909, "depth_m": 10, "type": "isobath_sample_point"}, "geometry": {"type": "Point", "coordinates": [-75.99988266380271, 37.506617498864614]}}, {"type": "Feature", "properties": {"spacing_m": 500, "index": 1910, "depth_m": 10, "type": "isobath_sample_point"}, "geometry": {"type": "Point", "coordinates": [-76.00075263728861, 37.50216617066751]}}, {"type": "Feature", "properties": {"spacing_m": 500, "index": 1911, "depth_m": 10, "type": "isobath_sample_point"}, "geometry": {"type": "Point", "coordinates": [-76.0016226107745, 37.49771484247041]}}, {"type": "Feature", "properties": {"spacing_m": 500, "index": 1912, "depth_m": 10, "type": "isobath_sample_point"}, "geometry": {"type": "Point", "coordinates": [-76.00249258426041, 37.4932635142733]}}, {"type": "Feature", "properties": {"spacing_m": 500, "index": 1913, "depth_m": 10, "type": "isobath_sample_point"}, "geometry": {"type": "Point", "coordinates": [-76.00367362369273, 37.48889437317979]}}, {"type": "Feature", "properties": {"spacing_m": 500, "index": 1914, "depth_m": 10, "type": "isobath_sample_point"}, "geometry": {"type": "Point", "coordinates": [-76.0063391772131, 37.48491745731869]}}, {"type": "Feature", "properties": {"spacing_m": 500, "index": 1915, "depth_m": 10, "type": "isobath_sample_point"}, "geometry": {"type": "Point", "coordinates": [-76.00900473073348, 37.48094054145758]}}, {"type": "Feature", "properties": {"spacing_m": 500, "index": 1916, "depth_m": 10, "type": "isobath_sample_point"}, "geometry": {"type": "Point", "coordinates": [-76.01167028425384, 37.476963625596476]}}, {"type": "Feature", "properties": {"spacing_m": 500, "index": 1917, "depth_m": 10, "type": "isobath_sample_point"}, "geometry": {"type": "Point", "coordinates": [-76.01433583777421, 37.47298670973537]}}, {"type": "Feature", "properties": {"spacing_m": 500, "index": 1918, "depth_m": 10, "type": "isobath_sample_point"}, "geometry": {"type": "Point", "coordinates": [-76.01700139129457, 37.46900979387427]}}, {"type": "Feature", "properties": {"spacing_m": 500, "index": 1919, "depth_m": 10, "type": "isobath_sample_point"}, "geometry": {"type": "Point", "coordinates": [-76.01918950309664, 37.46489117047266]}}, {"type": "Feature", "properties": {"spacing_m": 500, "index": 1920, "depth_m": 10, "type": "isobath_sample_point"}, "geometry": {"type": "Point", "coordinates": [-76.02046713617486, 37.460502311572775]}}, {"type": "Feature", "properties": {"spacing_m": 500, "index": 1921, "depth_m": 10, "type": "isobath_sample_point"}, "geometry": {"type": "Point", "coordinates": [-76.02171435019339, 37.456110050590524]}}, {"type": "Feature", "properties": {"spacing_m": 500, "index": 1922, "depth_m": 10, "type": "isobath_sample_point"}, "geometry": {"type": "Point", "coordinates": [-76.02201426394441, 37.451611843087676]}}, {"type": "Feature", "properties": {"spacing_m": 500, "index": 1923, "depth_m": 10, "type": "isobath_sample_point"}, "geometry": {"type": "Point", "coordinates": [-76.02231417769543, 37.44711363558483]}}, {"type": "Feature", "properties": {"spacing_m": 500, "index": 1924, "depth_m": 10, "type": "isobath_sample_point"}, "geometry": {"type": "Point", "coordinates": [-76.02243674720175, 37.44261671426]}}, {"type": "Feature", "properties": {"spacing_m": 500, "index": 1925, "depth_m": 10, "type": "isobath_sample_point"}, "geometry": {"type": "Point", "coordinates": [-76.02203354888074, 37.43812360603338]}}, {"type": "Feature", "properties": {"spacing_m": 500, "index": 1926, "depth_m": 10, "type": "isobath_sample_point"}, "geometry": {"type": "Point", "coordinates": [-76.02163035055975, 37.43363049780675]}}, {"type": "Feature", "properties": {"spacing_m": 500, "index": 1927, "depth_m": 10, "type": "isobath_sample_point"}, "geometry": {"type": "Point", "coordinates": [-76.02122715223874, 37.429137389580134]}}, {"type": "Feature", "properties": {"spacing_m": 500, "index": 1928, "depth_m": 10, "type": "isobath_sample_point"}, "geometry": {"type": "Point", "coordinates": [-76.02082395391774, 37.424644281353515]}}, {"type": "Feature", "properties": {"spacing_m": 500, "index": 1929, "depth_m": 10, "type": "isobath_sample_point"}, "geometry": {"type": "Point", "coordinates": [-76.02042075559673, 37.42015117312689]}}, {"type": "Feature", "properties": {"spacing_m": 500, "index": 1930, "depth_m": 10, "type": "isobath_sample_point"}, "geometry": {"type": "Point", "coordinates": [-76.02001755727574, 37.41565806490027]}}, {"type": "Feature", "properties": {"spacing_m": 500, "index": 1931, "depth_m": 10, "type": "isobath_sample_point"}, "geometry": {"type": "Point", "coordinates": [-76.01961435895473, 37.41116495667365]}}, {"type": "Feature", "properties": {"spacing_m": 500, "index": 1932, "depth_m": 10, "type": "isobath_sample_point"}, "geometry": {"type": "Point", "coordinates": [-76.01921116063373, 37.40667184844703]}}, {"type": "Feature", "properties": {"spacing_m": 500, "index": 1933, "depth_m": 10, "type": "isobath_sample_point"}, "geometry": {"type": "Point", "coordinates": [-76.01880796231272, 37.40217874022041]}}, {"type": "Feature", "properties": {"spacing_m": 500, "index": 1934, "depth_m": 10, "type": "isobath_sample_point"}, "geometry": {"type": "Point", "coordinates": [-76.01845671226219, 37.39768637800702]}}, {"type": "Feature", "properties": {"spacing_m": 500, "index": 1935, "depth_m": 10, "type": "isobath_sample_point"}, "geometry": {"type": "Point", "coordinates": [-76.01906379174291, 37.393207778071094]}}, {"type": "Feature", "properties": {"spacing_m": 500, "index": 1936, "depth_m": 10, "type": "isobath_sample_point"}, "geometry": {"type": "Point", "coordinates": [-76.01967087122361, 37.38872917813517]}}, {"type": "Feature", "properties": {"spacing_m": 500, "index": 1937, "depth_m": 10, "type": "isobath_sample_point"}, "geometry": {"type": "Point", "coordinates": [-76.02027795070431, 37.38425057819924]}}, {"type": "Feature", "properties": {"spacing_m": 500, "index": 1938, "depth_m": 10, "type": "isobath_sample_point"}, "geometry": {"type": "Point", "coordinates": [-76.02088503018501, 37.379771978263314]}}, {"type": "Feature", "properties": {"spacing_m": 500, "index": 1939, "depth_m": 10, "type": "isobath_sample_point"}, "geometry": {"type": "Point", "coordinates": [-76.02149210966572, 37.37529337832739]}}, {"type": "Feature", "properties": {"spacing_m": 500, "index": 1940, "depth_m": 10, "type": "isobath_sample_point"}, "geometry": {"type": "Point", "coordinates": [-76.02209918914643, 37.37081477839146]}}, {"type": "Feature", "properties": {"spacing_m": 500, "index": 1941, "depth_m": 10, "type": "isobath_sample_point"}, "geometry": {"type": "Point", "coordinates": [-76.02270626862713, 37.36633617845554]}}, {"type": "Feature", "properties": {"spacing_m": 500, "index": 1942, "depth_m": 10, "type": "isobath_sample_point"}, "geometry": {"type": "Point", "coordinates": [-76.02426186781562, 37.362050051716466]}}, {"type": "Feature", "properties": {"spacing_m": 500, "index": 1943, "depth_m": 10, "type": "isobath_sample_point"}, "geometry": {"type": "Point", "coordinates": [-76.02642742947569, 37.3578876982906]}}, {"type": "Feature", "properties": {"spacing_m": 500, "index": 1944, "depth_m": 10, "type": "isobath_sample_point"}, "geometry": {"type": "Point", "coordinates": [-76.02859299113577, 37.35372534486472]}}, {"type": "Feature", "properties": {"spacing_m": 500, "index": 1945, "depth_m": 10, "type": "isobath_sample_point"}, "geometry": {"type": "Point", "coordinates": [-76.03075855279583, 37.34956299143885]}}, {"type": "Feature", "properties": {"spacing_m": 500, "index": 1946, "depth_m": 10, "type": "isobath_sample_point"}, "geometry": {"type": "Point", "coordinates": [-76.03292411445591, 37.34540063801298]}}, {"type": "Feature", "properties": {"spacing_m": 500, "index": 1947, "depth_m": 10, "type": "isobath_sample_point"}, "geometry": {"type": "Point", "coordinates": [-76.03508967611599, 37.34123828458711]}}, {"type": "Feature", "properties": {"spacing_m": 500, "index": 1948, "depth_m": 10, "type": "isobath_sample_point"}, "geometry": {"type": "Point", "coordinates": [-76.03725523777605, 37.33707593116124]}}, {"type": "Feature", "properties": {"spacing_m": 500, "index": 1949, "depth_m": 10, "type": "isobath_sample_point"}, "geometry": {"type": "Point", "coordinates": [-76.03942079943613, 37.33291357773536]}}, {"type": "Feature", "properties": {"spacing_m": 500, "index": 1950, "depth_m": 10, "type": "isobath_sample_point"}, "geometry": {"type": "Point", "coordinates": [-76.0415863610962, 37.32875122430949]}}, {"type": "Feature", "properties": {"spacing_m": 500, "index": 1951, "depth_m": 10, "type": "isobath_sample_point"}, "geometry": {"type": "Point", "coordinates": [-76.04375192275627, 37.32458887088362]}}, {"type": "Feature", "properties": {"spacing_m": 500, "index": 1952, "depth_m": 10, "type": "isobath_sample_point"}, "geometry": {"type": "Point", "coordinates": [-76.04591748441635, 37.32042651745775]}}, {"type": "Feature", "properties": {"spacing_m": 500, "index": 1953, "depth_m": 10, "type": "isobath_sample_point"}, "geometry": {"type": "Point", "coordinates": [-76.04808304607641, 37.31626416403188]}}, {"type": "Feature", "properties": {"spacing_m": 500, "index": 1954, "depth_m": 10, "type": "isobath_sample_point"}, "geometry": {"type": "Point", "coordinates": [-76.05024860773649, 37.31210181060601]}}, {"type": "Feature", "properties": {"spacing_m": 500, "index": 1955, "depth_m": 10, "type": "isobath_sample_point"}, "geometry": {"type": "Point", "coordinates": [-76.05241416939656, 37.30793945718013]}}, {"type": "Feature", "properties": {"spacing_m": 500, "index": 1956, "depth_m": 10, "type": "isobath_sample_point"}, "geometry": {"type": "Point", "coordinates": [-76.05457973105663, 37.303777103754264]}}, {"type": "Feature", "properties": {"spacing_m": 500, "index": 1957, "depth_m": 10, "type": "isobath_sample_point"}, "geometry": {"type": "Point", "coordinates": [-76.05674529271671, 37.29961475032839]}}, {"type": "Feature", "properties": {"spacing_m": 500, "index": 1958, "depth_m": 10, "type": "isobath_sample_point"}, "geometry": {"type": "Point", "coordinates": [-76.05891085437678, 37.29545239690252]}}, {"type": "Feature", "properties": {"spacing_m": 500, "index": 1959, "depth_m": 10, "type": "isobath_sample_point"}, "geometry": {"type": "Point", "coordinates": [-76.06107641603685, 37.29129004347665]}}, {"type": "Feature", "properties": {"spacing_m": 500, "index": 1960, "depth_m": 10, "type": "isobath_sample_point"}, "geometry": {"type": "Point", "coordinates": [-76.06261092302528, 37.28697609870832]}}, {"type": "Feature", "properties": {"spacing_m": 500, "index": 1961, "depth_m": 10, "type": "isobath_sample_point"}, "geometry": {"type": "Point", "coordinates": [-76.06370683723569, 37.28255679560736]}}, {"type": "Feature", "properties": {"spacing_m": 500, "index": 1962, "depth_m": 10, "type": "isobath_sample_point"}, "geometry": {"type": "Point", "coordinates": [-76.0648027514461, 37.278137492506396]}}, {"type": "Feature", "properties": {"spacing_m": 500, "index": 1963, "depth_m": 10, "type": "isobath_sample_point"}, "geometry": {"type": "Point", "coordinates": [-76.06425793162042, 37.27371385696401]}}, {"type": "Feature", "properties": {"spacing_m": 500, "index": 1964, "depth_m": 10, "type": "isobath_sample_point"}, "geometry": {"type": "Point", "coordinates": [-76.06319913828521, 37.2692888642485]}}, {"type": "Feature", "properties": {"spacing_m": 500, "index": 1965, "depth_m": 10, "type": "isobath_sample_point"}, "geometry": {"type": "Point", "coordinates": [-76.06214034495001, 37.264863871532995]}}, {"type": "Feature", "properties": {"spacing_m": 500, "index": 1966, "depth_m": 10, "type": "isobath_sample_point"}, "geometry": {"type": "Point", "coordinates": [-76.06108155161482, 37.260438878817496]}}, {"type": "Feature", "properties": {"spacing_m": 500, "index": 1967, "depth_m": 10, "type": "isobath_sample_point"}, "geometry": {"type": "Point", "coordinates": [-76.0599663772464, 37.25602708518859]}}, {"type": "Feature", "properties": {"spacing_m": 500, "index": 1968, "depth_m": 10, "type": "isobath_sample_point"}, "geometry": {"type": "Point", "coordinates": [-76.05785095122923, 37.25184945555739]}}, {"type": "Feature", "properties": {"spacing_m": 500, "index": 1969, "depth_m": 10, "type": "isobath_sample_point"}, "geometry": {"type": "Point", "coordinates": [-76.05573552521206, 37.2476718259262]}}, {"type": "Feature", "properties": {"spacing_m": 500, "index": 1970, "depth_m": 10, "type": "isobath_sample_point"}, "geometry": {"type": "Point", "coordinates": [-76.05362009919489, 37.243494196295]}}, {"type": "Feature", "properties": {"spacing_m": 500, "index": 1971, "depth_m": 10, "type": "isobath_sample_point"}, "geometry": {"type": "Point", "coordinates": [-76.05150467317772, 37.2393165666638]}}, {"type": "Feature", "properties": {"spacing_m": 500, "index": 1972, "depth_m": 10, "type": "isobath_sample_point"}, "geometry": {"type": "Point", "coordinates": [-76.04938924716055, 37.23513893703261]}}, {"type": "Feature", "properties": {"spacing_m": 500, "index": 1973, "depth_m": 10, "type": "isobath_sample_point"}, "geometry": {"type": "Point", "coordinates": [-76.04727382114339, 37.230961307401415]}}, {"type": "Feature", "properties": {"spacing_m": 500, "index": 1974, "depth_m": 10, "type": "isobath_sample_point"}, "geometry": {"type": "Point", "coordinates": [-76.04515839512622, 37.226783677770214]}}, {"type": "Feature", "properties": {"spacing_m": 500, "index": 1975, "depth_m": 10, "type": "isobath_sample_point"}, "geometry": {"type": "Point", "coordinates": [-76.04304296910905, 37.22260604813902]}}, {"type": "Feature", "properties": {"spacing_m": 500, "index": 1976, "depth_m": 10, "type": "isobath_sample_point"}, "geometry": {"type": "Point", "coordinates": [-76.04092754309188, 37.21842841850783]}}, {"type": "Feature", "properties": {"spacing_m": 500, "index": 1977, "depth_m": 10, "type": "isobath_sample_point"}, "geometry": {"type": "Point", "coordinates": [-76.03881211707471, 37.214250788876626]}}, {"type": "Feature", "properties": {"spacing_m": 500, "index": 1978, "depth_m": 10, "type": "isobath_sample_point"}, "geometry": {"type": "Point", "coordinates": [-76.03669669105754, 37.21007315924543]}}, {"type": "Feature", "properties": {"spacing_m": 500, "index": 1979, "depth_m": 10, "type": "isobath_sample_point"}, "geometry": {"type": "Point", "coordinates": [-76.03458126504037, 37.20589552961424]}}, {"type": "Feature", "properties": {"spacing_m": 500, "index": 1980, "depth_m": 10, "type": "isobath_sample_point"}, "geometry": {"type": "Point", "coordinates": [-76.03246583902322, 37.20171789998304]}}, {"type": "Feature", "properties": {"spacing_m": 500, "index": 1981, "depth_m": 10, "type": "isobath_sample_point"}, "geometry": {"type": "Point", "coordinates": [-76.03035041300605, 37.197540270351844]}}, {"type": "Feature", "properties": {"spacing_m": 500, "index": 1982, "depth_m": 10, "type": "isobath_sample_point"}, "geometry": {"type": "Point", "coordinates": [-76.02823498698888, 37.19336264072065]}}, {"type": "Feature", "properties": {"spacing_m": 500, "index": 1983, "depth_m": 10, "type": "isobath_sample_point"}, "geometry": {"type": "Point", "coordinates": [-76.02611956097171, 37.18918501108945]}}, {"type": "Feature", "properties": {"spacing_m": 500, "index": 1984, "depth_m": 10, "type": "isobath_sample_point"}, "geometry": {"type": "Point", "coordinates": [-76.02400413495454, 37.185007381458256]}}, {"type": "Feature", "properties": {"spacing_m": 500, "index": 1985, "depth_m": 10, "type": "isobath_sample_point"}, "geometry": {"type": "Point", "coordinates": [-76.02188870893737, 37.180829751827055]}}, {"type": "Feature", "properties": {"spacing_m": 500, "index": 1986, "depth_m": 10, "type": "isobath_sample_point"}, "geometry": {"type": "Point", "coordinates": [-76.02025615781575, 37.17666889984142]}}, {"type": "Feature", "properties": {"spacing_m": 500, "index": 1987, "depth_m": 10, "type": "isobath_sample_point"}, "geometry": {"type": "Point", "coordinates": [-76.02281888664315, 37.17265381422433]}}, {"type": "Feature", "properties": {"spacing_m": 500, "index": 1988, "depth_m": 10, "type": "isobath_sample_point"}, "geometry": {"type": "Point", "coordinates": [-76.02834897607933, 37.17231319836966]}}, {"type": "Feature", "properties": {"spacing_m": 500, "index": 1989, "depth_m": 10, "type": "isobath_sample_point"}, "geometry": {"type": "Point", "coordinates": [-76.03375437747106, 37.173117418545985]}}, {"type": "Feature", "properties": {"spacing_m": 500, "index": 1990, "depth_m": 10, "type": "isobath_sample_point"}, "geometry": {"type": "Point", "coordinates": [-76.03890376887989, 37.17497681963765]}}, {"type": "Feature", "properties": {"spacing_m": 500, "index": 1991, "depth_m": 10, "type": "isobath_sample_point"}, "geometry": {"type": "Point", "coordinates": [-76.04405316028873, 37.17683622072932]}}, {"type": "Feature", "properties": {"spacing_m": 500, "index": 1992, "depth_m": 10, "type": "isobath_sample_point"}, "geometry": {"type": "Point", "coordinates": [-76.04920255169758, 37.178695621820985]}}, {"type": "Feature", "properties": {"spacing_m": 500, "index": 1993, "depth_m": 10, "type": "isobath_sample_point"}, "geometry": {"type": "Point", "coordinates": [-76.05435194310641, 37.18055502291266]}}, {"type": "Feature", "properties": {"spacing_m": 500, "index": 1994, "depth_m": 10, "type": "isobath_sample_point"}, "geometry": {"type": "Point", "coordinates": [-76.05950133451525, 37.18241442400432]}}, {"type": "Feature", "properties": {"spacing_m": 500, "index": 1995, "depth_m": 10, "type": "isobath_sample_point"}, "geometry": {"type": "Point", "coordinates": [-76.06465669552237, 37.184241796026704]}}, {"type": "Feature", "properties": {"spacing_m": 500, "index": 1996, "depth_m": 10, "type": "isobath_sample_point"}, "geometry": {"type": "Point", "coordinates": [-76.07026221716406, 37.18365389226881]}}, {"type": "Feature", "properties": {"spacing_m": 500, "index": 1997, "depth_m": 10, "type": "isobath_sample_point"}, "geometry": {"type": "Point", "coordinates": [-76.07586773880574, 37.183065988510904]}}, {"type": "Feature", "properties": {"spacing_m": 500, "index": 1998, "depth_m": 10, "type": "isobath_sample_point"}, "geometry": {"type": "Point", "coordinates": [-76.08147326044741, 37.18247808475301]}}, {"type": "Feature", "properties": {"spacing_m": 500, "index": 1999, "depth_m": 10, "type": "isobath_sample_point"}, "geometry": {"type": "Point", "coordinates": [-76.0870787820891, 37.181890180995104]}}, {"type": "Feature", "properties": {"spacing_m": 500, "index": 2000, "depth_m": 10, "type": "isobath_sample_point"}, "geometry": {"type": "Point", "coordinates": [-76.09258036808355, 37.182340580521746]}}, {"type": "Feature", "properties": {"spacing_m": 500, "index": 2001, "depth_m": 10, "type": "isobath_sample_point"}, "geometry": {"type": "Point", "coordinates": [-76.09799800869278, 37.183629583275724]}}, {"type": "Feature", "properties": {"spacing_m": 500, "index": 2002, "depth_m": 10, "type": "isobath_sample_point"}, "geometry": {"type": "Point", "coordinates": [-76.10341564930202, 37.18491858602971]}}, {"type": "Feature", "properties": {"spacing_m": 500, "index": 2003, "depth_m": 10, "type": "isobath_sample_point"}, "geometry": {"type": "Point", "coordinates": [-76.10883328991126, 37.186207588783695]}}, {"type": "Feature", "properties": {"spacing_m": 500, "index": 2004, "depth_m": 10, "type": "isobath_sample_point"}, "geometry": {"type": "Point", "coordinates": [-76.11425093052048, 37.18749659153767]}}, {"type": "Feature", "properties": {"spacing_m": 500, "index": 2005, "depth_m": 10, "type": "isobath_sample_point"}, "geometry": {"type": "Point", "coordinates": [-76.11966857112972, 37.18878559429166]}}, {"type": "Feature", "properties": {"spacing_m": 500, "index": 2006, "depth_m": 10, "type": "isobath_sample_point"}, "geometry": {"type": "Point", "coordinates": [-76.12482421656792, 37.18858652574999]}}, {"type": "Feature", "properties": {"spacing_m": 500, "index": 2007, "depth_m": 10, "type": "isobath_sample_point"}, "geometry": {"type": "Point", "coordinates": [-76.12958762062951, 37.186159617927274]}}, {"type": "Feature", "properties": {"spacing_m": 500, "index": 2008, "depth_m": 10, "type": "isobath_sample_point"}, "geometry": {"type": "Point", "coordinates": [-76.13298381651123, 37.182699118653716]}}, {"type": "Feature", "properties": {"spacing_m": 500, "index": 2009, "depth_m": 10, "type": "isobath_sample_point"}, "geometry": {"type": "Point", "coordinates": [-76.13484672480935, 37.17849021631985]}}, {"type": "Feature", "properties": {"spacing_m": 500, "index": 2010, "depth_m": 10, "type": "isobath_sample_point"}, "geometry": {"type": "Point", "coordinates": [-76.13616338824916, 37.17410959190077]}}, {"type": "Feature", "properties": {"spacing_m": 500, "index": 2011, "depth_m": 10, "type": "isobath_sample_point"}, "geometry": {"type": "Point", "coordinates": [-76.13748005168897, 37.169728967481696]}}, {"type": "Feature", "properties": {"spacing_m": 500, "index": 2012, "depth_m": 10, "type": "isobath_sample_point"}, "geometry": {"type": "Point", "coordinates": [-76.13879671512879, 37.16534834306261]}}, {"type": "Feature", "properties": {"spacing_m": 500, "index": 2013, "depth_m": 10, "type": "isobath_sample_point"}, "geometry": {"type": "Point", "coordinates": [-76.13779272981813, 37.16099788406263]}}, {"type": "Feature", "properties": {"spacing_m": 500, "index": 2014, "depth_m": 10, "type": "isobath_sample_point"}, "geometry": {"type": "Point", "coordinates": [-76.13629773010892, 37.156653807611974]}}, {"type": "Feature", "properties": {"spacing_m": 500, "index": 2015, "depth_m": 10, "type": "isobath_sample_point"}, "geometry": {"type": "Point", "coordinates": [-76.13411378491146, 37.15256290263521]}}, {"type": "Feature", "properties": {"spacing_m": 500, "index": 2016, "depth_m": 10, "type": "isobath_sample_point"}, "geometry": {"type": "Point", "coordinates": [-76.13094113011002, 37.148835325486196]}}, {"type": "Feature", "properties": {"spacing_m": 500, "index": 2017, "depth_m": 10, "type": "isobath_sample_point"}, "geometry": {"type": "Point", "coordinates": [-76.12776847530859, 37.14510774833718]}}, {"type": "Feature", "properties": {"spacing_m": 500, "index": 2018, "depth_m": 10, "type": "isobath_sample_point"}, "geometry": {"type": "Point", "coordinates": [-76.12459582050714, 37.14138017118817]}}, {"type": "Feature", "properties": {"spacing_m": 500, "index": 2019, "depth_m": 10, "type": "isobath_sample_point"}, "geometry": {"type": "Point", "coordinates": [-76.12142316570569, 37.13765259403915]}}, {"type": "Feature", "properties": {"spacing_m": 500, "index": 2020, "depth_m": 10, "type": "isobath_sample_point"}, "geometry": {"type": "Point", "coordinates": [-76.11838067235216, 37.13386675197457]}}, {"type": "Feature", "properties": {"spacing_m": 500, "index": 2021, "depth_m": 10, "type": "isobath_sample_point"}, "geometry": {"type": "Point", "coordinates": [-76.11603477702589, 37.12976908773917]}}, {"type": "Feature", "properties": {"spacing_m": 500, "index": 2022, "depth_m": 10, "type": "isobath_sample_point"}, "geometry": {"type": "Point", "coordinates": [-76.11368888169963, 37.12567142350377]}}, {"type": "Feature", "properties": {"spacing_m": 500, "index": 2023, "depth_m": 10, "type": "isobath_sample_point"}, "geometry": {"type": "Point", "coordinates": [-76.11134298637336, 37.121573759268365]}}, {"type": "Feature", "properties": {"spacing_m": 500, "index": 2024, "depth_m": 10, "type": "isobath_sample_point"}, "geometry": {"type": "Point", "coordinates": [-76.10899709104709, 37.11747609503296]}}, {"type": "Feature", "properties": {"spacing_m": 500, "index": 2025, "depth_m": 10, "type": "isobath_sample_point"}, "geometry": {"type": "Point", "coordinates": [-76.10665119572083, 37.11337843079755]}}, {"type": "Feature", "properties": {"spacing_m": 500, "index": 2026, "depth_m": 10, "type": "isobath_sample_point"}, "geometry": {"type": "Point", "coordinates": [-76.10430530039456, 37.10928076656215]}}, {"type": "Feature", "properties": {"spacing_m": 500, "index": 2027, "depth_m": 10, "type": "isobath_sample_point"}, "geometry": {"type": "Point", "coordinates": [-76.10195940506829, 37.10518310232675]}}, {"type": "Feature", "properties": {"spacing_m": 500, "index": 2028, "depth_m": 10, "type": "isobath_sample_point"}, "geometry": {"type": "Point", "coordinates": [-76.09961350974201, 37.101085438091346]}}, {"type": "Feature", "properties": {"spacing_m": 500, "index": 2029, "depth_m": 10, "type": "isobath_sample_point"}, "geometry": {"type": "Point", "coordinates": [-76.09726761441576, 37.09698777385594]}}, {"type": "Feature", "properties": {"spacing_m": 500, "index": 2030, "depth_m": 10, "type": "isobath_sample_point"}, "geometry": {"type": "Point", "coordinates": [-76.09492171908948, 37.09289010962054]}}, {"type": "Feature", "properties": {"spacing_m": 500, "index": 2031, "depth_m": 10, "type": "isobath_sample_point"}, "geometry": {"type": "Point", "coordinates": [-76.09234750248254, 37.0889046603068]}}, {"type": "Feature", "properties": {"spacing_m": 500, "index": 2032, "depth_m": 10, "type": "isobath_sample_point"}, "geometry": {"type": "Point", "coordinates": [-76.08881865330278, 37.08538839204821]}}, {"type": "Feature", "properties": {"spacing_m": 500, "index": 2033, "depth_m": 10, "type": "isobath_sample_point"}, "geometry": {"type": "Point", "coordinates": [-76.08528980412301, 37.08187212378961]}}, {"type": "Feature", "properties": {"spacing_m": 500, "index": 2034, "depth_m": 10, "type": "isobath_sample_point"}, "geometry": {"type": "Point", "coordinates": [-76.08176095494323, 37.078355855531015]}}, {"type": "Feature", "properties": {"spacing_m": 500, "index": 2035, "depth_m": 10, "type": "isobath_sample_point"}, "geometry": {"type": "Point", "coordinates": [-76.07823210576348, 37.07483958727242]}}, {"type": "Feature", "properties": {"spacing_m": 500, "index": 2036, "depth_m": 10, "type": "isobath_sample_point"}, "geometry": {"type": "Point", "coordinates": [-76.0747032565837, 37.07132331901382]}}, {"type": "Feature", "properties": {"spacing_m": 500, "index": 2037, "depth_m": 10, "type": "isobath_sample_point"}, "geometry": {"type": "Point", "coordinates": [-76.07117440740394, 37.06780705075523]}}, {"type": "Feature", "properties": {"spacing_m": 500, "index": 2038, "depth_m": 10, "type": "isobath_sample_point"}, "geometry": {"type": "Point", "coordinates": [-76.06699470507007, 37.06523093323727]}}, {"type": "Feature", "properties": {"spacing_m": 500, "index": 2039, "depth_m": 10, "type": "isobath_sample_point"}, "geometry": {"type": "Point", "coordinates": [-76.06138628712604, 37.06471858084145]}}, {"type": "Feature", "properties": {"spacing_m": 500, "index": 2040, "depth_m": 10, "type": "isobath_sample_point"}, "geometry": {"type": "Point", "coordinates": [-76.055777869182, 37.064206228445634]}}, {"type": "Feature", "properties": {"spacing_m": 500, "index": 2041, "depth_m": 10, "type": "isobath_sample_point"}, "geometry": {"type": "Point", "coordinates": [-76.05050379957167, 37.062988855267484]}}, {"type": "Feature", "properties": {"spacing_m": 500, "index": 2042, "depth_m": 10, "type": "isobath_sample_point"}, "geometry": {"type": "Point", "coordinates": [-76.04587515211553, 37.0604105181299]}}, {"type": "Feature", "properties": {"spacing_m": 500, "index": 2043, "depth_m": 10, "type": "isobath_sample_point"}, "geometry": {"type": "Point", "coordinates": [-76.04298346861488, 37.05686842367801]}}, {"type": "Feature", "properties": {"spacing_m": 500, "index": 2044, "depth_m": 10, "type": "isobath_sample_point"}, "geometry": {"type": "Point", "coordinates": [-76.04156624866314, 37.05250822069518]}}, {"type": "Feature", "properties": {"spacing_m": 500, "index": 2045, "depth_m": 10, "type": "isobath_sample_point"}, "geometry": {"type": "Point", "coordinates": [-76.04357955311693, 37.04839818971062]}}, {"type": "Feature", "properties": {"spacing_m": 500, "index": 2046, "depth_m": 10, "type": "isobath_sample_point"}, "geometry": {"type": "Point", "coordinates": [-76.04596324373662, 37.04431516924581]}}, {"type": "Feature", "properties": {"spacing_m": 500, "index": 2047, "depth_m": 10, "type": "isobath_sample_point"}, "geometry": {"type": "Point", "coordinates": [-76.04696370400076, 37.0399060883544]}}, {"type": "Feature", "properties": {"spacing_m": 500, "index": 2048, "depth_m": 10, "type": "isobath_sample_point"}, "geometry": {"type": "Point", "coordinates": [-76.04774193790905, 37.03544462340411]}}, {"type": "Feature", "properties": {"spacing_m": 500, "index": 2049, "depth_m": 10, "type": "isobath_sample_point"}, "geometry": {"type": "Point", "coordinates": [-76.04621574537768, 37.031110501848445]}}, {"type": "Feature", "properties": {"spacing_m": 500, "index": 2050, "depth_m": 10, "type": "isobath_sample_point"}, "geometry": {"type": "Point", "coordinates": [-76.04467502163496, 37.02677718329251]}}, {"type": "Feature", "properties": {"spacing_m": 500, "index": 2051, "depth_m": 10, "type": "isobath_sample_point"}, "geometry": {"type": "Point", "coordinates": [-76.04296273813459, 37.02250678797116]}}, {"type": "Feature", "properties": {"spacing_m": 500, "index": 2052, "depth_m": 10, "type": "isobath_sample_point"}, "geometry": {"type": "Point", "coordinates": [-76.03984963696722, 37.01875017268719]}}, {"type": "Feature", "properties": {"spacing_m": 500, "index": 2053, "depth_m": 10, "type": "isobath_sample_point"}, "geometry": {"type": "Point", "coordinates": [-76.03673653579985, 37.01499355740323]}}, {"type": "Feature", "properties": {"spacing_m": 500, "index": 2054, "depth_m": 10, "type": "isobath_sample_point"}, "geometry": {"type": "Point", "coordinates": [-76.03298117569707, 37.011683251744316]}}, {"type": "Feature", "properties": {"spacing_m": 500, "index": 2055, "depth_m": 10, "type": "isobath_sample_point"}, "geometry": {"type": "Point", "coordinates": [-76.02875309498246, 37.00870144250234]}}, {"type": "Feature", "properties": {"spacing_m": 500, "index": 2056, "depth_m": 10, "type": "isobath_sample_point"}, "geometry": {"type": "Point", "coordinates": [-76.02452501426787, 37.00571963326036]}}, {"type": "Feature", "properties": {"spacing_m": 500, "index": 2057, "depth_m": 10, "type": "isobath_sample_point"}, "geometry": {"type": "Point", "coordinates": [-76.01989295442884, 37.003186108818625]}}, {"type": "Feature", "properties": {"spacing_m": 500, "index": 2058, "depth_m": 10, "type": "isobath_sample_point"}, "geometry": {"type": "Point", "coordinates": [-76.01501287739586, 37.00092780240556]}}, {"type": "Feature", "properties": {"spacing_m": 500, "index": 2059, "depth_m": 10, "type": "isobath_sample_point"}, "geometry": {"type": "Point", "coordinates": [-76.01013280036288, 36.9986694959925]}}, {"type": "Feature", "properties": {"spacing_m": 500, "index": 2060, "depth_m": 10, "type": "isobath_sample_point"}, "geometry": {"type": "Point", "coordinates": [-76.0052527233299, 36.99641118957944]}}, {"type": "Feature", "properties": {"spacing_m": 500, "index": 2061, "depth_m": 10, "type": "isobath_sample_point"}, "geometry": {"type": "Point", "coordinates": [-76.00037264629694, 36.99415288316637]}}, {"type": "Feature", "properties": {"spacing_m": 500, "index": 2062, "depth_m": 10, "type": "isobath_sample_point"}, "geometry": {"type": "Point", "coordinates": [-75.99549256926396, 36.99189457675331]}}, {"type": "Feature", "properties": {"spacing_m": 500, "index": 2063, "depth_m": 10, "type": "isobath_sample_point"}, "geometry": {"type": "Point", "coordinates": [-75.9909928071854, 36.98920775747977]}}, {"type": "Feature", "properties": {"spacing_m": 500, "index": 2064, "depth_m": 10, "type": "isobath_sample_point"}, "geometry": {"type": "Point", "coordinates": [-75.98670427172335, 36.98628294251191]}}, {"type": "Feature", "properties": {"spacing_m": 500, "index": 2065, "depth_m": 10, "type": "isobath_sample_point"}, "geometry": {"type": "Point", "coordinates": [-75.98241573626129, 36.983358127544065]}}, {"type": "Feature", "properties": {"spacing_m": 500, "index": 2066, "depth_m": 10, "type": "isobath_sample_point"}, "geometry": {"type": "Point", "coordinates": [-75.97812720079922, 36.98043331257622]}}, {"type": "Feature", "properties": {"spacing_m": 500, "index": 2067, "depth_m": 10, "type": "isobath_sample_point"}, "geometry": {"type": "Point", "coordinates": [-75.97383866533715, 36.97750849760836]}}, {"type": "Feature", "properties": {"spacing_m": 500, "index": 2068, "depth_m": 10, "type": "isobath_sample_point"}, "geometry": {"type": "Point", "coordinates": [-75.96955012987509, 36.974583682640514]}}, {"type": "Feature", "properties": {"spacing_m": 500, "index": 2069, "depth_m": 10, "type": "isobath_sample_point"}, "geometry": {"type": "Point", "coordinates": [-75.96506479944689, 36.971871234780075]}}, {"type": "Feature", "properties": {"spacing_m": 500, "index": 2070, "depth_m": 10, "type": "isobath_sample_point"}, "geometry": {"type": "Point", "coordinates": [-75.96031864804995, 36.969440246327736]}}, {"type": "Feature", "properties": {"spacing_m": 500, "index": 2071, "depth_m": 10, "type": "isobath_sample_point"}, "geometry": {"type": "Point", "coordinates": [-75.95557249665299, 36.967009257875404]}}, {"type": "Feature", "properties": {"spacing_m": 500, "index": 2072, "depth_m": 10, "type": "isobath_sample_point"}, "geometry": {"type": "Point", "coordinates": [-75.95082634525605, 36.96457826942307]}}, {"type": "Feature", "properties": {"spacing_m": 500, "index": 2073, "depth_m": 10, "type": "isobath_sample_point"}, "geometry": {"type": "Point", "coordinates": [-75.94608019385909, 36.96214728097074]}}, {"type": "Feature", "properties": {"spacing_m": 500, "index": 2074, "depth_m": 10, "type": "isobath_sample_point"}, "geometry": {"type": "Point", "coordinates": [-75.94133404246215, 36.95971629251841]}}, {"type": "Feature", "properties": {"spacing_m": 500, "index": 2075, "depth_m": 10, "type": "isobath_sample_point"}, "geometry": {"type": "Point", "coordinates": [-75.93658789106519, 36.957285304066076]}}, {"type": "Feature", "properties": {"spacing_m": 500, "index": 2076, "depth_m": 10, "type": "isobath_sample_point"}, "geometry": {"type": "Point", "coordinates": [-75.93164334012762, 36.955140586114595]}}, {"type": "Feature", "properties": {"spacing_m": 500, "index": 2077, "depth_m": 10, "type": "isobath_sample_point"}, "geometry": {"type": "Point", "coordinates": [-75.92655161848789, 36.95320822062362]}}, {"type": "Feature", "properties": {"spacing_m": 500, "index": 2078, "depth_m": 10, "type": "isobath_sample_point"}, "geometry": {"type": "Point", "coordinates": [-75.92145989684816, 36.95127585513266]}}, {"type": "Feature", "properties": {"spacing_m": 500, "index": 2079, "depth_m": 10, "type": "isobath_sample_point"}, "geometry": {"type": "Point", "coordinates": [-75.91636817520843, 36.94934348964169]}}, {"type": "Feature", "properties": {"spacing_m": 500, "index": 2080, "depth_m": 10, "type": "isobath_sample_point"}, "geometry": {"type": "Point", "coordinates": [-75.9109791183936, 36.94815474363641]}}, {"type": "Feature", "properties": {"spacing_m": 500, "index": 2081, "depth_m": 10, "type": "isobath_sample_point"}, "geometry": {"type": "Point", "coordinates": [-75.90542957909702, 36.94736735579701]}}, {"type": "Feature", "properties": {"spacing_m": 500, "index": 2082, "depth_m": 10, "type": "isobath_sample_point"}, "geometry": {"type": "Point", "coordinates": [-75.89988003980045, 36.94657996795762]}}, {"type": "Feature", "properties": {"spacing_m": 500, "index": 2083, "depth_m": 10, "type": "isobath_sample_point"}, "geometry": {"type": "Point", "coordinates": [-75.89433050050387, 36.94579258011822]}}, {"type": "Feature", "properties": {"spacing_m": 500, "index": 2084, "depth_m": 10, "type": "isobath_sample_point"}, "geometry": {"type": "Point", "coordinates": [-75.88879395141153, 36.945280809554156]}}, {"type": "Feature", "properties": {"spacing_m": 500, "index": 2085, "depth_m": 10, "type": "isobath_sample_point"}, "geometry": {"type": "Point", "coordinates": [-75.88333425776948, 36.94639970540858]}}, {"type": "Feature", "properties": {"spacing_m": 500, "index": 2086, "depth_m": 10, "type": "isobath_sample_point"}, "geometry": {"type": "Point", "coordinates": [-75.87787456412744, 36.947518601263]}}, {"type": "Feature", "properties": {"spacing_m": 500, "index": 2087, "depth_m": 10, "type": "isobath_sample_point"}, "geometry": {"type": "Point", "coordinates": [-75.87241487048539, 36.94863749711742]}}, {"type": "Feature", "properties": {"spacing_m": 500, "index": 2088, "depth_m": 10, "type": "isobath_sample_point"}, "geometry": {"type": "Point", "coordinates": [-75.86724558315713, 36.950253216820066]}}, {"type": "Feature", "properties": {"spacing_m": 500, "index": 2089, "depth_m": 10, "type": "isobath_sample_point"}, "geometry": {"type": "Point", "coordinates": [-75.86266927989205, 36.95288340697404]}}, {"type": "Feature", "properties": {"spacing_m": 500, "index": 2090, "depth_m": 10, "type": "isobath_sample_point"}, "geometry": {"type": "Point", "coordinates": [-75.85809297662695, 36.95551359712802]}}, {"type": "Feature", "properties": {"spacing_m": 500, "index": 2091, "depth_m": 10, "type": "isobath_sample_point"}, "geometry": {"type": "Point", "coordinates": [-75.85351667336187, 36.95814378728199]}}, {"type": "Feature", "properties": {"spacing_m": 500, "index": 2092, "depth_m": 10, "type": "isobath_sample_point"}, "geometry": {"type": "Point", "coordinates": [-75.84894037009678, 36.96077397743597]}}, {"type": "Feature", "properties": {"spacing_m": 500, "index": 2093, "depth_m": 10, "type": "isobath_sample_point"}, "geometry": {"type": "Point", "coordinates": [-75.8443640668317, 36.96340416758994]}}, {"type": "Feature", "properties": {"spacing_m": 500, "index": 2094, "depth_m": 10, "type": "isobath_sample_point"}, "geometry": {"type": "Point", "coordinates": [-75.84162135451498, 36.96700626272047]}}, {"type": "Feature", "properties": {"spacing_m": 500, "index": 2095, "depth_m": 10, "type": "isobath_sample_point"}, "geometry": {"type": "Point", "coordinates": [-75.84270219740837, 36.97115565400571]}}, {"type": "Feature", "properties": {"spacing_m": 500, "index": 2096, "depth_m": 10, "type": "isobath_sample_point"}, "geometry": {"type": "Point", "coordinates": [-75.8460561021701, 36.97471862565976]}}, {"type": "Feature", "properties": {"spacing_m": 500, "index": 2097, "depth_m": 10, "type": "isobath_sample_point"}, "geometry": {"type": "Point", "coordinates": [-75.84999197722375, 36.977944413736815]}}, {"type": "Feature", "properties": {"spacing_m": 500, "index": 2098, "depth_m": 10, "type": "isobath_sample_point"}, "geometry": {"type": "Point", "coordinates": [-75.8539278522774, 36.981170201813875]}}, {"type": "Feature", "properties": {"spacing_m": 500, "index": 2099, "depth_m": 10, "type": "isobath_sample_point"}, "geometry": {"type": "Point", "coordinates": [-75.85786372733104, 36.98439598989093]}}, {"type": "Feature", "properties": {"spacing_m": 500, "index": 2100, "depth_m": 10, "type": "isobath_sample_point"}, "geometry": {"type": "Point", "coordinates": [-75.86179960238468, 36.98762177796798]}}, {"type": "Feature", "properties": {"spacing_m": 500, "index": 2101, "depth_m": 10, "type": "isobath_sample_point"}, "geometry": {"type": "Point", "coordinates": [-75.86573547743834, 36.99084756604503]}}, {"type": "Feature", "properties": {"spacing_m": 500, "index": 2102, "depth_m": 10, "type": "isobath_sample_point"}, "geometry": {"type": "Point", "coordinates": [-75.86929903653115, 36.994201184315536]}}, {"type": "Feature", "properties": {"spacing_m": 500, "index": 2103, "depth_m": 10, "type": "isobath_sample_point"}, "geometry": {"type": "Point", "coordinates": [-75.86952067909093, 36.99870220931001]}}, {"type": "Feature", "properties": {"spacing_m": 500, "index": 2104, "depth_m": 10, "type": "isobath_sample_point"}, "geometry": {"type": "Point", "coordinates": [-75.86879408812273, 37.002947915900634]}}, {"type": "Feature", "properties": {"spacing_m": 500, "index": 2105, "depth_m": 10, "type": "isobath_sample_point"}, "geometry": {"type": "Point", "coordinates": [-75.86520465906105, 37.00642278363043]}}, {"type": "Feature", "properties": {"spacing_m": 500, "index": 2106, "depth_m": 10, "type": "isobath_sample_point"}, "geometry": {"type": "Point", "coordinates": [-75.86161522999937, 37.00989765136021]}}, {"type": "Feature", "properties": {"spacing_m": 500, "index": 2107, "depth_m": 10, "type": "isobath_sample_point"}, "geometry": {"type": "Point", "coordinates": [-75.8580258009377, 37.013372519090005]}}, {"type": "Feature", "properties": {"spacing_m": 500, "index": 2108, "depth_m": 10, "type": "isobath_sample_point"}, "geometry": {"type": "Point", "coordinates": [-75.85393536210282, 37.01644714133603]}}, {"type": "Feature", "properties": {"spacing_m": 500, "index": 2109, "depth_m": 10, "type": "isobath_sample_point"}, "geometry": {"type": "Point", "coordinates": [-75.84957698358672, 37.01930771257333]}}, {"type": "Feature", "properties": {"spacing_m": 500, "index": 2110, "depth_m": 10, "type": "isobath_sample_point"}, "geometry": {"type": "Point", "coordinates": [-75.84521860507061, 37.02216828381063]}}, {"type": "Feature", "properties": {"spacing_m": 500, "index": 2111, "depth_m": 10, "type": "isobath_sample_point"}, "geometry": {"type": "Point", "coordinates": [-75.8408602265545, 37.02502885504793]}}, {"type": "Feature", "properties": {"spacing_m": 500, "index": 2112, "depth_m": 10, "type": "isobath_sample_point"}, "geometry": {"type": "Point", "coordinates": [-75.8365018480384, 37.02788942628523]}}, {"type": "Feature", "properties": {"spacing_m": 500, "index": 2113, "depth_m": 10, "type": "isobath_sample_point"}, "geometry": {"type": "Point", "coordinates": [-75.8321434695223, 37.030749997522534]}}, {"type": "Feature", "properties": {"spacing_m": 500, "index": 2114, "depth_m": 10, "type": "isobath_sample_point"}, "geometry": {"type": "Point", "coordinates": [-75.82778509100618, 37.03361056875983]}}, {"type": "Feature", "properties": {"spacing_m": 500, "index": 2115, "depth_m": 10, "type": "isobath_sample_point"}, "geometry": {"type": "Point", "coordinates": [-75.8238196681675, 37.03676530101329]}}, {"type": "Feature", "properties": {"spacing_m": 500, "index": 2116, "depth_m": 10, "type": "isobath_sample_point"}, "geometry": {"type": "Point", "coordinates": [-75.82052729831744, 37.04042387113558]}}, {"type": "Feature", "properties": {"spacing_m": 500, "index": 2117, "depth_m": 10, "type": "isobath_sample_point"}, "geometry": {"type": "Point", "coordinates": [-75.81723492846739, 37.04408244125787]}}, {"type": "Feature", "properties": {"spacing_m": 500, "index": 2118, "depth_m": 10, "type": "isobath_sample_point"}, "geometry": {"type": "Point", "coordinates": [-75.81394255861733, 37.047741011380154]}}, {"type": "Feature", "properties": {"spacing_m": 500, "index": 2119, "depth_m": 10, "type": "isobath_sample_point"}, "geometry": {"type": "Point", "coordinates": [-75.81065018876726, 37.051399581502444]}}, {"type": "Feature", "properties": {"spacing_m": 500, "index": 2120, "depth_m": 10, "type": "isobath_sample_point"}, "geometry": {"type": "Point", "coordinates": [-75.8073578189172, 37.05505815162473]}}, {"type": "Feature", "properties": {"spacing_m": 500, "index": 2121, "depth_m": 10, "type": "isobath_sample_point"}, "geometry": {"type": "Point", "coordinates": [-75.80459161793044, 37.05896985235963]}}, {"type": "Feature", "properties": {"spacing_m": 500, "index": 2122, "depth_m": 10, "type": "isobath_sample_point"}, "geometry": {"type": "Point", "coordinates": [-75.80207964647144, 37.06300385846187]}}, {"type": "Feature", "properties": {"spacing_m": 500, "index": 2123, "depth_m": 10, "type": "isobath_sample_point"}, "geometry": {"type": "Point", "coordinates": [-75.79956767501243, 37.06703786456411]}}, {"type": "Feature", "properties": {"spacing_m": 500, "index": 2124, "depth_m": 10, "type": "isobath_sample_point"}, "geometry": {"type": "Point", "coordinates": [-75.79705570355343, 37.07107187066634]}}, {"type": "Feature", "properties": {"spacing_m": 500, "index": 2125, "depth_m": 10, "type": "isobath_sample_point"}, "geometry": {"type": "Point", "coordinates": [-75.79454373209443, 37.075105876768575]}}, {"type": "Feature", "properties": {"spacing_m": 500, "index": 2126, "depth_m": 10, "type": "isobath_sample_point"}, "geometry": {"type": "Point", "coordinates": [-75.79203176063541, 37.07913988287081]}}, {"type": "Feature", "properties": {"spacing_m": 500, "index": 2127, "depth_m": 10, "type": "isobath_sample_point"}, "geometry": {"type": "Point", "coordinates": [-75.79035413241455, 37.083378603061746]}}, {"type": "Feature", "properties": {"spacing_m": 500, "index": 2128, "depth_m": 10, "type": "isobath_sample_point"}, "geometry": {"type": "Point", "coordinates": [-75.78959160999399, 37.08784185320799]}}, {"type": "Feature", "properties": {"spacing_m": 500, "index": 2129, "depth_m": 10, "type": "isobath_sample_point"}, "geometry": {"type": "Point", "coordinates": [-75.78882908757345, 37.09230510335424]}}, {"type": "Feature", "properties": {"spacing_m": 500, "index": 2130, "depth_m": 10, "type": "isobath_sample_point"}, "geometry": {"type": "Point", "coordinates": [-75.78806656515289, 37.096768353500494]}}, {"type": "Feature", "properties": {"spacing_m": 500, "index": 2131, "depth_m": 10, "type": "isobath_sample_point"}, "geometry": {"type": "Point", "coordinates": [-75.78730404273234, 37.10123160364674]}}, {"type": "Feature", "properties": {"spacing_m": 500, "index": 2132, "depth_m": 10, "type": "isobath_sample_point"}, "geometry": {"type": "Point", "coordinates": [-75.7856073806037, 37.105511922592925]}}, {"type": "Feature", "properties": {"spacing_m": 500, "index": 2133, "depth_m": 10, "type": "isobath_sample_point"}, "geometry": {"type": "Point", "coordinates": [-75.78369041388873, 37.10974909961719]}}, {"type": "Feature", "properties": {"spacing_m": 500, "index": 2134, "depth_m": 10, "type": "isobath_sample_point"}, "geometry": {"type": "Point", "coordinates": [-75.78177344717378, 37.113986276641455]}}, {"type": "Feature", "properties": {"spacing_m": 500, "index": 2135, "depth_m": 10, "type": "isobath_sample_point"}, "geometry": {"type": "Point", "coordinates": [-75.77985648045882, 37.11822345366572]}}, {"type": "Feature", "properties": {"spacing_m": 500, "index": 2136, "depth_m": 10, "type": "isobath_sample_point"}, "geometry": {"type": "Point", "coordinates": [-75.77793951374386, 37.12246063068998]}}, {"type": "Feature", "properties": {"spacing_m": 500, "index": 2137, "depth_m": 10, "type": "isobath_sample_point"}, "geometry": {"type": "Point", "coordinates": [-75.77530462926897, 37.1264396212737]}}, {"type": "Feature", "properties": {"spacing_m": 500, "index": 2138, "depth_m": 10, "type": "isobath_sample_point"}, "geometry": {"type": "Point", "coordinates": [-75.77258315814663, 37.130387472499194]}}, {"type": "Feature", "properties": {"spacing_m": 500, "index": 2139, "depth_m": 10, "type": "isobath_sample_point"}, "geometry": {"type": "Point", "coordinates": [-75.7698616870243, 37.134335323724684]}}, {"type": "Feature", "properties": {"spacing_m": 500, "index": 2140, "depth_m": 10, "type": "isobath_sample_point"}, "geometry": {"type": "Point", "coordinates": [-75.76714021590196, 37.13828317495018]}}, {"type": "Feature", "properties": {"spacing_m": 500, "index": 2141, "depth_m": 10, "type": "isobath_sample_point"}, "geometry": {"type": "Point", "coordinates": [-75.76441874477962, 37.14223102617567]}}, {"type": "Feature", "properties": {"spacing_m": 500, "index": 2142, "depth_m": 10, "type": "isobath_sample_point"}, "geometry": {"type": "Point", "coordinates": [-75.76169727365729, 37.14617887740117]}}, {"type": "Feature", "properties": {"spacing_m": 500, "index": 2143, "depth_m": 10, "type": "isobath_sample_point"}, "geometry": {"type": "Point", "coordinates": [-75.75897580253495, 37.15012672862666]}}, {"type": "Feature", "properties": {"spacing_m": 500, "index": 2144, "depth_m": 10, "type": "isobath_sample_point"}, "geometry": {"type": "Point", "coordinates": [-75.7562543314126, 37.15407457985215]}}, {"type": "Feature", "properties": {"spacing_m": 500, "index": 2145, "depth_m": 10, "type": "isobath_sample_point"}, "geometry": {"type": "Point", "coordinates": [-75.75353286029028, 37.15802243107765]}}, {"type": "Feature", "properties": {"spacing_m": 500, "index": 2146, "depth_m": 10, "type": "isobath_sample_point"}, "geometry": {"type": "Point", "coordinates": [-75.75081138916794, 37.16197028230314]}}, {"type": "Feature", "properties": {"spacing_m": 500, "index": 2147, "depth_m": 10, "type": "isobath_sample_point"}, "geometry": {"type": "Point", "coordinates": [-75.7480899180456, 37.165918133528635]}}, {"type": "Feature", "properties": {"spacing_m": 500, "index": 2148, "depth_m": 10, "type": "isobath_sample_point"}, "geometry": {"type": "Point", "coordinates": [-75.74536844692327, 37.169865984754125]}}, {"type": "Feature", "properties": {"spacing_m": 500, "index": 2149, "depth_m": 10, "type": "isobath_sample_point"}, "geometry": {"type": "Point", "coordinates": [-75.74264697580092, 37.17381383597962]}}, {"type": "Feature", "properties": {"spacing_m": 500, "index": 2150, "depth_m": 10, "type": "isobath_sample_point"}, "geometry": {"type": "Point", "coordinates": [-75.73992550467858, 37.17776168720511]}}, {"type": "Feature", "properties": {"spacing_m": 500, "index": 2151, "depth_m": 10, "type": "isobath_sample_point"}, "geometry": {"type": "Point", "coordinates": [-75.7373033819958, 37.181744902094245]}}, {"type": "Feature", "properties": {"spacing_m": 500, "index": 2152, "depth_m": 10, "type": "isobath_sample_point"}, "geometry": {"type": "Point", "coordinates": [-75.73543540392798, 37.1859965592118]}}, {"type": "Feature", "properties": {"spacing_m": 500, "index": 2153, "depth_m": 10, "type": "isobath_sample_point"}, "geometry": {"type": "Point", "coordinates": [-75.73356742586017, 37.19024821632935]}}, {"type": "Feature", "properties": {"spacing_m": 500, "index": 2154, "depth_m": 10, "type": "isobath_sample_point"}, "geometry": {"type": "Point", "coordinates": [-75.73169944779237, 37.19449987344691]}}, {"type": "Feature", "properties": {"spacing_m": 500, "index": 2155, "depth_m": 10, "type": "isobath_sample_point"}, "geometry": {"type": "Point", "coordinates": [-75.72983146972456, 37.19875153056446]}}, {"type": "Feature", "properties": {"spacing_m": 500, "index": 2156, "depth_m": 10, "type": "isobath_sample_point"}, "geometry": {"type": "Point", "coordinates": [-75.72796349165674, 37.203003187682015]}}, {"type": "Feature", "properties": {"spacing_m": 500, "index": 2157, "depth_m": 10, "type": "isobath_sample_point"}, "geometry": {"type": "Point", "coordinates": [-75.72609551358893, 37.207254844799564]}}, {"type": "Feature", "properties": {"spacing_m": 500, "index": 2158, "depth_m": 10, "type": "isobath_sample_point"}, "geometry": {"type": "Point", "coordinates": [-75.72422753552112, 37.21150650191712]}}, {"type": "Feature", "properties": {"spacing_m": 500, "index": 2159, "depth_m": 10, "type": "isobath_sample_point"}, "geometry": {"type": "Point", "coordinates": [-75.72224236106776, 37.21572173627895]}}, {"type": "Feature", "properties": {"spacing_m": 500, "index": 2160, "depth_m": 10, "type": "isobath_sample_point"}, "geometry": {"type": "Point", "coordinates": [-75.71998142543869, 37.219851268493116]}}, {"type": "Feature", "properties": {"spacing_m": 500, "index": 2161, "depth_m": 10, "type": "isobath_sample_point"}, "geometry": {"type": "Point", "coordinates": [-75.71772048980964, 37.22398080070728]}}, {"type": "Feature", "properties": {"spacing_m": 500, "index": 2162, "depth_m": 10, "type": "isobath_sample_point"}, "geometry": {"type": "Point", "coordinates": [-75.71545955418057, 37.228110332921446]}}, {"type": "Feature", "properties": {"spacing_m": 500, "index": 2163, "depth_m": 10, "type": "isobath_sample_point"}, "geometry": {"type": "Point", "coordinates": [-75.7131986185515, 37.232239865135604]}}, {"type": "Feature", "properties": {"spacing_m": 500, "index": 2164, "depth_m": 10, "type": "isobath_sample_point"}, "geometry": {"type": "Point", "coordinates": [-75.71093768292243, 37.23636939734977]}}, {"type": "Feature", "properties": {"spacing_m": 500, "index": 2165, "depth_m": 10, "type": "isobath_sample_point"}, "geometry": {"type": "Point", "coordinates": [-75.70867674729337, 37.240498929563934]}}, {"type": "Feature", "properties": {"spacing_m": 500, "index": 2166, "depth_m": 10, "type": "isobath_sample_point"}, "geometry": {"type": "Point", "coordinates": [-75.7064158116643, 37.2446284617781]}}, {"type": "Feature", "properties": {"spacing_m": 500, "index": 2167, "depth_m": 10, "type": "isobath_sample_point"}, "geometry": {"type": "Point", "coordinates": [-75.70415487603523, 37.248757993992264]}}, {"type": "Feature", "properties": {"spacing_m": 500, "index": 2168, "depth_m": 10, "type": "isobath_sample_point"}, "geometry": {"type": "Point", "coordinates": [-75.70189394040618, 37.25288752620643]}}, {"type": "Feature", "properties": {"spacing_m": 500, "index": 2169, "depth_m": 10, "type": "isobath_sample_point"}, "geometry": {"type": "Point", "coordinates": [-75.69963300477711, 37.257017058420594]}}, {"type": "Feature", "properties": {"spacing_m": 500, "index": 2170, "depth_m": 10, "type": "isobath_sample_point"}, "geometry": {"type": "Point", "coordinates": [-75.69737206914805, 37.26114659063476]}}, {"type": "Feature", "properties": {"spacing_m": 500, "index": 2171, "depth_m": 10, "type": "isobath_sample_point"}, "geometry": {"type": "Point", "coordinates": [-75.69511113351898, 37.26527612284892]}}, {"type": "Feature", "properties": {"spacing_m": 500, "index": 2172, "depth_m": 10, "type": "isobath_sample_point"}, "geometry": {"type": "Point", "coordinates": [-75.69285019788991, 37.26940565506308]}}, {"type": "Feature", "properties": {"spacing_m": 500, "index": 2173, "depth_m": 10, "type": "isobath_sample_point"}, "geometry": {"type": "Point", "coordinates": [-75.69058926226084, 37.27353518727725]}}, {"type": "Feature", "properties": {"spacing_m": 500, "index": 2174, "depth_m": 10, "type": "isobath_sample_point"}, "geometry": {"type": "Point", "coordinates": [-75.68832832663178, 37.27766471949141]}}, {"type": "Feature", "properties": {"spacing_m": 500, "index": 2175, "depth_m": 10, "type": "isobath_sample_point"}, "geometry": {"type": "Point", "coordinates": [-75.68606739100272, 37.28179425170558]}}, {"type": "Feature", "properties": {"spacing_m": 500, "index": 2176, "depth_m": 10, "type": "isobath_sample_point"}, "geometry": {"type": "Point", "coordinates": [-75.68380645537366, 37.28592378391974]}}, {"type": "Feature", "properties": {"spacing_m": 500, "index": 2177, "depth_m": 10, "type": "isobath_sample_point"}, "geometry": {"type": "Point", "coordinates": [-75.68154551974459, 37.29005331613391]}}, {"type": "Feature", "properties": {"spacing_m": 500, "index": 2178, "depth_m": 10, "type": "isobath_sample_point"}, "geometry": {"type": "Point", "coordinates": [-75.67928458411552, 37.294182848348065]}}, {"type": "Feature", "properties": {"spacing_m": 500, "index": 2179, "depth_m": 10, "type": "isobath_sample_point"}, "geometry": {"type": "Point", "coordinates": [-75.67702364848645, 37.29831238056223]}}, {"type": "Feature", "properties": {"spacing_m": 500, "index": 2180, "depth_m": 10, "type": "isobath_sample_point"}, "geometry": {"type": "Point", "coordinates": [-75.67476271285739, 37.302441912776395]}}, {"type": "Feature", "properties": {"spacing_m": 500, "index": 2181, "depth_m": 10, "type": "isobath_sample_point"}, "geometry": {"type": "Point", "coordinates": [-75.67250177722833, 37.30657144499056]}}, {"type": "Feature", "properties": {"spacing_m": 500, "index": 2182, "depth_m": 10, "type": "isobath_sample_point"}, "geometry": {"type": "Point", "coordinates": [-75.67024084159927, 37.310700977204725]}}, {"type": "Feature", "properties": {"spacing_m": 500, "index": 2183, "depth_m": 10, "type": "isobath_sample_point"}, "geometry": {"type": "Point", "coordinates": [-75.6679799059702, 37.31483050941889]}}, {"type": "Feature", "properties": {"spacing_m": 500, "index": 2184, "depth_m": 10, "type": "isobath_sample_point"}, "geometry": {"type": "Point", "coordinates": [-75.6657519848731, 37.31896965013913]}}, {"type": "Feature", "properties": {"spacing_m": 500, "index": 2185, "depth_m": 10, "type": "isobath_sample_point"}, "geometry": {"type": "Point", "coordinates": [-75.66414013281522, 37.32328809078452]}}, {"type": "Feature", "properties": {"spacing_m": 500, "index": 2186, "depth_m": 10, "type": "isobath_sample_point"}, "geometry": {"type": "Point", "coordinates": [-75.66252828075736, 37.327606531429915]}}, {"type": "Feature", "properties": {"spacing_m": 500, "index": 2187, "depth_m": 10, "type": "isobath_sample_point"}, "geometry": {"type": "Point", "coordinates": [-75.66091642869948, 37.331924972075306]}}, {"type": "Feature", "properties": {"spacing_m": 500, "index": 2188, "depth_m": 10, "type": "isobath_sample_point"}, "geometry": {"type": "Point", "coordinates": [-75.65930457664162, 37.33624341272069]}}, {"type": "Feature", "properties": {"spacing_m": 500, "index": 2189, "depth_m": 10, "type": "isobath_sample_point"}, "geometry": {"type": "Point", "coordinates": [-75.65769272458374, 37.34056185336608]}}, {"type": "Feature", "properties": {"spacing_m": 500, "index": 2190, "depth_m": 10, "type": "isobath_sample_point"}, "geometry": {"type": "Point", "coordinates": [-75.65608087252588, 37.344880294011475]}}, {"type": "Feature", "properties": {"spacing_m": 500, "index": 2191, "depth_m": 10, "type": "isobath_sample_point"}, "geometry": {"type": "Point", "coordinates": [-75.654469020468, 37.349198734656866]}}, {"type": "Feature", "properties": {"spacing_m": 500, "index": 2192, "depth_m": 10, "type": "isobath_sample_point"}, "geometry": {"type": "Point", "coordinates": [-75.65285716841014, 37.35351717530225]}}, {"type": "Feature", "properties": {"spacing_m": 500, "index": 2193, "depth_m": 10, "type": "isobath_sample_point"}, "geometry": {"type": "Point", "coordinates": [-75.65124531635226, 37.35783561594764]}}, {"type": "Feature", "properties": {"spacing_m": 500, "index": 2194, "depth_m": 10, "type": "isobath_sample_point"}, "geometry": {"type": "Point", "coordinates": [-75.6496334642944, 37.362154056593035]}}, {"type": "Feature", "properties": {"spacing_m": 500, "index": 2195, "depth_m": 10, "type": "isobath_sample_point"}, "geometry": {"type": "Point", "coordinates": [-75.64802161223652, 37.366472497238426]}}, {"type": "Feature", "properties": {"spacing_m": 500, "index": 2196, "depth_m": 10, "type": "isobath_sample_point"}, "geometry": {"type": "Point", "coordinates": [-75.64640976017866, 37.37079093788381]}}, {"type": "Feature", "properties": {"spacing_m": 500, "index": 2197, "depth_m": 10, "type": "isobath_sample_point"}, "geometry": {"type": "Point", "coordinates": [-75.6447979081208, 37.3751093785292]}}, {"type": "Feature", "properties": {"spacing_m": 500, "index": 2198, "depth_m": 10, "type": "isobath_sample_point"}, "geometry": {"type": "Point", "coordinates": [-75.64318605606292, 37.379427819174595]}}, {"type": "Feature", "properties": {"spacing_m": 500, "index": 2199, "depth_m": 10, "type": "isobath_sample_point"}, "geometry": {"type": "Point", "coordinates": [-75.64157420400505, 37.383746259819986]}}, {"type": "Feature", "properties": {"spacing_m": 500, "index": 2200, "depth_m": 10, "type": "isobath_sample_point"}, "geometry": {"type": "Point", "coordinates": [-75.63996235194718, 37.38806470046537]}}, {"type": "Feature", "properties": {"spacing_m": 500, "index": 2201, "depth_m": 10, "type": "isobath_sample_point"}, "geometry": {"type": "Point", "coordinates": [-75.63816285982544, 37.392334811516086]}}, {"type": "Feature", "properties": {"spacing_m": 500, "index": 2202, "depth_m": 10, "type": "isobath_sample_point"}, "geometry": {"type": "Point", "coordinates": [-75.6362615905851, 37.39657870829897]}}, {"type": "Feature", "properties": {"spacing_m": 500, "index": 2203, "depth_m": 10, "type": "isobath_sample_point"}, "geometry": {"type": "Point", "coordinates": [-75.63436032134473, 37.40082260508185]}}, {"type": "Feature", "properties": {"spacing_m": 500, "index": 2204, "depth_m": 10, "type": "isobath_sample_point"}, "geometry": {"type": "Point", "coordinates": [-75.63245905210437, 37.405066501864724]}}, {"type": "Feature", "properties": {"spacing_m": 500, "index": 2205, "depth_m": 10, "type": "isobath_sample_point"}, "geometry": {"type": "Point", "coordinates": [-75.630557782864, 37.409310398647605]}}, {"type": "Feature", "properties": {"spacing_m": 500, "index": 2206, "depth_m": 10, "type": "isobath_sample_point"}, "geometry": {"type": "Point", "coordinates": [-75.62865651362364, 37.41355429543048]}}, {"type": "Feature", "properties": {"spacing_m": 500, "index": 2207, "depth_m": 10, "type": "isobath_sample_point"}, "geometry": {"type": "Point", "coordinates": [-75.62675524438328, 37.41779819221336]}}, {"type": "Feature", "properties": {"spacing_m": 500, "index": 2208, "depth_m": 10, "type": "isobath_sample_point"}, "geometry": {"type": "Point", "coordinates": [-75.62485397514291, 37.422042088996236]}}, {"type": "Feature", "properties": {"spacing_m": 500, "index": 2209, "depth_m": 10, "type": "isobath_sample_point"}, "geometry": {"type": "Point", "coordinates": [-75.62295270590255, 37.42628598577912]}}, {"type": "Feature", "properties": {"spacing_m": 500, "index": 2210, "depth_m": 10, "type": "isobath_sample_point"}, "geometry": {"type": "Point", "coordinates": [-75.62105143666219, 37.430529882562]}}, {"type": "Feature", "properties": {"spacing_m": 500, "index": 2211, "depth_m": 10, "type": "isobath_sample_point"}, "geometry": {"type": "Point", "coordinates": [-75.61915016742182, 37.43477377934487]}}, {"type": "Feature", "properties": {"spacing_m": 500, "index": 2212, "depth_m": 10, "type": "isobath_sample_point"}, "geometry": {"type": "Point", "coordinates": [-75.61724889818146, 37.439017676127754]}}, {"type": "Feature", "properties": {"spacing_m": 500, "index": 2213, "depth_m": 10, "type": "isobath_sample_point"}, "geometry": {"type": "Point", "coordinates": [-75.6153476289411, 37.44326157291063]}}, {"type": "Feature", "properties": {"spacing_m": 500, "index": 2214, "depth_m": 10, "type": "isobath_sample_point"}, "geometry": {"type": "Point", "coordinates": [-75.61344635970073, 37.44750546969351]}}, {"type": "Feature", "properties": {"spacing_m": 500, "index": 2215, "depth_m": 10, "type": "isobath_sample_point"}, "geometry": {"type": "Point", "coordinates": [-75.61154509046037, 37.45174936647639]}}, {"type": "Feature", "properties": {"spacing_m": 500, "index": 2216, "depth_m": 10, "type": "isobath_sample_point"}, "geometry": {"type": "Point", "coordinates": [-75.60964382122, 37.455993263259266]}}, {"type": "Feature", "properties": {"spacing_m": 500, "index": 2217, "depth_m": 10, "type": "isobath_sample_point"}, "geometry": {"type": "Point", "coordinates": [-75.6082553711249, 37.46035954007511]}}, {"type": "Feature", "properties": {"spacing_m": 500, "index": 2218, "depth_m": 10, "type": "isobath_sample_point"}, "geometry": {"type": "Point", "coordinates": [-75.60689994190544, 37.46473369704888]}}, {"type": "Feature", "properties": {"spacing_m": 500, "index": 2219, "depth_m": 10, "type": "isobath_sample_point"}, "geometry": {"type": "Point", "coordinates": [-75.60554451268598, 37.469107854022646]}}, {"type": "Feature", "properties": {"spacing_m": 500, "index": 2220, "depth_m": 10, "type": "isobath_sample_point"}, "geometry": {"type": "Point", "coordinates": [-75.60418908346651, 37.47348201099641]}}, {"type": "Feature", "properties": {"spacing_m": 500, "index": 2221, "depth_m": 10, "type": "isobath_sample_point"}, "geometry": {"type": "Point", "coordinates": [-75.60283365424705, 37.47785616797018]}}, {"type": "Feature", "properties": {"spacing_m": 500, "index": 2222, "depth_m": 10, "type": "isobath_sample_point"}, "geometry": {"type": "Point", "coordinates": [-75.60131748520824, 37.482189878666674]}}, {"type": "Feature", "properties": {"spacing_m": 500, "index": 2223, "depth_m": 10, "type": "isobath_sample_point"}, "geometry": {"type": "Point", "coordinates": [-75.5992448435929, 37.48638356653487]}}, {"type": "Feature", "properties": {"spacing_m": 500, "index": 2224, "depth_m": 10, "type": "isobath_sample_point"}, "geometry": {"type": "Point", "coordinates": [-75.59717220197756, 37.49057725440307]}}, {"type": "Feature", "properties": {"spacing_m": 500, "index": 2225, "depth_m": 10, "type": "isobath_sample_point"}, "geometry": {"type": "Point", "coordinates": [-75.59509956036221, 37.494770942271266]}}, {"type": "Feature", "properties": {"spacing_m": 500, "index": 2226, "depth_m": 10, "type": "isobath_sample_point"}, "geometry": {"type": "Point", "coordinates": [-75.59302691874687, 37.49896463013946]}}, {"type": "Feature", "properties": {"spacing_m": 500, "index": 2227, "depth_m": 10, "type": "isobath_sample_point"}, "geometry": {"type": "Point", "coordinates": [-75.59095427713153, 37.503158318007664]}}, {"type": "Feature", "properties": {"spacing_m": 500, "index": 2228, "depth_m": 10, "type": "isobath_sample_point"}, "geometry": {"type": "Point", "coordinates": [-75.58888163551619, 37.50735200587586]}}, {"type": "Feature", "properties": {"spacing_m": 500, "index": 2229, "depth_m": 10, "type": "isobath_sample_point"}, "geometry": {"type": "Point", "coordinates": [-75.58680899390085, 37.51154569374406]}}, {"type": "Feature", "properties": {"spacing_m": 500, "index": 2230, "depth_m": 10, "type": "isobath_sample_point"}, "geometry": {"type": "Point", "coordinates": [-75.5847363522855, 37.515739381612256]}}, {"type": "Feature", "properties": {"spacing_m": 500, "index": 2231, "depth_m": 10, "type": "isobath_sample_point"}, "geometry": {"type": "Point", "coordinates": [-75.58266371067016, 37.51993306948046]}}, {"type": "Feature", "properties": {"spacing_m": 500, "index": 2232, "depth_m": 10, "type": "isobath_sample_point"}, "geometry": {"type": "Point", "coordinates": [-75.58059106905482, 37.524126757348654]}}, {"type": "Feature", "properties": {"spacing_m": 500, "index": 2233, "depth_m": 10, "type": "isobath_sample_point"}, "geometry": {"type": "Point", "coordinates": [-75.57871739643073, 37.52837127141208]}}, {"type": "Feature", "properties": {"spacing_m": 500, "index": 2234, "depth_m": 10, "type": "isobath_sample_point"}, "geometry": {"type": "Point", "coordinates": [-75.57731924016787, 37.53273725509373]}}, {"type": "Feature", "properties": {"spacing_m": 500, "index": 2235, "depth_m": 10, "type": "isobath_sample_point"}, "geometry": {"type": "Point", "coordinates": [-75.57592108390499, 37.53710323877538]}}, {"type": "Feature", "properties": {"spacing_m": 500, "index": 2236, "depth_m": 10, "type": "isobath_sample_point"}, "geometry": {"type": "Point", "coordinates": [-75.57452292764212, 37.54146922245703]}}, {"type": "Feature", "properties": {"spacing_m": 500, "index": 2237, "depth_m": 10, "type": "isobath_sample_point"}, "geometry": {"type": "Point", "coordinates": [-75.57312477137924, 37.54583520613868]}}, {"type": "Feature", "properties": {"spacing_m": 500, "index": 2238, "depth_m": 10, "type": "isobath_sample_point"}, "geometry": {"type": "Point", "coordinates": [-75.57172661511636, 37.550201189820335]}}, {"type": "Feature", "properties": {"spacing_m": 500, "index": 2239, "depth_m": 10, "type": "isobath_sample_point"}, "geometry": {"type": "Point", "coordinates": [-75.5703284588535, 37.55456717350199]}}, {"type": "Feature", "properties": {"spacing_m": 500, "index": 2240, "depth_m": 10, "type": "isobath_sample_point"}, "geometry": {"type": "Point", "coordinates": [-75.56893030259062, 37.55893315718364]}}, {"type": "Feature", "properties": {"spacing_m": 500, "index": 2241, "depth_m": 10, "type": "isobath_sample_point"}, "geometry": {"type": "Point", "coordinates": [-75.56753214632775, 37.56329914086529]}}, {"type": "Feature", "properties": {"spacing_m": 500, "index": 2242, "depth_m": 10, "type": "isobath_sample_point"}, "geometry": {"type": "Point", "coordinates": [-75.56613399006487, 37.56766512454694]}}, {"type": "Feature", "properties": {"spacing_m": 500, "index": 2243, "depth_m": 10, "type": "isobath_sample_point"}, "geometry": {"type": "Point", "coordinates": [-75.564735833802, 37.57203110822859]}}]}